timestamp,left_x,left_y,left_z,left_pitch,left_yaw,left_roll,right_x,right_y,right_z,right_pitch,right_yaw,right_roll
1753090830.4036264,-1921.86279296875,4354.93408203125,6709.7021484375,26.40926062143472,-144.0721086930044,174.03374720018786,-2657.092041015625,1758.6002197265625,3539.436279296875,-44.49708491316828,150.77686420057083,nan
1753090830.5756853,-780.5515747070312,2228.0185546875,3442.955810546875,36.16924683700276,-136.26877657303606,165.494300805167,nan,nan,nan,nan,nan,nan
1753090830.6336837,-783.0642700195312,2327.42333984375,3607.304931640625,-10.308740497250652,-174.843219287888,-174.47731431472005,inf,inf,inf,nan,nan,nan
1753090830.6868722,-1309.0172119140625,3925.497314453125,6084.181640625,-50.58463304173171,130.8412197895377,nan,-6973.8193359375,4596.51904296875,9509.2490234375,-34.51228865603046,160.58754481453064,121.88050206951186
1753090830.7368796,-512.1273803710938,1763.4539794921875,2749.62109375,21.598087316436068,-163.8617868946105,140.15626885222423,-8462.8642578125,5562.095703125,11693.240234375,nan,nan,nan
1753090830.7894034,nan,nan,nan,nan,nan,nan,-3796.838134765625,2505.31689453125,5288.36669921875,nan,nan,nan
1753090830.837416,nan,nan,nan,nan,nan,nan,-10337.8154296875,6839.26318359375,14555.0859375,nan,nan,nan
1753090830.8819587,nan,nan,nan,nan,nan,nan,-11144.1240234375,7321.73583984375,15775.904296875,nan,nan,nan
1753090830.9389637,-602.27685546875,2537.400634765625,3874.90185546875,54.87274190697491,-130.4897597593355,nan,-3118.79150390625,2035.0035400390625,4403.0322265625,-45.49745850717704,153.9241064061618,nan
1753090830.988356,-inf,-inf,-inf,nan,nan,nan,-4693.4921875,3049.726806640625,6626.15576171875,nan,nan,nan
1753090831.03736,-395.33624267578125,1757.5948486328125,2676.17578125,nan,nan,nan,-2435.882080078125,1647.6629638671875,3564.96337890625,nan,nan,nan
1753090831.0908742,-341.4443664550781,1498.459716796875,2281.607421875,nan,nan,nan,nan,nan,nan,nan,nan,nan
1753090831.1438835,-341.4443664550781,1498.459716796875,2281.607421875,nan,nan,nan,nan,nan,nan,nan,nan,nan
1753090831.1974113,-inf,-inf,-inf,nan,nan,nan,-3288.47509765625,2270.726318359375,4812.75048828125,nan,nan,nan
1753090831.2739315,-342.5404052734375,1469.8365478515625,2231.479248046875,-37.508934305533785,122.84807798962792,-142.30619139180044,-2663.451171875,1941.0865478515625,4130.9541015625,31.959018196418935,-161.18740749482217,177.39287359754653
1753090831.3299308,-647.344970703125,2685.958984375,4113.8701171875,68.06870406755915,-131.77678679452313,-44.822540880397995,-3927.551025390625,2862.345458984375,6091.54541015625,-46.01489175274054,151.44033165848006,-157.27836801220667
1753090831.3864772,-386.2607421875,1905.6502685546875,2962.438720703125,-43.00930966299636,111.86669307102412,160.2823612251685,-4092.5458984375,2912.747314453125,6328.53955078125,-46.58227768450705,151.69991206710117,-101.33630900702481
1753090831.4424913,-inf,-inf,-inf,nan,nan,nan,-4523.0048828125,3150.53466796875,6932.22900390625,-39.48152766955027,159.0296970221766,140.1890151733967
1753090831.4988525,-349.15374755859375,1712.750244140625,2638.856201171875,50.41686492953275,150.49136190091545,-72.4333682441107,-4208.2451171875,2831.424072265625,6337.53515625,33.72751495232419,-159.3033566050086,124.19879825418539
1753090831.5458605,-799.1119384765625,3966.1015625,6128.814453125,-51.15653569732859,107.1488872791702,-159.4026454499245,-4334.6708984375,2887.158447265625,6490.2705078125,-43.49296808316486,155.39159766268736,-148.38612878484707
1753090831.590373,-497.7614440917969,2434.48779296875,3762.0126953125,-20.516761929513507,124.94998582388395,-124.18083192780962,-3607.17822265625,2395.69287109375,5385.466796875,-34.98818056186539,162.45499756734534,152.3395483723147
1753090831.6423857,nan,nan,nan,nan,nan,nan,-4243.61767578125,2838.751953125,6353.93701171875,8.563848519189783,-174.85604706560056,122.5122412199782
1753090831.6939225,-253.44146728515625,1155.4342041015625,1785.4918212890625,-52.6422971599926,106.29346938480104,nan,-3608.319091796875,2434.587646484375,5402.708984375,nan,nan,nan
1753090831.7399318,nan,nan,nan,nan,nan,nan,nan,nan,nan,nan,nan,nan
1753090831.78308,-117.45025634765625,445.1617126464844,679.81298828125,nan,nan,nan,-4677.48876953125,3228.56689453125,7044.20703125,-31.1034267330904,162.59553008013606,160.20092312179145
1753090831.8280787,-397.6672058105469,1511.6783447265625,2301.734619140625,nan,nan,nan,nan,nan,nan,nan,nan,nan
1753090831.8743303,-407.8145751953125,1554.799560546875,2360.468505859375,-52.20503136293471,110.37494280018879,nan,-1777.4114990234375,1207.54443359375,2449.350830078125,-34.30168312195918,161.87870672700788,-173.90738165289258
1753090831.9193313,-170.2762908935547,840.2373657226562,1286.9249267578125,59.85215223595015,-85.49045829490021,-11.846920615476122,-3320.257080078125,2320.938720703125,4599.8828125,-32.300936333949046,163.02520492896093,-165.79234968679248
1753090831.972583,nan,nan,nan,nan,nan,nan,-1866.367919921875,1330.2301025390625,2606.535400390625,-24.09369832668314,164.15724895125376,133.99648470864432
1753090832.0155952,-127.49523162841797,1494.4471435546875,2229.714599609375,56.84175441911577,-87.30283758763713,nan,nan,nan,nan,nan,nan,nan
1753090832.100083,-190.324951171875,1410.3212890625,2116.364990234375,23.92824377581419,160.1905458760816,133.37201366580686,-2713.087890625,1975.53173828125,3799.27099609375,-24.21101888899723,163.32879785401863,-71.93266134989311
1753090832.185125,-67.2161865234375,438.797607421875,662.3004760742188,-21.067961666939485,130.50275272778396,nan,-3439.04296875,2510.90869140625,4828.888671875,-35.79738812999926,155.0304962749302,137.02870829810698
1753090832.2635224,-74.44322967529297,433.74981689453125,658.5111083984375,-28.002775546087285,122.37243581325629,nan,-2872.19189453125,2104.8095703125,4032.95166015625,-38.57502594272059,152.62012735481952,-77.43069966721731
1753090832.3466773,nan,nan,nan,nan,nan,nan,-3270.6123046875,2349.796630859375,4519.0439453125,59.78735715974609,-140.07919843072779,-133.76893412298307
1753090832.4530942,-257.95916748046875,1299.634033203125,2038.6690673828125,nan,nan,nan,-2051.975830078125,1466.450927734375,2820.225341796875,14.111150890443737,-179.461583123577,127.1740097251195
1753090832.541379,-86.66758728027344,435.32379150390625,684.93994140625,-32.22075133458488,131.21826275552397,168.25798902760474,-2050.781982421875,1498.8070068359375,2871.811279296875,17.89181202934183,-175.36394203310414,167.9399618068959
1753090832.6092074,nan,nan,nan,nan,nan,nan,-2208.422119140625,1619.975341796875,3092.5625,-19.46880018318027,167.31372336717644,171.01139316558792
1753090832.6958945,nan,nan,nan,nan,nan,nan,-2523.747314453125,1809.40283203125,3505.755126953125,29.81288971392985,-171.0419829360488,nan
1753090832.7759311,-218.09962463378906,1124.1070556640625,1835.4349365234375,-56.02538512459801,112.72040882589444,nan,-7248.33447265625,5196.69970703125,10068.7119140625,58.002641346301914,-50.64183709880716,24.354529798252575
1753090832.848956,nan,nan,nan,nan,nan,nan,-2015.714599609375,1411.180419921875,2734.191162109375,6.664637168252285,176.23084555142833,119.42859226385099
1753090832.93174,-415.9084167480469,1205.1224365234375,1986.4617919921875,-25.40426567745736,154.7759624249439,152.5059358878003,-1915.4490966796875,1335.9803466796875,2598.187255859375,-28.903152996609595,159.05858121211494,-170.69185217528207
1753090833.0287063,nan,nan,nan,nan,nan,nan,-2180.07421875,1513.1102294921875,2964.88232421875,68.06730360405264,-114.72378155036283,-23.9101489991504
1753090833.1123168,nan,nan,nan,nan,nan,nan,-1325.6214599609375,915.2697143554688,1793.436279296875,-11.758965387250234,166.83847296524905,-33.840902506002806
1753090833.181913,nan,nan,nan,nan,nan,nan,-1237.06689453125,886.4207763671875,1704.7322998046875,nan,nan,nan
1753090833.2529042,nan,nan,nan,nan,nan,nan,nan,nan,nan,nan,nan,nan
1753090833.3180337,-inf,-inf,-inf,nan,nan,nan,nan,nan,nan,nan,nan,nan
1753090833.3964765,-1404.1278076171875,4146.07177734375,6706.39453125,nan,nan,nan,nan,nan,nan,nan,nan,nan
1753090833.4813516,nan,nan,nan,nan,nan,nan,nan,nan,nan,nan,nan,nan
1753090833.55436,nan,nan,nan,nan,nan,nan,-2667.37353515625,1951.3721923828125,3725.205078125,nan,nan,nan
1753090833.6324503,nan,nan,nan,nan,nan,nan,nan,nan,nan,nan,nan,nan
1753090833.7230284,nan,nan,nan,nan,nan,nan,-2048.850830078125,1531.7972412109375,2956.851806640625,-32.381352793584355,155.77562588468084,-80.92647989552725
1753090833.8096168,-59.11199951171875,393.3145751953125,630.3056640625,-35.63849056332046,142.00628556959182,-171.99266319846515,nan,nan,nan,nan,nan,nan
1753090833.888134,nan,nan,nan,nan,nan,nan,-2138.14404296875,1632.0416259765625,3173.961181640625,29.4931111177141,-177.0165470380301,-101.74649024091762
1753090833.9611704,nan,nan,nan,nan,nan,nan,nan,nan,nan,nan,nan,nan
1753090834.0576982,-inf,-inf,-inf,nan,nan,nan,nan,nan,nan,nan,nan,nan
1753090834.1437097,-inf,-inf,-inf,nan,nan,nan,nan,nan,nan,nan,nan,nan
1753090834.2264748,nan,nan,nan,nan,nan,nan,-1266.728515625,985.8228149414062,1924.4180908203125,-22.844005588889203,160.4538561610137,144.41704957584184
1753090834.3082108,-2600.560302734375,5161.69140625,8349.189453125,-30.95273442033754,156.30973191325845,-152.9955415456541,-1647.027099609375,1270.6312255859375,2480.390625,-35.51291934637998,154.1164858132536,-144.46162277587982
1753090834.4017339,-640.2353515625,1145.52294921875,1870.402587890625,nan,nan,nan,-1554.333984375,1199.121337890625,2340.796630859375,-25.464447346483535,160.42715146904288,170.92912649784785
1753090834.4866087,-3136.34228515625,6466.294921875,10525.0185546875,nan,nan,nan,-1816.6697998046875,1397.4510498046875,2727.954833984375,-30.704884196569854,156.76716616467704,121.56920752288303
1753090834.5605066,nan,nan,nan,nan,nan,nan,-1184.619140625,906.011962890625,1768.619873046875,-26.66187485893013,159.27822016459285,119.61771895970278
1753090834.6362963,nan,nan,nan,nan,nan,nan,nan,nan,nan,nan,nan,nan
1753090834.7174363,nan,nan,nan,nan,nan,nan,-1898.03076171875,1347.031494140625,2629.531005859375,-22.66343909413068,159.608802856327,-71.40470126818414
1753090834.8108215,nan,nan,nan,nan,nan,nan,nan,nan,nan,nan,nan,nan
1753090834.9103494,-2090.7412109375,7395.47314453125,11462.34375,-31.435654823152518,151.46136781406548,-89.17880541558685,-7043.31689453125,4061.23681640625,8469.369140625,nan,nan,nan
1753090834.9988747,nan,nan,nan,nan,nan,nan,-5954.5390625,3257.524658203125,6904.24609375,nan,nan,nan
1753090835.1104074,-1635.902099609375,2832.05078125,4524.5302734375,nan,nan,nan,nan,nan,nan,nan,nan,nan
1753090835.208098,-471.1990051269531,1168.6461181640625,1738.6221923828125,-51.4976910197073,124.20816763880165,-106.20672212542657,-4734.91015625,2530.85498046875,5277.8857421875,nan,nan,nan
1753090835.2859004,-1523.2781982421875,3789.064453125,5541.78173828125,-17.842056967136063,177.5983402630037,131.13841514954265,-1475.960693359375,773.6566162109375,1600.5357666015625,-18.591118362705817,167.7602175652124,154.47623578792061
1753090835.3529124,-inf,-inf,-inf,nan,nan,nan,-2777.381591796875,1509.4306640625,3122.700439453125,nan,nan,nan
1753090835.4295108,nan,nan,nan,nan,nan,nan,-7926.2841796875,4340.8330078125,9088.958984375,nan,nan,nan
1753090835.5069613,-815.68994140625,1731.93896484375,2540.243896484375,nan,nan,nan,-9646.9375,5277.50927734375,11185.5556640625,nan,nan,nan
1753090835.5965967,-64.18838500976562,140.97972106933594,207.36160278320312,-51.880095852290054,120.5241627509478,-143.70140134461244,-5587.3447265625,2986.707763671875,6435.36181640625,46.31366082624048,-29.332594687196092,-23.15680031460108
1753090835.6966984,-2378.16748046875,4061.6630859375,6276.4853515625,nan,nan,nan,-8191.46240234375,4416.51123046875,9476.7744140625,46.002799178048534,-29.011032366003157,-15.226173607901098
1753090835.7770808,nan,nan,nan,nan,nan,nan,-7368.9404296875,3998.374755859375,8544.234375,46.146607923117216,-29.179037327797754,-34.79316452835321
1753090835.8551135,-928.6342163085938,1739.9285888671875,2712.939697265625,-51.929453472375826,128.6111323644229,nan,-5378.37890625,2943.462890625,6264.1767578125,46.44813947964207,-29.501135174297616,-4.858156666333528
1753090835.960754,-1008.6376342773438,1944.9652099609375,3014.52783203125,-11.408439616262909,-175.6197042288043,nan,-5273.623046875,2912.270263671875,6197.79345703125,46.92578701608631,-29.971194310967253,nan
1753090836.0418918,inf,inf,inf,nan,nan,nan,inf,inf,inf,nan,nan,nan
1753090836.1334236,nan,nan,nan,nan,nan,nan,-3301.625244140625,1836.5830078125,3924.6435546875,47.859860557352164,-30.910774067189497,50.62702748947101
1753090836.2022982,nan,nan,nan,nan,nan,nan,-9737.5439453125,5337.5478515625,11548.5771484375,47.36027941138998,-29.918210679444982,nan
1753090836.3060606,-1352.8465576171875,3312.4892578125,4956.47900390625,-50.6098427508892,125.52076481541519,nan,-5090.8037109375,2777.785888671875,6010.15185546875,47.248713037195266,-29.784453714928343,16.00356413091642
1753090836.394787,-2161.23974609375,4601.8857421875,6730.591796875,-43.73305790377066,144.85858439382153,-167.71680330888455,-4086.031982421875,2195.2763671875,4769.6875,47.50948452470633,-29.720760620784127,12.294977040678557
1753090836.4872131,nan,nan,nan,nan,nan,nan,-11530.8037109375,6064.0869140625,13399.8173828125,48.29390827912668,-29.552549080725655,19.735038184003518
1753090836.5863335,nan,nan,nan,nan,nan,nan,-5080.02294921875,2695.740234375,5956.77978515625,47.42463879806861,-28.938237348060696,-4.128675660914796
1753090836.6679766,inf,inf,inf,nan,nan,nan,-6604.0615234375,3519.3974609375,7743.8505859375,46.849078034773676,-28.622923042127333,-33.732792555946425
1753090836.7666953,-1864.59033203125,5209.57666015625,7350.15625,12.151362225724,-171.22171981835044,126.26427262299168,-5978.8798828125,3211.2373046875,6947.98876953125,nan,nan,nan
1753090836.8405583,-4572.70947265625,8601.3076171875,12580.037109375,52.08612200158798,-82.34032826589353,-160.6387176851656,-4168.12646484375,2229.356201171875,4843.73291015625,nan,nan,nan
1753090836.9183662,nan,nan,nan,nan,nan,nan,-6193.65380859375,3326.591796875,7197.57470703125,46.668139263446044,-28.897527094782312,19.04892922920218
1753090837.005389,nan,nan,nan,nan,nan,nan,inf,inf,inf,nan,nan,nan
1753090837.0881054,nan,nan,nan,nan,nan,nan,-10845.7109375,5825.197265625,12603.6787109375,46.132933569872186,-28.598911198561556,109.29742722887002
1753090837.1686227,-3437.8369140625,4529.39892578125,7062.3505859375,nan,nan,nan,-3293.7890625,1787.8341064453125,3836.263427734375,nan,nan,nan
1753090837.2466424,nan,nan,nan,nan,nan,nan,-8607.8154296875,4707.23974609375,9936.3115234375,45.861427996192106,-29.174983545476604,-21.74153606446246
1753090837.334923,-4936.591796875,6833.06201171875,10559.126953125,-46.69393342019166,147.22037268732151,-84.85477643108965,-7124.36083984375,3877.355712890625,8151.3974609375,45.80354622856314,-29.255291948365524,5.552213808567341
1753090837.442535,-4531.80810546875,6272.77490234375,9693.3154296875,52.00373231433705,-62.48530839065926,-154.90851399855785,-7139.2490234375,3916.931396484375,8168.43212890625,45.6871345290724,-29.417005958213448,20.469156238751665
1753090837.5461035,-7035.833984375,9738.76171875,15049.3037109375,nan,nan,nan,-6277.818359375,3465.7861328125,7198.68603515625,45.82888139277432,-29.744811665632962,9.271677088741885
1753090837.6446571,-3556.886474609375,5052.9033203125,7671.22607421875,23.51304677243003,-137.1426853807397,147.33536825248092,-7943.79248046875,4404.97998046875,9149.458984375,nan,nan,nan
1753090837.711188,nan,nan,nan,nan,nan,nan,-4539.46044921875,2545.454833984375,5287.09228515625,nan,nan,nan
1753090837.7839787,nan,nan,nan,nan,nan,nan,nan,nan,nan,nan,nan,nan
1753090837.8549821,-5281.462890625,7502.83251953125,11390.6640625,-6.908043177800156,-162.28033909905022,134.76986083119695,-11271.6708984375,6414.22900390625,13217.0390625,nan,nan,nan
1753090837.9478247,-1865.612548828125,3128.484130859375,4708.29638671875,-49.60415207090472,136.57282930282943,nan,-5942.54833984375,3420.283203125,7047.77099609375,48.947363597675185,-34.24142563762862,nan
1753090838.033631,nan,nan,nan,nan,nan,nan,-5288.140625,3073.687255859375,6358.82421875,nan,nan,nan
1753090838.1331632,nan,nan,nan,nan,nan,nan,-8357.6171875,4891.79052734375,10120.1044921875,46.67297069690676,-31.10012287281273,59.9432145165242
1753090838.2169492,nan,nan,nan,nan,nan,nan,inf,inf,inf,nan,nan,nan
1753090838.3041463,inf,inf,inf,nan,nan,nan,-4060.0693359375,2370.865478515625,4904.8310546875,47.24851915301593,-32.326699743188314,49.721866442138136
1753090838.3743784,inf,inf,inf,nan,nan,nan,-4835.5244140625,2850.223388671875,5896.52392578125,nan,nan,nan
1753090838.4583883,inf,inf,inf,nan,nan,nan,-4779.1767578125,2823.6435546875,5841.53515625,nan,nan,nan
1753090838.5494714,nan,nan,nan,nan,nan,nan,-6434.3125,3834.744873046875,7901.802734375,nan,nan,nan
1753090838.6267998,nan,nan,nan,nan,nan,nan,-12031.8212890625,7199.23388671875,14775.94921875,nan,nan,nan
1753090838.718365,-4355.0927734375,9602.8203125,13811.33203125,-45.917977337619185,136.45752536472858,-161.46055264216014,-9542.2421875,5673.5966796875,11690.90625,nan,nan,nan
1753090838.799966,nan,nan,nan,nan,nan,nan,-9139.7900390625,5391.16357421875,11197.8330078125,53.75356509141493,-49.20496949953907,17.193885037561984
1753090838.904172,inf,inf,inf,nan,nan,nan,nan,nan,nan,nan,nan,nan
1753090838.9943106,nan,nan,nan,nan,nan,nan,-4125.267578125,2423.578857421875,5054.17041015625,0.068099014742881,-177.8827510266387,95.21992750946424
1753090839.126326,nan,nan,nan,nan,nan,nan,-5000.49560546875,2970.6083984375,6170.16650390625,nan,nan,nan
1753090839.2153718,-4287.9970703125,10167.326171875,14870.4521484375,37.18597034495503,-141.74817453721218,nan,nan,nan,nan,nan,nan,nan
1753090839.3023133,-4740.439453125,10737.9462890625,15705.025390625,-23.044234667280918,168.81603088554715,-53.765275551199494,-4198.45458984375,2488.231201171875,5168.234375,63.623326763953216,-90.89980260942937,178.1363973895302
1753090839.4000945,inf,inf,inf,nan,nan,nan,-4332.298828125,2571.7294921875,5320.37744140625,51.345333660718744,-37.18050168013594,61.9336707836717
1753090839.478726,-4296.26611328125,9093.400390625,13299.7578125,nan,nan,nan,-4140.65673828125,2432.61962890625,5073.0244140625,48.043892489307915,-139.27959139303724,-47.85087002859868
1753090839.5497303,nan,nan,nan,nan,nan,nan,-4428.4951171875,2606.025390625,5412.9013671875,52.39405782474285,-42.205121214914705,-135.47234538397925
1753090839.6354954,-3695.902099609375,8559.357421875,12483.5078125,12.128553787000966,-160.80441293502935,141.87082365841155,nan,nan,nan,nan,nan,nan
1753090839.7227461,-4710.72265625,10839.056640625,15808.365234375,53.95851855271851,-79.11721085441027,nan,nan,nan,nan,nan,nan,nan
1753090839.7989192,-4612.06396484375,10543.8837890625,15377.8671875,-16.82846894332753,177.6776263210707,nan,nan,nan,nan,nan,nan,nan
1753090839.8900461,-3451.901123046875,7913.7470703125,11509.5703125,36.38892207201718,-135.99081923922978,144.0791872076556,-5886.33447265625,3533.21923828125,7194.80224609375,nan,nan,nan
1753090839.9787738,nan,nan,nan,nan,nan,nan,-3465.166748046875,2079.93505859375,4235.435546875,48.00978626035467,-149.06684442025553,-56.40707764658739
1753090840.0798404,-115.0696029663086,260.9938659667969,376.4194641113281,nan,nan,nan,-4811.06591796875,2894.710205078125,5964.78515625,nan,nan,nan
1753090840.2034,nan,nan,nan,nan,nan,nan,inf,inf,inf,nan,nan,nan
1753090840.2900302,inf,inf,inf,nan,nan,nan,-7626.2412109375,4545.47265625,9256.0849609375,nan,nan,nan
1753090840.3776164,-3157.696533203125,5791.7275390625,8376.416015625,nan,nan,nan,-2251.072509765625,1346.927978515625,2764.480224609375,51.06796781975417,-38.47821521955243,nan
1753090840.4783463,nan,nan,nan,nan,nan,nan,-6841.34375,4083.85205078125,8381.8359375,nan,nan,nan
1753090840.5779152,-3312.228759765625,6267.333984375,9064.2724609375,nan,nan,nan,-4080.103271484375,2435.5654296875,4998.83642578125,nan,nan,nan
1753090840.680605,inf,inf,inf,nan,nan,nan,-8325.8388671875,4930.70068359375,10200.6005859375,61.06043670540231,-85.97514113715381,-173.64699629032816
1753090840.8396964,nan,nan,nan,nan,nan,nan,inf,inf,inf,nan,nan,nan
1753090840.963246,-4625.25927734375,8749.181640625,12724.6064453125,nan,nan,nan,nan,nan,nan,nan,nan,nan
1753090841.1964135,-3893.464111328125,7404.1533203125,10768.4287109375,nan,nan,nan,nan,nan,nan,nan,nan,nan
1753090841.3774793,inf,inf,inf,nan,nan,nan,-7764.697265625,4448.8974609375,9315.2275390625,46.803824202960584,-30.481689356963454,nan
1753090841.4990237,nan,nan,nan,nan,nan,nan,-5522.2021484375,3149.468994140625,6594.44677734375,nan,nan,nan
1753090841.6045563,nan,nan,nan,nan,nan,nan,nan,nan,nan,nan,nan,nan
1753090841.705087,-3576.056640625,6817.8154296875,9943.533203125,-30.709773135685705,171.73668692792725,nan,-3454.36328125,1978.0684814453125,4125.09619140625,-34.00818500794747,159.8829308777338,nan
1753090841.8136191,nan,nan,nan,nan,nan,nan,nan,nan,nan,nan,nan,nan
1753090841.9211533,nan,nan,nan,nan,nan,nan,-5695.2001953125,3233.258544921875,6769.8876953125,nan,nan,nan
1753090842.0207257,nan,nan,nan,nan,nan,nan,nan,nan,nan,nan,nan,nan
1753090842.1152458,nan,nan,nan,nan,nan,nan,-4335.77734375,2478.519287109375,5189.59375,nan,nan,nan
1753090842.2115784,-5409.81787109375,10805.892578125,15804.4033203125,51.93183642232862,-87.5338974165817,-49.18970213107863,-4529.26025390625,2596.64111328125,5458.93994140625,-3.387328926489952,-175.78853735873267,nan
1753090842.3014345,-4233.625,8577.4921875,12580.6513671875,49.584517974397215,-99.36799259092733,nan,-6956.88916015625,3972.256103515625,8384.8662109375,-18.062762587315067,178.74365982132284,119.905957888111
1753090842.372401,inf,inf,inf,nan,nan,nan,-4956.37353515625,2806.982177734375,5973.72314453125,nan,nan,nan
1753090842.4372578,-4152.08447265625,8559.2861328125,12553.94921875,nan,nan,nan,-4605.2724609375,2608.139892578125,5550.55419921875,nan,nan,nan
1753090842.5210903,inf,inf,inf,nan,nan,nan,nan,nan,nan,nan,nan,nan
1753090842.5876114,nan,nan,nan,nan,nan,nan,nan,nan,nan,nan,nan,nan
1753090842.6656141,nan,nan,nan,nan,nan,nan,-5607.42529296875,3220.564208984375,6853.89453125,nan,nan,nan
1753090842.7428563,nan,nan,nan,nan,nan,nan,inf,inf,inf,nan,nan,nan
1753090842.8299322,-3151.364990234375,6663.66552734375,9584.0693359375,nan,nan,nan,-4770.7490234375,2829.51025390625,5900.70654296875,nan,nan,nan
1753090842.9115174,nan,nan,nan,nan,nan,nan,nan,nan,nan,nan,nan,nan
1753090842.9960566,-3575.248779296875,7367.642578125,10685.390625,-26.77377577445011,173.96923493877114,-149.4553177282797,nan,nan,nan,nan,nan,nan
1753090843.080366,nan,nan,nan,nan,nan,nan,-5373.73388671875,3164.516845703125,6599.3349609375,-21.673896518874077,171.6830278875605,nan
1753090843.1709049,inf,inf,inf,nan,nan,nan,-4179.6044921875,2461.310546875,5132.857421875,-32.43782911544309,165.97658052250944,nan
1753090843.2519112,nan,nan,nan,nan,nan,nan,-3062.628662109375,1799.282470703125,3752.2529296875,nan,nan,nan
1753090843.318493,nan,nan,nan,nan,nan,nan,inf,inf,inf,nan,nan,nan
1753090843.4101305,nan,nan,nan,nan,nan,nan,-5028.24853515625,2954.076416015625,6160.47900390625,7.716040857353324,-166.1837875005378,119.77999563059969
1753090843.505055,nan,nan,nan,nan,nan,nan,-8980.205078125,5219.13134765625,11107.1767578125,nan,nan,nan
1753090843.5794835,-2306.171630859375,5154.63427734375,7496.78076171875,52.38775481161085,-91.20923002235337,-142.85666864823412,-6229.91259765625,3640.565673828125,7779.62255859375,nan,nan,nan
1753090843.688025,inf,inf,inf,nan,nan,nan,-13887.228515625,8120.92578125,17425.560546875,nan,nan,nan
1753090843.7850556,nan,nan,nan,nan,nan,nan,-11916.8984375,6980.6552734375,14917.1494140625,nan,nan,nan
1753090843.8610685,nan,nan,nan,nan,nan,nan,-6860.02587890625,4051.536865234375,8587.13671875,nan,nan,nan
1753090843.9423149,-6910.1552734375,13424.9755859375,19635.0,nan,nan,nan,-5266.43896484375,3128.2197265625,6576.48193359375,nan,nan,nan
1753090844.027366,-4222.7861328125,9156.294921875,13391.74609375,-36.25771896528026,164.82007212532082,nan,-4389.71142578125,2607.450927734375,5481.666015625,-42.893478541167305,154.28242549619227,126.62712125501433
1753090844.1280656,-3042.394775390625,6164.01220703125,9040.7890625,41.84019190639393,-120.30917129013814,169.7267302316146,-4202.7958984375,2484.470947265625,5223.1240234375,-10.32080067565739,175.87390826457178,103.74558446614567
1753090844.2154944,nan,nan,nan,nan,nan,nan,-3809.743408203125,2236.058349609375,4700.88427734375,-3.4043874509215732,-176.67059550269695,112.4597930420973
1753090844.2901666,-3117.707275390625,5864.43603515625,8577.1630859375,nan,nan,nan,inf,inf,inf,nan,nan,nan
1753090844.3709598,inf,inf,inf,nan,nan,nan,-4575.91064453125,2703.048828125,5659.72021484375,-32.05530354280241,162.11107490969508,106.00653133311114
1753090844.4559686,nan,nan,nan,nan,nan,nan,-13533.8046875,7935.66552734375,16819.455078125,50.85475276392367,-35.86533827071917,-106.2911032470261
1753090844.5277874,-117.50623321533203,258.6680603027344,377.25787353515625,-52.28488628936408,121.68916656192127,-39.1476772595068,-6105.85888671875,3574.1630859375,7606.41162109375,-30.653147405473003,166.3226666823746,-60.49002588681824
1753090844.6073005,nan,nan,nan,nan,nan,nan,-6081.93994140625,3568.726318359375,7594.84130859375,nan,nan,nan
1753090844.675556,inf,inf,inf,nan,nan,nan,-7303.88818359375,4278.45556640625,9142.7470703125,59.66277632936821,-65.26614737767237,-151.77836032879276
1753090844.762656,nan,nan,nan,nan,nan,nan,-6582.48046875,3839.99755859375,8239.71484375,nan,nan,nan
1753090844.842812,inf,inf,inf,nan,nan,nan,-7168.15185546875,4181.65869140625,8972.837890625,nan,nan,nan
1753090844.9538093,inf,inf,inf,nan,nan,nan,-6739.73046875,3950.786376953125,8477.44140625,66.20400524349662,-72.14575734234162,32.895696715636035
1753090845.0451424,inf,inf,inf,nan,nan,nan,-8462.7314453125,4928.349609375,10618.953125,-39.43959883103724,156.9898003478648,114.0937739566801
1753090845.1214287,-5226.1416015625,12872.869140625,18880.703125,nan,nan,nan,nan,nan,nan,nan,nan,nan
1753090845.1859672,inf,inf,inf,nan,nan,nan,-7150.2490234375,4193.765625,8781.0244140625,nan,nan,nan
1753090845.2579587,inf,inf,inf,nan,nan,nan,-6042.69189453125,3527.469970703125,7385.916015625,-20.551468027347433,166.84618784082156,-77.2284822252304
1753090845.373325,nan,nan,nan,nan,nan,nan,-4662.4765625,2715.3642578125,5685.50634765625,-32.1933556227274,161.1126593177398,nan
1753090845.4948478,inf,inf,inf,nan,nan,nan,-7009.21875,4025.33837890625,8428.3671875,52.04823523567115,-36.70238262302448,-106.16175154740297
1753090845.5660014,inf,inf,inf,nan,nan,nan,nan,nan,nan,nan,nan,nan
1753090845.643075,-7402.0634765625,12721.9365234375,19146.220703125,52.96549065839889,-66.96129718997335,nan,-5492.97802734375,3131.0322265625,6529.505859375,-23.992390302092037,165.0439971549461,179.66045061717156
1753090845.7249944,nan,nan,nan,nan,nan,nan,-10956.57421875,6259.65185546875,13053.9794921875,51.98729036864221,-36.731206108296924,nan
1753090845.8165424,inf,inf,inf,nan,nan,nan,nan,nan,nan,nan,nan,nan
1753090845.8901017,-3401.29638671875,6152.3876953125,9259.201171875,-48.905823850226874,138.20736286999508,nan,-8732.0791015625,4985.85693359375,10524.4326171875,-37.657873966592476,160.36496394339267,-122.84794810223144
1753090845.993986,-6122.4599609375,10148.6220703125,15229.287109375,52.3086884520669,-60.79015801618277,nan,nan,nan,nan,nan,nan,nan
1753090846.0784664,-5662.35986328125,9569.3828125,14360.06640625,50.52843017913295,-95.75496473114158,nan,nan,nan,nan,nan,nan,nan
1753090846.1636567,-6194.45361328125,10130.3623046875,15334.8828125,52.7872874103367,-68.3919796642493,nan,nan,nan,nan,nan,nan,nan
1753090846.2490616,-2629.643310546875,4308.505859375,6541.09521484375,nan,nan,nan,-5129.2685546875,2887.784423828125,6196.49365234375,60.219854096947536,-50.089535069914206,-150.1058468824818
1753090846.3231776,-7499.24365234375,11833.39453125,17965.24609375,52.58293083767189,-67.10361701341546,nan,-7068.32763671875,3913.676513671875,8539.0048828125,47.24559546301954,-29.753807887403244,nan
1753090846.4104314,-4162.59521484375,6691.88037109375,10159.4921875,52.499850756061804,-78.22952163025468,nan,-8189.85595703125,4572.7783203125,9893.884765625,nan,nan,nan
1753090846.4964035,inf,inf,inf,nan,nan,nan,-4494.048828125,2525.573974609375,5441.771484375,nan,nan,nan
1753090846.5944166,-4362.1708984375,7723.189453125,11691.0126953125,nan,nan,nan,nan,nan,nan,nan,nan,nan
1753090846.6735337,inf,inf,inf,nan,nan,nan,-4343.583984375,2514.062255859375,5372.3671875,nan,nan,nan
1753090846.7827773,inf,inf,inf,nan,nan,nan,-4407.943359375,2551.31298828125,5451.9697265625,nan,nan,nan
1753090846.8657656,inf,inf,inf,nan,nan,nan,-4907.89208984375,2817.29443359375,6070.33203125,nan,nan,nan
1753090846.9459307,inf,inf,inf,nan,nan,nan,-5411.73828125,3086.2705078125,6677.60400390625,54.82646024506186,-37.126632014012365,nan
1753090847.0353239,inf,inf,inf,nan,nan,nan,-4959.62353515625,2863.801513671875,6119.734375,nan,nan,nan
1753090847.1110775,inf,inf,inf,nan,nan,nan,-4588.68505859375,2655.926025390625,5675.52001953125,-36.204025838104755,156.67385145139934,96.8529876425648
1753090847.1825156,inf,inf,inf,nan,nan,nan,-10703.923828125,6210.2177734375,13270.78125,-22.169247519972988,163.04684670312295,-65.8141067694224
1753090847.2537258,-3021.287109375,6848.90380859375,10073.787109375,nan,nan,nan,-4647.78759765625,2703.01611328125,5776.14794921875,nan,nan,nan
1753090847.3370645,inf,inf,inf,nan,nan,nan,inf,inf,inf,nan,nan,nan
1753090847.427038,inf,inf,inf,nan,nan,nan,-3988.93212890625,2344.558837890625,4969.23681640625,nan,nan,nan
1753090847.4967012,-4624.17236328125,10378.8251953125,15222.677734375,53.97069466860901,-72.5220749929937,nan,-6830.5849609375,4063.964111328125,8509.2431640625,nan,nan,nan
1753090847.5822108,inf,inf,inf,nan,nan,nan,-3020.92626953125,1797.3477783203125,3763.33740234375,67.98218609733023,-94.00452204294673,120.43734501995445
1753090847.671225,nan,nan,nan,nan,nan,nan,-3953.669189453125,2423.000244140625,4973.04736328125,nan,nan,nan
1753090847.762955,inf,inf,inf,nan,nan,nan,-4675.2158203125,2892.17724609375,5866.41552734375,nan,nan,nan
1753090847.8626857,-5968.16845703125,13007.201171875,18811.95703125,nan,nan,nan,-3768.3720703125,2359.62158203125,4694.47265625,60.16915487115834,-57.68230299822194,-154.64241011382347
1753090847.9472086,inf,inf,inf,nan,nan,nan,-7678.17236328125,4853.3447265625,9474.181640625,-39.59613601667772,156.06625192447723,nan
1753090848.0373075,nan,nan,nan,nan,nan,nan,nan,nan,nan,nan,nan,nan
1753090848.1212347,nan,nan,nan,nan,nan,nan,nan,nan,nan,nan,nan,nan
1753090848.2063117,-5199.08251953125,12142.0712890625,17560.7421875,-24.344672980378817,172.87636590035714,nan,-5537.94873046875,3443.223388671875,6721.49267578125,nan,nan,nan
1753090848.2900844,inf,inf,inf,nan,nan,nan,nan,nan,nan,nan,nan,nan
1753090848.4134755,nan,nan,nan,nan,nan,nan,inf,inf,inf,nan,nan,nan
1753090848.510088,-1913.797607421875,4601.75927734375,6636.90625,-48.49263358595576,133.48789381694198,-176.75038762255173,-7443.9912109375,4526.2353515625,8868.986328125,nan,nan,nan
1753090848.58664,-4347.87353515625,10800.326171875,15707.7451171875,nan,nan,nan,-8251.8134765625,4987.03564453125,9808.9345703125,-35.92301188831574,164.6106020689657,165.07037678021487
1753090848.6798987,inf,inf,inf,nan,nan,nan,-8922.3662109375,5379.96875,10581.7900390625,-37.372997756836355,162.65060216394073,-178.8779145100661
1753090848.7488935,inf,inf,inf,nan,nan,nan,nan,nan,nan,nan,nan,nan
1753090848.860729,inf,inf,inf,nan,nan,nan,inf,inf,inf,nan,nan,nan
1753090848.9444058,nan,nan,nan,nan,nan,nan,-14577.5302734375,8570.474609375,17249.31640625,49.86924588374163,-40.000275319159165,nan
1753090849.024431,-2872.382080078125,7539.95703125,11153.4384765625,54.441651728924086,-84.56811736281917,-169.9009482145665,-14084.5283203125,8173.98828125,16515.365234375,50.24669721824964,-40.86677527182047,-24.51598848354131
1753090849.1128433,-2757.06884765625,6507.11669921875,9625.615234375,53.83403869593474,-86.69368975789378,nan,inf,inf,inf,nan,nan,nan
1753090849.192415,inf,inf,inf,nan,nan,nan,-13763.658203125,7819.60302734375,15923.2958984375,46.68847244957909,-32.368488260668364,-43.22078863141277
1753090849.335455,nan,nan,nan,nan,nan,nan,-10183.4482421875,5798.4873046875,11807.63671875,51.26383692489376,-36.636786728072956,-117.76450119270878
1753090849.4112954,nan,nan,nan,nan,nan,nan,nan,nan,nan,nan,nan,nan
1753090849.4743283,inf,inf,inf,nan,nan,nan,nan,nan,nan,nan,nan,nan
1753090849.5640373,nan,nan,nan,nan,nan,nan,inf,inf,inf,nan,nan,nan
1753090849.6455016,nan,nan,nan,nan,nan,nan,-15052.3134765625,8613.978515625,17336.873046875,nan,nan,nan
1753090849.7525234,-91.76979064941406,253.1070098876953,370.1873474121094,nan,nan,nan,-9851.75,5612.9462890625,11296.86328125,56.78229158687674,-42.004245747280706,nan
1753090849.8254294,-3155.71337890625,8636.5439453125,12631.5732421875,-1.144453584749812,-166.52873122028694,-54.13101421852735,-13735.9755859375,7825.94921875,15750.8505859375,10.876106546906408,173.36180455573626,-72.76482460735429
1753090849.892992,nan,nan,nan,nan,nan,nan,-17370.634765625,9874.9501953125,19874.759765625,nan,nan,nan
1753090849.9678771,nan,nan,nan,nan,nan,nan,inf,inf,inf,nan,nan,nan
1753090850.0503767,nan,nan,nan,nan,nan,nan,-14966.5283203125,8489.5380859375,17086.41796875,49.132152407499014,-33.04037074078282,36.70937824578632
1753090850.1441293,nan,nan,nan,nan,nan,nan,inf,inf,inf,nan,nan,nan
1753090850.2269018,inf,inf,inf,nan,nan,nan,inf,inf,inf,nan,nan,nan
1753090850.318488,-2935.548095703125,9033.626953125,13287.2119140625,-51.3455641556144,130.22558855123154,nan,-14725.890625,8389.9453125,16885.97265625,61.136623850345934,-50.32957317692987,-122.87692100026368
1753090850.4054024,nan,nan,nan,nan,nan,nan,nan,nan,nan,nan,nan,nan
1753090850.4979706,-2372.244873046875,6608.64794921875,9720.4033203125,-49.233263920316666,138.5234084479935,-52.79911026923475,-17159.0390625,9841.4296875,19807.296875,56.61412362750054,-42.47411734134329,2.5911651353814253
1753090850.586512,inf,inf,inf,nan,nan,nan,-14304.4091796875,8240.83203125,16585.861328125,50.168035079855514,-34.54143194186979,5.468187297037103
1753090850.67152,-4898.32666015625,12798.9287109375,18878.943359375,nan,nan,nan,-9188.0615234375,5325.70166015625,10677.3427734375,nan,nan,nan
1753090850.7683423,-87.14825439453125,254.12767028808594,374.84869384765625,-53.9463485224798,116.6986251400217,nan,inf,inf,inf,nan,nan,nan
1753090850.8588169,nan,nan,nan,nan,nan,nan,-11297.017578125,6518.93310546875,13069.6181640625,48.0163966900789,-32.952462981779604,9.896006907204686
1753090850.946907,inf,inf,inf,nan,nan,nan,-17014.095703125,9774.3984375,19596.404296875,nan,nan,nan
1753090851.048448,nan,nan,nan,nan,nan,nan,inf,inf,inf,nan,nan,nan
1753090851.1398582,nan,nan,nan,nan,nan,nan,inf,inf,inf,nan,nan,nan
1753090851.2305746,-1468.8861083984375,4392.52197265625,6479.14892578125,-52.97987652736838,122.90139109610564,nan,nan,nan,nan,nan,nan,nan
1753090851.3061109,nan,nan,nan,nan,nan,nan,-8292.900390625,4764.173828125,9551.5517578125,52.87633057865567,-39.422944990023865,38.23206301627188
1753090851.3914995,nan,nan,nan,nan,nan,nan,inf,inf,inf,nan,nan,nan
1753090851.4840705,inf,inf,inf,nan,nan,nan,-13630.240234375,7813.0771484375,15664.2080078125,50.83971171251193,-36.54952568353939,41.852796585726594
1753090851.5720713,nan,nan,nan,nan,nan,nan,-8491.3232421875,4899.91015625,9823.685546875,57.067368980569825,-46.90101431159038,-94.33211076287772
1753090851.645192,nan,nan,nan,nan,nan,nan,inf,inf,inf,nan,nan,nan
1753090851.731865,-87.04148864746094,255.9370880126953,377.5176696777344,-53.62854168821202,116.72524724409654,-40.52190136313993,inf,inf,inf,nan,nan,nan
1753090851.8076386,nan,nan,nan,nan,nan,nan,inf,inf,inf,nan,nan,nan
1753090851.9085898,nan,nan,nan,nan,nan,nan,-16762.853515625,9672.9892578125,19393.091796875,64.43919203389271,-106.80169960459844,-20.44849926940714
1753090851.9871197,inf,inf,inf,nan,nan,nan,-15371.7841796875,8830.91015625,17704.83203125,58.129188192061754,-51.78483269683715,nan
1753090852.0681183,inf,inf,inf,nan,nan,nan,-14138.0966796875,8002.02294921875,16105.224609375,62.545827355170395,-78.89445693728346,-171.20849830681655
1753090852.1488574,nan,nan,nan,nan,nan,nan,-6509.84814453125,7589.6416015625,12392.3193359375,52.62317827343924,-47.890100312755905,nan
1753090852.2565088,-919.7440795898438,1735.807861328125,2916.789794921875,nan,nan,nan,-6535.697265625,4583.34765625,8122.392578125,67.67505176015541,174.09179469415224,120.04507819809119
1753090852.346081,-2489.159912109375,2710.77734375,5174.92333984375,nan,nan,nan,-9131.4052734375,5843.17529296875,10683.25390625,45.726944229210744,-32.90481200388548,nan
1753090852.4469836,nan,nan,nan,nan,nan,nan,-2988.84716796875,1829.799072265625,3442.478515625,nan,nan,nan
1753090852.5300536,nan,nan,nan,nan,nan,nan,nan,nan,nan,nan,nan,nan
1753090852.6266696,nan,nan,nan,nan,nan,nan,nan,nan,nan,nan,nan,nan
1753090852.711231,nan,nan,nan,nan,nan,nan,-2065.202392578125,1656.239990234375,3739.386474609375,-8.738376539023482,178.93288861923727,105.37113719912533
1753090852.7722766,nan,nan,nan,nan,nan,nan,-3365.580810546875,2526.0458984375,6430.39111328125,66.07873521105772,-68.56446975458414,37.978933741335254
1753090852.8455293,nan,nan,nan,nan,nan,nan,-3012.28369140625,2159.623291015625,5841.373046875,nan,nan,nan
1753090852.921238,-4945.4453125,4708.8095703125,8316.3388671875,nan,nan,nan,-2535.54443359375,2026.041015625,5313.92138671875,-23.14218611831482,163.46023817911924,139.2976887204803
1753090852.998671,-4406.86669921875,4060.786865234375,7557.55712890625,nan,nan,nan,nan,nan,nan,nan,nan,nan
1753090853.0718188,nan,nan,nan,nan,nan,nan,nan,nan,nan,nan,nan,nan
1753090853.1694832,nan,nan,nan,nan,nan,nan,nan,nan,nan,nan,nan,nan
1753090853.245001,nan,nan,nan,nan,nan,nan,nan,nan,nan,nan,nan,nan
1753090853.3130007,-3389.79345703125,2938.43408203125,5891.18017578125,3.8596385721991076,-144.26658390320117,nan,nan,nan,nan,nan,nan,nan
1753090853.390681,nan,nan,nan,nan,nan,nan,-3273.696533203125,2806.676025390625,8143.142578125,nan,nan,nan
1753090853.4768457,-4565.37890625,3508.805908203125,6875.3720703125,-21.72944617106116,-173.95185660935783,-106.620115719219,-4184.30224609375,3483.85205078125,10164.6796875,-57.5361422166465,146.25395616995382,-61.87183619578112
1753090853.5532165,-9622.6630859375,7555.1064453125,14748.271484375,-21.5152454400711,-173.69881821718363,-93.75549760993471,nan,nan,nan,nan,nan,nan
1753090853.6317186,nan,nan,nan,nan,nan,nan,inf,inf,inf,nan,nan,nan
1753090853.7394977,-4971.5732421875,3744.577880859375,7174.8544921875,-22.11485168494372,-177.96923577529927,160.09108062839712,inf,inf,inf,nan,nan,nan
1753090853.8344707,nan,nan,nan,nan,nan,nan,-1516.500732421875,1642.2408447265625,4285.6318359375,4.71690918320694,157.01362958474354,-169.20732193115072
1753090853.9227064,nan,nan,nan,nan,nan,nan,nan,nan,nan,nan,nan,nan
1753090854.0222948,-2895.966552734375,3168.275634765625,5833.74951171875,-24.95752212895447,164.0443428864908,130.0328859739639,-2591.14111328125,2780.53564453125,6908.82177734375,-38.141810053153506,151.17079813019424,-82.56148278282298
1753090854.0888193,-5699.17529296875,4972.46142578125,10849.1005859375,61.25709535995427,-85.08438155528732,-131.75040492595903,nan,nan,nan,nan,nan,nan
1753090854.1588182,-3126.921630859375,2424.704345703125,5224.4306640625,-13.628067595326984,176.12119452634013,-162.2014397118695,nan,nan,nan,nan,nan,nan
1753090854.2426608,nan,nan,nan,nan,nan,nan,nan,nan,nan,nan,nan,nan
1753090854.3382149,nan,nan,nan,nan,nan,nan,nan,nan,nan,nan,nan,nan
1753090854.4350698,nan,nan,nan,nan,nan,nan,-275.2311096191406,255.6701202392578,795.118408203125,nan,nan,nan
1753090854.5344615,-2673.84716796875,4238.74658203125,6435.18798828125,nan,nan,nan,-264.7996826171875,284.9703369140625,791.4100952148438,nan,nan,nan
1753090854.6326952,-6081.033203125,8918.2783203125,13863.9560546875,56.68607338757845,-67.75408015075388,-28.525158167580916,nan,nan,nan,nan,nan,nan
1753090854.7039347,-3734.656982421875,5106.89697265625,8260.5576171875,-46.132684181415854,142.49665386837071,167.98607442184885,-279.2165222167969,279.5717468261719,802.1676025390625,-12.691360706458644,153.51381499611628,-4.192586468241139
1753090854.7699332,nan,nan,nan,nan,nan,nan,-4900.0478515625,3803.48876953125,10026.4912109375,-30.712830573784505,162.47312176962373,nan
1753090854.8505986,nan,nan,nan,nan,nan,nan,-2953.53759765625,2387.001220703125,5792.37109375,-52.85851325500797,144.79160377783035,41.03740876527762
1753090854.9356441,-9544.68359375,9180.4951171875,14803.5947265625,nan,nan,nan,-1920.55712890625,1609.44384765625,3961.078125,-53.85995594384648,145.7771359866458,-3.8713365641414472
1753090855.0111058,-10878.8662109375,10499.673828125,16722.98046875,nan,nan,nan,nan,nan,nan,nan,nan,nan
1753090855.10263,nan,nan,nan,nan,nan,nan,nan,nan,nan,nan,nan,nan
1753090855.19427,nan,nan,nan,nan,nan,nan,-2263.68017578125,1623.4317626953125,4763.38818359375,-24.38481860891423,172.77728204131677,83.61670793405274
1753090855.2832758,-4084.076416015625,3446.96240234375,6150.5400390625,53.188977204478306,-61.36668340637793,-149.7945120990089,nan,nan,nan,nan,nan,nan
1753090855.363963,nan,nan,nan,nan,nan,nan,-2303.655029296875,1607.558837890625,4587.16845703125,27.21347874388764,-167.29051042127136,13.105051188044554
1753090855.4464395,nan,nan,nan,nan,nan,nan,-2461.43359375,1706.07080078125,4977.7265625,18.99903839659995,-173.22282077571126,57.992514591696704
1753090855.518653,-5085.51611328125,3933.34912109375,7592.6044921875,-4.045437508642014,-156.52785283455532,nan,nan,nan,nan,nan,nan,nan
1753090855.5911207,-3259.1591796875,2556.052734375,5085.27294921875,-37.48300583106113,174.31318905374928,-56.632300810370815,nan,nan,nan,nan,nan,nan
1753090855.6671224,-8614.4755859375,7358.7119140625,15988.3076171875,55.3667379309084,-48.23244250083778,-133.58844045162223,-287.9524841308594,216.58828735351562,809.3475952148438,nan,nan,nan
1753090855.7466583,nan,nan,nan,nan,nan,nan,-188.12255859375,157.76242065429688,611.538818359375,nan,nan,nan
1753090855.8221893,-4921.4541015625,3974.60986328125,8973.701171875,57.078895133814946,-51.3921471703912,-138.738905753218,nan,nan,nan,nan,nan,nan
1753090855.897333,-3427.885498046875,2838.9404296875,6142.46875,54.91975509846965,-79.6597152889297,174.32827364487557,-285.4826354980469,214.34535217285156,806.7740478515625,nan,nan,nan
1753092101.2885096,-69.33245849609375,200.0794219970703,670.2692260742188,-49.17222886622276,143.78190569462126,-133.33277473798023,-231.65403747558594,242.99609375,814.040771484375,-32.652185444446,149.89282349773475,-118.40115727599532
1753092101.4983807,-188.69569396972656,424.38067626953125,798.2076416015625,-14.818312751860757,129.3868694127837,145.07859376804305,nan,nan,nan,nan,nan,nan
1753092101.5513773,-211.93292236328125,492.34796142578125,835.2305908203125,39.94190970755527,149.91675282330317,151.171179507842,nan,nan,nan,nan,nan,nan
1753092101.6029136,-199.59490966796875,445.02459716796875,804.9448852539062,51.75797900672854,178.36017742227128,147.5317842571617,nan,nan,nan,nan,nan,nan
1753092101.656918,-225.85580444335938,501.4922180175781,793.6655883789062,nan,nan,nan,-2815.904541015625,1138.6224365234375,7584.197265625,nan,nan,nan
1753092101.7084525,-305.8655090332031,413.5517578125,742.8397216796875,58.558740500394684,-118.21447161284314,-150.17260446744595,nan,nan,nan,nan,nan,nan
1753092101.7584767,nan,nan,nan,nan,nan,nan,nan,nan,nan,nan,nan,nan
1753092101.8049712,nan,nan,nan,nan,nan,nan,-2453.460693359375,1899.4300537109375,4306.11767578125,62.74912150594298,-68.4939648141245,151.81875626625
1753092101.8509696,nan,nan,nan,nan,nan,nan,nan,nan,nan,nan,nan,nan
1753092101.8984957,nan,nan,nan,nan,nan,nan,nan,nan,nan,nan,nan,nan
1753092101.948497,nan,nan,nan,nan,nan,nan,-505.5761413574219,373.2341003417969,709.72412109375,66.28652873382356,-131.2158364848992,23.680910001261296
1753092101.9966383,-327.3083190917969,348.2687683105469,596.66259765625,-10.35466312088236,-167.91906584247954,nan,-428.3707275390625,331.2554016113281,616.3489379882812,21.630318458665688,175.28403389893563,101.84747924885549
1753092102.0486403,-349.2751159667969,387.57598876953125,657.4929809570312,nan,nan,nan,nan,nan,nan,nan,nan,nan
1753092102.0981896,-280.7489013671875,403.48626708984375,698.17724609375,nan,nan,nan,nan,nan,nan,nan,nan,nan
1753092102.1481924,nan,nan,nan,nan,nan,nan,nan,nan,nan,nan,nan,nan
1753092102.1987288,-229.91323852539062,377.8333435058594,781.465576171875,-17.832162455974487,-148.31953863615294,171.36321223919853,-470.3795471191406,373.52081298828125,710.2693481445312,15.432419774770795,175.27158166088822,115.21664000489585
1753092102.2527282,nan,nan,nan,nan,nan,nan,nan,nan,nan,nan,nan,nan
1753092102.3068361,nan,nan,nan,nan,nan,nan,nan,nan,nan,nan,nan,nan
1753092102.3618374,-184.97706604003906,448.31982421875,788.9078979492188,18.394438559830625,-146.4029265081427,-117.86285784396682,-408.8194274902344,324.3912048339844,619.1154174804688,-2.5933471011022178,165.30598071293954,nan
1753092102.4139338,-70.74512481689453,418.4076232910156,754.1724243164062,3.262814156118243,-136.80832295741723,169.75506140325626,-512.5455932617188,407.886474609375,778.4699096679688,70.57049254596127,-107.4040822505571,-7.550689178540157
1753092102.4679337,-94.23919677734375,419.4849853515625,756.1143798828125,-24.943024104467362,-154.72016122036496,-165.69675297712848,-439.2644348144531,351.368408203125,673.0779418945312,15.403188107523329,175.9724119498099,138.5385351499389
1753092102.5184634,-134.2442626953125,421.9974365234375,776.8319702148438,-23.137923010453246,-155.15089225566362,-177.43998364441097,nan,nan,nan,nan,nan,nan
1753092102.5644627,-104.23367309570312,420.20916748046875,776.2937622070312,-17.121110350043388,-143.46199314850847,-177.5029165485638,nan,nan,nan,nan,nan,nan
1753092102.6096084,-131.5876922607422,443.1434631347656,787.8131103515625,-9.519676028373004,-152.95820648371807,-175.2839265260497,-458.40643310546875,363.46063232421875,696.24169921875,31.964429924769824,-174.99332183559903,128.93874076052455
1753092102.6606145,-120.38053894042969,469.25970458984375,814.70556640625,34.667636462276015,-124.51599732991328,-160.54553694482223,nan,nan,nan,nan,nan,nan
1753092102.7098613,-59.33163833618164,429.3525085449219,796.0188598632812,27.971061755949165,-119.08198104873607,-171.55128340013684,-446.97216796875,352.8798522949219,671.0194702148438,28.553259976079932,-172.8532411004775,128.59783868547413
1753092102.7568705,-240.66455078125,1942.434814453125,3601.27099609375,-22.208532788963023,-141.44328964613246,140.68911485334414,-419.71795654296875,326.63836669921875,621.1199340820312,6.047374450793868,175.65161570234451,-154.7590353621158
1753092102.8093863,704.3618774414062,5320.40087890625,12907.4501953125,67.29133090869695,-97.55383933487734,110.39635429056703,nan,nan,nan,nan,nan,nan
1753092102.8623936,-2.1801602840423584,277.5060729980469,673.238037109375,38.00791487220401,-104.54728674691371,174.72753727210355,nan,nan,nan,nan,nan,nan
1753092102.9089649,-13.50275993347168,260.32098388671875,656.0830688476562,29.762484603136784,-107.44817809220011,158.47041140300396,-7368.6689453125,5674.64501953125,10751.2392578125,nan,nan,nan
1753092102.9549665,-20.97323989868164,255.12985229492188,652.506591796875,19.380177112035085,-111.70431745974244,148.1712796384451,-460.8888244628906,351.6593322753906,668.6986083984375,25.064683379832754,-177.92796811182305,168.43943435557455
1753092103.006491,-59.348167419433594,273.2312927246094,659.7828369140625,-13.432955945812495,-130.06824630543883,151.95587670995275,-461.8370666503906,351.400390625,668.2062377929688,19.679518134272314,179.43408422372028,158.35473933662274
1753092103.0564892,-220.28993225097656,409.00640869140625,801.234130859375,nan,nan,nan,-505.2144775390625,383.33648681640625,728.9343872070312,66.95254272433542,-114.13627548171276,-109.43480181709691
1753092103.1030123,nan,nan,nan,nan,nan,nan,nan,nan,nan,nan,nan,nan
1753092103.1475148,-236.18682861328125,418.9349670410156,782.2943115234375,-26.32174070401057,-170.2867953576607,nan,nan,nan,nan,nan,nan,nan
1753092103.191524,-144.06033325195312,346.1631164550781,781.3584594726562,0.6267982721095666,-142.47413742194922,170.78532971907663,nan,nan,nan,nan,nan,nan
1753092103.2490416,nan,nan,nan,nan,nan,nan,nan,nan,nan,nan,nan,nan
1753092103.334106,-226.66050720214844,418.86480712890625,796.4933471679688,-2.4400152442983436,-160.67479125699245,179.1743075178367,-553.5450439453125,416.9297790527344,798.6666870117188,nan,nan,nan
1753092103.4056406,-113.37432861328125,362.3985290527344,777.4277954101562,-7.416432517358056,-147.70511038818364,176.15668385212086,-481.6138610839844,362.75128173828125,694.8828735351562,27.454051795656476,-178.06044864192722,132.30012763811655
1753092103.4951906,-216.7857666015625,420.73291015625,788.4888916015625,-7.709568366206643,-163.8588250470025,172.48377237808296,-487.76031494140625,366.3622131347656,701.7999267578125,68.44540246887482,-102.14533527660205,-27.587499537085964
1753092103.580187,-249.5137481689453,457.9744567871094,837.1212158203125,1.9645908576862776,-156.61679687946653,-75.99525770504687,-427.2785949707031,320.0463562011719,613.0777587890625,14.333198313239146,175.69152519440638,-130.27305152592245
1753092103.6587155,-272.47064208984375,492.9830627441406,885.5177001953125,34.78039801874411,-133.77711447467016,-64.09386253880923,nan,nan,nan,nan,nan,nan
1753092103.7432413,nan,nan,nan,nan,nan,nan,-495.98626708984375,371.5107727050781,711.6624755859375,nan,nan,nan
1753092103.8543646,-189.35958862304688,439.7654113769531,801.0159912109375,-17.130194173692185,-166.86670174797803,-170.34210064106924,nan,nan,nan,nan,nan,nan
1753092103.9438715,-178.23751831054688,432.1661682128906,792.739013671875,nan,nan,nan,nan,nan,nan,nan,nan,nan
1753092104.0093906,-165.5193328857422,433.3349914550781,797.7026977539062,-2.8172213999476168,-160.26912319368313,-167.621025334788,nan,nan,nan,nan,nan,nan
1753092104.1079443,-72.34939575195312,324.0490417480469,686.6441040039062,-28.242356647920253,-143.07565933907594,135.00867095290232,-417.3978576660156,315.2603454589844,603.90966796875,0.12040239861094698,171.0297264996296,-174.87710072701145
1753092104.2104738,-109.55577087402344,372.18408203125,782.251953125,-6.471036132419758,-135.27176242444446,166.29085010492636,-457.06805419921875,345.2231750488281,661.3062133789062,46.67614014618122,-165.4169008023114,nan
1753092104.2987123,-168.45021057128906,415.4594421386719,775.8043212890625,-27.158723163712573,-164.972927585604,-107.14290321868458,-475.31402587890625,357.67919921875,687.705322265625,37.520092775919395,-174.30549743518634,nan
1753092104.388732,-161.80142211914062,423.96282958984375,794.5420532226562,17.73931591047664,-136.60263460073904,165.8772718643194,-451.4073181152344,339.6891174316406,653.1160278320312,48.55008049637833,-165.86600026346358,-90.09530650802557
1753092104.4549737,-138.56671142578125,412.54888916015625,767.6072998046875,-19.43778150093823,-156.24942479599036,-165.64987197888436,-463.87042236328125,351.0250244140625,674.9114990234375,59.257056028639425,-151.24089779865503,-158.00794734779973
1753092104.505122,nan,nan,nan,nan,nan,nan,-455.2418212890625,345.4640808105469,664.219482421875,17.58969425720061,176.1837879218488,159.80255572706864
1753092104.5571237,-133.0752716064453,446.16571044921875,815.5363159179688,12.10085053842255,-138.49895727059103,-129.560867664145,-442.9657897949219,337.0960388183594,648.13037109375,35.11146924934933,-175.16060258126862,-79.83846271012577
1753092104.6087024,nan,nan,nan,nan,nan,nan,-553.4452514648438,422.36151123046875,812.0692138671875,65.02402683978804,-65.53661214279109,-9.323284342376999
1753092104.6586978,-60.58441925048828,390.23248291015625,736.6489868164062,nan,nan,nan,nan,nan,nan,nan,nan,nan
1753092104.7152593,-73.7021255493164,369.18365478515625,686.919921875,nan,nan,nan,-500.19744873046875,381.7254638671875,733.9388427734375,67.58185356635343,-124.47187431214243,-68.31599888370222
1753092104.7652738,nan,nan,nan,nan,nan,nan,-467.6629333496094,358.9264221191406,690.1033935546875,42.278615481262136,-171.2575095517475,-166.48680323221822
1753092104.8158119,-19.14021873474121,351.9051818847656,676.6036987304688,21.715088750711793,-118.87374935643716,158.2233189375521,-452.69610595703125,347.4395446777344,668.0177001953125,14.52916219404199,174.29855949662578,-172.68810561736
1753092104.8678057,nan,nan,nan,nan,nan,nan,-450.976318359375,348.0992736816406,669.2861328125,13.54480759216661,173.46328852587968,-176.07241483673488
1753092104.9163373,-78.26300811767578,356.7271728515625,704.1362915039062,-59.10437238255644,-157.4670707643325,164.79395140470288,-514.3157958984375,398.12823486328125,765.4761962890625,68.63251838904573,-85.32284340213623,-30.15828288493933
1753092104.9643378,3555.47900390625,7086.84716796875,17192.90234375,65.15067786374769,-116.33520469960698,nan,nan,nan,nan,nan,nan,nan
1753092105.0098839,2080.295654296875,4668.49560546875,11325.9091796875,65.55879304905234,-113.63644974146,nan,-439.9159240722656,340.53582763671875,654.7440185546875,51.162944652131834,-163.67442630122636,-90.89206773862635
1753092105.0558808,inf,inf,inf,nan,nan,nan,-428.2213134765625,331.4831237792969,637.3384399414062,-3.6153148969272784,167.14301789614603,-179.34025331173618
1753092105.1014097,nan,nan,nan,nan,nan,nan,-448.1034851074219,346.8737487792969,666.9298706054688,20.137070505462926,176.42300515991215,-156.23317724579022
1753092105.147407,nan,nan,nan,nan,nan,nan,nan,nan,nan,nan,nan,nan
1753092105.1924162,213.55905151367188,238.5650177001953,662.3706665039062,-6.8126825820991295,-38.449621815339874,9.188584820170242,-441.2013854980469,340.2655334472656,656.6572265625,3.5811172709498966,169.6421501790877,177.87916605017222
1753092105.241557,255.11766052246094,232.61019897460938,670.9655151367188,-4.079523569041354,-23.332847969570967,-56.64929567372142,-447.0102844238281,343.16571044921875,667.2163696289062,21.451156350463748,178.88283083383615,nan
1753092105.284638,264.9182434082031,230.5091552734375,676.1802978515625,2.4420751049720093,-20.02316109561347,nan,-484.2834777832031,366.2083740234375,722.85107421875,nan,nan,nan
1753092105.348751,224.7151641845703,249.10140991210938,680.69921875,3.8329111071780835,-29.47866848535253,nan,-471.0997009277344,353.8725280761719,709.2929077148438,56.176050737647934,-125.00452153592454,nan
1753092105.392762,nan,nan,nan,nan,nan,nan,nan,nan,nan,nan,nan,nan
1753092105.4382756,-3769.16748046875,6686.3642578125,11806.01953125,57.563731304130926,-65.36954220659364,nan,nan,nan,nan,nan,nan,nan
1753092105.4832907,-99.94639587402344,173.83897399902344,311.1800842285156,10.478637278879855,-159.72076272623016,146.67680272818455,nan,nan,nan,nan,nan,nan
1753092105.528793,-206.71363830566406,439.6065673828125,820.895263671875,8.522839719938933,-132.27458264378055,nan,-276.111572265625,313.20782470703125,706.9718627929688,-18.443851570199108,-161.06693567452643,nan
1753092105.573791,nan,nan,nan,nan,nan,nan,-242.2292938232422,288.990234375,669.7874145507812,nan,nan,nan
1753092105.6159797,280.978515625,250.85189819335938,667.8981323242188,-16.490441890522042,-37.879945089712415,-63.78675533070118,nan,nan,nan,nan,nan,nan
1753092105.6609833,266.6018371582031,228.41925048828125,651.6327514648438,-38.74790811424182,-35.54944544197786,16.063479150326607,-300.178466796875,207.8902130126953,696.4354858398438,-61.33137111771769,156.63408887358878,-39.01468381668958
1753092105.7020745,181.92205810546875,205.01808166503906,611.778564453125,-19.931734301258075,-120.10355477093498,-174.62659978778478,nan,nan,nan,nan,nan,nan
1753092105.751075,-28.231576919555664,246.2047882080078,784.287353515625,63.38365075753709,-106.2961409451629,nan,nan,nan,nan,nan,nan,nan
1753092105.8055952,-0.6952775120735168,147.02723693847656,530.1915893554688,nan,nan,nan,nan,nan,nan,nan,nan,nan
1753092105.8595982,153.0177459716797,211.1779327392578,676.8638305664062,-28.961877125065413,-135.8596980752567,-175.11214292184476,-3980.43359375,2763.46826171875,11124.833984375,nan,nan,nan
1753092105.9101152,148.6162109375,223.49588012695312,686.6583862304688,56.27425282500141,-126.46361308796884,-130.898290015978,nan,nan,nan,nan,nan,nan
1753092105.9571178,118.44695281982422,174.57293701171875,523.9422607421875,4.0167609417816825,-128.09648006235508,-171.56472249296587,nan,nan,nan,nan,nan,nan
1753092106.0046382,134.9589080810547,185.92501831054688,533.33740234375,13.060998873437587,-119.52489304531278,176.40849790167889,-226.7356414794922,172.1878662109375,791.3984985351562,14.479007589744182,-91.76692235913151,-135.43989221077416
1753092106.0546367,136.64404296875,177.22305297851562,531.89599609375,10.06827544083637,-112.72746008898768,163.6419453741536,nan,nan,nan,nan,nan,nan
1753092106.0991645,nan,nan,nan,nan,nan,nan,nan,nan,nan,nan,nan,nan
1753092106.1511564,172.81939697265625,103.81217956542969,523.4984130859375,-7.981446034977392,-96.29100312268737,-69.20971969647795,-1853.146484375,1451.3250732421875,7248.23193359375,71.66487780503591,-39.44877158287219,-68.31461166932094
1753092106.1966727,154.78489685058594,91.3664779663086,527.3546752929688,-25.30547844510958,-91.19286931982907,98.25605117809879,-2072.474365234375,1612.699951171875,8293.6162109375,72.12745622614956,-39.200651179444954,nan
1753092106.2416723,151.15597534179688,87.71786499023438,536.108642578125,nan,nan,nan,-2288.15283203125,1855.4051513671875,9448.1455078125,72.42117546452904,-40.193081276337765,-66.81121787708403
1753092106.2856786,152.7305450439453,91.555419921875,534.3887939453125,-29.613078720918963,-85.08402049272311,149.5926030753328,-1831.8013916015625,1488.095947265625,7504.08984375,72.24471384523522,-40.64242876708007,-66.83412930849613
1753092106.3311882,154.2152099609375,96.34500885009766,532.404296875,-24.37466296475431,-85.61992169237324,129.27349354204506,-1875.814697265625,1494.479736328125,7392.61181640625,-53.806128191868474,-120.37785882441167,179.9890306452052
1753092106.3741894,160.0050048828125,101.6167221069336,527.8137817382812,-25.889409495110538,-87.53079542956097,133.6280028742183,-1796.71630859375,1481.2479248046875,7190.0888671875,-65.12103718227112,-133.8094282418968,-145.01015919815333
1753092106.417254,162.68821716308594,105.44647216796875,526.6224975585938,-25.902179529594385,-89.26216836732993,-178.1947424001003,-1822.2535400390625,1532.638427734375,7236.4814453125,-59.84317553262581,-137.6318291872704,-105.21449592302203
1753092106.4622498,164.4183807373047,105.25481414794922,525.6653442382812,-32.15224155887697,-88.81255839371131,-162.26067932195494,-2401.148681640625,1584.78466796875,6858.6748046875,-12.367561131876789,-150.50500124426372,-91.27124621221253
1753092106.5064852,164.59364318847656,104.35299682617188,526.2256469726562,-35.77234152070223,-87.815483015373,-52.48177100683151,-2334.5546875,1736.22509765625,6935.68115234375,16.271907874222283,-123.58513671832385,-178.9226964519337
1753092106.5514925,179.763671875,115.48133850097656,526.1082153320312,-13.878167456897259,-87.13997741702383,-10.722849132993707,-2748.928466796875,1830.2095947265625,5976.89990234375,57.41453435746354,-109.9940958980893,-115.12018698088437
1753092106.5954936,175.0150604248047,99.44279479980469,527.0728759765625,-25.613036176919472,-84.82435649392741,-37.64710518281126,-2759.515625,1981.3387451171875,6235.025390625,-42.74818061625017,-153.90986662900184,-135.22628964503028
1753092106.637628,173.60443115234375,101.8381576538086,528.9639892578125,-30.149436991799572,-85.4250024732511,-51.71181376256735,-2738.939208984375,1856.0911865234375,5603.0537109375,-57.63106126071688,-165.07209093693893,160.38145740756607
1753092106.6826327,179.8245849609375,115.15576934814453,529.2713623046875,-13.224043399351384,-79.85354712676991,-93.84544665380297,-2560.787841796875,1770.1119384765625,5638.7060546875,-49.88606998840826,-172.42647597056012,-173.1288537126792
1753092106.7266803,180.8343963623047,115.14936065673828,529.2418823242188,-2.3380519948972602,-82.19194319347096,-33.39421124406729,-2553.7861328125,1797.3670654296875,5394.40185546875,-38.85150598205374,-173.84264311507235,-90.56643408228291
1753092106.7726803,180.1508026123047,118.42986297607422,530.2315063476562,0.5210811293652463,-86.91291232296822,-1.8814020647762346,nan,nan,nan,nan,nan,nan
1753092106.8159144,180.24684143066406,123.28128814697266,533.5401611328125,0.405705305287715,-88.350021174795,-10.349393273623487,nan,nan,nan,nan,nan,nan
1753092106.882918,177.8930206298828,125.12815856933594,532.6490478515625,-1.2865357802263724,-87.82557243026235,-12.621981653936546,nan,nan,nan,nan,nan,nan
1753092106.9274309,187.51290893554688,156.06594848632812,536.68115234375,4.828126679871299,-85.9209121966749,0.20147711019115,nan,nan,nan,nan,nan,nan
1753092106.9704273,nan,nan,nan,nan,nan,nan,nan,nan,nan,nan,nan,nan
1753092107.0129561,214.5437469482422,186.81396484375,544.9237060546875,8.35132339325141,-67.69029338152555,-9.045490678708248,nan,nan,nan,nan,nan,nan
1753092107.060974,214.178955078125,174.77264404296875,546.6727294921875,9.829695306083915,-79.51717658167412,-9.189623481185581,-2367.8564453125,1753.0482177734375,6410.72119140625,-49.50691497849025,176.6994353243594,-82.66061171383127
1753092107.120075,205.2208251953125,135.80149841308594,542.4849243164062,3.6755868524578164,-108.52625308983284,-3.211043113399248,nan,nan,nan,nan,nan,nan
1753092107.1670635,244.73924255371094,188.8069305419922,553.8501586914062,-26.04830233626242,-41.19886118542978,nan,nan,nan,nan,nan,nan,nan
1753092107.2105885,nan,nan,nan,nan,nan,nan,nan,nan,nan,nan,nan,nan
1753092107.2575803,nan,nan,nan,nan,nan,nan,nan,nan,nan,nan,nan,nan
1753092107.3141048,nan,nan,nan,nan,nan,nan,nan,nan,nan,nan,nan,nan
1753092107.3661063,nan,nan,nan,nan,nan,nan,nan,nan,nan,nan,nan,nan
1753092107.4142075,nan,nan,nan,nan,nan,nan,-2068.433837890625,1646.3262939453125,5244.3857421875,-56.873824264211834,164.9512691016336,-69.52013899115893
1753092107.4602115,nan,nan,nan,nan,nan,nan,-1970.890625,1582.2508544921875,5071.40283203125,-59.44326411258933,162.6616066554171,-75.09835138934267
1753092107.506739,nan,nan,nan,nan,nan,nan,nan,nan,nan,nan,nan,nan
1753092107.5527313,nan,nan,nan,nan,nan,nan,-2072.031982421875,1721.76416015625,5227.966796875,-34.27297813590521,-172.1901051650665,-98.42899023652687
1753092107.5972538,7550.57080078125,6392.033203125,15653.6181640625,nan,nan,nan,-2133.1513671875,1779.1663818359375,4505.88916015625,-17.68118467181377,-176.42346756012873,-131.79684073081907
1753092107.6412578,nan,nan,nan,nan,nan,nan,-2774.26416015625,2266.792724609375,5630.9248046875,49.35953649289004,-132.36879257840334,-174.2345876739437
1753092107.6842575,inf,inf,inf,nan,nan,nan,nan,nan,nan,nan,nan,nan
1753092107.7277682,nan,nan,nan,nan,nan,nan,-2430.822265625,2018.1016845703125,4784.14892578125,-41.99795142844835,178.55238324693758,178.3468831635223
1753092107.7707677,nan,nan,nan,nan,nan,nan,-2730.098388671875,2304.47509765625,5697.26025390625,-37.482363129057205,176.45982637966335,152.8783270951758
1753092107.815307,nan,nan,nan,nan,nan,nan,-1301.0103759765625,1051.3531494140625,2132.008544921875,nan,nan,nan
1753092107.8593078,nan,nan,nan,nan,nan,nan,-3631.434814453125,3015.59033203125,6690.3828125,54.98510906754908,-61.46463070201028,-44.15166644536918
1753092107.9033961,246.9861297607422,182.15289306640625,566.3439331054688,nan,nan,nan,-2912.624755859375,2420.12890625,5584.14990234375,57.4987680765704,-64.83075386440248,-24.108563259715265
1753092107.950397,242.5302734375,173.35760498046875,566.1324462890625,-8.383568986262244,-83.15160965504724,2.989940084995807,-3134.561767578125,2692.42724609375,6240.189453125,58.229561071888,-59.28373009263585,-22.719647828575592
1753092107.9944081,234.77542114257812,169.39175415039062,571.1520385742188,5.209827194759073,-95.15518929323702,10.294133591743467,-2300.189453125,1978.7901611328125,4939.14208984375,-37.58402192894655,177.2062820262754,-128.20039781824326
1753092108.0399153,199.8973388671875,91.4993896484375,565.884765625,-22.59070119878542,-90.68584250513585,14.162467471625863,-2047.388916015625,1748.085205078125,4342.40673828125,-34.56638184718901,172.91641550538978,-84.93343393439
1753092108.0859258,205.4073486328125,119.42781829833984,569.0660400390625,3.7080598584808335,-78.24280099855369,3.289190754958927,-2132.076416015625,1835.39453125,4559.29150390625,-20.71959442928472,-177.5663914879379,-86.82701661144505
1753092108.1334412,204.15554809570312,102.35476684570312,571.7020263671875,-21.751870381933927,-90.8192246542401,74.12370190288671,-2237.581298828125,1922.4532470703125,4990.548828125,-37.41471186578846,178.39987565230302,-150.80601982392008
1753092108.18246,nan,nan,nan,nan,nan,nan,-2247.34130859375,1935.130126953125,5099.99072265625,-37.373307768676625,179.33288290569018,-96.51171573433508
1753092108.229971,208.8944549560547,100.31107330322266,572.613037109375,-29.901524755113723,-88.14712812221227,-58.91772635834454,-1914.2982177734375,1617.17138671875,4853.58447265625,-59.12032649738316,164.473946276824,-87.83746337688588
1753092108.2729683,213.459228515625,124.21244812011719,575.9984130859375,-16.962798743146077,-96.80888646686982,-50.98613720563968,-2077.2548828125,1727.8946533203125,5068.6416015625,-48.42861211112488,-179.49972510773247,-115.88463386354326
1753092108.3164866,210.42556762695312,113.27263641357422,576.81005859375,-19.188635074943264,-90.24293553498495,-58.18204749542781,-2171.297119140625,1839.8648681640625,5248.7529296875,-36.759512304357024,-168.75685584335133,-160.1262144669156
1753092108.361484,208.9179229736328,103.62408447265625,578.7918090820312,-21.364014781231294,-87.18822433456266,-55.98931541628971,-2150.17333984375,1877.2822265625,4922.53515625,-34.25688856485603,176.40519261070418,-123.79158611100556
1753092108.4060078,208.1147003173828,95.35566711425781,582.7889404296875,-28.842657989967908,-83.89827283084821,-47.00981050307176,-2559.90234375,2235.010009765625,5860.5546875,-7.942772517524371,-168.1745044509425,139.07920671404514
1753092108.449009,206.52288818359375,92.27896881103516,584.6409301757812,-30.984319357852996,-81.96428584672027,-55.65847267421227,-2686.955322265625,2341.699951171875,6018.6689453125,56.171977041575005,-123.69942258922329,-147.01879465525622
1753092108.4950142,206.6314697265625,92.32747650146484,584.9482421875,-31.785186327725512,-82.73014470501349,-49.163832934358695,-2462.02685546875,2153.6591796875,5375.6220703125,32.56634764241653,-156.77513119119553,-85.86452032267069
1753092108.539531,208.0011749267578,88.40094757080078,588.8257446289062,-30.95011773426246,-81.89359240597209,-55.08599434743397,-2706.25634765625,2371.52392578125,5835.22412109375,29.481838490167103,-158.96028134685474,-88.92932923212886
1753092108.5835414,206.99346923828125,91.36009979248047,585.9730834960938,-31.423889870852168,-81.89549145833644,-53.83825503326519,-2694.875732421875,2353.193359375,5762.79736328125,64.4872529680261,-70.57779012177701,-7.4962173309209374
1753092108.6276107,207.54360961914062,89.97991943359375,584.3428344726562,-33.03867137715784,-81.85699669681178,-57.04940408257095,-2552.804931640625,2188.547607421875,5284.77587890625,53.145185738370735,-136.42117431148029,-51.706744284648465
1753092108.6716106,207.92201232910156,89.01593017578125,585.4082641601562,-32.367684105053804,-81.14071714813167,-56.632645022787514,-2533.357177734375,2166.163330078125,5182.49462890625,37.509906934675946,-153.39885096935055,-91.46107552203912
1753092108.7161272,209.7462615966797,93.83961486816406,587.3578491210938,-30.864845126283026,-82.6965792284515,-55.55009347129834,-1058.2105712890625,843.0827026367188,1750.70947265625,-56.0932485416063,146.2716405466898,-154.362151078711
1753092108.7583458,210.24403381347656,95.19681549072266,588.7517700195312,-32.76602700362393,-80.89379756090321,-58.68725395632887,nan,nan,nan,nan,nan,nan
1753092108.804859,234.1617889404297,128.04200744628906,583.3319091796875,-17.173690683578847,-101.1506480147766,-57.218069969418146,nan,nan,nan,nan,nan,nan
1753092108.8558605,233.42214965820312,108.58905029296875,581.4893798828125,-28.48162156398847,-96.89729054106252,-76.68838352033809,nan,nan,nan,nan,nan,nan
1753092108.906393,230.4173583984375,102.02399444580078,582.3909912109375,-30.697487985282322,-93.06535461706294,-75.71039328319088,-1028.96484375,855.8018798828125,1770.0389404296875,-55.18997303372364,146.2620310572012,-141.24142857236035
1753092108.9493947,228.741455078125,98.90311431884766,583.8422241210938,-31.610025911254223,-90.02481067296819,-65.95828626908016,nan,nan,nan,nan,nan,nan
1753092108.993408,228.83993530273438,98.30366516113281,586.9805908203125,-30.758299048419644,-88.70464183428433,-65.85475243061455,-2246.3828125,1930.8826904296875,4577.38623046875,-26.25103676519756,-171.98960301810968,-69.51141620918804
1753092109.038948,227.37249755859375,96.54946899414062,583.216552734375,-33.78557016506012,-86.32251211988635,-57.8564254151762,nan,nan,nan,nan,nan,nan
1753092109.083945,227.67127990722656,96.67633819580078,583.98291015625,-32.01381587712563,-85.17743612647246,-61.11614862429132,-1613.7216796875,1355.885009765625,3128.537841796875,-37.70053195050103,173.28097288754017,nan
1753092109.1304686,227.153564453125,98.06394958496094,585.5491943359375,-32.20991398407433,-85.1567528448742,-65.0520397969182,-2458.35400390625,2104.818603515625,4989.7216796875,62.791599086113415,-98.99582920094585,-42.13603230494621
1753092109.1754694,230.44236755371094,99.4837417602539,594.0269165039062,-29.838414984400835,-85.7405880435667,-75.30871468985276,-3274.8125,2807.54833984375,6974.2119140625,60.66741049336066,-114.10184928341927,-123.53585787907878
1753092109.219982,230.2751007080078,102.84302520751953,593.5957641601562,-26.048438278877658,-88.00884995850089,-60.60232859496881,-2343.998046875,1986.556396484375,4911.28271484375,23.674896604893863,-156.2780031515284,-71.95498231004805
1753092109.2649808,228.91998291015625,111.9157943725586,587.1859130859375,-20.941447554967585,-94.2302965220483,-69.35837070158314,-2362.218017578125,1996.0849609375,5030.703125,45.071507066371446,-139.38495599841886,-71.33940367887026
1753092109.307188,228.48565673828125,110.57412719726562,586.0718383789062,-21.135101358506546,-93.63929265931058,-63.43344196196808,-2026.9114990234375,1704.8187255859375,4425.58544921875,-42.060436546229745,168.89081330799277,-79.48669974219285
1753092109.3511884,228.4895782470703,107.1879653930664,586.0819091796875,-21.876227582679395,-93.56259054568476,-20.965962635908777,-2171.859130859375,1822.647216796875,4928.6953125,-42.18747555399156,173.70556158667233,-102.89354216008842
1753092109.3961937,228.70513916015625,111.81076049804688,586.6348266601562,-19.567655869495606,-92.4407743896748,-71.5718948234809,-2094.9521484375,1756.3485107421875,4652.443359375,-45.758783891076575,169.00759465316403,-89.8191815188919
1753092109.4407208,nan,nan,nan,nan,nan,nan,-2250.837890625,1915.52294921875,5152.9931640625,-46.26024024374933,171.9109883980498,-155.05795627911235
1753092109.485745,nan,nan,nan,nan,nan,nan,-2039.1468505859375,1668.296630859375,5380.42626953125,-63.107964653420986,166.22113733250848,-72.59236801564847
1753092109.5292528,nan,nan,nan,nan,nan,nan,-2135.95654296875,1715.2496337890625,5937.76416015625,-58.53243380148817,-161.94807018389307,-178.4711637692708
1753092109.5732565,nan,nan,nan,nan,nan,nan,nan,nan,nan,nan,nan,nan
1753092109.6218255,nan,nan,nan,nan,nan,nan,-2109.179931640625,1817.556396484375,6646.62060546875,-14.899774928544886,-120.27694758642949,171.54085702147393
1753092109.6728263,nan,nan,nan,nan,nan,nan,nan,nan,nan,nan,nan,nan
1753092109.724347,nan,nan,nan,nan,nan,nan,nan,nan,nan,nan,nan,nan
1753092109.768341,235.81800842285156,115.3636245727539,587.4578247070312,-27.247895721852274,-96.8429412172039,-37.981759816140254,nan,nan,nan,nan,nan,nan
1753092109.8127153,235.88247680664062,116.5274658203125,587.618408203125,-25.99913570759558,-95.95791665685579,-51.86346430196456,nan,nan,nan,nan,nan,nan
1753092109.860714,239.32949829101562,145.99813842773438,587.741455078125,-16.122948494704087,-96.12691393364608,-80.60561743939354,nan,nan,nan,nan,nan,nan
1753092109.9032502,nan,nan,nan,nan,nan,nan,nan,nan,nan,nan,nan,nan
1753092109.947256,nan,nan,nan,nan,nan,nan,nan,nan,nan,nan,nan,nan
1753092109.992267,235.86524963378906,105.82093048095703,584.7684326171875,-29.599513536315836,-95.47156767130292,-13.543449628831334,nan,nan,nan,nan,nan,nan
1753092110.0357783,241.6846466064453,149.0170440673828,590.729736328125,-13.54758537946123,-96.91114863297913,-100.67730627651953,nan,nan,nan,nan,nan,nan
1753092110.0797794,234.47479248046875,107.3429183959961,586.9291381835938,-26.746331218904512,-92.6203194701909,-50.206202821455825,-1981.2698974609375,1556.181640625,5281.41943359375,-59.837949412164605,166.85572770183333,-113.71363522100617
1753092110.126318,230.36276245117188,97.3381118774414,587.98046875,-29.516737565589622,-87.95088426817826,-5.104845604418696,-2292.181640625,1761.7562255859375,5025.92529296875,-42.91915381593243,178.34233094013015,-161.09734859619616
1753092110.1703215,232.7663116455078,100.48700714111328,600.0175170898438,-21.440707063605164,-89.59788999105822,-58.186098084662724,nan,nan,nan,nan,nan,nan
1753092110.2148392,223.87991333007812,84.00262451171875,597.8997802734375,-30.967511305889147,-82.58473644033364,-9.087981614052756,nan,nan,nan,nan,nan,nan
1753092110.2608597,242.624267578125,89.7516098022461,590.2463989257812,-33.22262096269016,-105.24675140875246,-89.58683020482471,-2543.130615234375,1748.4769287109375,6676.27685546875,1.3089576247872632,-125.6489198670688,132.16397558296654
1753092110.3083842,242.2403106689453,110.0499267578125,589.3123168945312,-8.176198872380924,-101.12497354182649,-178.18358969026326,-2855.76904296875,1824.8856201171875,5959.513671875,-40.45793147598648,-160.5715633358878,-143.1722556325067
1753092110.354383,212.79376220703125,73.02609252929688,602.3929443359375,-35.10334123051304,-80.18678735503859,-15.134275435898621,-2405.923828125,1758.502685546875,5815.9248046875,-56.284513355614905,-174.5090985644634,167.50466620888724
1753092110.4024997,205.01483154296875,71.98699188232422,603.4129028320312,-34.487573601369306,-80.88827473918482,-20.695038505667593,-2200.2197265625,1811.9166259765625,6769.09521484375,-3.7284829513558053,-101.09274515911527,172.38673502835968
1753092110.4464974,nan,nan,nan,nan,nan,nan,-4361.90283203125,3320.002685546875,13262.3818359375,64.72373340514325,-49.30528540628766,nan
1753092110.4915066,202.545654296875,98.66017150878906,602.9851684570312,-30.0404159719013,-87.82341005428869,12.850161450133466,-2082.371337890625,1499.5655517578125,6331.45751953125,-62.711664387876425,-143.31119760963,169.91607592517443
1753092110.5358336,204.0327911376953,70.88702392578125,603.9478149414062,-35.77231133286814,-83.12107559720805,-8.207591976356047,-1879.1505126953125,1246.5001220703125,5994.53515625,nan,nan,nan
1753092110.5788317,208.08995056152344,64.07860565185547,605.5945434570312,-33.9372785278127,-84.2608610427135,21.714475572671958,-1834.376220703125,1240.3143310546875,6194.39794921875,-72.59520467924452,-177.40661466321694,-43.3972520851035
1753092110.6234417,210.75643920898438,63.36247253417969,609.9342041015625,-33.59463580428692,-84.22816150151428,-4.450339568922425,-2101.4833984375,1432.056640625,7590.27587890625,-42.547632248773546,-97.91825528345662,-70.54942498929425
1753092110.6684442,211.47659301757812,61.22032928466797,612.0183715820312,-33.7993257631666,-82.31931670458698,-1.503357525309465,nan,nan,nan,nan,nan,nan
1753092110.7109704,212.7089080810547,59.20466613769531,615.584716796875,-33.95283125162032,-81.4288365660306,-11.790090461599476,nan,nan,nan,nan,nan,nan
1753092110.7549725,212.8253936767578,58.37578201293945,619.3758544921875,-33.53908150265559,-80.66583212308181,-45.43981808267471,nan,nan,nan,nan,nan,nan
1753092110.7985055,206.41065979003906,61.33924865722656,625.2518920898438,-28.329304455199118,-80.67838089079864,-8.580974987234796,-194.67628479003906,145.84442138671875,851.26171875,15.544324408498785,-85.36154092219138,-154.30824028576725
1753092110.8425133,204.74685668945312,62.77275085449219,627.5379028320312,-28.694741831352424,-81.6069781226077,6.751441227409021,-197.6793975830078,171.9232635498047,970.724365234375,51.258914827150406,-76.85657690663899,-107.29279162151184
1753092110.8865588,197.63987731933594,64.4245376586914,631.8784790039062,-28.88315635325211,-85.76902299316183,16.355076257550145,nan,nan,nan,nan,nan,nan
1753092110.9311156,193.7513885498047,67.2002944946289,635.0970458984375,-29.062972679830825,-86.89316054760272,-17.18244299782786,-1421.2088623046875,1249.484130859375,6978.9873046875,74.33649652488849,-43.42690830989733,-69.58461103824716
1753092110.9751155,188.81556701660156,72.55011749267578,639.1018676757812,-30.62984560936977,-89.63184520749495,4.928763955917488,nan,nan,nan,nan,nan,nan
1753092111.0216877,187.5671844482422,77.46922302246094,639.04443359375,-29.302904638936564,-93.65216671908031,-77.49458921289231,nan,nan,nan,nan,nan,nan
1753092111.0666897,189.5996551513672,82.208251953125,637.5972290039062,-28.665545452009646,-91.44278445590942,-59.78138963180076,nan,nan,nan,nan,nan,nan
1753092111.113262,190.70848083496094,84.61234283447266,637.1969604492188,nan,nan,nan,-1345.4202880859375,1155.4459228515625,6251.87109375,73.58150700479013,-42.83989742822615,-74.634699029021
1753092111.158261,nan,nan,nan,nan,nan,nan,nan,nan,nan,nan,nan,nan
1753092111.2027774,nan,nan,nan,nan,nan,nan,nan,nan,nan,nan,nan,nan
1753092111.2467754,215.0255126953125,83.29156494140625,636.4868774414062,-15.845533171402273,-95.73136513284705,-25.660473470399843,-964.98486328125,716.6544189453125,4329.021484375,73.58936421799764,-40.81126432321618,-74.35870226031598
1753092111.289834,220.145263671875,73.14329528808594,633.572509765625,-20.87978616459282,-89.88313523096042,-28.048882350113665,-848.8170776367188,624.978759765625,3775.24560546875,73.37139652345942,-41.16390457862005,-77.19531442522036
1753092111.3373384,228.75506591796875,74.3848876953125,633.7491455078125,-21.959296467810383,-84.40945590557287,-51.72830024280321,-1424.704833984375,1031.3236083984375,6229.81201171875,73.70148805893272,-38.54314036776224,-74.67630460868696
1753092111.382338,232.4011993408203,73.99052429199219,630.3892211914062,-22.173522757237198,-84.13819436042947,-37.148996946897434,-1353.552001953125,982.93994140625,5869.22802734375,73.49729995138881,-38.98784989598294,-71.24960805792034
1753092111.4269087,236.00180053710938,74.74617767333984,636.8272705078125,-19.02255720640643,-83.57762964566417,-61.77779786326338,-1510.078369140625,1078.5838623046875,6440.3271484375,73.4506394470257,-38.08148659160836,-76.20720003831308
1753092111.4709053,232.29367065429688,75.17045593261719,630.0975341796875,-22.50208452510859,-81.21537331764301,-64.90381543818486,-1472.7884521484375,1064.052978515625,6281.2890625,73.38710517892032,-38.47214425283258,-74.75588353193922
1753092111.5185008,232.53607177734375,75.2489013671875,630.7550659179688,-19.06522318244265,-83.55836732034962,-29.07107339370381,-1504.9432373046875,1099.652099609375,6418.42626953125,73.3543544579336,-38.615724272737864,-77.83822829434186
1753092111.5685108,230.7123260498047,75.05101776123047,629.0963745117188,-18.63632971588271,-84.60133026847471,-18.037142172282092,-1492.7991943359375,1133.9530029296875,6473.02685546875,73.43066260329462,-39.52982803332426,-75.89210316157346
1753092111.6111,230.81813049316406,76.29823303222656,629.3848876953125,-20.11613252560686,-89.14189175429273,-19.17709410208427,-2000.852783203125,1536.596435546875,8676.0322265625,-25.922874169783032,-100.23102782755211,118.58046874073408
1753092111.6550996,227.69241333007812,78.48249053955078,627.4555053710938,nan,nan,nan,-1823.0057373046875,1454.7908935546875,8039.20166015625,nan,nan,nan
1753092111.69863,227.61569213867188,78.8748779296875,630.5925903320312,nan,nan,nan,-1629.72802734375,1325.6656494140625,7248.46875,-70.53215595471933,-135.80890030525774,nan
1753092111.7436383,227.01658630371094,79.08949279785156,632.3084106445312,nan,nan,nan,-1551.949462890625,1273.3111572265625,6962.20556640625,-76.52730077592663,-171.73225588416045,-161.43928194525444
1753092111.7876475,225.42555236816406,68.85609436035156,627.8768920898438,nan,nan,nan,-1622.5450439453125,1331.2320556640625,7278.90478515625,-75.90529072274946,-161.84086519207102,-165.50641309444424
1753092111.831747,225.12339782714844,62.72247314453125,627.0352783203125,nan,nan,nan,-1806.6829833984375,1451.073974609375,8104.96630859375,-76.86793503107293,-179.04452484753713,-141.43833656052954
1753092111.874749,223.5471649169922,56.28428649902344,622.64501953125,nan,nan,nan,-3391.60009765625,2636.075927734375,15215.0673828125,-35.85088329028386,-102.5369963145322,nan
1753092111.9189956,223.1770477294922,52.881465911865234,624.9684448242188,nan,nan,nan,-3645.6279296875,2770.48681640625,16354.6630859375,65.42301356142765,-63.048744236026614,nan
1753092111.9669957,223.7246856689453,66.15453338623047,636.8108520507812,-84.04875583446658,33.71689785126724,nan,-2321.5751953125,1689.4644775390625,10325.5654296875,74.16025615486508,-37.86410136726515,-74.93142838981426
1753092112.0106997,nan,nan,nan,nan,nan,nan,-2290.26904296875,1671.9814453125,10099.7685546875,74.00507808809616,-37.937554539248715,-74.65213932528248
1753092112.0577006,222.490966796875,60.68661880493164,643.8942260742188,nan,nan,nan,-2957.328857421875,2140.768310546875,12931.5224609375,73.99585509765124,-37.256156100306484,-74.67822144518843
1753092112.104377,nan,nan,nan,nan,nan,nan,-3386.43310546875,2451.390869140625,14807.8681640625,74.02753322207113,-37.04240397493143,-74.97782360601742
1753092112.1483815,247.0475311279297,209.43507385253906,799.6940307617188,-50.33167259607671,-147.33308515314692,173.75278218162038,-2081.864013671875,1507.03173828125,9103.3740234375,73.88028432013137,-37.818892916706474,-73.85883086560622
1753092112.1925712,nan,nan,nan,nan,nan,nan,-2407.372314453125,1742.6627197265625,10526.7255859375,73.94500840801346,-37.430474988933774,-69.92480552700542
1753092112.238104,nan,nan,nan,nan,nan,nan,-1779.912353515625,1333.4459228515625,7783.029296875,73.666740225257,-38.631674757694256,nan
1753092112.2821045,198.85853576660156,77.81853485107422,631.8818359375,nan,nan,nan,-1691.203857421875,1320.868408203125,7457.97412109375,73.56384566734104,-39.618215842562606,nan
1753092112.3272574,195.95411682128906,81.06707763671875,638.2857055664062,nan,nan,nan,-1628.50244140625,1299.573974609375,7181.4697265625,73.40321551720199,-40.31640303322208,nan
1753092112.3712573,191.1559295654297,78.87234497070312,630.5723266601562,-12.520650910221864,-115.91096354318918,-173.23394564570773,-1512.73828125,1207.192138671875,6670.9658203125,73.36389821868286,-40.47145916543526,nan
1753092112.4208453,186.52235412597656,77.95149230957031,623.2102661132812,nan,nan,nan,-1854.1361083984375,1439.414794921875,8039.84423828125,nan,nan,nan
1753092112.4688466,179.54373168945312,74.44281768798828,623.998291015625,nan,nan,nan,-1634.789794921875,1272.160400390625,7029.982421875,nan,nan,nan
1753092112.5144105,175.99679565429688,64.84573364257812,624.2122192382812,nan,nan,nan,-1752.4033203125,1363.68505859375,7535.74853515625,-77.70494716748725,-170.14222066154753,-163.88980603979155
1753092112.5584257,175.09364318847656,70.25994110107422,629.614990234375,-8.992474686899262,-96.75964393507361,-168.1443488455991,-1539.7977294921875,1185.4803466796875,6621.494140625,-77.73789026020921,-173.3145694267914,-167.01128062705553
1753092112.6037378,174.2215576171875,71.82669067382812,622.1680297851562,-9.041996012168184,-101.29937067190971,32.42004398387403,-1528.231201171875,1176.5753173828125,6571.75537109375,-77.55310119809023,-165.09452900402616,-168.65696313521042
1753092112.6487408,176.54173278808594,72.78324127197266,630.4536743164062,nan,nan,nan,-1634.5487060546875,1258.4283447265625,7028.9453125,73.17699866495106,-39.42316875770006,nan
1753092112.6947417,173.28648376464844,72.63363647460938,618.8287353515625,nan,nan,nan,-1414.8958740234375,1101.04345703125,6084.38671875,73.02082312449569,-40.0471615922632,nan
1753092112.7402925,173.21157836914062,72.60224151611328,618.5612182617188,nan,nan,nan,-1747.8936767578125,1360.175537109375,7516.35546875,73.1509834695523,-39.630138180107345,152.83434443761902
1753092112.787387,173.7582550048828,71.63568115234375,620.5134887695312,nan,nan,nan,-2010.2218017578125,1564.3140869140625,8644.4287109375,nan,nan,nan
1753092112.8338952,nan,nan,nan,nan,nan,nan,-2372.7431640625,1846.4207763671875,10203.35546875,73.27524289114517,-39.14293979636913,152.57368269954944
1753092112.8798947,nan,nan,nan,nan,nan,nan,-1905.33349609375,1507.6783447265625,8331.458984375,-77.70238632630488,-173.52254871980475,-147.15190752791608
1753092112.9249096,179.9030303955078,69.30835723876953,621.0875854492188,nan,nan,nan,-1630.7691650390625,1352.07666015625,7315.798828125,-78.01534026283859,-169.3271422266281,-163.02600799157238
1753092112.9729083,181.40423583984375,66.26632690429688,626.270263671875,-75.71094631734348,-3.977325603427623,nan,-1754.6571044921875,1482.7786865234375,7940.2119140625,-77.88274935285179,174.90592380763997,-112.6345224127025
1753092113.0174758,1947.3984375,668.4512329101562,6813.7509765625,nan,nan,nan,-1563.248291015625,1332.6485595703125,7136.27197265625,-77.81962463381339,176.2403207372823,-90.62356197047474
1753092113.0604746,nan,nan,nan,nan,nan,nan,-1657.342529296875,1412.8626708984375,7565.81494140625,-75.74571466077298,-146.668556874919,162.744331956193
1753092113.1080372,nan,nan,nan,nan,nan,nan,-1572.43359375,1340.4788818359375,7178.203125,-77.45009212290553,-159.10390693276193,176.73534210515757
1753092113.1590328,nan,nan,nan,nan,nan,nan,-1531.2764892578125,1305.39306640625,6990.3203125,nan,nan,nan
1753092113.2049406,nan,nan,nan,nan,nan,nan,-1464.060791015625,1248.092529296875,6683.478515625,-78.07995690063834,-177.18711628680546,-157.41290722795435
1753092113.2519295,nan,nan,nan,nan,nan,nan,-1472.144287109375,1254.983642578125,6720.37939453125,-66.34759071621704,-118.18551587048421,135.19163422701465
1753092113.2989433,174.97140502929688,72.63567352294922,629.1754150390625,-5.301353594784246,-103.101559604728,nan,-1359.338623046875,1119.4296875,5994.49462890625,73.09542408846049,-41.48802591263566,nan
1753092113.344459,168.40597534179688,75.09811401367188,609.792236328125,-25.840812840893637,-97.75758212419831,nan,-1685.2286376953125,1378.6927490234375,7307.43310546875,72.96523489471696,-40.904093113268104,nan
1753092113.3915515,nan,nan,nan,nan,nan,nan,-1596.36181640625,1305.990478515625,6922.091796875,72.93898518052988,-40.99604840506004,156.96599930612223
1753092113.4400952,167.51309204101562,78.1278305053711,615.1433715820312,-28.395931613672484,-102.39429341120264,102.99671643668272,-1527.4334716796875,1249.599853515625,6623.20703125,72.92587175221911,-41.11091795554922,nan
1753092113.4901142,172.31747436523438,80.36859130859375,632.7860717773438,-23.304514376529134,-101.74318283912676,-111.38685187514288,-1584.4722900390625,1296.2635498046875,6870.53662109375,72.95672229907186,-40.99487228057519,155.81749726867758
1753092113.5376318,167.5299530029297,76.8523941040039,624.036865234375,-4.688479444194185,-106.26814194230008,-71.13230550498197,-1565.1461181640625,1269.8424072265625,6730.498046875,72.85864892399269,-40.77004586776932,nan
1753092113.5866542,161.98988342285156,72.38139343261719,616.6796875,nan,nan,nan,-1567.84814453125,1272.03466796875,6742.1171875,72.86891013265846,-40.72862228567732,nan
1753092113.6341887,160.5218048095703,71.06922149658203,615.6067504882812,nan,nan,nan,-1860.3494873046875,1524.763916015625,7999.9423828125,72.87711058727773,-40.74634042188015,153.2474978882117
1753092113.6811976,159.77517700195312,68.88626861572266,617.3052368164062,nan,nan,nan,-1685.8673095703125,1381.7562255859375,7249.62744140625,72.83988976288761,-40.93832902227764,152.05500334408575
1753092113.7269168,157.790771484375,61.903987884521484,618.8529052734375,nan,nan,nan,-1458.7239990234375,1173.773193359375,6221.3056640625,72.73893409075771,-40.688740356454744,nan
1753092113.774879,153.59063720703125,57.346763610839844,621.1575317382812,nan,nan,nan,-1649.7333984375,1327.470458984375,7035.94091796875,72.8165612407906,-40.480613849858,nan
1753092113.823388,141.4945831298828,45.723228454589844,625.8919067382812,nan,nan,nan,-1703.119384765625,1359.257080078125,7204.41943359375,72.75159021536848,-40.20647447983795,nan
1753092113.873393,133.19813537597656,48.18817138671875,626.5786743164062,nan,nan,nan,-1831.4703369140625,1449.87548828125,7684.72021484375,72.70539295856622,-39.863414516292885,nan
1753092113.9209719,128.07591247558594,48.07830047607422,625.1500854492188,nan,nan,nan,-1136.6011962890625,862.69482421875,4619.69140625,72.13559201791617,-39.907092436806984,-72.08581211232395
1753092113.9669673,112.97740936279297,68.16912841796875,621.6126708984375,nan,nan,nan,-2846.954345703125,2111.268310546875,11305.744140625,72.3422277816378,-37.58726763849001,-67.97536345199455
1753092114.0154889,105.63369750976562,77.63641357421875,620.6912841796875,-26.281757110884897,-101.33611123297298,-159.35136509121452,-2453.6162109375,1838.3487548828125,9743.73046875,72.23031276615777,-38.01329996968583,-71.65813554374445
1753092114.06149,94.38220977783203,87.94688415527344,617.5042724609375,-16.532802764302755,-107.42911121539667,166.79984442556338,-2037.162353515625,1557.50244140625,8089.9208984375,72.06508833431349,-38.68583803183503,nan
1753092114.1073685,109.50320434570312,132.9960479736328,622.2903442382812,2.316998697729331,-112.20380134492365,-177.93813957520976,-1921.407958984375,1539.5966796875,7689.0791015625,71.87265299040759,-40.066107998201275,-70.6104127030549
1753092114.1553762,108.31159973144531,118.50198364257812,615.5186157226562,-6.53516746082196,-107.7388201510028,166.83816956791028,-1750.7606201171875,1443.361083984375,7006.18359375,71.63063014184154,-40.936572052581305,nan
1753092114.1993806,75.82058715820312,110.05714416503906,621.411865234375,-11.986191642865837,-101.78567308705581,173.21591717817134,-1663.9755859375,1408.3365478515625,6710.63525390625,71.57498017749495,-41.64179650368074,-80.63318723170194
1753092114.2434132,71.47343444824219,107.1281967163086,625.2836303710938,-12.178222109846422,-107.43748408411503,167.59005423663464,-1454.16455078125,1284.6270751953125,5957.0771484375,71.49352772359288,-43.03135678888602,-80.46042859759577
1753092114.2884264,69.17431640625,109.71348571777344,626.2855224609375,-11.845183340260075,-113.07948115404247,170.3404284526658,-1727.501220703125,1553.369384765625,7076.81787109375,71.44168154378592,-43.29820980023173,nan
1753092114.332099,71.66278839111328,109.82816314697266,626.9401245117188,-12.513788100742033,-114.93931550858267,167.45888013723052,nan,nan,nan,nan,nan,nan
1753092114.378099,75.28390502929688,108.61557006835938,626.9140625,-12.360743095873588,-116.18928267456988,152.301067310951,nan,nan,nan,nan,nan,nan
1753092114.423696,74.50704193115234,110.46284484863281,630.5631103515625,-10.947819708842074,-113.97039778501612,160.41897558030723,nan,nan,nan,nan,nan,nan
1753092114.4666793,104.34674072265625,173.55908203125,634.6881103515625,0.22922462550084088,-120.34410879716891,nan,nan,nan,nan,nan,nan,nan
1753092114.5157714,104.55537414550781,153.0733184814453,635.9570922851562,-4.9671918940662305,-115.8874138744088,147.1665086716586,-179.9400634765625,189.63174438476562,807.2296752929688,25.88165598580906,-82.69009913966062,-144.42147649732578
1753092114.5587852,122.19837188720703,170.91029357910156,638.4996337890625,-5.304672357787089,-117.84424856136243,nan,nan,nan,nan,nan,nan,nan
1753092114.605366,170.15806579589844,204.59886169433594,647.7750854492188,5.630231572355472,-126.26624565122533,164.06471143425216,-180.06578063964844,205.7744903564453,822.0053100585938,26.025879266299356,-80.7345703152137,-142.4784464841206
1753092114.650364,170.34710693359375,199.82769775390625,648.4947509765625,4.4750011915090875,-122.5337027833314,178.1279080408167,-180.72238159179688,212.88380432128906,825.0027465820312,24.17080035964681,-82.25439832141842,-140.76411178559
1753092114.6963787,nan,nan,nan,nan,nan,nan,nan,nan,nan,nan,nan,nan
1753092114.7419431,nan,nan,nan,nan,nan,nan,nan,nan,nan,nan,nan,nan
1753092114.78694,221.2686767578125,178.0886688232422,651.2523193359375,9.077846438074792,-112.96547876516352,68.26067024463599,-3764.209228515625,4173.5009765625,16053.9609375,70.51947886668177,-48.505226027479615,155.38956137001233
1753092114.8355997,188.82125854492188,179.69752502441406,639.12109375,7.833813119712617,-106.05658436841735,155.97546834514674,-1688.4351806640625,1813.43701171875,7027.7333984375,70.10626117792636,-48.34611725250487,nan
1753092114.8836079,nan,nan,nan,nan,nan,nan,-1990.1070556640625,2120.43603515625,8217.466796875,nan,nan,nan
1753092114.9291577,169.7607879638672,133.92677307128906,632.3465576171875,nan,nan,nan,-1690.51904296875,1732.9608154296875,6817.68212890625,nan,nan,nan
1753092114.9771595,167.94473266601562,127.08564758300781,634.6932373046875,nan,nan,nan,-1775.3446044921875,1806.1195068359375,7159.77490234375,nan,nan,nan
1753092115.0218072,166.30140686035156,117.0057601928711,633.0932006835938,nan,nan,nan,-1672.531494140625,1701.5240478515625,6745.14013671875,nan,nan,nan
1753092115.065804,166.06605529785156,110.74910736083984,632.1972045898438,nan,nan,nan,-1543.43994140625,1558.2003173828125,6224.52783203125,nan,nan,nan
1753092115.1093328,165.7540283203125,112.18695068359375,640.4049682617188,nan,nan,nan,-1674.5582275390625,1690.5726318359375,6753.31396484375,nan,nan,nan
1753092115.156332,164.01072692871094,109.78600311279297,633.669677734375,nan,nan,nan,-1834.9639892578125,1867.021484375,7458.171875,70.2457200821998,-46.703881495372684,nan
1753092115.1993575,170.5719451904297,165.1747589111328,635.3680419921875,5.348229720844547,-96.87009436812892,149.8419548070158,-1540.991455078125,1617.9990234375,6414.0322265625,nan,nan,nan
1753092115.2442076,226.85195922851562,213.90138244628906,645.7123413085938,nan,nan,nan,-1739.4471435546875,1811.840087890625,7182.4521484375,nan,nan,nan
1753092115.289231,233.51712036132812,231.77081298828125,643.5067138671875,-2.163048777115528,-76.06488711317625,50.74227532464337,-2130.367919921875,2219.0302734375,8796.6259765625,70.38591429016786,-47.14448156062332,nan
1753092115.332817,180.9221954345703,160.633544921875,641.6812133789062,1.1734430803977152,-96.87699086498719,173.5826221809237,-1670.6201171875,1754.10546875,6953.58203125,70.34438018457756,-47.67300121139915,nan
1753092115.376816,163.6938018798828,144.6320343017578,642.0045166015625,-5.306725362719653,-98.68662452330226,163.93917201782205,-1854.5958251953125,1963.9031982421875,7845.1845703125,70.61663098867714,-47.735921163781946,nan
1753092115.4221246,159.83065795898438,143.38601684570312,636.4735717773438,-5.704387861277838,-96.56664165498734,159.94151543232104,-1773.0689697265625,1893.0015869140625,7561.95458984375,70.67697482210595,-48.03425071562935,-91.31242424000547
1753092115.4691262,150.845458984375,109.98014068603516,634.7902221679688,nan,nan,nan,-2078.997314453125,2238.015869140625,8940.1796875,70.81122903856483,-48.11470125662099,154.73944657570524
1753092115.5146515,151.58908081054688,94.85126495361328,648.4359130859375,nan,nan,nan,-1690.96533203125,1820.303955078125,7271.55029296875,nan,nan,nan
1753092115.559651,142.52406311035156,95.47493743896484,652.6995239257812,nan,nan,nan,-1885.600341796875,2014.2015380859375,8108.52685546875,70.85259135976587,-47.95159897909749,155.51236621165535
1753092115.6082232,nan,nan,nan,nan,nan,nan,nan,nan,nan,nan,nan,nan
1753092115.654212,212.05203247070312,225.39566040039062,653.7891235351562,nan,nan,nan,nan,nan,nan,nan,nan,nan
1753092115.699221,143.0904541015625,149.96910095214844,638.3926391601562,-9.889835915657091,-108.10956125701242,151.818125687837,-173.8957061767578,204.10987854003906,815.355712890625,18.094919464331795,-86.00391134962173,-151.86555201191896
1753092115.7427347,132.90621948242188,127.4469223022461,642.6824340820312,-16.515692599755685,-109.79018825354052,166.3594077932093,-171.4559326171875,203.08103942871094,811.245849609375,13.610813405876616,-85.92247839124049,-129.96962347594027
1753092115.7898912,140.25921630859375,132.3274688720703,642.3274536132812,-13.798949324832884,-107.88932682555101,164.33464063874038,-168.6855926513672,203.5106964111328,812.962158203125,16.9420711282147,-86.37601758979437,-128.85060421979065
1753092115.834418,115.74642944335938,126.51835632324219,650.6447143554688,-12.60928506956598,-103.99409647095037,152.03070727718978,-164.2273406982422,201.5286865234375,798.8951416015625,8.059228186795718,-88.33202700666814,-126.70079428723919
1753092115.8793974,114.51473999023438,126.54275512695312,650.7702026367188,-14.758231524285646,-107.91209783231085,148.3682107407165,-163.44268798828125,200.56582641601562,795.0781860351562,7.49689698032868,-88.44983081803001,-134.724009829077
1753092115.923917,140.63238525390625,198.2294158935547,655.6073608398438,-8.914851080766168,-131.7759944228117,124.38249722157911,-164.2098846435547,201.50729370117188,798.810302734375,10.183709830142355,-86.7448345208214,-130.27234161374446
1753092115.9679177,144.09786987304688,193.56983947753906,648.4620361328125,-10.749386828431676,-133.83558696986364,nan,-166.31121826171875,204.08590698242188,809.0323486328125,16.804300952073795,-86.44070933164858,-137.2453233210939
1753092116.0124555,143.7069549560547,190.55238342285156,646.7028198242188,-5.255265674666975,-124.92312621624289,nan,nan,nan,nan,nan,nan,nan
1753092116.0564582,133.9853515625,139.6650390625,641.9192504882812,-8.29098986890383,-112.15899024390711,157.00483081507522,nan,nan,nan,nan,nan,nan
1753092116.1014647,130.79818725585938,129.06564331054688,638.4376831054688,-11.113457974442976,-112.17180609566776,162.03351117080192,-2122.219970703125,2425.218017578125,9687.994140625,71.30159063553272,-49.819056658196985,nan
1753092116.149001,161.80474853515625,196.06263732910156,644.3347778320312,3.5825253389808145,-111.18179109368253,166.10575881910333,-1914.066650390625,2114.701904296875,8513.1083984375,71.1351692753712,-49.072692229800474,159.64658181150912
1753092116.1970074,174.9897003173828,188.1049346923828,642.5990600585938,7.846200903983579,-106.83669457723568,176.48587623389062,-1577.0118408203125,1684.5667724609375,6781.5234375,70.79340752716249,-48.518925861652356,nan
1753092116.2415257,195.9366912841797,188.00576782226562,642.26025390625,nan,nan,nan,nan,nan,nan,nan,nan,nan
1753092116.2865264,nan,nan,nan,nan,nan,nan,nan,nan,nan,nan,nan,nan
1753092116.3339798,188.22817993164062,145.98558044433594,637.1136474609375,10.592867503515027,-98.12612398825804,-163.58345640487516,-1602.3277587890625,1697.54296875,6833.76123046875,70.73138832986874,-48.21459534225216,nan
1753092116.3769593,190.0234832763672,133.2458953857422,634.9082641601562,2.8980850403019986,-90.86813951811416,179.8127547167003,-1457.0906982421875,1519.7259521484375,6214.33984375,70.83923265510826,-47.88074079074439,nan
1753092116.4215043,181.39918518066406,116.86717224121094,639.0057983398438,0.901423677931858,-89.06579158126833,168.26058870803817,nan,nan,nan,nan,nan,nan
1753092116.4655027,164.22134399414062,100.897216796875,639.2424926757812,-8.264877037741584,-91.11744504386564,162.6281143132926,-1737.461669921875,1812.7679443359375,7471.49560546875,71.05685759168269,-47.50582778363443,-78.32335445810882
1753092116.51003,156.37936401367188,95.21350860595703,642.4491577148438,nan,nan,nan,-1616.0306396484375,1686.07373046875,6949.3134765625,71.017402937341,-47.57953044575508,-71.92087855197603
1753092116.5540292,150.15260314941406,85.99765014648438,647.6294555664062,nan,nan,nan,-1459.048828125,1522.81640625,6326.6796875,71.12143561993226,-47.718834442791355,nan
1753092116.5980399,138.17283630371094,97.58211517333984,649.9801635742188,nan,nan,nan,-1685.6749267578125,1759.34716796875,7309.36865234375,71.1805015298431,-47.46928243199533,nan
1753092116.6676133,148.430908203125,169.42250061035156,656.5742797851562,9.18708113034111,-104.59088565498708,157.54956567468795,-1615.753662109375,1686.3699951171875,7006.17822265625,71.15255006020121,-47.55566280749115,nan
1753092116.7201316,131.32403564453125,159.76393127441406,653.293701171875,-3.2913487431671586,-107.39929509321692,174.2459110032739,-1887.7486572265625,1970.25244140625,8185.59375,71.20283908077305,-47.395591823343175,nan
1753092116.7721326,136.1726837158203,179.6593017578125,652.3987426757812,-3.1291189109246504,-113.1473262073077,177.30550434829294,-1508.87841796875,1574.82373046875,6542.7490234375,71.08037096145574,-47.653462056734746,nan
1753092116.8207116,132.08621215820312,188.0108184814453,650.8463134765625,1.8582721332910956,-117.59854859390595,138.64884624447467,-1661.5023193359375,1734.1181640625,7204.55224609375,71.12333737058665,-47.477160795362984,nan
1753092116.8637073,134.376953125,206.48873901367188,649.7942504882812,-0.008911912340547888,-119.29114479480023,146.03242814446344,nan,nan,nan,nan,nan,nan
1753092116.9065163,134.15399169921875,211.14627075195312,648.716064453125,0.7729185462347415,-119.9120899546973,132.3540027199295,-1774.4847412109375,1867.6435546875,7759.2958984375,71.2243184618444,-47.622037137799495,nan
1753092116.9495115,143.63670349121094,209.14254760742188,646.3866577148438,3.9657127748368093,-115.12417260234236,164.93863146586696,-1621.9371337890625,1707.08740234375,7092.25048828125,71.17387132589035,-47.7066792331738,-79.20274913332099
1753092116.9955215,146.3842315673828,230.7211456298828,647.5209350585938,2.1869362115875433,-117.2649860362447,144.64300037373818,-1602.198974609375,1686.31298828125,7005.94140625,71.16562313117065,-47.784958702407955,nan
1753092117.041085,145.97488403320312,227.58746337890625,645.7102661132812,2.045793443002884,-117.26316163634274,149.6506638842418,-1524.330810546875,1591.512939453125,6665.447265625,71.22198964274159,-47.610432175251745,nan
1753092117.0850835,145.5983428955078,215.83099365234375,644.0445556640625,3.6038422180290945,-114.47542896753977,165.9475872416551,-1446.69189453125,1510.4520263671875,6325.95458984375,71.19056987195337,-47.696593708592175,nan
1753092117.1296034,nan,nan,nan,nan,nan,nan,-1486.938720703125,1539.5009765625,6447.615234375,71.13622381693528,-47.42373031689493,nan
1753092117.1736069,nan,nan,nan,nan,nan,nan,-1470.46337890625,1522.443115234375,6376.1748046875,71.13664203366774,-47.48345732714159,146.32872376778454
1753092117.2182026,nan,nan,nan,nan,nan,nan,-1686.9979248046875,1746.632080078125,7315.10498046875,71.20923664660273,-47.27390981615492,nan
1753092117.2631986,nan,nan,nan,nan,nan,nan,-2057.53466796875,2130.26708984375,8921.814453125,71.2973624204747,-47.060206007393475,148.67960828306255
1753092117.3087795,nan,nan,nan,nan,nan,nan,-1636.4830322265625,1694.33154296875,7096.06396484375,71.20386164714604,-47.34464293801307,nan
1753092117.3517792,1211.1787109375,1425.7554931640625,3524.837158203125,61.676354386114305,-129.60769995832948,nan,-1502.3690185546875,1555.476806640625,6514.5234375,71.1710150993421,-47.44361545609392,nan
1753092117.395789,213.097412109375,208.93092346191406,634.3980712890625,-71.82786648648555,4.502412989893349,160.3493151813419,-1794.58447265625,1858.0218505859375,7781.61865234375,nan,nan,nan
1753092117.4396486,211.14004516601562,192.3694610595703,632.1976318359375,-71.53157319172148,0.3065855604953156,nan,-1824.198974609375,1904.5970458984375,7976.681640625,71.35548941287553,-47.42747288647225,nan
1753092117.4846566,271.2449645996094,188.8903350830078,831.3509521484375,-21.93083624710276,-85.36837768385702,-106.13811715209884,-1655.3294677734375,1728.2850341796875,7238.26513671875,71.33225102709784,-47.56453141748874,nan
1753092117.5322096,202.07125854492188,195.5004119873047,630.5086669921875,-72.85354773922977,16.523238544253484,135.08909263081821,-1668.3319091796875,1756.6622314453125,7357.1123046875,71.40654062114206,-47.780674517229635,nan
1753092117.5752056,200.54701232910156,222.1486358642578,637.2470703125,10.739467976792833,-109.84778441477992,-172.61420175448717,-1551.6124267578125,1633.7628173828125,6842.39501953125,71.35674075782651,-47.88478505087096,nan
1753092117.6185648,158.4420928955078,209.40020751953125,635.822998046875,4.100157250038508,-118.2487272203057,nan,nan,nan,nan,nan,nan,nan
1753092117.6635652,138.60516357421875,192.3984832763672,640.4039306640625,1.325882483470461,-119.34675025824687,126.22209098562378,-1914.3583984375,1998.7301025390625,8370.921875,71.36010257473067,-47.360983429495434,nan
1753092117.7084093,130.50559997558594,188.23927307128906,643.0579223632812,0.7817024971522923,-122.74493600959843,138.3262961853966,-1633.1446533203125,1705.122314453125,7141.25732421875,71.30182965855762,-47.601994830565246,nan
1753092117.7554076,117.20049285888672,168.8819580078125,644.8485107421875,-2.595944709512021,-115.95031511884393,164.52753463361222,-1618.1165771484375,1689.4320068359375,7075.54443359375,71.29589132378975,-47.62146825925962,nan
1753092117.799416,105.33894348144531,177.28733825683594,648.3219604492188,-0.778157946103855,-112.85684307645803,160.39305409796717,nan,nan,nan,nan,nan,nan
1753092117.842945,105.30564880371094,179.7290802001953,648.1170043945312,3.099495602907817,-113.02029682836438,151.30059494887507,-1568.2669677734375,1650.5997314453125,6857.56689453125,71.20048451391871,-47.90938446652994,-79.79402008930184
1753092117.8869421,105.1596908569336,179.47994995117188,647.2186889648438,2.176772748086594,-111.48007747817759,156.59219430971086,nan,nan,nan,nan,nan,nan
1753092117.9299967,103.5306167602539,172.60743713378906,644.8399658203125,-0.8657782938490269,-110.507260078192,163.414004190413,-1681.7022705078125,1799.3212890625,7416.07373046875,71.2286442615653,-48.25332108687478,nan
1753092117.974004,105.77647399902344,172.21783447265625,643.3844604492188,-4.5668501765852,-114.92148114043401,165.62414005144163,-1551.8988037109375,1687.97021484375,6902.31103515625,71.19623697584274,-48.84505834557644,nan
1753092118.0185454,108.24989318847656,174.68751525878906,643.3480834960938,-1.2447523330622863,-116.52886130402699,163.51370149131094,-1654.0584716796875,1828.93798828125,7420.27685546875,71.22808278425217,-49.22272356386326,nan
1753092118.0635436,106.66796875,166.71444702148438,641.2906494140625,-5.49451619617084,-116.88574225814568,159.90367383755094,-1747.6678466796875,1932.444580078125,7840.21826171875,71.26117016521286,-49.11582786546778,-77.23909174154515
1753092118.107082,107.88390350341797,165.44834899902344,641.1729736328125,-3.9522308051700428,-115.39979170502089,162.96919129541917,nan,nan,nan,nan,nan,nan
1753092118.151082,109.16123962402344,167.9837188720703,641.418701171875,-3.105666439105309,-114.39455545514855,163.92058117431327,nan,nan,nan,nan,nan,nan
1753092118.1961088,106.38986206054688,161.34971618652344,639.61865234375,-9.050786309976765,-116.23685733021291,167.67508651988206,nan,nan,nan,nan,nan,nan
1753092118.239167,106.67321014404297,167.9584197998047,641.3221435546875,-3.3476433435253505,-116.99905761644219,152.93567001923128,nan,nan,nan,nan,nan,nan
1753092118.2851667,107.86895751953125,174.07276916503906,641.0841064453125,0.6190974256782583,-117.6602537791875,136.25946065905882,nan,nan,nan,nan,nan,nan
1753092118.3307538,139.17405700683594,226.6436004638672,643.0323486328125,-0.17381633739213087,-126.87657557560983,146.69712396084057,nan,nan,nan,nan,nan,nan
1753092118.3777533,139.21957397460938,231.67575073242188,643.2427368164062,-11.362915945878,-127.36446576526772,150.7567817115203,-1418.91552734375,1648.4822998046875,6534.87353515625,71.13032230512154,-50.84765739097932,nan
1753092118.427275,138.54989624023438,227.20584106445312,651.7539672851562,nan,nan,nan,-1542.1837158203125,1791.694091796875,7102.58984375,71.17612322172155,-50.75499433839313,nan
1753092118.478275,138.8321990966797,220.6349639892578,647.2151489257812,nan,nan,nan,-1545.8690185546875,1780.1771240234375,7056.93505859375,nan,nan,nan
1753092118.5285048,141.29086303710938,211.2342529296875,641.3919067382812,8.510268240336089,-118.62498264493986,nan,-1600.943115234375,1813.5628662109375,7244.6220703125,71.1269064301322,-49.937950825150516,154.7349793063807
1753092118.5725067,138.49468994140625,185.66000366210938,634.2467041015625,6.493440952467421,-115.97676478266197,135.58944344611305,-1545.1529541015625,1735.232421875,6931.7158203125,71.0366939372565,-49.71904858619121,nan
1753092118.6162207,136.8685302734375,175.36508178710938,632.3800659179688,3.20733457197615,-115.27008176576298,173.35308444421597,-1753.7864990234375,1952.651611328125,7800.23828125,71.01427056906303,-49.29161225161727,154.1250903482513
1753092118.6612172,134.64219665527344,168.0146942138672,627.6820068359375,-0.5177993901179564,-114.49424676031322,171.93636577629226,-1776.330322265625,1977.7515869140625,7900.5048828125,nan,nan,nan
1753092118.7067876,138.03004455566406,167.72222900390625,626.5894165039062,-0.7682542543446599,-115.44970512281282,172.27211012366448,-1727.146240234375,1922.990478515625,7681.7509765625,71.0082430409835,-49.30996305434976,153.9770869863605
1753092118.7498002,138.96180725097656,160.1600799560547,625.3489379882812,-1.9092147356198967,-115.38814953357108,166.87454682473813,-1792.0389404296875,1995.241455078125,7970.37109375,71.02962400359777,-49.24477474206978,nan
1753092118.794801,136.64625549316406,138.548828125,620.3076782226562,-5.110817880606795,-111.77209591841567,165.35477788942512,nan,nan,nan,nan,nan,nan
1753092118.8403115,134.25131225585938,143.3253936767578,620.28759765625,-6.132347409458405,-112.9788568146055,158.01935390044525,-1742.9456787109375,1940.58154296875,7752.02197265625,71.01337614888467,-49.29433654747358,154.1674090978123
1753092118.886312,134.3802032470703,145.85581970214844,620.8831176757812,-4.676612864505803,-111.68035571908673,155.90992138129624,-1821.543212890625,2028.0914306640625,8101.5966796875,71.03659670285985,-49.22347586541342,nan
1753092118.9314961,133.6534423828125,149.9720458984375,623.0725708007812,-4.215787901631795,-113.20684264808706,156.39063622355124,-2412.239990234375,2665.0947265625,10728.8125,71.20916925184501,-48.708000103966896,nan
1753092118.9755015,137.10646057128906,181.37918090820312,627.8892211914062,2.126029025451773,-117.25457449010943,nan,-1993.4300537109375,2202.38427734375,8866.08984375,71.14757119260214,-48.90030728227728,nan
1753092119.0206642,143.3838348388672,196.2098388671875,628.8883666992188,6.2857786180997035,-116.40560024965664,nan,-1867.1900634765625,2029.5152587890625,8234.048828125,71.12809728681174,-48.48753388786598,nan
1753092119.0676658,136.90782165527344,190.78164672851562,626.9794921875,0.830611619915952,-116.05555359111068,nan,-1878.755126953125,2042.085693359375,8285.048828125,71.12228605321263,-48.504063352800536,nan
1753092119.113191,130.2794647216797,176.6950225830078,624.1644897460938,-4.829030303334362,-112.49277589867717,nan,-1663.8760986328125,1808.526123046875,7337.46240234375,71.07006870435366,-48.660921985578526,nan
1753092119.1601999,nan,nan,nan,nan,nan,nan,-1855.20751953125,2016.490966796875,8181.20751953125,71.1183387762035,-48.515966704275044,nan
1753092119.2041945,126.22240447998047,166.48110961914062,621.9527587890625,-10.052925341841423,-114.87337909558622,159.42122823285817,-1813.014404296875,1970.6297607421875,7995.1416015625,71.10747715731736,-48.548674529571,nan
1753092119.248739,135.6480712890625,185.87832641601562,626.7411499023438,-2.351093596297115,-119.32678192492973,nan,nan,nan,nan,nan,nan,nan
1753092119.293744,nan,nan,nan,nan,nan,nan,-1790.043701171875,1945.662109375,7893.84375,71.10898215819122,-48.59346276754351,nan
1753092119.3379178,nan,nan,nan,nan,nan,nan,-1666.740966796875,1827.1666259765625,7413.08984375,71.1631607921125,-48.92694775426118,155.15757191433886
1753092119.3809183,146.81361389160156,215.86671447753906,633.2278442382812,5.111887955854465,-124.05236941717796,nan,-1646.2701416015625,1818.8345947265625,7322.04248046875,71.06525373591356,-49.15447924947992,154.97055643107726
1753092119.425605,147.1859130859375,210.2976837158203,634.8336791992188,3.383235519106349,-122.7165090962396,131.8410547969868,nan,nan,nan,nan,nan,nan
1753092119.471604,121.79177856445312,176.47293090820312,636.3751220703125,-3.1686531263567725,-119.25990206532764,166.73281498355388,nan,nan,nan,nan,nan,nan
1753092119.5184503,120.28517150878906,174.8391876220703,634.8953857421875,-6.184372416876265,-120.83477233332854,147.32815990625764,nan,nan,nan,nan,nan,nan
1753092119.5634408,125.3287582397461,184.84762573242188,635.6558837890625,1.404636822806814,-121.18495177775196,131.80804319053865,nan,nan,nan,nan,nan,nan
1753092119.60745,122.64068603515625,183.2666015625,634.4230346679688,0.24692302933059174,-118.61821256284097,130.33733668768468,nan,nan,nan,nan,nan,nan
1753092119.6508596,121.68292999267578,166.06700134277344,629.4685668945312,-5.7758891942660275,-109.77719233568067,162.1216789848509,nan,nan,nan,nan,nan,nan
1753092119.6948652,138.9052276611328,191.87184143066406,630.562255859375,3.2758104465006364,-121.26118110693238,nan,-1513.46923828125,1712.734130859375,6789.5791015625,70.92724213656037,-49.96563132145381,nan
1753092119.7404294,159.18675231933594,207.54847717285156,633.909423828125,7.883338064675606,-123.54907457511406,nan,nan,nan,nan,nan,nan,nan
1753092119.7844322,nan,nan,nan,nan,nan,nan,-1596.116455078125,1790.7823486328125,7098.97607421875,70.88635306437153,-49.65451713678745,nan
1753092119.839971,nan,nan,nan,nan,nan,nan,-1998.6002197265625,2259.482666015625,8889.0849609375,70.90981317979626,-49.5667442208483,nan
1753092119.8839717,nan,nan,nan,nan,nan,nan,-1579.52880859375,1799.24609375,7025.19970703125,70.73207690277435,-50.07437071115714,nan
1753092119.9288244,nan,nan,nan,nan,nan,nan,-1694.8665771484375,1930.627685546875,7538.18212890625,70.76664889233945,-49.973256114798254,nan
1753092119.976817,inf,inf,inf,nan,nan,nan,-1547.940185546875,1763.2635498046875,6884.70458984375,70.71572221995541,-50.12202677040513,152.59235379262162
1753092120.0243654,nan,nan,nan,nan,nan,nan,-1586.63427734375,1793.741943359375,7056.802734375,70.8081363228518,-49.868781732229564,nan
1753092120.0733669,147.1561737060547,207.80908203125,634.7053833007812,4.54865948522882,-119.61467887877956,160.5634790517685,nan,nan,nan,nan,nan,nan
1753092120.117884,148.0595245361328,223.8513946533203,638.6016235351562,2.2947278854454916,-121.73141529635897,156.42512002138378,nan,nan,nan,nan,nan,nan
1753092120.1618843,nan,nan,nan,nan,nan,nan,-1554.009765625,1743.5401611328125,6911.69970703125,70.88143578524888,-49.725124190865664,nan
1753092120.206894,136.2534637451172,195.72903442382812,635.1934814453125,5.041787708206625,-119.0102362123427,160.99226427354884,nan,nan,nan,nan,nan,nan
1753092120.252409,129.8982391357422,192.9315948486328,634.0449829101562,2.5674355843726513,-121.01287996595103,131.2233126420322,nan,nan,nan,nan,nan,nan
1753092120.2964137,128.37393188476562,185.16458129882812,632.5542602539062,2.59732056256178,-119.2573973294702,140.55979631762213,nan,nan,nan,nan,nan,nan
1753092120.3396044,126.53976440429688,178.20361328125,629.4935302734375,-2.1429425879767208,-118.52273686866513,140.00985450428232,nan,nan,nan,nan,nan,nan
1753092120.3826046,130.14059448242188,184.214599609375,629.3089599609375,-0.5735021067971103,-119.72518621947395,nan,-1701.4329833984375,1921.6383056640625,7503.0830078125,nan,nan,nan
1753092120.4271762,120.79489135742188,125.07698059082031,618.7073364257812,nan,nan,nan,-1737.3192138671875,1976.9320068359375,7661.3359375,70.6446414327917,-50.12520865769296,nan
1753092120.472173,116.37428283691406,106.31967163085938,620.564453125,nan,nan,nan,-1908.6370849609375,2171.878173828125,8416.82421875,70.69273949311926,-49.96290603307997,nan
1753092120.515717,118.51643371582031,115.64264678955078,619.2611083984375,nan,nan,nan,-1744.6422119140625,1985.2650146484375,7693.62939453125,70.66654395205981,-50.01697756735499,159.03045212853948
1753092120.5627174,126.35867309570312,98.5383529663086,616.76806640625,nan,nan,nan,-1839.9454345703125,2060.56787109375,8045.5361328125,70.68611028511103,-49.49490728292151,157.15474938678923
1753092120.6057267,133.22445678710938,95.97042846679688,615.543212890625,nan,nan,nan,-1720.14306640625,1911.90625,7521.67578125,70.73205111946791,-49.434980966162726,nan
1753092120.6498559,141.33865356445312,86.36617279052734,614.72265625,nan,nan,nan,-1511.096435546875,1603.16015625,6607.5771484375,71.11726935006966,-48.33587035790989,nan
1753092120.692853,152.32940673828125,78.81674194335938,611.2930297851562,nan,nan,nan,-1650.2423095703125,1695.163818359375,7216.0205078125,71.44730146743775,-47.15984155490813,159.0339847917513
1753092120.735157,164.23953247070312,71.80634307861328,611.7802734375,nan,nan,nan,-1848.1337890625,1726.118408203125,8150.013671875,nan,nan,nan
1753092120.7781608,171.50814819335938,74.76315307617188,616.7219848632812,-12.466141308064154,-99.53041190046162,-17.527193386232796,-1511.730712890625,1344.858642578125,6781.7802734375,72.90423058409188,-43.19041620954367,153.260491185364
1753092120.8213916,nan,nan,nan,nan,nan,nan,-1665.75927734375,1407.6552734375,7537.92919921875,-53.22965281048578,-99.61220705099481,-168.27735274945775
1753092120.8683953,186.29727172851562,53.01036071777344,626.4917602539062,nan,nan,nan,-191.62847900390625,141.88455200195312,867.1612548828125,20.002405506985646,-80.76998353091284,-175.31641952710717
1753092120.917703,193.63710021972656,43.646480560302734,630.7384643554688,-14.79344995820176,-104.67536048994049,-20.238971068145545,-192.3874053955078,119.59490203857422,863.0697631835938,6.856861851676998,-84.58817608815404,174.86819691087706
1753092120.960705,201.26637268066406,31.73723793029785,635.6408081054688,nan,nan,nan,-192.4175262451172,96.3266830444336,863.2048950195312,-4.681446220654997,-87.19471253208337,-172.51002979397873
1753092121.0067146,210.9733428955078,27.14118194580078,642.8251953125,-11.747631134494608,-106.13815332982898,-22.78510032169003,-191.90489196777344,90.21421813964844,868.412109375,-9.96134162431696,-89.35467243992801,-161.0509602954781
1753092121.052895,224.291259765625,26.155506134033203,649.1043090820312,-7.022966843856368,-107.7067876543184,-13.280022104047752,-194.33729553222656,89.66309356689453,879.4193115234375,-3.2689283635706934,-87.8903674369612,-169.2663626991661
1753092121.0969052,233.25047302246094,17.509145736694336,653.1773071289062,-6.271946689525299,-106.95431034506765,-9.309404335398636,-196.11911010742188,82.92158508300781,879.810546875,-8.422611965967677,-89.03433876326405,-170.1716230909392
1753092121.1434417,238.2935791015625,18.868122100830078,656.6693115234375,-6.735729138847883,-105.86443012811246,-17.51267700418912,-198.82420349121094,79.93684387207031,884.301513671875,-10.272454982211395,-88.45360549467725,-162.49818802155494
1753092121.1894422,241.97039794921875,21.500696182250977,659.7943725585938,-6.577533946755344,-105.60950529095217,-11.276038376689412,-199.28932189941406,90.37179565429688,886.3702392578125,-4.738604525631573,-89.10941414915479,-165.84360211957338
1753092121.2349534,243.84860229492188,25.378021240234375,661.4403686523438,-6.330065181792965,-106.00159861976941,-14.013226575908588,nan,nan,nan,nan,nan,nan
1753092121.278959,242.40174865722656,27.907312393188477,660.9705810546875,-7.20273885690013,-105.44455244322567,-12.002177259952996,-1832.925048828125,1050.8916015625,7690.82421875,nan,nan,nan
1753092121.3235111,240.26605224609375,27.807540893554688,658.6076049804688,-6.57225003003099,-106.23793594330076,-12.536399149707748,-1864.6885986328125,1235.3245849609375,7462.10009765625,64.21800555515586,-59.48755635552503,nan
1753092121.3675108,238.59230041503906,38.95619583129883,654.0195922851562,-6.287920510349364,-103.13157288886296,-24.573201065565176,inf,inf,inf,nan,nan,nan
1753092121.412027,231.20155334472656,46.543888092041016,637.1256713867188,-10.872286407298821,-101.54001469085378,-14.034750890224947,inf,inf,inf,nan,nan,nan
1753092121.458028,223.59963989257812,55.4053955078125,612.9223022460938,nan,nan,nan,-3469.443115234375,2942.241455078125,13172.9375,nan,nan,nan
1753092121.5020304,nan,nan,nan,nan,nan,nan,nan,nan,nan,nan,nan,nan
1753092121.5492735,nan,nan,nan,nan,nan,nan,nan,nan,nan,nan,nan,nan
1753092121.5948722,nan,nan,nan,nan,nan,nan,nan,nan,nan,nan,nan,nan
1753092121.6404004,146.4282684326172,111.43795776367188,346.47930908203125,-4.312371548459621,-83.55603637993772,-26.845484971751024,nan,nan,nan,nan,nan,nan
1753092121.6854057,139.24862670898438,97.5899429321289,320.71685791015625,nan,nan,nan,nan,nan,nan,nan,nan,nan
1753092121.7310934,167.0074920654297,98.25147247314453,351.85748291015625,nan,nan,nan,-1893.4822998046875,1896.8238525390625,7519.3427734375,-72.61738752746815,-143.5521215942246,179.47311823082623
1753092121.7780929,nan,nan,nan,nan,nan,nan,nan,nan,nan,nan,nan,nan
1753092121.8215487,nan,nan,nan,nan,nan,nan,-2077.276123046875,2033.2545166015625,8249.2197265625,-15.892502528381442,-95.50387947367244,-75.20417531065573
1753092121.8755507,759.7025756835938,669.6128540039062,1186.362548828125,72.5837339032492,-133.88339147606047,-102.55871362403924,-1764.7318115234375,1714.5968017578125,6902.41455078125,-69.99485625066504,-134.60763229573394,151.49153124949268
1753092121.9377782,inf,inf,inf,nan,nan,nan,-1956.139404296875,1886.349365234375,7593.8349609375,-54.1374745915426,-114.49744253534043,163.4146370828807
1753092121.9957786,1497.9171142578125,1444.6478271484375,3731.534912109375,nan,nan,nan,-62.37389373779297,51.579322814941406,209.26507568359375,-69.30374359375563,154.67341999273924,nan
1753092122.0429015,79.55989837646484,162.06727600097656,358.031494140625,58.53384682376201,-130.63554991636167,nan,-57.168724060058594,79.90913391113281,272.9834289550781,nan,nan,nan
1753092122.0879004,71.53094482421875,164.50498962402344,355.8428039550781,nan,nan,nan,-49.7721061706543,74.35375213623047,259.1225280761719,4.831127757968041,-107.11297730361098,-171.21689428289943
1753092122.13327,nan,nan,nan,nan,nan,nan,-221.9778289794922,264.7078552246094,954.55712890625,-72.54196305850799,144.0589042962323,-4.720698843751967
1753092122.175274,nan,nan,nan,nan,nan,nan,-200.0229949951172,222.3165283203125,812.9891967773438,nan,nan,nan
1753092122.2278407,nan,nan,nan,nan,nan,nan,-207.8639678955078,219.27786254882812,819.19482421875,44.34333439244525,-79.88015787439086,-138.32646239643142
1753092122.2728417,nan,nan,nan,nan,nan,nan,-208.8643341064453,217.09832763671875,816.933349609375,44.64870132259102,-78.74999777926485,-141.9827691434879
1753092122.3183851,24.104833602905273,163.0521697998047,354.17645263671875,nan,nan,nan,-209.2640380859375,217.5137939453125,818.4967041015625,43.41830012524763,-80.13212281287672,-134.80155178154249
1753092122.3673837,40.26444625854492,157.9904022216797,364.54339599609375,nan,nan,nan,-211.2532196044922,211.61495971679688,814.0068359375,-72.8181066692656,151.0427669583995,-113.60595977990835
1753092122.4118981,47.22032165527344,148.0354766845703,369.5026550292969,37.99203757416865,-151.82570414274593,-141.7394586690629,-210.16622924804688,207.4051513671875,809.8184204101562,-72.91913839268,151.81847060563638,-111.6823436293874
1753092122.4559085,51.37986373901367,143.14512634277344,379.1813659667969,38.321278968271756,-155.59635826629827,-138.98750578366597,-213.24435424804688,208.8917999267578,815.6231079101562,-72.75840785371992,150.3989376844438,-109.79185784713657
1753092122.5029233,84.18324279785156,134.54196166992188,392.4498291015625,nan,nan,nan,-211.52284240722656,205.689453125,803.1194458007812,nan,nan,nan
1753092122.54648,138.0537567138672,145.73988342285156,464.25555419921875,41.45264621212445,-152.40286998331206,-106.31299768414071,-203.38436889648438,200.75148010253906,772.2189331054688,29.384401692085653,-82.44880867261323,-157.36152697699563
1753092122.5914779,nan,nan,nan,nan,nan,nan,-208.71987915039062,204.4908447265625,792.4769897460938,39.19835473837058,-76.70015280139366,-140.45505407290818
1753092122.634748,nan,nan,nan,nan,nan,nan,-206.92440795898438,196.67605590820312,785.659912109375,35.923433332005935,-78.06759870632482,-144.92571494422197
1753092122.6817575,182.67832946777344,89.28861999511719,473.2530822753906,-2.778662985284897,-126.15581247108462,161.5284047171793,-202.1886749267578,187.52243041992188,779.0790405273438,33.08826891830338,-79.26270850253434,-146.69441458050287
1753092122.7316594,nan,nan,nan,nan,nan,nan,-195.52874755859375,183.53688049316406,800.995849609375,38.370566687763656,-77.84361964190295,-155.55878131828416
1753092122.7776577,252.98446655273438,82.25594329833984,577.5463256835938,7.334909647060448,-110.9661427205462,-62.95894172608658,nan,nan,nan,nan,nan,nan
1753092122.8227556,261.3756408691406,78.65494537353516,583.8604736328125,1.3354693207148636,-105.78466758323805,-49.52705338712976,-163.74896240234375,159.61439514160156,774.7802734375,18.946015030792665,-82.30485208495168,-153.51594587867018
1753092122.8677564,275.9593200683594,75.16314697265625,600.9178466796875,-10.25781309792588,-96.41983224177834,-9.995830125563986,-148.46578979492188,147.31985473632812,772.9395751953125,6.7388851894359565,-87.55695226680021,-150.72533434299257
1753092122.9133248,284.88446044921875,74.00791931152344,620.3529052734375,-10.696187770024448,-94.08785518926454,-22.679939210113883,-138.64479064941406,140.4857177734375,776.3267211914062,-4.671933644221136,-89.67337020844711,-128.60576516821916
1753092122.9593234,288.2000732421875,74.8692626953125,627.5728759765625,-15.11327627728184,-92.60703194303862,-15.177917771797093,-131.7175750732422,138.14633178710938,788.5908203125,-3.5323720368808775,-89.43251002851,-115.52096565917196
1753092123.0034773,290.94842529296875,83.60990142822266,638.91943359375,-15.556835423379063,-94.25631891698536,-49.69746990135885,-133.81590270996094,135.71571350097656,801.1534423828125,-6.821154724854051,-90.06222116691185,-104.96044327598538
1753092123.0532997,295.1941223144531,87.69935607910156,650.9976806640625,-14.10580639303482,-96.7462942519841,-37.68323876791667,-138.06802368164062,133.75634765625,807.9683837890625,-10.135268624942052,-88.59077822523439,-105.65128654853254
1753092123.098308,299.06756591796875,93.53622436523438,656.7489624023438,-11.327607776054826,-96.66674456097822,-46.898677439322284,-136.36123657226562,136.72402954101562,816.3922119140625,-10.455130391861836,-88.54499099524466,-111.76505925241312
1753092123.146942,302.61541748046875,96.79731750488281,661.7398071289062,-11.097671161346687,-95.22691677564733,-66.73532481774458,-136.93946838378906,135.72398376464844,819.8540649414062,-14.736109829037657,-89.25604002121145,-124.64181508729507
1753092123.195942,302.7513427734375,98.11652374267578,662.037109375,-11.450498191954049,-93.23429472708689,-69.82128634469137,-139.15020751953125,129.99412536621094,823.5883178710938,-20.861779281180066,-89.19017268903164,-139.68839648582903
1753092123.2451158,302.2740478515625,97.96183013916016,660.9933471679688,-12.418391555797939,-90.23265983343215,-66.19551706381017,-139.1527557373047,128.2855224609375,833.10498046875,-20.559161890061347,-90.28367835392605,-135.9162053762937
1753092123.2891147,302.6488952636719,99.35859680175781,661.8130493164062,-11.20896764905164,-89.9381507001981,-57.955905160177885,-141.99700927734375,126.17567443847656,840.4376831054688,-19.71490554526053,-87.98282592707473,-131.63420346802963
1753092123.335677,300.5014953613281,99.4920654296875,662.7020874023438,-11.3715123398551,-91.71625628218827,-55.80340167789778,-140.81448364257812,126.56842803955078,843.0537719726562,-19.792759803678155,-87.85549055351139,-133.16654790982858
1753092123.3826792,298.5678405761719,101.85193634033203,669.8235473632812,-7.41103632714028,-90.85113216730575,-58.025710143535534,-139.42755126953125,126.78446960449219,844.4927978515625,-20.457966086025372,-89.12901898151162,-130.5294494174979
1753092123.4282424,277.11480712890625,95.96451568603516,664.8041381835938,-16.802128929805267,-87.90973125815275,0.40760307831652576,-139.93844604492188,127.2490463256836,847.5872802734375,-19.405407556431804,-89.24271035098117,-132.9460785609618
1753092123.4742413,265.302490234375,94.58261108398438,664.095947265625,-18.174758948557972,-86.70061096579437,3.5323229105123555,-136.07179260253906,126.69029235839844,843.865478515625,-21.712470703605742,-89.5623440166054,-130.69948423306153
1753092123.518674,251.73117065429688,93.49053955078125,665.4312744140625,-19.47317601178363,-89.30845150618455,-0.9645863658545779,-133.0594482421875,126.91903686523438,845.38916015625,-19.544298788034006,-89.03978638195738,-134.9642475445726
1753092123.563673,237.41168212890625,95.20087432861328,668.4369506835938,-18.111435996778223,-90.39862358410443,3.9845944028141855,-126.29800415039062,126.67296600341797,843.7500610351562,-17.0224209239798,-86.43532860748765,-124.95926349087932
1753092123.6116793,232.1505889892578,97.73111724853516,668.12353515625,-19.067774343464404,-93.61100569375617,-6.129452124103003,-122.7724380493164,132.8800506591797,841.872314453125,-15.81505358700867,-86.28920128489194,-120.07704663425439
1753092123.6568825,229.8757781982422,105.59359741210938,668.996826171875,-19.12216664506066,-97.69283992354922,-67.03559555108673,-125.89479064941406,141.04971313476562,852.024658203125,-7.653204221789957,-83.36458429950335,-114.98295914684432
1753092123.701896,229.04808044433594,113.55709838867188,670.3472290039062,-17.043388446726638,-105.52090766582414,-31.819848921616984,-127.57793426513672,147.664794921875,852.3008422851562,-2.8531950502311862,-82.5025261502911,-133.54056649243708
1753092123.7473927,228.54055786132812,115.8832015991211,668.8618774414062,-18.12891293827957,-104.30755779326329,-40.52280957036568,-128.56173706054688,145.27825927734375,847.9572143554688,-4.293963023826221,-81.39685412490002,-138.8818174679961
1753092123.7913966,229.10064697265625,115.5157470703125,666.740966796875,-16.360319781879237,-104.18296503464862,-35.46533737570403,-132.0893096923828,145.56439208984375,849.627197265625,-3.9265161605631307,-82.37987302469416,-147.06534853578145
1753092123.8370874,231.15902709960938,115.2608642578125,665.2698364257812,-13.999618124072207,-103.29425907036746,-29.60283122107363,-136.61949157714844,145.15916442871094,847.2620239257812,-5.8122670771196665,-86.7058800472549,-152.6606928038558
1753092123.8830888,233.61004638671875,115.2052001953125,664.9485473632812,-12.360168754971102,-100.04834661539812,-24.893338171332175,-137.12417602539062,147.3340606689453,850.3919067382812,-4.889448944398612,-89.75204024231411,-155.82369693393588
1753092123.9286313,243.28221130371094,114.93196105957031,663.3713989257812,-6.843874635305297,-98.703922301976,-26.579126009688036,nan,nan,nan,nan,nan,nan
1753092123.9766462,252.76010131835938,113.31816101074219,661.4130859375,-5.261156896659254,-96.3936367001736,-18.71788753975821,nan,nan,nan,nan,nan,nan
1753092124.025145,260.6020202636719,113.4029541015625,661.9080200195312,-0.42128166963680663,-95.1974099988683,-16.034714621806533,nan,nan,nan,nan,nan,nan
1753092124.0681465,262.1402282714844,111.15719604492188,656.1802368164062,-5.957910030161937,-92.82782163453402,-30.69864972062704,nan,nan,nan,nan,nan,nan
1753092124.1186893,263.60345458984375,108.71033477783203,656.6754760742188,-5.548739479920117,-92.97355629914946,-30.63233117321433,-150.76394653320312,166.11062622070312,862.8056030273438,12.262004355486432,-91.18451511976146,nan
1753092124.1646812,261.46697998046875,104.56582641601562,654.4949951171875,-9.029052870153004,-92.406132814784,-27.99108900803003,-151.95420837402344,157.3677978515625,869.6173706054688,9.925746201569027,-91.38768360887475,nan
1753092124.2096968,259.646484375,99.79085540771484,656.2689819335938,-9.5073399961164,-91.31154487038526,-28.746752082638935,-146.7699432373047,147.15162658691406,858.8915405273438,-5.854429168508325,-95.15875265979176,-166.07879634936117
1753092124.25721,252.54196166992188,99.21285247802734,660.8422241210938,-9.217261787605512,-91.62376134868748,-16.02523353472242,-140.32220458984375,145.6756134033203,859.9483642578125,-2.019684088813645,-92.38712112511618,-158.25303656245714
1753092124.304238,239.01181030273438,100.6873550415039,662.1647338867188,-14.140055553989251,-94.8288104323188,1.0660870324189595,-137.560302734375,141.2271728515625,853.0966186523438,-9.492317314203115,-92.54265374275771,-145.63807496198126
1753092124.3517816,232.9735870361328,106.53082275390625,666.7942504882812,-16.070146300034597,-96.16533507493037,-45.301251743640876,-133.01658630371094,139.90614318847656,845.1168212890625,-11.140208700230353,-89.73573857184712,-149.65700032750104
1753092124.396782,221.1404571533203,115.4410400390625,673.8038940429688,-14.174464289609515,-102.05693938214846,-109.66914331773027,-128.71092224121094,138.65072631835938,827.896728515625,-12.422114452309328,-87.86711903957607,171.56515461050427
1753092124.4403899,217.0296630859375,124.40613555908203,673.1350708007812,-13.347231565014093,-106.97897325342683,169.81721266245663,-125.19229888916016,146.51515197753906,836.3632202148438,-3.406664223484071,-85.53022067550606,-164.84577953249448
1753092124.4843972,208.8643035888672,124.17855834960938,671.9036865234375,-17.677241203963327,-103.79027219377542,-138.92602390219662,nan,nan,nan,nan,nan,nan
1753092124.529974,205.61309814453125,128.94247436523438,669.7481689453125,-11.060970949448231,-105.8538850668663,155.93442170138516,-119.61058044433594,167.0626220703125,842.4542846679688,5.675520275358593,-84.36439348676689,-136.80072813778992
1753092124.5759766,207.47999572753906,129.7862548828125,667.4505004882812,-10.965972794330275,-108.5230153645678,155.3514388638548,-120.5743637084961,164.53915405273438,837.870849609375,2.4507603161263405,-84.67742072402429,-136.52592439988464
1753092124.6245239,210.2056121826172,131.16807556152344,667.9376831054688,-8.434085282631248,-106.13150792150742,-165.75108854235847,-118.76657104492188,162.07220458984375,825.3085327148438,-5.269943250284331,-86.7421463894426,-165.93004160608155
1753092124.6715224,225.3170166015625,131.50924682617188,663.1676635742188,nan,nan,nan,-121.52867889404297,164.21412658691406,844.5023803710938,3.775112107825203,-87.47250461557265,-152.55805797975694
1753092124.7200618,235.89967346191406,129.03005981445312,657.0504150390625,0.7616558945013783,-104.69771091201343,-34.74885268104325,nan,nan,nan,nan,nan,nan
1753092124.7660494,249.00881958007812,126.06782531738281,648.3277587890625,0.6366458291644205,-99.38403045190725,-36.62927472533963,-681.717529296875,852.6580810546875,4384.9560546875,74.90861308110732,-54.792994802752865,nan
1753092124.8120756,254.5303955078125,122.57246398925781,649.6661987304688,2.040212704511263,-97.09246532576464,-33.29846549421802,nan,nan,nan,nan,nan,nan
1753092124.8593392,257.2267150878906,114.45204162597656,653.3349609375,2.372365532310091,-97.12577025206431,-24.387807106168626,nan,nan,nan,nan,nan,nan
1753092124.9063454,250.5660400390625,107.63664245605469,642.7086181640625,-6.4889699447591624,-93.64210246963717,-15.39587176561258,nan,nan,nan,nan,nan,nan
1753092124.95514,249.14962768554688,105.60923767089844,645.4560546875,-7.904037790266123,-93.23187583529506,-4.489383263233252,nan,nan,nan,nan,nan,nan
1753092124.9991393,245.477783203125,107.97327423095703,652.2232055664062,-7.749744669914971,-93.36592093359904,-22.298648532797742,-139.57289123535156,157.86746215820312,845.373046875,-0.6148935930279117,-92.18818806086972,-158.0351077405156
1753092125.0437179,237.09922790527344,108.74188232421875,656.8660278320312,-7.103799370309523,-94.60211071011125,-4.31593756982884,-142.8625030517578,161.8094024658203,875.5161743164062,17.525603538443228,-88.01000448978233,-141.0031891542567
1753092125.0877187,233.04098510742188,113.02643585205078,659.7103881835938,-6.707835255458289,-98.83592052083613,-10.87299922526481,nan,nan,nan,nan,nan,nan
1753092125.135258,211.2452392578125,123.08856201171875,659.1336059570312,nan,nan,nan,-146.10910034179688,175.49209594726562,884.9620361328125,28.294564400004038,-84.9009291037196,nan
1753092125.1832597,201.8048858642578,133.7270050048828,661.49560546875,nan,nan,nan,-139.18785095214844,175.30145263671875,843.041015625,10.849957449748837,-88.18663054384862,nan
1753092125.2315047,205.5459747314453,170.40573120117188,665.353271484375,1.3207075195036584,-107.5309240980985,-153.84568704017275,-136.63417053222656,175.27456665039062,827.5736694335938,4.885243321196459,-89.19143715108136,-157.05448703588303
1753092125.275501,nan,nan,nan,nan,nan,nan,-152.11537170410156,191.04470825195312,833.76171875,13.845108110862036,-88.59840404657892,nan
1753092125.3208525,221.10794067382812,180.0010528564453,658.2457275390625,0.6994224315830496,-116.68965293932267,-158.53349447344428,-155.93255615234375,190.17465209960938,837.0034790039062,13.270652416609515,-89.78995363581201,-171.38041234062575
1753092125.3688533,247.08787536621094,177.704345703125,649.846923828125,5.412228903784007,-119.55086250247761,-48.44198747875197,-157.58172607421875,196.67140197753906,837.1963500976562,14.469730378159493,-89.60904382947986,-165.9382006555989
1753092125.4129949,259.91595458984375,171.2469024658203,644.3960571289062,7.206429810433613,-123.97743551773624,-45.17460564848611,-160.84701538085938,200.3423614501953,845.8844604492188,20.30370263452082,-88.3991950212431,-159.3837279455239
1753092125.4595146,267.8512268066406,168.74615478515625,639.623779296875,8.907690068767327,-123.83246552352963,-42.76112159568469,-164.4906463623047,208.97970581054688,847.8621215820312,21.3835940196355,-89.25868725293347,-161.40428195551763
1753092125.503674,273.18145751953125,172.69668579101562,640.5620727539062,13.050769958742961,-121.87007366330083,-48.6318269805291,nan,nan,nan,nan,nan,nan
1753092125.5461483,272.669921875,171.59796142578125,636.4866943359375,10.339311190282237,-119.31107726595324,-40.496966167857835,-180.6293487548828,211.2104034423828,870.5238037109375,-74.99993486916821,144.48454905628486,-107.06378054808094
1753092125.6101387,267.5196533203125,169.4398956298828,633.0064086914062,8.964495486318265,-120.30492301178363,-21.08787188086074,nan,nan,nan,nan,nan,nan
1753092125.6626847,264.96417236328125,171.37359619140625,635.6544799804688,13.253236136568914,-118.22366546737253,-39.70779580298584,-178.55963134765625,215.76876831054688,868.6156005859375,nan,nan,nan
1753092125.715199,260.470947265625,176.54847717285156,636.6475219726562,16.343079222823786,-114.69423708085705,-48.59383309461332,-171.08013916015625,219.31271362304688,856.311767578125,35.85168202373403,-86.2693511763019,-155.20001125478086
1753092125.7652092,252.26907348632812,179.27610778808594,637.6222534179688,10.689589206820285,-118.1835695294881,-154.34857668709154,-168.69888305664062,227.15023803710938,861.0015258789062,37.965346238239896,-86.51642527812679,-159.77827471938173
1753092125.8122146,250.6227264404297,183.22457885742188,642.85400390625,12.91488044011559,-121.88914425515748,-140.16008874907436,-167.02272033691406,227.12705993652344,860.9136352539062,41.81088837040267,-85.1176787319044,-141.86185609685677
1753092125.8567493,240.22607421875,188.77056884765625,644.8729248046875,11.420003915026024,-122.46434146816587,-126.7703452980325,-164.60093688964844,228.37030029296875,865.6260986328125,43.58610739542797,-84.46693390772698,-145.2319516366676
1753092125.9019268,229.4303741455078,187.8456268310547,645.9654541015625,9.88081670725178,-124.30475150809619,-129.4324045864255,-145.92262268066406,226.0276336669922,844.4111328125,38.73097056619761,-84.97242711017734,-124.58219009780538
1753092125.948056,211.21371459960938,183.74765014648438,636.0882568359375,-5.54323188915952,-120.0379785305951,-171.2185103346365,-132.08331298828125,224.62933349609375,839.187255859375,36.70776411298873,-84.25737523045818,-117.45669823296777
1753092125.993057,196.6516876220703,188.6918182373047,644.6039428710938,-2.2867882471907666,-119.92511743787686,-150.49673664935958,-115.98545837402344,215.74127197265625,805.9825439453125,24.688866688005607,-84.073946420736,-121.71444846563963
1753092126.0376554,193.6863555908203,191.93017578125,647.1466674804688,-1.2202109599361606,-119.16870575759009,-129.80019346659856,-106.76351165771484,219.1271514892578,818.6317749023438,29.527089648080132,-82.60808952859114,-130.11765120064237
1753092126.0826614,192.56356811523438,194.5626983642578,651.7880859375,-5.926525165091007,-121.27075453159227,-166.72933828593662,-101.90845489501953,212.2991485595703,793.1232299804688,20.86262778276265,-83.84847555701816,-127.86053608663033
1753092126.1282468,191.42083740234375,198.44798278808594,652.1738891601562,-0.930272170935306,-120.8752467711193,155.8213730378628,-99.60491180419922,215.4564208984375,799.1653442382812,25.900728319963488,-85.44898366749453,-131.86588236580934
1753092126.1732593,194.0675048828125,202.35704040527344,652.6220092773438,-1.5431787290448158,-119.37539230472815,-172.76586663770155,-97.66553497314453,217.646240234375,795.910400390625,24.580432677603568,-85.71684022012472,-134.174960766391
1753092126.2209458,195.13983154296875,200.90875244140625,652.0030517578125,3.8139115212176296,-119.31894605213687,140.98030923103727,-101.25411224365234,222.15475463867188,812.3975219726562,32.573625175009596,-85.43285624007505,-135.38570948082878
1753092126.2679439,208.5500946044922,200.5626678466797,646.8349609375,6.239316543075838,-124.05488241374718,-147.8976322592208,-99.1109390258789,218.98486328125,795.2020874023438,22.621268412314734,-89.2293455372727,-150.29663480749176
1753092126.3110242,239.53567504882812,206.29823303222656,653.1554565429688,16.494157078365077,-120.49376339951137,-165.38331075012118,-107.47366333007812,223.6322784423828,812.0783081054688,24.8369307066973,-87.575307295306,-129.59473106711914
1753092126.3565547,259.4565734863281,208.6412353515625,652.6105346679688,20.15912408226701,-120.27509224738485,-77.40115893927263,-116.89335632324219,226.72695922851562,823.3160400390625,34.06595365699441,-84.49089847749102,-125.18114418008633
1753092126.40356,274.7052917480469,208.11317443847656,647.0587768554688,21.38585662780639,-117.4791191421224,-160.4115146623928,-141.5320281982422,233.3454132080078,847.3497314453125,nan,nan,nan
1753092126.4780812,266.9015197753906,203.12306213378906,631.543701171875,14.127411780533857,-115.39667614139024,-90.74537143420743,-155.11923217773438,234.13754272460938,850.2261962890625,29.214393442542054,-92.57518742828951,106.7842090694724
1753092126.521568,262.3611145019531,200.29791259765625,626.513427734375,12.305384002831405,-113.37217610716236,-67.83321339731366,-164.14772033691406,228.75025939941406,854.58251953125,-74.40863529369929,140.42200550521065,-105.68279172419251
1753092126.5655673,262.1767578125,193.55027770996094,620.3639526367188,6.889616015060366,-105.2206445563078,-58.48275053855071,-171.83738708496094,230.22769165039062,860.10205078125,-74.05127844049713,141.80560451729372,-106.10018449647873
1753092126.6095746,269.3594665527344,191.51223754882812,617.6464233398438,3.8121000486323444,-101.38609971907074,-58.034617354021705,-176.6576690673828,226.71807861328125,859.3634033203125,-74.08853558038692,142.46331952678844,-107.38503632609984
1753092126.6531599,270.6060791015625,187.1575927734375,615.0694580078125,4.939814863288899,-99.80610924711694,-56.368239974328,-180.52792358398438,227.4214630126953,862.029541015625,-73.85354428051707,143.29848956854633,-108.50099306792093
1753092126.6991615,266.2210388183594,179.87039184570312,610.449951171875,-1.2867033317933327,-96.03192702940505,-61.193241850205304,-182.0691680908203,225.6118927001953,861.4625854492188,22.556496439025274,-98.74855904130834,179.44975677482094
1753092126.7457712,265.9107666015625,173.7860565185547,609.7384033203125,-3.1722958744264407,-93.45863899744546,-52.53214488240014,-179.57220458984375,224.56521606445312,857.4660034179688,18.90212081669693,-98.79677226487958,-172.41003734628285
1753092126.79076,264.3226623535156,166.4762420654297,608.786865234375,-5.656004230866349,-94.27493251348345,-39.597651122096735,-178.90342712402344,222.0827178955078,854.2725219726562,19.334184397971754,-97.53327962601797,177.2945057835206
1753092126.8352783,256.0962829589844,159.4285125732422,608.7520141601562,-8.524956823782187,-89.36397730445589,-39.51333736514618,-176.8131103515625,218.2421875,852.1318359375,15.46255572943101,-99.57415976174492,-164.5586315498462
1753092126.8802795,246.78765869140625,156.26983642578125,614.7848510742188,-10.110622222819632,-88.94357413143378,-41.610924086227364,-171.75408935546875,212.75938415527344,843.4155883789062,12.62777487631984,-99.02084843292747,nan
1753092126.9248385,239.668212890625,155.78857421875,627.1546630859375,-6.224088092338505,-89.64126576568256,-41.77557075160968,-164.591064453125,208.66946411132812,840.0361328125,11.381121728020622,-98.97063383781527,nan
1753092126.969842,219.3551788330078,152.79942321777344,634.8191528320312,-9.684741777772654,-102.27226577531535,-96.54178570837747,-145.98043823242188,207.52532958984375,835.43017578125,14.002801581231626,-95.1552046769943,-148.33740331971035
1753092127.013848,209.2684783935547,151.0187530517578,637.6305541992188,-8.544075701181653,-106.68956482877086,166.11013756343206,-134.61741638183594,202.55406188964844,834.8458862304688,16.962872057291385,-92.27968161824887,-138.81454769498407
1753092127.0574014,203.7785186767578,151.5045928955078,639.6818237304688,-15.010857736955119,-107.24913493081847,-107.6594806279891,-124.88721466064453,192.0382537841797,845.2056274414062,25.264207175148155,-84.97954490669345,-117.34456125871324
1753092127.1024058,198.37628173828125,153.32534790039062,642.1449584960938,-16.868744232962396,-109.04512809720627,129.9249653204554,-108.7960433959961,180.48223876953125,787.6647338867188,-6.894173208170619,-92.13424867068905,-148.39988330952656
1753092127.1459405,200.82586669921875,155.50135803222656,646.0445556640625,-16.732322837644226,-110.27683302508441,116.42411709160471,-106.59522247314453,186.10740661621094,805.4407348632812,8.145133394599771,-92.37488269792998,-139.22438758027477
1753092127.192933,203.4197540283203,157.7926483154297,650.357421875,-15.177805026945167,-108.86048887037715,-126.98104511617133,-101.65422058105469,184.03961181640625,803.18994140625,10.56360530034325,-92.22243599781426,-140.56447594309037
1753092127.2385204,206.06884765625,158.86880493164062,654.7929077148438,-13.540778957140214,-109.18403475866381,-107.98377692613127,-92.81011199951172,174.0347442626953,807.0345458984375,13.307441723563427,-89.62350130758043,-142.25337595471802
1753092127.286519,207.11500549316406,158.40719604492188,658.1171264648438,-13.235216561055335,-110.45467793900234,-111.88282176265957,-88.7509994506836,167.57774353027344,798.4973754882812,6.8475645011693995,-89.23524730787287,-157.15793103557868
1753092127.3330534,202.91281127929688,147.62704467773438,660.9524536132812,-12.108535979124676,-112.69973644030128,-150.4327045087209,-91.75843048095703,168.7400665283203,811.4866943359375,15.713891875418739,-87.00487446246791,-150.7994190794339
1753092127.377053,206.0071563720703,146.74313354492188,662.7124633789062,-10.407803339739617,-115.10635643905859,-140.55093635429594,-94.59678649902344,168.22607421875,809.014892578125,12.41031202785356,-85.11571800609525,-151.73883920080266
1753092127.420927,207.8953399658203,148.45655822753906,664.6663818359375,-8.64154404014484,-111.07794959026015,176.64507396213466,-94.0914535522461,165.7768096923828,804.693115234375,9.239385621301194,-84.40313051382317,-157.387336474721
1753092127.4649253,210.19512939453125,145.3187255859375,667.9043579101562,-3.0560038233848554,-116.82891044124182,-169.8215453067661,-100.70879364013672,169.07669067382812,820.7109375,18.629103989159162,-80.87755265365979,-143.5112311256449
1753092127.5099308,215.12265014648438,145.16989135742188,667.2202758789062,-2.309331102568168,-119.34749626225066,178.9884146853747,-105.60633850097656,168.3807830810547,809.7589111328125,9.806803173361718,-81.70451052533778,-157.7746000562392
1753092127.5564382,220.26470947265625,145.16940307617188,667.2180786132812,-0.6642564942516229,-119.1895423623397,-163.5077975001424,-108.76707458496094,159.8096160888672,821.8513793945312,13.29790431742284,-81.93933923530912,-149.2937209843889
1753092127.6014364,230.81723022460938,143.25144958496094,664.2861328125,1.0217083694185982,-117.18224036187519,-173.5514433452909,-111.960205078125,158.26242065429688,822.040771484375,8.532009900773048,-80.65744141682231,-161.57923067625268
1753092127.6449823,238.64080810546875,140.54803466796875,657.6261596679688,-0.652217924936485,-114.74879825664037,142.92840329950965,-124.27871704101562,159.8448028564453,830.2599487304688,7.9936171513330905,-82.6338222852259,-154.41857425529864
1753092127.6899807,244.87661743164062,139.7675323486328,653.9741821289062,2.873819839597325,-109.56374854721562,-35.09347714135841,-145.1501922607422,167.305419921875,869.0115966796875,22.94041904267923,-79.19521668665321,-112.44658691385892
1753092127.7338405,262.1656188964844,135.1551055908203,649.9735107421875,4.43073015510132,-104.60508559039148,-20.254979105815686,-162.63966369628906,171.43881225585938,873.0054321289062,19.30625534340153,-86.25800425942923,-141.9746052423259
1753092127.7808409,284.95977783203125,137.69664001464844,662.1959838867188,15.36935123600396,-108.94069302344383,-40.93473230055185,-173.2721710205078,178.83209228515625,893.126220703125,23.569046842887317,-86.23490597965667,-130.24144844575156
1753092127.8247218,298.6444091796875,140.16197204589844,655.8197631835938,9.48257529002205,-108.44010490431185,-48.75092974303252,-179.4508819580078,188.7738494873047,924.9742431640625,31.11159224622879,-85.46323716352201,-119.78476765033415
1753092127.86771,nan,nan,nan,nan,nan,nan,nan,nan,nan,nan,nan,nan
1753092127.909719,330.8305358886719,149.84901428222656,659.5208740234375,14.455017044419384,-104.39794496648399,-39.79134645972968,nan,nan,nan,nan,nan,nan
1753092127.9522858,336.23504638671875,150.5618438720703,662.658203125,13.354254028130539,-102.966855056552,-50.34775613384692,nan,nan,nan,nan,nan,nan
1753092127.9962926,343.8075256347656,151.64906311035156,667.4432983398438,12.466281118545396,-103.25416549175786,-63.46089879775158,-751.140380859375,803.5244750976562,3759.701904296875,72.52231730815514,-50.616662238104574,nan
1753092128.0418658,337.68524169921875,147.6853790283203,655.5579223632812,0.6612057124452918,-97.23144236056115,-44.25739932530144,-1088.0013427734375,1174.3717041015625,5445.80078125,72.9165123264434,-49.55356797115378,nan
1753092128.0918515,345.0402526855469,147.58193969726562,672.3516235351562,7.60198061712367,-100.50918164856492,-69.1733715935439,nan,nan,nan,nan,nan,nan
1753092128.1356554,334.859375,142.85826110839844,662.4628295898438,-3.872212651784522,-93.23908887674953,-57.258363510546246,-195.5958251953125,211.12307739257812,979.0206909179688,17.20738874132602,-86.45268139008628,-175.54431954714062
1753092128.1766546,337.7199401855469,143.33763122558594,670.6787109375,-1.208832471873434,-93.55607804031574,-61.128370954744625,nan,nan,nan,nan,nan,nan
1753092128.220221,337.29168701171875,142.4101104736328,672.4013671875,-2.3820448992015217,-92.20251413725283,-57.960729846998355,nan,nan,nan,nan,nan,nan
1753092128.2672231,nan,nan,nan,nan,nan,nan,-708.9691162109375,779.607666015625,3583.18115234375,72.3890819050572,-51.440840412240746,-92.30724285098226
1753092128.3112278,nan,nan,nan,nan,nan,nan,-192.5547332763672,219.77125549316406,992.5176391601562,24.69730601441421,-86.0252995664556,-151.32294687567645
1753092128.3557756,nan,nan,nan,nan,nan,nan,-190.46922302246094,219.28277587890625,981.7678833007812,22.23345621184976,-86.60894976601386,-169.92834129177484
1753092128.401776,nan,nan,nan,nan,nan,nan,nan,nan,nan,nan,nan,nan
1753092128.4454412,344.9861145019531,169.55825805664062,677.3327026367188,4.054053952918943,-100.76756766895275,-42.37795685245789,nan,nan,nan,nan,nan,nan
1753092128.488462,345.94732666015625,171.35179138183594,674.119140625,6.2047967881962744,-101.79587035365228,-40.54156094543668,nan,nan,nan,nan,nan,nan
1753092128.5351107,348.9622802734375,171.5567626953125,674.925537109375,2.9213444107410163,-103.62673037498442,-37.46195717502635,nan,nan,nan,nan,nan,nan
1753092128.58111,nan,nan,nan,nan,nan,nan,nan,nan,nan,nan,nan,nan
1753092128.625924,nan,nan,nan,nan,nan,nan,nan,nan,nan,nan,nan,nan
1753092128.6699252,nan,nan,nan,nan,nan,nan,nan,nan,nan,nan,nan,nan
1753092128.718942,nan,nan,nan,nan,nan,nan,-173.32736206054688,232.4135284423828,1014.304443359375,-76.75809955705247,142.29511554140834,-108.65927194834684
1753092128.7644968,nan,nan,nan,nan,nan,nan,nan,nan,nan,nan,nan,nan
1753092128.8105361,nan,nan,nan,nan,nan,nan,nan,nan,nan,nan,nan,nan
1753092128.8543308,nan,nan,nan,nan,nan,nan,nan,nan,nan,nan,nan,nan
1753092128.9003308,nan,nan,nan,nan,nan,nan,nan,nan,nan,nan,nan,nan
1753092128.9448497,352.9574890136719,126.34447479248047,662.8885498046875,20.186090241458942,-155.30569048977546,-69.98316888137663,nan,nan,nan,nan,nan,nan
1753092128.9888482,346.36700439453125,124.78723907470703,648.1652221679688,12.983155206373441,-154.31720397070612,-57.27332891387075,nan,nan,nan,nan,nan,nan
1753092129.0344355,347.1867980957031,125.880615234375,647.364990234375,14.435117723106222,-153.48382605537458,-59.973574317780475,nan,nan,nan,nan,nan,nan
1753092129.082436,347.7162780761719,125.62123107910156,646.0310668945312,15.978929576769893,-154.0865099376178,-60.38202092166184,nan,nan,nan,nan,nan,nan
1753092129.1294556,nan,nan,nan,nan,nan,nan,nan,nan,nan,nan,nan,nan
1753092129.1754408,335.58343505859375,118.48199462890625,627.9856567382812,nan,nan,nan,nan,nan,nan,nan,nan,nan
1753092129.2220516,330.38104248046875,117.83656311035156,618.2503051757812,-1.936407422880929,-149.02507156603528,-54.04364302675499,nan,nan,nan,nan,nan,nan
1753092129.268017,331.0478820800781,118.50172424316406,621.7401733398438,nan,nan,nan,nan,nan,nan,nan,nan,nan
1753092129.3110192,nan,nan,nan,nan,nan,nan,nan,nan,nan,nan,nan,nan
1753092129.354635,nan,nan,nan,nan,nan,nan,nan,nan,nan,nan,nan,nan
1753092129.4135437,448.4678039550781,191.37037658691406,842.2661743164062,-7.7517814445894615,-148.4191852084284,nan,-183.5491180419922,224.74591064453125,1111.7308349609375,-77.61036099122322,141.47556208126832,nan
1753092129.4560633,nan,nan,nan,nan,nan,nan,nan,nan,nan,nan,nan,nan
1753092129.4990652,nan,nan,nan,nan,nan,nan,nan,nan,nan,nan,nan,nan
1753092129.5406022,333.6376647949219,146.30905151367188,655.0515747070312,6.782710317309396,-150.03322580272794,-137.1903404755824,-1086.1441650390625,1283.8321533203125,6735.85205078125,-76.48838059496265,-149.06918636016587,-116.46619447599751
1753092129.5865927,331.1909484863281,147.46775817871094,660.2393188476562,7.357891237395021,-149.3658041930917,-147.54949665831086,-1097.0404052734375,1270.4920654296875,6803.4267578125,-72.93755089033817,-135.13006890728934,170.07319496020543
1753092129.6393638,330.6807861328125,148.51089477539062,659.2222900390625,8.191411818506701,-142.47386978297223,-124.71830166465003,-1074.9691162109375,1244.93115234375,6666.54931640625,-72.24387210153101,-132.01473855387894,-54.29603784524049
1753092129.690358,330.435546875,148.4007568359375,658.7333984375,6.235003263443397,-137.451772355577,-113.95407875103629,-198.25111389160156,229.22618103027344,1214.9588623046875,nan,nan,nan
1753092129.7399273,334.2037658691406,150.79762268066406,663.6959228515625,7.003110109814061,-134.60634055631618,-49.65606564775385,-1049.7547607421875,1199.603759765625,6358.21484375,nan,nan,nan
1753092129.7839406,330.752197265625,149.11578369140625,661.9073486328125,4.520297092087426,-127.0752288053655,-31.6590848534242,nan,nan,nan,nan,nan,nan
1753092129.8276293,335.4756164550781,151.2452850341797,671.3599243164062,8.154292007102795,-127.42539316778878,-40.44467724607301,nan,nan,nan,nan,nan,nan
1753092129.872626,nan,nan,nan,nan,nan,nan,-182.9656219482422,191.50172424316406,1047.09228515625,44.659029457571364,-83.1247866519495,-133.6463489706265
1753092129.915669,415.67633056640625,183.24871826171875,865.2243041992188,48.21417049167008,-139.7547360081608,-76.95682124390335,-174.8245391845703,182.9808349609375,1000.5017700195312,30.408653627601662,-87.45521709959598,-148.76723289142646
1753092129.9592705,414.1153564453125,176.8682098388672,858.5316162109375,nan,nan,nan,nan,nan,nan,nan,nan,nan
1753092130.0022697,426.2837219238281,158.22389221191406,883.7587280273438,nan,nan,nan,-181.13768005371094,196.07528686523438,1072.099609375,nan,nan,nan
1753092130.0468524,nan,nan,nan,nan,nan,nan,nan,nan,nan,nan,nan,nan
1753092130.0908332,nan,nan,nan,nan,nan,nan,nan,nan,nan,nan,nan,nan
1753092130.1363783,nan,nan,nan,nan,nan,nan,nan,nan,nan,nan,nan,nan
1753092130.1803772,325.9707946777344,120.5626449584961,652.3387451171875,nan,nan,nan,nan,nan,nan,nan,nan,nan
1753092130.224946,nan,nan,nan,nan,nan,nan,nan,nan,nan,nan,nan,nan
1753092130.2729464,nan,nan,nan,nan,nan,nan,nan,nan,nan,nan,nan,nan
1753092130.3159444,426.77203369140625,180.26119995117188,828.504638671875,nan,nan,nan,nan,nan,nan,nan,nan,nan
1753092130.3575003,347.804443359375,149.50880432128906,675.20263671875,17.11285966736166,-143.14670446941082,-34.278747659159556,nan,nan,nan,nan,nan,nan
1753092130.4014692,340.5185241699219,149.48370361328125,663.5404663085938,18.15171685822503,-138.82692115807683,-23.797274062520394,-904.8749389648438,1128.994140625,5749.09521484375,-80.95974078193596,-171.59089038830723,-43.45288880480273
1753092130.4520156,343.6302185058594,153.43026733398438,669.6039428710938,21.569730737821274,-138.25638806165136,-30.5375834567603,nan,nan,nan,nan,nan,nan
1753092130.499012,339.473388671875,151.43682861328125,666.5092163085938,19.70823415637083,-135.81264931688375,-29.922812441651423,-1093.226318359375,1159.965576171875,6621.51611328125,-74.86728815639539,-135.2846291297355,-48.61605738939574
1753092130.542612,337.0668640136719,150.934326171875,664.297607421875,19.1061809672046,-133.14287279965268,-33.417842604407525,-1218.92578125,1208.2298583984375,7214.4560546875,-72.23635743362686,-130.2733307107551,nan
1753092130.5866203,331.5187683105469,148.31747436523438,658.36376953125,15.112255474446906,-130.47926429737726,-36.80617291005913,-1233.310791015625,1141.2431640625,7058.103515625,-75.69484834034529,-147.19933066213076,-85.22114897870523
1753092130.6315665,330.667724609375,148.50502014160156,659.1962280273438,14.126723051101788,-132.95414285973024,-55.07690558613082,-1207.1634521484375,1118.030517578125,6833.11083984375,-76.68512807161477,-149.51206718683835,nan
1753092130.675552,329.5636291503906,147.30905151367188,659.5287475585938,12.851110293063496,-134.50527159167302,-80.85672711856435,-1271.0537109375,1177.2034912109375,7194.76025390625,-77.76021458088086,-158.00794436803125,nan
1753092130.7185814,330.0970764160156,147.54747009277344,660.5962524414062,11.772228424491319,-134.32226439758253,57.746416388165436,-1267.0811767578125,1159.70361328125,7172.2734375,-77.21932715957794,-153.4754741644214,nan
1753092130.760111,328.2633361816406,146.72784423828125,656.9265747070312,7.434578979474362,-135.8602298261023,-114.35860429108477,-1140.6640625,1079.3173828125,6675.11865234375,-77.41700723534818,-137.52401449834804,nan
1753092130.8041143,327.5144958496094,146.39312744140625,655.427978515625,5.658422032986964,-136.73446554459963,-125.20791142752452,-1184.9327392578125,1133.9925537109375,7013.26171875,-74.97315651521475,-126.96641233562966,153.38696831830867
1753092130.8487163,326.2633361816406,143.87237548828125,655.4517211914062,4.339205342331288,-137.1361879622588,-126.0840841253102,-1147.698974609375,1111.03076171875,6871.2529296875,-75.72069857338707,-131.01613135764424,153.632568497742
1753092130.8917167,324.343017578125,141.76998901367188,651.5938720703125,0.8275588265340186,-137.17047425250112,-136.12479136959627,-1140.5311279296875,1090.9342041015625,6828.33935546875,-77.84929450593394,-140.874958469998,167.06743307167045
1753092130.936256,324.4097595214844,141.79916381835938,651.7279663085938,1.7851044263316058,-137.343076006414,-155.34633255142796,-1214.4580078125,1189.6678466796875,7270.9384765625,-73.06142743371406,-121.29437091482967,145.69163975272292
1753092130.9802558,325.69708251953125,143.6226806640625,654.3141479492188,4.6791605455336285,-139.93166254202498,-153.906522073343,-987.1437377929688,1024.3643798828125,5978.9892578125,-76.94419624586983,-130.69960237798182,155.2217620823488
1753092131.0237942,328.0164794921875,145.3525848388672,656.4325561523438,4.2799975839247315,-142.09016813686807,-147.25686850775804,-1148.131591796875,1177.6773681640625,6873.84326171875,-74.4957902503447,-120.77718565553243,143.02147654083615
1753092131.067791,nan,nan,nan,nan,nan,nan,-1161.9111328125,1285.64306640625,6956.34033203125,-72.47036426901445,-117.96036589547037,141.80441926805122
1753092131.1148074,nan,nan,nan,nan,nan,nan,-1082.128173828125,1209.84814453125,6478.681640625,-77.31156544946121,-135.33398161993966,-149.52555150349048
1753092131.1585422,426.4143371582031,214.41943359375,837.205810546875,nan,nan,nan,-1174.9381103515625,1367.8314208984375,7034.3330078125,-65.26856184520238,-125.7382453043896,-64.1105830095737
1753092131.2005262,424.22308349609375,209.29449462890625,836.066650390625,50.76456132314981,-150.69426526814837,nan,-1055.697998046875,1229.0152587890625,6320.44482421875,nan,nan,nan
1753092131.2430797,424.560302734375,209.43930053710938,843.1351928710938,nan,nan,nan,nan,nan,nan,nan,nan,nan
1753092131.2910666,420.8917236328125,208.42715454101562,839.0606079101562,nan,nan,nan,nan,nan,nan,nan,nan,nan
1753092131.3356075,nan,nan,nan,nan,nan,nan,nan,nan,nan,nan,nan,nan
1753092131.376606,nan,nan,nan,nan,nan,nan,nan,nan,nan,nan,nan,nan
1753092131.4231355,nan,nan,nan,nan,nan,nan,-1318.5316162109375,1599.081298828125,7986.158203125,75.08234402626576,-52.2598164176596,-91.90210975446043
1753092131.4681518,334.85186767578125,157.34266662597656,675.320068359375,nan,nan,nan,-1233.030029296875,1516.392578125,7646.7822265625,nan,nan,nan
1753092131.5161555,337.2635192871094,158.4758758544922,680.183837890625,nan,nan,nan,-1198.7933349609375,1492.1192626953125,7524.3779296875,nan,nan,nan
1753092131.5589914,336.8676452636719,158.2898406982422,679.3854370117188,nan,nan,nan,-1106.86865234375,1350.9271240234375,6947.39990234375,nan,nan,nan
1753092131.604993,nan,nan,nan,nan,nan,nan,-1126.30322265625,1374.6470947265625,7069.3837890625,-41.46935459454872,-106.39180389347197,nan
1753092131.6525447,nan,nan,nan,nan,nan,nan,-1219.3388671875,1506.4163818359375,7747.0322265625,20.032853210887748,-94.16564116479205,nan
1753092131.7025383,342.7845153808594,173.0338134765625,680.7364501953125,nan,nan,nan,-1159.229736328125,1349.544189453125,6940.28759765625,41.56033365281545,-92.31969181635809,-92.16923965764022
1753092131.7490823,343.8372497558594,174.21434020996094,680.2240600585938,37.88922517199653,-140.03415623728523,-86.17151761399197,nan,nan,nan,nan,nan,nan
1753092131.7940686,340.51202392578125,175.12567138671875,673.6456298828125,nan,nan,nan,nan,nan,nan,nan,nan,nan
1753092131.8386123,404.6283874511719,213.72528076171875,676.6699829101562,nan,nan,nan,-1018.9033203125,1143.7161865234375,5767.47021484375,-69.42103661241484,-155.67299690055236,-69.44551118524357
1753092131.882611,346.7103271484375,189.2451171875,673.0785522460938,nan,nan,nan,nan,nan,nan,nan,nan,nan
1753092131.9262187,326.4291076660156,184.8861083984375,671.37890625,nan,nan,nan,-178.3460693359375,193.8497772216797,977.53515625,20.96929052482606,-104.3505350825101,-142.12485792866133
1753092131.9682162,nan,nan,nan,nan,nan,nan,-179.0656280517578,194.6318817138672,981.4791259765625,20.188291662390476,-102.06471146968997,-141.3515882423445
1753092132.011227,303.9307556152344,170.21694946289062,664.6161499023438,41.13012736764949,-109.02365510283899,nan,-176.58151245117188,193.79684448242188,967.8634033203125,13.407354973451184,-100.50512650605269,-154.32039208147825
1753092132.0587378,300.4933166503906,169.1640167236328,665.5121459960938,-64.51321066421588,16.242013676065355,-45.86967860228979,-174.9920654296875,193.9006805419922,959.1514282226562,13.396053294515964,-95.70900482358729,-168.37249974029913
1753092132.107744,294.8342590332031,166.8562469482422,661.447509765625,nan,nan,nan,-170.73863220214844,189.18763732910156,935.837890625,-0.5752258595272657,-90.10494658536939,-169.0465844424447
1753092132.15031,284.75439453125,162.9154510498047,655.8451538085938,-4.536019024382619,-96.1915481890914,nan,-172.19642639160156,190.80294799804688,943.8282470703125,6.197980673119867,-82.80385597022664,-159.1869251206601
1753092132.1963084,282.4706726074219,161.60887145996094,650.5852661132812,nan,nan,nan,-170.3565216064453,195.9613494873047,933.7435302734375,5.427828703842328,-81.04817158087342,-155.59943716878672
1753092132.2498498,271.7261047363281,158.6837921142578,648.8768920898438,nan,nan,nan,nan,nan,nan,nan,nan,nan
1753092132.3018537,273.5140686035156,152.0358428955078,647.1904296875,-24.302341343031078,-101.66339285887331,-16.17253920568116,-175.38577270507812,203.59889221191406,961.3093872070312,26.635320041800423,-74.97574381808816,-133.30519904812863
1753092132.3533778,275.3229675292969,151.78598022460938,651.4706420898438,-28.152637921506663,-105.56823331288182,-12.339940467871738,-170.98011779785156,200.60328674316406,947.1653442382812,16.107934392914437,-76.93668542544735,-137.25475214294613
1753092132.3993824,272.2015075683594,148.37130737304688,653.01708984375,-31.27340985539127,-109.82099050029173,7.659337346735436,nan,nan,nan,nan,nan,nan
1753092132.4439375,272.0139465332031,149.65267944335938,658.65673828125,-29.56884680336645,-112.61437849368087,109.22521198380782,nan,nan,nan,nan,nan,nan
1753092132.4869409,270.18212890625,151.31761169433594,660.3837890625,-27.991346213269615,-118.18179914893753,-172.16824271615488,nan,nan,nan,nan,nan,nan
1753092132.530488,267.5843505859375,152.0105438232422,663.407958984375,-28.486057734439363,-121.63709396336301,-163.87373815754046,nan,nan,nan,nan,nan,nan
1753092132.577483,268.28271484375,156.04307556152344,658.84423828125,-28.756340151975284,-117.5072435288391,-167.72332368497916,nan,nan,nan,nan,nan,nan
1753092132.624005,268.8147888183594,155.61614990234375,657.0416870117188,-26.863478553465505,-116.2268434775865,170.8079491865328,nan,nan,nan,nan,nan,nan
1753092132.6670146,270.02069091796875,155.58148193359375,656.8953247070312,-26.215055447723955,-118.08360922290638,179.98556628698876,nan,nan,nan,nan,nan,nan
1753092132.7110255,272.2743225097656,156.1479949951172,659.2872314453125,-22.326166324349288,-119.0266054198073,179.05794673585126,nan,nan,nan,nan,nan,nan
1753092132.75554,272.75225830078125,155.69561767578125,657.377197265625,-20.95519845899201,-118.66394323840257,149.30637684504168,-173.82225036621094,193.21905517578125,983.9154052734375,-77.7108207671641,149.4807271173937,nan
1753092132.8005445,273.3163146972656,153.47889709472656,658.7366943359375,nan,nan,nan,nan,nan,nan,nan,nan,nan
1753092132.842137,273.9842834472656,153.85398864746094,660.3465576171875,-16.918441965467913,-122.29579093998588,-139.3256409147962,nan,nan,nan,nan,nan,nan
1753092132.8871384,273.60498046875,151.09959411621094,659.432373046875,nan,nan,nan,nan,nan,nan,nan,nan,nan
1753092132.9297595,290.0478210449219,155.04660034179688,671.0150146484375,30.333852739069727,-143.05046539207154,80.63591240730115,-179.54388427734375,202.9845428466797,994.6053466796875,nan,nan,nan
1753092132.9717584,288.3257141113281,153.4420166015625,664.0706176757812,31.680902374397213,-145.99021567275105,nan,-184.41258239746094,216.36297607421875,1021.5761108398438,-75.43666551312364,143.85844341716674,nan
1753092133.0159297,286.5646057128906,150.02096557617188,665.9253540039062,nan,nan,nan,-180.54376220703125,213.75111389160156,1000.1443481445312,nan,nan,nan
1753092133.063438,276.7403564453125,148.1958465576172,657.8238525390625,nan,nan,nan,nan,nan,nan,nan,nan,nan
1753092133.1084375,273.451416015625,147.10842895507812,652.9969482421875,-68.49590577981523,25.60625827553191,nan,nan,nan,nan,nan,nan,nan
1753092133.152264,nan,nan,nan,nan,nan,nan,nan,nan,nan,nan,nan,nan
1753092133.1932783,264.6488952636719,145.35745239257812,629.0819702148438,12.69280080076973,-138.49946024642844,-109.23929594445794,nan,nan,nan,nan,nan,nan
1753092133.2360778,264.25518798828125,147.42190551757812,622.4439697265625,4.800322972530423,-137.47244716748054,-112.11392829040781,-1118.091552734375,1342.8751220703125,6398.7158203125,-80.59504388677374,-159.48526190038427,176.44352443513247
1753092133.279089,273.2234191894531,159.6566162109375,637.7786865234375,20.331904951457947,-129.58738240236625,-129.68067552636217,-1322.5487060546875,1588.43701171875,7568.80224609375,-51.30062861648066,-99.20781526851553,111.4597728541221
1753092133.3255913,nan,nan,nan,nan,nan,nan,-1279.1317138671875,1536.291015625,7320.33056640625,-69.19418869860142,-117.37789337074335,123.99196441375516
1753092133.3686044,460.4606018066406,350.6986083984375,708.4033813476562,nan,nan,nan,-1295.24267578125,1510.4176025390625,7331.6806640625,-77.1567631468271,-177.23712683999304,nan
1753092133.4116354,469.56134033203125,361.269287109375,707.7181396484375,5.402929837692707,-28.63967215754966,-0.04389167909474659,-1214.8201904296875,1362.0267333984375,6802.25634765625,-75.73980746519946,-160.82712277075314,nan
1753092133.454204,453.54595947265625,348.2169189453125,706.1390380859375,3.547219474716431,-3.8774961755545694,10.360212104552543,-1224.556884765625,1374.561767578125,6931.56591796875,-76.27968827106328,-165.75653263783673,nan
1753092133.4991946,475.9224548339844,366.0574645996094,709.0682373046875,-46.20217922990831,33.900387380197756,-11.333371504844118,-1266.71923828125,1421.888916015625,7170.22412109375,-69.69213375105068,-146.48921716379883,147.31910799323768
1753092133.5427258,476.3402404785156,367.0066223144531,705.6390380859375,nan,nan,nan,-1241.55029296875,1409.005615234375,7105.25732421875,-54.61032059872108,-126.15972753585555,-76.6977870580721
1753092133.5877268,466.91827392578125,368.44219970703125,705.7843627929688,3.5384422836199017,-23.111609790317992,nan,-1280.5,1453.208740234375,7328.162109375,47.781872562883066,-92.8401204506142,-82.59230311145139
1753092133.634541,462.19830322265625,353.63134765625,700.690673828125,10.279795583668346,-105.37189659725779,0.1920297604526921,-1285.810791015625,1443.3192138671875,7278.2919921875,18.343173322708253,-103.46689732361307,-85.83700803427436
1753092133.6785364,358.58514404296875,249.046875,673.4578247070312,-1.4492375135319315,4.873942030967004,10.531963166146728,nan,nan,nan,nan,nan,nan
1753092133.7215703,277.5230712890625,171.19903564453125,653.6959228515625,30.22923636865396,-136.18966429915685,-133.1306620787691,nan,nan,nan,nan,nan,nan
1753092133.7653034,302.99432373046875,195.2272186279297,662.5684204101562,26.499573904641842,-135.7077346141994,122.61938241145587,nan,nan,nan,nan,nan,nan
1753092133.811333,263.58599853515625,156.8164825439453,641.2412109375,nan,nan,nan,nan,nan,nan,nan,nan,nan
1753092133.857867,251.68338012695312,151.15577697753906,633.05859375,nan,nan,nan,nan,nan,nan,nan,nan,nan
1753092133.901859,262.48187255859375,156.1595916748047,638.5551147460938,nan,nan,nan,-166.15611267089844,200.26443481445312,920.442138671875,23.03704150228774,-93.33314294519512,-165.0099232609391
1753092133.945781,258.50262451171875,156.9515838623047,631.8365478515625,nan,nan,nan,-164.63262939453125,198.42819213867188,912.0026245117188,14.755721533760148,-93.26862614157315,-168.61674673033627
1753092133.988781,nan,nan,nan,nan,nan,nan,-163.93943786621094,197.59271240234375,908.16259765625,15.755181810968683,-91.8599616787578,174.17849826966295
1753092134.036475,239.34829711914062,151.19760131835938,623.17529296875,nan,nan,nan,-181.18875122070312,220.31704711914062,1003.71728515625,-77.38858956279012,145.6690958510904,-107.86416217922778
1753092134.082475,235.7780303955078,146.41429138183594,623.2604370117188,nan,nan,nan,-171.71888732910156,210.63514709472656,951.2577514648438,-77.29142576428036,144.98595342906853,-104.10335072853522
1753092134.1340032,232.5210723876953,150.95880126953125,637.3773803710938,nan,nan,nan,nan,nan,nan,nan,nan,nan
1753092134.184005,232.37649536132812,152.47569274902344,643.7820434570312,nan,nan,nan,nan,nan,nan,nan,nan,nan
1753092134.2355332,239.2237091064453,155.8091278076172,642.18212890625,-22.813748210556692,-116.03346885622867,152.62063369169476,nan,nan,nan,nan,nan,nan
1753092134.2785301,241.4005126953125,159.7243194580078,648.025634765625,17.552350647481685,-47.04526685250933,4.272024237485871,nan,nan,nan,nan,nan,nan
1753092134.3225408,244.2950897216797,160.4138641357422,645.7745971679688,-23.091265673641743,-115.84583956824486,-169.06672163579358,nan,nan,nan,nan,nan,nan
1753092134.3672512,246.4659423828125,161.45001220703125,644.9427490234375,-21.236946448483316,-122.01257981602157,-171.94882111000854,nan,nan,nan,nan,nan,nan
1753092134.4144409,247.8243408203125,161.52536010742188,645.2437744140625,-19.218940776449465,-119.73226884249357,178.72945539688155,nan,nan,nan,nan,nan,nan
1753092134.4582164,250.66871643066406,161.7561798095703,646.165771484375,-16.298279238187497,-117.95591532490717,158.33034193921944,nan,nan,nan,nan,nan,nan
1753092134.5042229,259.3739318847656,160.5044403076172,646.13916015625,-11.965670578499372,-119.97748551836881,-7.040702763555967,-187.47268676757812,222.17591857910156,1109.5946044921875,-77.74824652018317,150.45544659714523,-125.6718465298505
1753092134.5508108,nan,nan,nan,nan,nan,nan,-200.5010223388672,237.61595153808594,1186.7054443359375,-77.19592206693764,148.5722719427003,nan
1753092134.5938094,320.3468933105469,194.96461486816406,674.9185791015625,23.91914906832714,-138.34017941169728,-16.324029926388512,-159.82022094726562,194.87294006347656,945.927978515625,nan,nan,nan
1753092134.636355,288.74798583984375,165.20028686523438,665.043212890625,23.86912646226304,-145.56719999899065,-22.976131758409288,-167.2782745361328,213.5058135986328,990.0698852539062,nan,nan,nan
1753092134.6804142,nan,nan,nan,nan,nan,nan,-171.1327362060547,228.1843719482422,1012.8834228515625,nan,nan,nan
1753092134.7233784,nan,nan,nan,nan,nan,nan,-172.02354431152344,229.37213134765625,1018.1558227539062,-76.57662410098902,143.0761562948789,nan
1753092134.7689052,nan,nan,nan,nan,nan,nan,nan,nan,nan,nan,nan,nan
1753092134.8119087,nan,nan,nan,nan,nan,nan,nan,nan,nan,nan,nan,nan
1753092134.8575184,286.4968566894531,176.13771057128906,662.7999877929688,30.637448671631404,-135.0715347234853,-156.97479548520909,nan,nan,nan,nan,nan,nan
1753092134.9035242,284.3443298339844,171.01156616210938,657.8201293945312,23.93484706008078,-134.8483952643287,-63.42733819359714,nan,nan,nan,nan,nan,nan
1753092134.9460323,298.04913330078125,183.34474182128906,665.78173828125,26.68216810541104,-133.4014473768024,-50.6508900065021,nan,nan,nan,nan,nan,nan
1753092134.9890294,293.3751525878906,172.59584045410156,663.9142456054688,25.321744351532857,-134.28381724756883,-101.88694741517587,-949.2465209960938,1280.3048095703125,5683.12158203125,-78.94563237771999,173.3629982802669,-155.8895842765919
1753092135.0326023,284.9598388671875,169.0782470703125,665.1747436523438,27.135747570014228,-131.55248121854268,119.26804559888673,-162.84657287597656,219.6407928466797,974.95947265625,33.48850266043743,-88.74570624918064,-124.38959939094553
1753092135.0755985,271.823974609375,156.07789611816406,664.3967895507812,27.35374520177764,-127.09230395445935,119.19404475231022,-161.76296997070312,218.8377227783203,979.7753295898438,-78.04958242491514,147.51311877591803,-122.88052121602884
1753092135.1186013,265.695556640625,152.39364624023438,665.0798950195312,28.439239842664712,-123.62630880845023,138.2032276956327,nan,nan,nan,nan,nan,nan
1753092135.1642911,252.48464965820312,142.4764404296875,660.6922607421875,22.372496800458244,-112.0380352483819,-115.49394681173973,nan,nan,nan,nan,nan,nan
1753092135.2081358,250.68531799316406,140.50282287597656,669.487060546875,nan,nan,nan,-153.695556640625,199.4892578125,941.9053344726562,14.348416311298616,-87.60780086555056,-152.00086728963078
1753092135.2536678,249.160400390625,142.3959197998047,672.3344116210938,4.065551146585533,-100.80931311678518,-92.78122880960792,-146.5260009765625,194.16409301757812,942.4871215820312,13.29288068409816,-84.98082088081692,-137.39681766310616
1753092135.2996695,246.4267120361328,139.72398376464844,671.9456787109375,2.571076894629689,-98.10558834289021,-79.35583941023734,-149.78872680664062,191.06134033203125,963.4738159179688,20.193088407268213,-81.07105043310585,-138.47466207546165
1753092135.3472154,249.7886199951172,140.15733337402344,674.0296630859375,-11.08463107493458,-95.12828582615644,-47.33965108096838,-144.8004150390625,179.31434631347656,931.3878784179688,2.3005051369305987,-82.69757164638237,-152.47932889241787
1753092135.3912177,251.38925170898438,141.62619018554688,674.83984375,-15.067432914122579,-95.13522263366968,-72.08732948577386,nan,nan,nan,nan,nan,nan
1753092135.4329374,252.28587341308594,142.13131713867188,677.2467651367188,-18.427860516129197,-92.61037247560698,-51.796138227256584,-143.6886749267578,175.75914001464844,912.9215698242188,-8.405976467957661,-82.08951978697569,-176.5543690061914
1753092135.475936,254.78253173828125,141.34442138671875,673.497314453125,-20.737640951074596,-93.37339315451479,-32.10202266946522,-149.91651916503906,181.1591339111328,940.969970703125,6.052921289190565,-81.07706704175308,-157.75654212263433
1753092135.5189717,260.624267578125,140.99427795410156,671.828857421875,-20.27571881444046,-94.49653091270551,-24.553558666640754,nan,nan,nan,nan,nan,nan
1753092135.5655215,287.47662353515625,143.41688537597656,671.0496215820312,-18.208642326109633,-99.01131714572848,-28.495994266317926,nan,nan,nan,nan,nan,nan
1753092135.609518,304.4015808105469,143.54464721679688,665.6456909179688,-18.40640912903303,-99.05933129870229,-13.600970020031594,-189.74307250976562,197.5608367919922,958.9751586914062,9.613459470889579,-88.07946537442581,169.5259369426607
1753092135.6541998,311.857666015625,142.26492309570312,659.71142578125,-19.292237759108456,-93.97178558158193,-26.676503472192238,-202.0152130126953,213.92544555664062,992.015869140625,28.703339664770336,-83.59788635522918,-156.9657867648808
1753092135.7022023,326.576416015625,148.9564208984375,661.199951171875,-10.179989956284368,-91.64649274086986,-38.5648681386888,-1148.2921142578125,1236.0623779296875,5534.07080078125,nan,nan,nan
1753092135.7738605,328.47412109375,151.10350036621094,665.0421142578125,-7.256030776986807,-93.98904299861267,-49.88259446171456,nan,nan,nan,nan,nan,nan
1753092135.826859,321.03668212890625,148.75100708007812,660.2881469726562,-13.588482620707191,-91.75887821594414,-42.58161756398085,nan,nan,nan,nan,nan,nan
1753092135.8783846,322.70623779296875,146.26739501953125,666.3629150390625,-13.485289938432196,-93.38328708028877,-51.15372948590657,-198.61782836914062,219.3328094482422,957.21728515625,23.864594209208477,-84.73306064599014,178.63328631932615
1753092135.9300573,295.96466064453125,147.66012573242188,672.7078857421875,-14.47183136792842,-92.79872591353136,-43.29380813126034,-195.9001007080078,216.52316284179688,952.969482421875,17.969605391510054,-84.99902526904357,nan
1753092135.9750679,274.5023498535156,147.96971130371094,674.1183471679688,-16.934089202091585,-90.30533656880348,-41.526867470023106,-185.17208862304688,212.90882873535156,945.0771484375,9.652402038872568,-90.29467315742353,nan
1753092136.0180974,257.34442138671875,147.25894165039062,676.8218383789062,-18.113156077487673,-92.3095004312491,-17.263222417789486,-168.43621826171875,200.86839294433594,923.2180786132812,-1.3918914136305027,-89.20680775208338,nan
1753092136.0596182,247.7597198486328,148.54991149902344,682.7553100585938,-17.043609940376644,-94.87685700110904,2.5655077640697312,-153.6421356201172,196.101318359375,909.3616943359375,-5.841213187963947,-88.93589492712184,-163.71012575565257
1753092136.1066175,232.095703125,150.3343048095703,690.9566650390625,-18.005543116022032,-100.77776128256004,143.40994089287318,-146.24085998535156,201.47987365722656,917.8991088867188,5.862167761874602,-90.08101496058941,nan
1753092136.1491425,221.15159606933594,158.11373901367188,690.0436401367188,-18.24176356163952,-102.23287610065154,174.57443579530081,-134.58163452148438,199.08372497558594,899.08984375,-0.7132574350643912,-90.10677261167034,nan
1753092136.1951468,208.66790771484375,165.12815856933594,697.2031860351562,-18.307549072756153,-106.59264107517551,158.05520339395716,-129.449462890625,206.44639587402344,924.2971801757812,20.77444432430835,-83.8174533172846,-130.04217039808742
1753092136.2416737,205.05174255371094,177.57818603515625,698.6145629882812,-17.35037519971392,-107.00781130665298,-158.3223799186184,-118.15985107421875,198.25054931640625,880.0107421875,-1.3274448703323654,-83.43226177906782,-174.10519559940184
1753092136.2856684,205.99307250976562,179.91696166992188,697.2442016601562,-17.53908726526489,-108.39351196406515,-155.74126475156714,-116.4088134765625,202.80421447753906,892.5891723632812,8.653308795437441,-81.0242854354404,-149.18907790928606
1753092136.3286777,210.91384887695312,175.73260498046875,691.3538208007812,-17.132574521378118,-108.29010923946231,-160.2921773357731,-112.48258209228516,201.93121337890625,888.7468872070312,4.509386342753699,-82.84213257168378,-139.07110984873154
1753092136.372229,215.59959411621094,173.8817596435547,689.2978515625,-13.560312109796074,-108.05511489243344,-169.84031603171334,nan,nan,nan,nan,nan,nan
1753092136.4152298,217.9027862548828,164.31764221191406,688.1820678710938,-12.548073972307055,-106.74837072374586,-163.2996602749361,-117.9935302734375,200.85398864746094,891.567138671875,2.9963247215774027,-83.22279265462704,-142.6942449585344
1753092136.4577496,220.1391143798828,161.36065673828125,686.884521484375,-15.930984922640732,-106.77292424227348,-130.77104722439492,-125.6757583618164,209.6556396484375,922.7439575195312,20.019005824473478,-82.13082460154075,-123.81172846382496
1753092136.5017579,237.42745971679688,155.25418090820312,683.3102416992188,-11.487300863236237,-100.28844577802211,-25.79667517850081,-134.75860595703125,204.54986572265625,900.2721557617188,3.4151441639802886,-87.3158257418097,-166.7502206199305
1753092136.5452662,246.7387237548828,152.3695068359375,676.3502197265625,-14.137314726497703,-97.35199968799458,-14.510569980373242,-139.6040496826172,197.10401916503906,897.9636840820312,1.1673715669441926,-85.43997640557232,-175.09773420940155
1753092136.5882678,258.9794006347656,151.90480041503906,674.2874755859375,-13.367964391768437,-94.48271416007502,-21.52879678349006,-141.78375244140625,191.9095458984375,889.9236450195312,-7.644325746715327,-85.56857489619047,168.46015611343918
1753092136.6320484,270.30328369140625,149.68112182617188,670.14892578125,-12.627426996478507,-90.46271988034664,-20.444004234534017,-158.37220764160156,195.04673767089844,896.4609375,-9.912048395610585,-91.76906278164088,171.61697879600385
1753092136.6759865,276.96942138671875,147.8123779296875,667.541259765625,-13.584232746155728,-90.96171270723244,-15.190451457296968,-167.0648651123047,198.8967742919922,906.131103515625,-7.829995534647085,-91.45282590519466,177.5886132040797
1753092136.717983,285.4703063964844,147.5522003173828,666.3663330078125,-13.246409385918893,-90.91918332040866,-16.928134727446146,-175.20114135742188,205.79302978515625,921.3718872070312,-0.48446191866865657,-92.4337535209703,nan
1753092136.7614958,292.7200012207031,147.32339477539062,665.3330078125,-12.364711173997456,-91.04389497911347,-34.940754812005736,-174.6446990966797,206.9092254638672,918.4456176757812,0.7385791276611471,-92.39710873928838,171.66339454330156
1753092136.8065012,295.6307373046875,147.49632263183594,666.1139526367188,-10.83999902449611,-91.56066667897615,-29.358664168803706,-181.25091552734375,214.3999786376953,943.6248779296875,18.20028141133031,-88.79069135926615,nan
1753092136.8540277,300.8028869628906,148.1471405029297,669.0531005859375,-8.36387291432535,-92.5785229504136,-40.956556793331686,-182.27587890625,213.1640625,930.2955322265625,9.081119348400097,-89.48925869593019,172.5865631680949
1753092136.899028,300.9245300292969,146.94741821289062,663.635009765625,-11.729755029249963,-91.05860288426582,-33.00464780183678,-180.95469665527344,211.61898803710938,923.5524291992188,3.8037734897075035,-91.93922454257392,171.0526370787486
1753092136.9415536,302.177734375,147.55938720703125,666.3987426757812,-9.944650831673744,-90.02324030054552,-38.05321973722341,-180.8606719970703,211.50904846191406,923.0726318359375,2.626540265925375,-92.2489775220109,169.5575206217776
1753092136.9866176,305.0637512207031,148.33831787109375,669.9165649414062,-7.6647015687253,-91.9325058915306,-43.15574644568999,-183.51727294921875,216.42066955566406,936.63134765625,12.482968320160916,-90.10352757555928,-177.1834009100858
1753092137.0295603,300.83917236328125,146.90573120117188,663.44677734375,-12.755017420279707,-90.5980633094607,-30.587180850549494,-185.15966796875,216.23095703125,935.810302734375,10.571920366314052,-91.89380061818191,-175.345823087337
1753092137.0731258,300.2060852050781,147.22222900390625,664.8760986328125,-13.144523717254215,-90.44777357892137,-38.65907949608073,-186.443603515625,215.63034057617188,933.2109375,9.65309231321547,-92.0782854941439,175.8614595717371
1753092137.1181343,299.19293212890625,147.35421752929688,665.4722290039062,-13.421939585128378,-90.34896568452744,-35.828583470699876,-185.62542724609375,214.68406677246094,929.1156005859375,9.177395004979735,-92.18398581569232,176.29305136007835
1753092137.1596787,293.5592041015625,149.03147888183594,667.2404174804688,-13.27176316925968,-91.47534923502103,-35.60917303698284,-186.29733276367188,215.46115112304688,932.478759765625,15.053289650334811,-89.48008767615835,nan
1753092137.2026787,282.7640380859375,150.12637329101562,672.1423950195312,-11.144980661690397,-90.77246278923747,-23.38623281119321,-183.29197692871094,214.04983520507812,926.3707885742188,12.011071152727595,-91.38786699472524,nan
1753092137.2472663,271.66632080078125,152.4621124267578,676.7612915039062,-10.39532363961812,-93.34654851682204,-10.322462642062513,-182.8119354248047,209.92848205566406,923.9447021484375,7.413320275400801,-89.63697420684029,nan
1753092137.294264,254.64817810058594,157.13897705078125,680.0703735351562,-12.203761773177712,-101.86895050052556,-11.4116290832548,-166.89190673828125,206.49574279785156,924.5181274414062,13.890073066771953,-83.21234148278442,nan
1753092137.3448339,240.28076171875,159.79159545898438,680.205322265625,-16.384311629343415,-107.38458586122833,107.78216243084097,-153.58782958984375,203.0386962890625,909.040283203125,-3.0907002792302043,-90.52269642610767,nan
1753092137.3988316,232.66329956054688,167.46630859375,684.7896728515625,-16.378464394828505,-112.86956067363658,162.97375718297667,-127.37569427490234,192.5425262451172,862.0470581054688,-18.686561983114647,-85.62885298514878,-178.86531262618365
1753092137.446386,236.6001434326172,180.33140563964844,688.56640625,-14.180255298830948,-113.81025568527532,-147.71066852001184,-123.57601928710938,193.45623779296875,858.7293701171875,-20.484450095955175,-86.48120547453618,-174.35120510500656
1753092137.492387,236.45701599121094,180.2223358154297,688.14990234375,-14.41748333397265,-114.18797739387887,-143.05237846118143,-116.62053680419922,197.84942626953125,856.2581787109375,-12.178018005383205,-83.32969888776363,163.24900898044774
1753092137.5369682,234.7228240966797,179.90948486328125,686.955322265625,-15.90534582478836,-117.38205897981194,-137.7126908211926,-120.43009948730469,208.97286987304688,896.918701171875,19.87385467774659,-80.71355831746192,-140.6313310157248
1753092137.579969,230.92300415039062,179.01614379882812,683.5442504882812,-15.754377088522999,-114.44322478939911,-168.1553395152649,-117.61530303955078,208.7726593017578,888.709228515625,13.453138744727546,-80.34566965867468,-129.7671710784677
1753092137.6240036,234.14398193359375,178.4593963623047,681.4183959960938,-15.258289349055847,-112.28951110318323,-165.79484320905024,-118.657958984375,210.6234130859375,896.5875854492188,17.148661532417016,-79.9603369126453,-121.02395133029506
1753092137.6696105,240.092529296875,176.34469604492188,683.4003295898438,-10.376059689465375,-108.28543698991554,-119.09104978766689,-117.42958068847656,203.7663116455078,874.5719604492188,-5.786936154555827,-82.45041277983039,-143.23234877984706
1753092137.712529,245.7518768310547,163.8759307861328,680.8375854492188,-10.469413718404622,-104.64753224681783,-76.89080769894805,-126.419189453125,204.0247344970703,890.4094848632812,4.170168152757178,-78.2961911511245,-120.84609312182663
1753092137.7543104,253.4152069091797,161.59457397460938,676.7775268554688,-11.396019202569018,-101.26122301856911,-36.22578021374884,-134.83258056640625,209.08953857421875,912.513427734375,15.162879463083728,-80.60113049184241,-126.45786619408064
1753092137.7983036,274.1979064941406,156.14956665039062,670.19921875,-11.526711765486416,-95.49816627787996,-19.669165400917095,-147.96444702148438,213.01846313476562,906.7828979492188,4.406262785781875,-88.00138039161332,-147.2078076772068
1753092137.8419437,288.30670166015625,152.83062744140625,666.9869384765625,-11.860352835082237,-93.61579600284965,-13.546592711878892,-161.3714141845703,214.58180236816406,913.4378051757812,2.582116143981158,-89.54352422762209,-162.30700737679493
1753092137.8879416,300.5849304199219,153.1929931640625,668.568359375,-8.724758046785247,-95.6057411994695,-13.726335084657613,-169.4612274169922,215.91867065429688,919.1286010742188,6.687540238273862,-88.76128333240004,165.3669829576646
1753092137.9334912,316.5037536621094,152.7927703857422,666.8217163085938,-6.6384788779929895,-92.88403359116515,-31.48924718244839,-173.1908416748047,216.59689331054688,929.6412963867188,9.908278071879858,-89.38457737887907,-179.33907865964807
1753092137.9755018,325.5657958984375,152.6646728515625,677.6604614257812,0.20052661996706556,-91.80476581561062,-45.62239418305278,-176.94691467285156,219.0288543701172,940.079345703125,nan,nan,nan
1753092138.0165145,320.6233215332031,147.87484741210938,662.0618896484375,-10.991747930854151,-86.38935798956308,-24.19474672606761,-179.1092987060547,219.4588165283203,941.9247436523438,12.85955145431746,-91.21079373436308,-176.5412069772096
1753092138.0620358,323.9800109863281,150.0198974609375,671.6657104492188,-5.752993979706054,-88.08922924170624,-44.67462848236029,-179.70208740234375,218.36407470703125,945.0420532226562,16.328143860821243,-90.45026299014047,177.28125836232505
1753092138.1110303,316.67364501953125,147.8177032470703,661.8060913085938,-13.690926653323924,-85.13992721209641,-17.136439247916936,-177.77635192871094,214.22250366210938,934.914794921875,11.146114072408237,-90.39793697953712,174.3394089723793
1753092138.1530952,313.23431396484375,148.0002899169922,662.6235961914062,-15.087770743096787,-86.42722782308827,-11.764140374515623,-176.640625,211.0639190673828,928.9420776367188,-2.2135297848110493,-91.76492460192571,-159.283198345811
1753092138.1970804,299.31280517578125,150.62452697753906,668.6044921875,-13.706509771449293,-91.06962816847437,1.4121661105701628,-176.68771362304688,211.1201934814453,929.1897583007812,2.976245180404188,-90.75018440595134,177.6197761099048
1753092138.2406569,283.5169982910156,150.52613830566406,673.9321899414062,-13.642224290555735,-95.26377315436254,-1.6935203359901378,-174.42855834960938,218.1448211669922,936.2850341796875,15.44496161285198,-85.8039799114816,-161.16496736309765
1753092138.2836323,268.8515319824219,154.39645385742188,679.5352172851562,-14.433021075703465,-98.71185409171015,-26.343948355352655,-166.91555786132812,226.76315307617188,934.6259155273438,22.936423835098275,-83.22497739150695,-160.11023290859418
1753092138.3266325,260.4736022949219,164.4033966064453,688.5411987304688,-11.210904877855349,-105.2151511836625,-58.77109228202042,-160.55319213867188,223.6258544921875,929.0740356445312,17.371618538468258,-79.58422724872506,-126.73132313483701
1753092138.3741424,252.41148376464844,168.31614685058594,688.2647094726562,-15.952602251836936,-108.52782045474248,17.53252079385288,-148.93002319335938,216.97076416015625,923.6072387695312,13.801581349554546,-78.46449414153474,-111.93339926655344
1753092138.4181406,253.5599365234375,180.12608337402344,687.7824096679688,-17.14866591751683,-110.86971610856916,-116.30413604063419,-140.97259521484375,218.4292755126953,929.8158569335938,19.56176829650611,-79.01476378356776,-102.31844319184762
1753092138.463691,246.59120178222656,178.55303955078125,686.8294677734375,-21.77121953571111,-111.36956029685065,-152.26187550645457,-136.37155151367188,215.77587890625,911.0477294921875,9.90018348102568,-81.23458184740727,-114.56131069030499
1753092138.5076792,248.5716552734375,176.75559997558594,684.9927368164062,-22.322972558959446,-109.17674625322061,-130.95733739054714,-137.9412384033203,220.0352783203125,921.5341796875,14.294380785587519,-82.00051105749519,-111.6416716657265
1753092138.553271,251.1025390625,174.04014587402344,684.6954956054688,-21.660123010113175,-108.09856624217687,-104.89436415989732,-136.93833923339844,216.67266845703125,914.8341064453125,8.083243650226123,-83.87771271232255,-113.27051154542174
1753092138.5972817,254.30686950683594,160.37106323242188,682.6719970703125,-21.34645737133207,-103.25010736364922,-50.14840148530518,-141.31549072265625,215.28428649902344,908.9721069335938,-0.12075812598341523,-88.77278996528385,-128.21221039977758
1753092138.6408932,266.7004089355469,150.73251342773438,680.7290649414062,-20.659032716439192,-95.64034946456812,0.3735676489195945,-147.9208526611328,215.50054931640625,917.3487548828125,4.833782283923334,-92.95876147749424,-149.95624970648308
1753092138.6848943,282.6144714355469,147.5148162841797,677.9979248046875,-18.92876880155434,-90.33468696635546,-5.6833772518853,-155.0175018310547,212.00062561035156,917.5021362304688,-5.407048895850734,-95.99118991416813,-153.94337667992048
1753092138.7289271,301.6108093261719,149.1703643798828,679.5881958007812,-11.695482656410597,-89.27352143517273,-31.285442889772447,-165.53872680664062,212.38980102539062,926.91650390625,-1.5225645248708937,-95.27093485135951,-175.8730239902197
1753092138.7725859,312.12908935546875,149.19046020507812,679.6797485351562,-9.411411543495353,-88.29611554629084,-40.68996856406728,-172.36178588867188,216.4725799560547,944.734619140625,9.173433803425796,-94.29579045152866,-179.97854612577467
1753092138.822581,315.84320068359375,149.1615447998047,673.6343994140625,-12.28242970915844,-85.93641535558089,-49.676800040273456,-174.1936798095703,212.44586181640625,935.0242919921875,0.9798749597927011,-94.66372432804143,-179.68492484705513
1753092138.8730834,313.595947265625,150.00558471679688,671.6016235351562,-12.500421362170142,-83.16101441118555,-52.08520907590491,-174.01284790039062,210.42543029785156,934.0536499023438,-0.2304854526669922,-94.9117064564361,178.45501813148684
1753092138.9270926,309.58489990234375,149.94329833984375,671.3226928710938,-12.860872417504954,-83.95626314807795,-45.25896637157942,-172.979248046875,207.3863525390625,928.5054931640625,-0.324322291427366,-96.27134039276422,-175.37646006825312
1753092138.9734762,300.1800231933594,147.15940856933594,676.3643798828125,-13.644571513845154,-85.59205693812812,-6.449048723323215,-170.64251708984375,203.15611267089844,925.5357055664062,-4.366726558678898,-97.10919441099591,-163.26793001367312
1753092139.0174813,286.1910400390625,148.01319885253906,680.2885131835938,-13.882684514184316,-91.25028886798877,-3.9986891256414556,-171.27349853515625,205.6973876953125,928.9580688476562,5.549577419415876,-93.84034409051655,nan
1753092139.0620985,265.39105224609375,151.6710968017578,690.9810180664062,-13.725491578769383,-104.94226142137873,-26.582045334346923,-156.23423767089844,201.93112182617188,904.0814208984375,-1.0907406319585826,-91.43913239692044,nan
1753092139.1060996,255.68740844726562,164.1649932861328,704.6017456054688,-10.940281857325319,-114.12361010686172,172.56313329657823,-138.0553436279297,202.67222595214844,877.1304321289062,-7.220805710582695,-88.46272477406379,163.3311285799282
1753092139.1507804,250.9683837890625,179.22027587890625,710.4606323242188,-8.909247857756053,-118.45777275542622,171.68377767243632,-120.28482818603516,221.3559112548828,870.841552734375,nan,nan,nan
1753092139.192789,244.60491943359375,192.1136474609375,728.197021484375,-4.525693901170092,-121.82831384629186,179.09022922887496,-110.57695007324219,225.38272094726562,860.5875244140625,nan,nan,nan
1753092139.2373457,206.88430786132812,220.92605590820312,759.7227783203125,3.5268073733012093,-118.59878536739096,120.12469567270858,nan,nan,nan,nan,nan,nan
1753092139.282351,186.3614501953125,232.60321044921875,759.6103515625,-0.9349974566654042,-121.24572901847688,179.86188453648847,nan,nan,nan,nan,nan,nan
1753092139.3293583,173.58316040039062,297.47235107421875,787.9832763671875,13.879573354337257,-131.69784057134504,173.05735526953612,-0.9493860602378845,259.354248046875,723.96484375,-24.067381829198503,-51.58803058081996,53.586292591202074
1753092139.3752081,163.52696228027344,319.98187255859375,776.2855224609375,11.772169611138434,-139.33418523919318,146.08834522325503,10.108488082885742,278.8480224609375,716.6990356445312,-9.546777389199367,-38.27364352457713,-42.20104328628207
1753092139.4202163,156.3634033203125,341.3395080566406,770.4706420898438,4.638176420771063,-144.27670521992232,-114.6517099801121,93.6477279663086,336.20159912109375,755.5869140625,nan,nan,nan
1753092139.4627664,169.56874084472656,367.7237854003906,769.7597045898438,nan,nan,nan,60.73463821411133,322.3395080566406,727.5838012695312,-61.097151778534545,16.6809700692355,nan
1753092139.5057664,181.9837646484375,385.91925048828125,798.1895141601562,nan,nan,nan,79.38658905029297,330.88836669921875,718.7446899414062,-58.881160320436145,20.01306121020371,-73.72704022699367
1753092139.550363,191.94850158691406,393.7396545410156,814.3643188476562,-35.851755054548505,-163.49829031070004,-85.271339016314,65.01466369628906,329.6264343261719,713.01904296875,-62.17302923345212,24.300953776405343,-96.55230529558641
1753092139.5963643,186.2565460205078,384.9066467285156,777.5028686523438,-54.10501770858722,174.37422050344836,-73.33541276686789,54.52470397949219,343.7810363769531,719.64013671875,-63.338031982220556,37.31211419666291,-120.58558919992267
1753092139.6459012,nan,nan,nan,nan,nan,nan,55.71150207519531,338.40655517578125,717.0670166015625,-65.11977359785467,27.961596216262006,nan
1753092139.6948915,nan,nan,nan,nan,nan,nan,68.63568878173828,349.181884765625,722.206298828125,-61.025440028798656,29.26817343548924,-103.15677651481478
1753092139.7434585,187.76263427734375,392.019287109375,759.3573608398438,nan,nan,nan,74.60432434082031,359.46881103515625,726.1190185546875,-58.57235877592894,32.75154513828564,-105.28969270549243
1753092139.7874577,190.90354919433594,398.4473876953125,766.08984375,nan,nan,nan,66.90867614746094,368.92266845703125,733.790771484375,nan,nan,nan
1753092139.8324728,196.42019653320312,408.08892822265625,770.35693359375,nan,nan,nan,57.337406158447266,375.3022155761719,737.9942016601562,nan,nan,nan
1753092139.8759801,196.9202423095703,405.7901611328125,749.6560668945312,nan,nan,nan,49.04092025756836,391.3787841796875,763.8186645507812,31.75912614799224,-33.39639728612726,1.6035633960448108
1753092139.9199848,nan,nan,nan,nan,nan,nan,37.84034729003906,401.8921813964844,775.5866088867188,39.35872412650143,-37.17976766785179,-13.517873189657543
1753092139.9647818,198.45773315429688,404.5350646972656,750.00732421875,-45.04402180056007,172.30815458027885,-85.84500139396536,38.98756408691406,379.4814758300781,740.5997924804688,nan,nan,nan
1753092140.0147924,202.37503051757812,409.5725402832031,764.8115234375,-35.18561244528362,179.7334335122864,-83.47789993376904,45.96368408203125,376.748046875,738.0407104492188,-58.47217977251059,31.39185430141065,-103.23288461719262
1753092140.058303,204.3616485595703,419.70599365234375,783.7340698242188,-14.05960106180184,-169.42294540993942,-87.57092173098019,46.139888763427734,381.0475769042969,740.8700561523438,-56.56991511325629,34.865423041098424,-107.42091586053492
1753092140.1033108,204.3075714111328,419.59490966796875,783.5266723632812,-12.302205740456035,-172.1179180937982,nan,nan,nan,nan,nan,nan,nan
1753092140.1468534,202.9702911376953,418.4407653808594,784.1932373046875,-8.855670230303588,-168.25437117608587,-161.07412555084625,50.497283935546875,431.09521484375,810.8369140625,20.400882770747227,-32.882269882945145,11.028733220491889
1753092140.19185,202.9998321533203,418.5016784667969,784.307373046875,-9.858909186713696,-168.71271804733908,178.69081139025838,nan,nan,nan,nan,nan,nan
1753092140.2348619,203.57859802246094,425.75738525390625,786.5435180664062,-6.367887071448398,-168.92152699567464,nan,60.03148651123047,445.4349365234375,834.7825317382812,23.636782767922163,-37.650411411996515,9.865072981124424
1753092140.278393,204.48410034179688,438.5278015136719,795.9679565429688,-1.7034680279339067,-175.36473769994225,137.79776111664887,58.48751449584961,462.0311584472656,835.7057495117188,28.06638064164286,-43.73023083822348,-11.673693269574757
1753092140.3215208,193.17543029785156,421.7863464355469,757.6310424804688,-37.916207072232936,159.01267943254058,nan,55.56781005859375,460.834716796875,816.4673461914062,16.910589422219612,-38.036837150165624,-15.791150125466364
1753092140.3640344,189.990966796875,416.2691345214844,745.1416015625,-51.18309849175599,138.7051812738375,-112.28615141004411,41.61641311645508,475.80169677734375,820.5730590820312,14.792179779890384,-36.89433037436589,-8.828199919128215
1753092140.4100351,188.04959106445312,410.5943603515625,737.5275268554688,-42.504588300104466,153.9296708596418,nan,24.649946212768555,482.575439453125,835.0301513671875,17.84508810121196,-45.20839934717979,-7.470417341366405
1753092140.4546094,nan,nan,nan,nan,nan,nan,10.220572471618652,488.28631591796875,839.31494140625,13.03253541392752,-39.327141412045314,-5.235379207800521
1753092140.4986038,nan,nan,nan,nan,nan,nan,-2.742757797241211,494.3714294433594,846.9692993164062,8.64791032235161,-40.34229984418251,0.3936554760792516
1753092140.5425675,214.8694305419922,490.7250061035156,849.1318359375,37.81743030040356,-139.60601015860755,148.7867778523894,nan,nan,nan,nan,nan,nan
1753092140.5875604,nan,nan,nan,nan,nan,nan,nan,nan,nan,nan,nan,nan
1753092140.629583,194.1060028076172,442.0743713378906,749.9453125,-20.14038190912859,-174.29934675067398,172.0760103861705,-9.635289192199707,518.884033203125,880.2469482421875,34.87683994153373,-58.21871205660821,-24.448923677614584
1753092140.6715713,216.26400756835938,488.48565673828125,823.2958984375,nan,nan,nan,-8.096044540405273,534.3309936523438,897.6484985351562,38.01797043052799,-61.22163842032746,-5.093282622782452
1753092140.7174094,221.24803161621094,507.3823547363281,836.1359252929688,-9.878941425902592,-171.89365506703305,156.78623371332338,-6.137972831726074,520.1685791015625,865.4515380859375,23.027299274319617,-53.66877063384975,-15.313393415801126
1753092140.7639606,182.41058349609375,423.20574951171875,684.37841796875,nan,nan,nan,-2.6852192878723145,506.3699951171875,829.2012939453125,6.210274895556925,-29.963453883424382,-4.465082739446238
1753092140.8099627,nan,nan,nan,nan,nan,nan,-2.750889539718628,526.9383544921875,849.4803466796875,20.24814481404427,-39.89055609115965,-12.328708092028766
1753092140.852522,nan,nan,nan,nan,nan,nan,-1.1989928483963013,570.67333984375,914.3052978515625,40.70134732008097,-55.83893404250899,2.4632032357735447
1753092140.895505,nan,nan,nan,nan,nan,nan,-1.0805325508117676,520.6419677734375,823.9721069335938,7.564955332286329,-29.975392155009526,nan
1753092140.9411707,nan,nan,nan,nan,nan,nan,nan,nan,nan,nan,nan,nan
1753092140.9841664,nan,nan,nan,nan,nan,nan,-8.505518913269043,597.7000122070312,943.0488891601562,47.69532437673824,-64.76905185139945,nan
1753092141.0263488,89.05268859863281,185.00436401367188,269.7552490234375,-14.286304608458071,163.12376365626986,-143.44119224900285,nan,nan,nan,nan,nan,nan
1753092141.0768387,nan,nan,nan,nan,nan,nan,-18.706960678100586,534.7750854492188,831.131591796875,-8.455238568585347,-20.0089090717307,45.46056897487719
1753092141.1209009,258.4548034667969,521.7891845703125,773.867919921875,-6.622384439943885,170.67690098054896,178.50453218485112,-19.966045379638672,622.339111328125,970.1264038085938,34.941973102010934,-49.13857718783201,4.320824289595709
1753092141.1647685,92.9617691040039,169.8875732421875,239.6338653564453,nan,nan,nan,-19.479528427124023,608.9982299804688,946.487060546875,17.884653457668794,-35.698074595957166,24.485316332307825
1753092141.2107844,nan,nan,nan,nan,nan,nan,nan,nan,nan,nan,nan,nan
1753092141.2534053,209.0610809326172,378.3007507324219,533.6098022460938,nan,nan,nan,-13.904572486877441,550.8800659179688,831.2666625976562,-1.39771561880614,-8.552294502774886,nan
1753092141.2973993,240.17835998535156,432.4810485839844,610.0335083007812,nan,nan,nan,-2.7527220249176025,560.04931640625,850.0462646484375,-28.677241166065013,10.580355221785089,-28.59119588000404
1753092141.341047,nan,nan,nan,nan,nan,nan,-7.397128105163574,545.0975952148438,820.1561889648438,5.015102606677923,-12.977042058625543,-68.32760608625368
1753092141.386061,285.67413330078125,424.9673767089844,599.4351196289062,nan,nan,nan,nan,nan,nan,nan,nan,nan
1753092141.4310534,328.1288146972656,486.15704345703125,685.745849609375,nan,nan,nan,0.6084735989570618,676.0015258789062,988.4564819335938,1.6989754076768768,11.394360019847126,2.9821665789361753
1753092141.475586,nan,nan,nan,nan,nan,nan,2.0618062019348145,551.4646606445312,810.9271240234375,-4.114371387314902,9.304279448700466,-8.043648851151696
1753092141.523571,nan,nan,nan,nan,nan,nan,nan,nan,nan,nan,nan,nan
1753092141.5701458,nan,nan,nan,nan,nan,nan,nan,nan,nan,nan,nan,nan
1753092141.6141567,nan,nan,nan,nan,nan,nan,nan,nan,nan,nan,nan,nan
1753092141.6566768,288.1880187988281,492.419921875,694.5798950195312,nan,nan,nan,nan,nan,nan,nan,nan,nan
1753092141.6996913,225.23675537109375,413.6748046875,583.5064697265625,nan,nan,nan,25.289180755615234,526.7377319335938,804.1898193359375,32.329302984641664,-15.921317301055804,-10.075838143171302
1753092141.7452247,nan,nan,nan,nan,nan,nan,3.5994112491607666,524.3816528320312,805.3311767578125,-39.423777639395794,35.31399648529745,10.309630891008462
1753092141.789223,132.93511962890625,235.90797424316406,332.758544921875,nan,nan,nan,nan,nan,nan,nan,nan,nan
1753092141.8332334,222.15240478515625,408.0100402832031,575.5160522460938,50.15657846965424,-121.83247994788171,154.51487172078794,nan,nan,nan,nan,nan,nan
1753092141.8747768,nan,nan,nan,nan,nan,nan,nan,nan,nan,nan,nan,nan
1753092141.9177654,nan,nan,nan,nan,nan,nan,nan,nan,nan,nan,nan,nan
1753092141.9613235,259.7783508300781,431.84344482421875,609.1341552734375,2.053632678744017,-178.54337265098957,125.36203418871362,nan,nan,nan,nan,nan,nan
1753092142.004326,nan,nan,nan,nan,nan,nan,nan,nan,nan,nan,nan,nan
1753092142.0478556,209.32127380371094,393.4201965332031,602.4213256835938,-26.343073369445296,-170.21305005674398,-63.70138769213569,-275.0312194824219,479.635498046875,841.1617431640625,51.713766393098524,-68.60602833952598,-58.10673792223898
1753092142.0908575,213.0556640625,407.6307678222656,609.787109375,nan,nan,nan,nan,nan,nan,nan,nan,nan
1753092142.142379,207.28355407714844,378.8105773925781,534.3289184570312,50.19092034894225,-121.7197641214781,nan,nan,nan,nan,nan,nan,nan
1753092142.184375,nan,nan,nan,nan,nan,nan,nan,nan,nan,nan,nan,nan
1753092142.2264643,214.53189086914062,381.674072265625,635.0256958007812,nan,nan,nan,-309.83563232421875,351.3271179199219,668.06689453125,21.149447368608726,-150.4650833894217,166.61736261309485
1753092142.2699726,209.62026977539062,401.0073547363281,642.474609375,-32.30411076812351,90.31960602407187,-62.698957658553866,nan,nan,nan,nan,nan,nan
1753092142.3149898,nan,nan,nan,nan,nan,nan,-403.0122375488281,310.29180908203125,626.7825927734375,33.15704012851317,-139.29222351265153,-172.1214934729049
1753092142.3615377,244.28189086914062,474.7215576171875,669.6156005859375,nan,nan,nan,-404.0590515136719,319.32025146484375,630.299560546875,31.436924728200687,-156.4887562423117,-139.79600692393333
1753092142.4045398,nan,nan,nan,nan,nan,nan,-402.880859375,324.9524841308594,634.1804809570312,32.50250641408331,-175.13043415294192,-90.29066679257538
1753092142.4501045,106.00251007080078,191.81393432617188,270.5619812011719,5.525031429629366,-176.06779379788733,-54.476762286975365,-413.9405822753906,324.8309326171875,626.8709106445312,46.16073480243194,-174.79776963908748,79.18026324103602
1753092142.495119,nan,nan,nan,nan,nan,nan,-410.2535705566406,329.6330261230469,636.13818359375,60.50199532682603,-170.863862944556,90.7866246767806
1753092142.537127,248.22256469726562,490.1466369628906,691.3733520507812,0.0,0.0,0.0,-410.7120666503906,332.4557800292969,636.84912109375,57.48887631938202,-163.28639011189802,-41.45294600452664
1753092142.580657,101.97615814208984,201.36473083496094,284.0337829589844,nan,nan,nan,-409.0960998535156,333.36614990234375,636.2445068359375,56.23385049867384,-161.28018971551694,80.26131215072809
1753092142.6257372,286.80877685546875,569.3959350585938,803.157958984375,-4.0262935374858255,177.13968987436743,nan,-416.15625,333.3729553222656,633.9261474609375,53.87674297046509,-163.5454853029119,-52.04633840167695
1753092142.6722817,86.04192352294922,170.81736755371094,240.94540405273438,-53.167334767726686,71.18104339783869,15.257232800955125,-413.1542663574219,335.3623962402344,633.0697631835938,53.403562043961834,-163.69406102552054,nan
1753092142.714276,nan,nan,nan,nan,nan,nan,-413.3874206542969,337.7695617675781,635.3028564453125,59.545053455678556,-154.93645181658138,-54.76659313459352
1753092142.7558296,293.8968200683594,596.33935546875,841.1627807617188,51.131179376987184,-118.4075420113769,nan,-410.7627868652344,340.0720520019531,635.0303955078125,60.43086154137069,-150.91172618089956,156.15744118853155
1753092142.8008175,nan,nan,nan,nan,nan,nan,-409.27532958984375,340.8714904785156,636.523193359375,59.337881881617726,-151.74838171519443,-81.82786466978997
1753092142.8453841,233.43052673339844,492.1678466796875,760.3584594726562,1.2884058001960306,166.55685014879236,-174.47569929084497,-406.2642517089844,341.4333801269531,637.5724487304688,50.98896703167838,-147.28466887820582,-112.56090230785051
1753092142.8883708,nan,nan,nan,nan,nan,nan,-402.55718994140625,341.6012878417969,635.5989379882812,53.16950808833982,-148.4828369057668,-167.8544036737989
1753092142.932374,nan,nan,nan,nan,nan,nan,-402.0140686035156,343.4083251953125,636.678466796875,53.05848757557716,-145.5272410882578,-170.58913638921229
1753092142.9749305,nan,nan,nan,nan,nan,nan,-401.1526184082031,343.7214050292969,637.2589111328125,43.17144947039854,-157.68512094693605,-83.40507304160451
1753092143.0199256,244.1732177734375,530.5595092773438,748.3775024414062,-2.071914519213674,178.53029715329575,125.36116940690923,-398.715576171875,344.9656982421875,637.2891235351562,36.714471817379604,-160.23189977135172,-74.02750913250809
1753092143.0655117,nan,nan,nan,nan,nan,nan,-399.0818786621094,358.6631164550781,660.2432861328125,53.11655803707852,-136.50069367101133,-140.6595238671145
1753092143.1115024,nan,nan,nan,nan,nan,nan,-392.20245361328125,353.6076965332031,650.9370727539062,46.678743552495845,-147.26241607928304,-138.28547186608384
1753092143.1616542,234.02017211914062,537.477294921875,762.2791137695312,2.8237883883445516,179.09920971308065,137.4517039921551,-393.8738708496094,353.9825744628906,651.6271362304688,44.152399208153795,-148.17077743313314,-88.30590080070583
1753092143.2116404,nan,nan,nan,nan,nan,nan,-396.3702392578125,355.09405517578125,653.6732177734375,48.42824305841822,-148.29072251716252,-65.39899562197273
1753092143.256282,239.08474731445312,552.1105346679688,778.776123046875,8.972088183144118,-173.57328509064916,-54.16069023184516,-392.50946044921875,350.52142333984375,645.2557373046875,50.27572245340391,-148.8788703067985,-153.56549839978362
1753092143.300289,nan,nan,nan,nan,nan,nan,-399.2507019042969,356.54156494140625,656.3378295898438,58.2854158399729,-130.72800420557476,-82.4945607714284
1753092143.3448517,nan,nan,nan,nan,nan,nan,-395.14141845703125,352.871826171875,649.5824584960938,51.444323319169065,-146.75096434808515,-56.8818213454511
1753092143.390854,nan,nan,nan,nan,nan,nan,-393.1376953125,351.0824890136719,646.2885131835938,48.32529442427418,-151.01389681827314,-104.4068490176979
1753092143.4378643,81.57294464111328,191.9888916015625,270.8087463378906,nan,nan,nan,-394.87255859375,352.6317443847656,649.1405029296875,49.93867737885819,-147.72897832210563,-68.00053532222312
1753092143.4823987,81.46568298339844,194.2213592529297,273.957763671875,-7.038907984178329,174.97805717814566,-54.357041027110256,-389.3349304199219,347.6864929199219,640.0370483398438,37.772849206192134,-160.356420588367,-77.26875790279368
1753092143.5294034,221.35400390625,541.770263671875,764.1907348632812,-12.020515637105897,171.3176194319893,126.25029044173193,-393.429443359375,351.343017578125,646.7681274414062,50.69659868687844,-148.97139975370487,-56.84489505845939
1753092143.574206,nan,nan,nan,nan,nan,nan,-393.1742248535156,351.1150817871094,646.3485717773438,41.538366261603606,-156.92492379600864,-74.10620837412115
1753092143.6172025,222.21438598632812,540.2818603515625,762.0912475585938,-2.332483718937079,178.34529864054892,125.36840457608885,-390.7640075683594,348.96270751953125,642.3863525390625,41.73061987986494,-157.56838205161262,-94.1565148845287
1753092143.6627772,222.95046997070312,542.0714721679688,764.6156616210938,-14.541523493576767,169.40332301123894,126.69047723594613,-393.2330017089844,350.05865478515625,644.4038696289062,45.617491580274695,-153.10686182028246,-60.34126129879022
1753092143.70377,231.01271057128906,557.9862060546875,787.0640258789062,0.7478831256740327,-179.46972765451588,-54.66194313735328,-393.7071533203125,349.237548828125,645.180908203125,53.22570382919753,-143.92403323214597,nan
1753092143.7463815,231.2916259765625,551.4196166992188,777.801513671875,-0.15616561726409262,179.8892958743123,125.33415836086748,-391.57977294921875,347.3504638671875,641.6947021484375,52.585965275969514,-144.88671900946133,144.09639510200583
1753092143.791367,nan,nan,nan,nan,nan,nan,-392.7536926269531,347.15155029296875,643.618408203125,56.25989233590436,-140.03802352552717,-167.34674889900634
1753092143.8383744,202.07138061523438,428.94384765625,605.0441284179688,-54.629616743657756,87.05273360566954,nan,-392.6022033691406,344.689453125,641.344970703125,46.27339183886553,-155.37604038606216,-59.67116172230352
1753092143.8868947,nan,nan,nan,nan,nan,nan,-394.2906799316406,343.6895751953125,644.1032104492188,36.555063716173166,-159.37795340911848,-112.49295965780634
1753092143.9319146,nan,nan,nan,nan,nan,nan,-383.39874267578125,331.8311767578125,672.9108276367188,24.935994490680798,-139.10801714573265,-151.23676706568804
1753092143.9765058,nan,nan,nan,nan,nan,nan,-358.8833312988281,328.01007080078125,703.6566772460938,28.391891342339676,-116.92403299473048,-130.64875111083393
1753092144.0234883,193.59779357910156,332.50115966796875,634.5936279296875,20.7573515263239,-161.60662196301553,nan,-337.14166259765625,297.9809265136719,706.3990478515625,16.866818722864878,-130.6742707072904,-161.40325370381927
1753092144.0660427,188.53570556640625,282.15179443359375,595.4347534179688,24.910429800179095,-151.07179143401768,-105.45752464088343,-275.53033447265625,249.5817108154297,757.8301391601562,-63.79588350971743,152.94368711975392,nan
1753092144.1100497,178.2635040283203,247.42947387695312,573.4628295898438,17.72902237668664,-141.85790714332109,-123.63876441570022,-248.5255584716797,229.48602294921875,773.7767944335938,24.099283641458808,-107.38351889949851,-140.50084194737744
1753092144.1557992,181.54391479492188,228.0615692138672,580.417724609375,-2.050164406524467,-141.4145143182362,109.9803452517589,nan,nan,nan,nan,nan,nan
1753092144.1967723,198.22267150878906,172.44593811035156,596.964599609375,-17.478893310296947,-103.51792117251287,-133.10497826761656,-191.29661560058594,185.82070922851562,753.902587890625,-26.04198933802751,-93.40822979167392,-122.38746746806771
1753092144.245307,203.0082550048828,144.30397033691406,604.3623657226562,-16.829554322389523,-94.5492133668571,-82.52475670315133,-180.18646240234375,167.51309204101562,749.9857788085938,-31.5848912201199,-93.55614502302569,-173.03506667234765
1753092144.2883086,210.7567901611328,138.61434936523438,599.8989868164062,-19.66424889175799,-88.62017524955047,-16.681110439246126,-174.788330078125,161.98101806640625,757.9114379882812,-31.94300411301063,-87.64476533724408,-166.5491345988346
1753092144.3314202,230.46002197265625,138.88275146484375,606.1152954101562,-19.91911169550031,-92.10841941299638,-23.886671308468095,-167.70445251464844,157.62945556640625,772.3696899414062,-28.565334398301456,-89.9521576143418,-151.72133274311122
1753092144.378984,233.29489135742188,135.17678833007812,610.4772338867188,-23.810056461305447,-94.16657452107155,-28.410726900940762,-155.1642303466797,149.57701110839844,769.2282104492188,-36.76604090090836,-95.07494312878501,-152.3211744486551
1753092144.4219902,238.46347045898438,130.19007873535156,614.7034912109375,-25.161850935798743,-89.00696515058628,-43.852269228816134,-147.55836486816406,144.91258239746094,776.000244140625,-40.52094241039215,-93.28229613601309,-177.93394465833092
1753092144.4655318,252.32049560546875,127.65448760986328,619.64453125,-22.50784221524698,-88.62150450373498,-13.260769618528704,-138.56690979003906,138.91546630859375,784.3536376953125,-40.81351703078399,-90.01653627813754,-172.78891505918648
1753092144.5105336,263.9618835449219,134.69065856933594,624.5879516601562,-19.588343142388094,-89.34310611314257,-10.953093361459427,-136.45370483398438,142.96340942382812,798.5214233398438,-36.77079154069459,-92.41854608884894,-174.3077542736829
1753092144.5550878,274.3877868652344,142.32562255859375,626.4086303710938,-17.703180939925062,-89.91802285544821,-21.356775033684162,-131.464111328125,153.29888916015625,796.2593994140625,-38.60358048511037,-95.11953427813495,-176.20241251879656
1753092144.598081,277.22998046875,149.2411651611328,630.1251831054688,-14.88674634331212,-87.9806638868331,-31.787072762051604,-127.87250518798828,160.70745849609375,802.6078491210938,-37.379177379567835,-96.9912910669944,179.48887894915066
1753092144.6428053,274.0010070800781,150.13314819335938,633.8912963867188,-15.129546382776155,-88.93038805281766,-31.698316947170674,-123.17552185058594,169.52557373046875,822.889892578125,-21.65677895158897,-88.54537703313798,-164.68937521639359
1753092144.6898296,272.3834228515625,152.50059509277344,638.6907958984375,-14.671469684395117,-89.13627856672585,-12.896719427529549,-117.55889129638672,172.17457580566406,828.0036010742188,-21.587270301946475,-90.78717418590895,-173.92951992676223
1753092144.7360222,260.02606201171875,156.4125213623047,644.6690673828125,-13.451802263877084,-85.41173576851449,-39.37412473843181,-110.57154846191406,175.34043884277344,835.4861450195312,-16.83478432142894,-86.32947139032008,-152.29772671068878
1753092144.7847176,254.71926879882812,161.37582397460938,659.8849487304688,-10.201073750880337,-90.76719777728748,-11.62060553162742,-100.43029022216797,176.10585021972656,831.4986572265625,-18.26530392095443,-88.53190693751125,-162.80396815750726
1753092144.8318036,216.66207885742188,165.9354248046875,668.0026245117188,-9.579809134784117,-99.07213924217987,129.01583855388247,-76.03458404541016,178.46104431152344,827.5601196289062,-36.31478184672719,-90.78202790250131,nan
1753092144.8766565,200.7113494873047,168.9653778076172,674.9642944335938,-14.381602653040368,-102.75345055700812,124.58661014369103,-61.227745056152344,183.4767303466797,821.4578857421875,-28.081315484754914,-92.27908417777253,-179.19818871577385
1753092144.9196672,192.5264892578125,171.0830841064453,678.203369140625,-19.92068812837643,-99.82186041466956,171.04653418448333,-57.633209228515625,185.264404296875,815.392333984375,-24.96717472732427,-93.50958865535513,-162.48558764765895
1753092144.964582,187.0252227783203,173.44288635253906,677.2119140625,-16.560688109216112,-99.82351748072259,96.4288901097791,-57.36687469482422,187.5361785888672,811.6242065429688,-23.26199624751228,-90.20465695035735,-163.93518127532542
1753092145.0105839,188.70701599121094,175.19114685058594,673.8975219726562,-17.567309217537012,-99.1026210623246,146.9805402056852,-63.634986877441406,187.57235717773438,811.7808227539062,-15.209832359832909,-92.7428922857331,177.04899654849427
1753092145.0572646,193.33999633789062,177.27365112304688,671.94677734375,-12.442005246448609,-99.70043207796678,122.06494378174682,-66.7403793334961,187.5073699951172,811.4995727539062,-19.538567889978083,-90.12239535248915,173.32283819086896
1753092145.1002505,208.731689453125,173.48651123046875,667.34033203125,-14.747741013586207,-105.49979053811539,-158.8579721121963,-86.7985610961914,188.75668334960938,823.7763061523438,-17.53381640368175,-87.62338274728485,-172.84566298485797
1753092145.1437945,230.91639709472656,165.80531311035156,657.2813720703125,-14.075295921164768,-104.49791804640324,-89.59607974883971,nan,nan,nan,nan,nan,nan
1753092145.1888056,249.4932403564453,161.36138916015625,649.5889892578125,-12.146890627306858,-101.72877291347756,-38.99814960013962,-114.759521484375,188.77407836914062,830.8392333984375,-19.27388559460079,-90.13555563607328,-149.4787569053608
1753092145.2338088,268.56121826171875,157.3472900390625,638.3816528320312,-10.180432047140677,-93.94031040847011,-7.136994883953948,-132.3694305419922,197.56617736816406,841.0051879882812,-12.752308268439927,-90.78396379555578,-141.68496772476303
1753092145.2813473,280.01324462890625,156.18743896484375,633.6759643554688,-13.910800247105232,-95.09237255969224,-21.55681270983836,-145.1198272705078,202.77239990234375,849.2351684570312,-2.634518643806624,-91.68267954869393,-169.7993263672882
1753092145.3263428,286.4059753417969,155.67996215820312,631.6170043945312,-14.803086858341485,-95.48545870737364,-12.089747704214782,-151.82691955566406,205.20220947265625,859.4114990234375,1.0803740928897487,-91.0225443993214,-163.34549047170657
1753092145.3699176,294.87078857421875,157.43502807617188,628.9041748046875,-13.232090941309165,-93.00608924538356,-27.25225668188275,-152.63929748535156,213.625,873.5380249023438,10.61023004725878,-91.61290746229511,-153.29525948261767
1753092145.4129045,289.2103271484375,160.07952880859375,629.772705078125,-14.681897070283574,-93.59265868848999,-27.365119162671988,-150.90667724609375,215.23785400390625,873.2523803710938,10.297789137537801,-92.85402729975128,-131.33600369534375
1753092145.457471,284.6378173828125,160.9248809814453,633.098388671875,-13.287975125737765,-94.33121307232659,-15.87764730397738,-147.32562255859375,216.6035614013672,871.9761962890625,11.320529540714588,-92.69140398172527,-147.95258476570507
1753092145.4984703,280.21142578125,161.8916473388672,636.9017944335938,-14.172289557552388,-92.20340254549332,-9.707567212954345,-150.8990478515625,221.85733032226562,893.126220703125,23.424556364140393,-88.93567331968113,-127.36911612927284
1753092145.542486,270.8304748535156,162.89280700683594,640.8404541015625,-13.508704623038755,-87.02759576921129,-18.210089379528178,nan,nan,nan,nan,nan,nan
1753092145.585003,250.86570739746094,162.69142150878906,649.9017944335938,-12.853087647250952,-88.67992367229667,-22.92869041498305,-121.08090209960938,208.09359741210938,864.5438842773438,3.477802266482105,-89.51231693427368,-120.30045050813155
1753092145.6280012,228.9291534423828,171.91712951660156,666.2418823242188,-8.521695386301023,-101.71102505943001,-138.70321103157173,-106.35791015625,199.23789978027344,827.7520141601562,-15.351557813554814,-94.46195967420105,-158.49753790157368
1753092145.6735651,213.57138061523438,173.2398681640625,666.3916625976562,-11.282159291037047,-99.59610050441032,113.73821968368384,-97.37228393554688,197.1916046142578,819.2505493164062,-17.147620412501894,-94.61088653038576,nan
1753092145.719563,201.06723022460938,175.9424285888672,671.8077392578125,-15.37153402083316,-101.37628034956576,167.09844719874135,-89.40872955322266,197.03672790527344,818.6071166992188,-16.00806614340153,-99.55756184879924,-150.99409056194682
1753092145.767131,196.74755859375,178.0137176513672,674.751953125,-15.641140377599237,-99.82012607909019,128.84020324878827,-80.82689666748047,195.3574981689453,811.6305541992188,-17.40963653352764,-98.30959956031015,nan
1753092145.8112652,196.3441619873047,180.24380493164062,673.3684692382812,-14.9919500231288,-99.05017007018442,154.10310544306077,-79.52483367919922,196.0030059814453,814.3124389648438,-16.316690594421388,-98.1287659678854,-167.76061147440018
1753092145.8559499,200.82302856445312,179.60765075683594,670.9918212890625,-13.519084337247136,-99.3022278632767,155.1209888151596,-80.817138671875,193.77012634277344,811.5325927734375,-17.880815004043257,-95.77094006163603,170.17170047310435
1753092145.9010296,204.59075927734375,175.63330078125,670.6273803710938,-10.769191355673465,-101.03941158765225,133.0782528366667,-83.15913391113281,199.38539123535156,835.0499877929688,-8.49031482349174,-95.88643903558206,-155.302490862619
1753092145.9466426,223.99156188964844,167.57644653320312,659.2664794921875,-12.658802620562948,-101.97967472640195,-81.25464012808244,-94.98469543457031,203.80917358398438,840.0189208984375,-7.350607054237752,-95.74548376386144,-146.1003053863441
1753092145.991645,251.57382202148438,167.33302307128906,658.308837890625,-5.186385496025124,-100.87524574761106,-24.79401492417692,-121.96894836425781,217.27694702148438,895.527587890625,25.963433447387615,-92.50986796139942,-132.92872010394976
1753092146.03568,272.7221984863281,159.78517150878906,648.2725219726562,-5.962032687023031,-94.00054219209369,-22.06811627348256,nan,nan,nan,nan,nan,nan
1753092146.0804822,287.8804626464844,158.50210571289062,643.06689453125,-9.654506079412156,-93.32899780757506,-16.55689525951768,nan,nan,nan,nan,nan,nan
1753092146.127458,301.0617980957031,160.08258056640625,639.4803466796875,-7.869107924258992,-88.18274599736719,-33.31644551052187,-138.79934692382812,204.65745544433594,871.1915893554688,1.82905940262522,-94.34134758744972,-165.95047945120302
1753092146.1720629,308.46636962890625,162.5529022216797,639.5032348632812,-5.990614819508617,-85.23320579569788,-33.413038685331145,-143.9346466064453,207.21688842773438,882.086669921875,6.052560033895626,-93.65715294564278,-152.8501781791668
1753092146.2200632,313.3582763671875,163.17520141601562,641.9514770507812,-5.682756218488118,-83.49652373405131,-50.276310432112425,-142.16964721679688,207.121826171875,881.6819458007812,1.958687306459494,-94.5106471739095,-163.21904162580722
1753092146.2640374,306.7939758300781,164.29701232910156,646.36474609375,-5.9018571261058215,-83.46484793783333,-45.571435830378675,-141.51966857910156,204.48373413085938,877.651123046875,-0.660792448522096,-96.06880622625815,177.8591466695975
1753092146.310056,301.25115966796875,163.9917449951172,645.163818359375,-7.845287494903185,-83.49334185525235,-46.75302799191624,-142.7388458251953,204.53955078125,885.2119140625,-7.146822195036291,-97.1474042782839,-133.64350562597653
1753092146.357566,299.2967529296875,165.5291748046875,646.3126220703125,-8.653952563993446,-85.95839213610908,-38.56743337775524,-142.26083374023438,204.59954833984375,892.9180297851562,0.3766773421425992,-96.91099506446663,-132.34510803412488
1753092146.4025931,275.63385009765625,167.8037109375,655.193603515625,-3.6567518007005773,-81.92224706025135,-22.291856786212275,-146.2844696044922,221.97923278808594,952.742431640625,35.05830582196605,-90.67311281901647,-115.5037344764305
1753092146.4474344,251.5980224609375,170.33555603027344,665.0792846679688,-4.933627310056957,-81.4500981499518,-60.78287914694953,-130.03948974609375,226.1344757080078,954.78369140625,38.45907599086748,-88.64563919939496,-112.21158624866266
1753092146.4934537,235.59945678710938,172.69960021972656,674.3097534179688,-1.7388637077041722,-82.9045084551112,-63.944633075459514,-108.46387481689453,202.9736785888672,856.9943237304688,-8.50223186957199,-96.01249616030825,-143.92860174239118
1753092146.5374582,209.75389099121094,190.42042541503906,696.3483276367188,-0.26388584734733506,-90.84573110609772,177.12653586014284,-81.66602325439453,199.66897583007812,836.2376708984375,-11.931231927374421,-101.31075373668872,-171.0569721983529
1753092146.581955,192.97128295898438,195.1144256591797,698.742431640625,-21.603772951795374,-95.17334996216897,167.88262264737597,-67.87549591064453,197.0577392578125,825.301513671875,-13.872060344952475,-105.66930183425502,-177.14617539224608
1753092146.6269453,190.17596435546875,200.39224243164062,698.3662109375,-20.31975906241637,-100.64995415565599,156.53673791113053,-59.7454948425293,196.4709930419922,822.8441162109375,-12.215251353695766,-104.05062535792115,169.16810182410612
1753092146.6785028,196.465576171875,197.25465393066406,692.079345703125,-28.0789516312143,-103.28006486147247,-145.6914894585977,-56.4453010559082,197.60484313964844,820.9674072265625,-5.287784406595261,-93.02474427815837,-177.61344911409125
1753092146.729595,203.9715576171875,196.82313537597656,685.9279174804688,-8.520127072285492,-103.77472253946367,-135.24999991371237,-59.98941421508789,205.23338317871094,826.2035522460938,-0.7694285223710479,-87.44457282651727,-176.69802724793954
1753092146.779039,215.38731384277344,195.31253051757812,676.1229858398438,-6.115261747231918,-109.00284628244975,-162.58817547895777,-65.02417755126953,207.65127563476562,829.5025024414062,0.19785834018148019,-89.98449061054362,179.6594087393889
1753092146.828029,236.9451904296875,192.7128448486328,667.12353515625,-6.399764249071453,-122.33980561211642,-165.8660669163999,-80.04600524902344,213.614501953125,853.32373046875,10.63131723387774,-81.59896911759031,-146.98093813550273
1753092146.8715992,251.9871368408203,187.93772888183594,659.390380859375,-6.66027205688956,-120.3703120525327,-34.20427961624539,-97.14714813232422,208.4491729736328,859.1431274414062,6.174882257629213,-82.99028333947692,-142.41937769066575
1753092146.9176078,256.64056396484375,177.86550903320312,655.0521850585938,-8.153105559696698,-115.09538158093632,-60.025616361149474,-110.00980377197266,210.7502899169922,882.6475219726562,17.820066548066716,-84.33663070518712,-135.0448843872326
1753092146.9601402,266.35369873046875,161.71841430664062,651.0263061523438,-5.538521017485558,-105.8206116682061,-25.043992600910368,-120.74981689453125,216.45928955078125,899.2998657226562,21.806892255775185,-86.92039908589955,-138.08730628782357
1753092147.0041423,283.75830078125,159.6689453125,647.8009033203125,-9.986505696192651,-92.43579733416485,-15.459013020184127,-128.65264892578125,213.46255493164062,894.0068359375,13.836131360794923,-92.55475418166856,-162.38304431282296
1753092147.048709,291.90826416015625,160.5937042236328,646.4985961914062,-11.936687510085642,-83.53464219678754,-44.68728358164355,-143.3865203857422,215.7650146484375,911.0018310546875,16.306154647922714,-94.9554667357251,-150.2279017854441
1753092147.0907261,294.9584655761719,160.8984832763672,647.7254638671875,-12.078174240478345,-80.53126621111146,-44.859352977852055,-148.9895477294922,207.82632446289062,891.9976806640625,-3.306643202042088,-98.78655405102009,-178.56995417459086
1753092147.1367314,296.328857421875,160.9648895263672,647.9927978515625,-13.986161185915835,-77.52435061463362,-55.77737751577498,-150.13052368164062,207.02944946289062,888.5775146484375,-6.379759571622788,-100.58145631267733,-165.19552053823315
1753092147.1802742,292.4128112792969,161.56077575683594,650.3917236328125,-13.9828929070893,-77.6362190774645,-51.76158741851247,-149.92686462402344,206.74862670898438,887.3721923828125,-9.349658824091083,-104.68956667867343,nan
1753092147.224283,288.61273193359375,162.7913360595703,650.3009643554688,-14.428372032070111,-79.52639859030839,-47.955243425147955,-149.1938934326172,210.54029846191406,903.6461181640625,7.652928593573108,-99.93032049415952,nan
1753092147.2678304,275.4362487792969,163.89854431152344,654.7239379882812,-10.90051657155855,-72.52912060273592,-31.34531773955086,-147.66261291503906,221.30270385742188,904.93310546875,15.246023276173997,-98.06050434493724,nan
1753092147.3128457,256.5611877441406,166.3850555419922,664.65673828125,-8.899498780438769,-80.98402193853532,-67.93034238643497,-138.3800811767578,220.4048309326172,901.2615966796875,16.508473641619865,-96.90044626410581,nan
1753092147.3584502,233.7763214111328,163.6273651123047,669.0917358398438,-9.85299102603858,-93.75080700799438,139.56867339034542,-126.88458251953125,231.0985107421875,944.9892578125,38.15140864420332,-91.5109205090892,-128.8253586030152
1753092147.409398,208.71315002441406,172.80747985839844,679.8460083007812,-14.138899655843659,-101.47993501849339,-166.19723465900614,-97.85680389404297,204.81394958496094,850.918212890625,-3.2045290019344046,-95.1954004324561,nan
1753092147.4579177,200.31187438964844,176.10354614257812,682.4658203125,-10.359101004361994,-108.01729142488428,159.61225254377797,-70.9070053100586,196.6442108154297,823.569580078125,-8.272177169024415,-96.99608040924197,-177.907047810481
1753092147.5039349,195.9962921142578,186.2066192626953,685.7713012695312,-13.427349706933338,-114.72906059544901,175.47053848532073,-52.85615158081055,196.02781677246094,814.4154663085938,-7.526161897081625,-87.86509712424477,-175.33356027721933
1753092147.5471163,194.33302307128906,185.87965393066406,684.567138671875,-7.905233559927371,-112.42604153953693,139.9387448675502,-54.487022399902344,196.2494659423828,815.3363037109375,-5.238315144559996,-88.98933626337826,178.09603370063888
1753092147.589653,193.67030334472656,186.56039428710938,682.2326049804688,-11.825734585168496,-111.3603497890317,168.00117268747388,-60.95177459716797,196.8317108154297,817.7553100585938,-1.7911013775565652,-91.5412016705845,-177.15932466076728
1753092147.6336708,200.13661193847656,185.24473571777344,677.4213256835938,-6.373521028923774,-111.34563089416078,171.74203923921237,-65.89033508300781,203.78814697265625,820.3854370117188,-2.9177885729562902,-88.88539992619752,-176.86748993515394
1753092147.67824,217.43350219726562,184.61131286621094,670.3810424804688,-9.909971111585124,-119.31525882486919,-170.42043861433172,-67.31490325927734,206.57907104492188,838.1223754882812,7.308132618370722,-90.73080467828956,-159.44751277796334
1753092147.722237,229.30931091308594,173.79986572265625,663.626708984375,nan,nan,nan,-82.97638702392578,209.4217071533203,849.6553955078125,10.511354936164738,-87.66048633021077,-149.35505494267667
1753092147.7687685,256.2426452636719,169.60183715820312,657.269287109375,-3.131304333528061,-106.17259359248646,-39.561765570903056,-110.90838623046875,215.9912109375,876.3088989257812,15.543994689394818,-94.03467729472571,-145.08365647776188
1753092147.8117714,263.1670837402344,158.80052185058594,649.3541870117188,-11.343726655422348,-92.96584532725097,-4.7745721601752,-121.16858673095703,215.85116577148438,889.651123046875,18.122400295580803,-92.02993958369296,-145.92805180291754
1753092147.8542852,275.382568359375,158.62928771972656,648.654052734375,-6.596345310561166,-88.09267830852471,-25.945858342472427,-129.26072692871094,215.05352783203125,886.3635864257812,8.407087565558003,-94.50559592461028,-164.31128321355774
1753092147.8972864,282.4984130859375,157.71726989746094,644.9246826171875,-4.10307618580588,-82.75749808708031,-38.449857913742335,-139.77593994140625,210.33187866210938,888.0621337890625,4.627346501309177,-97.09443546332781,-176.0647777536082
1753092147.940363,282.86669921875,158.47010803222656,642.9370727539062,-5.8153129712485345,-81.1458051151928,-39.26774564144721,-143.9193115234375,207.19482421875,881.9927368164062,-4.310660778805713,-98.80822843491316,178.2143085796724
1753092147.984872,282.46990966796875,158.94395446777344,644.8595581054688,-6.206747827894068,-81.78209380435295,-43.474258116429915,-146.7041473388672,208.73902893066406,888.566162109375,-4.569414292204988,-100.00679684938987,-163.72848718626662
1753092148.0288715,278.4466247558594,156.99276733398438,647.0606079101562,-8.395171286753289,-82.87793297722804,-36.631593711131835,-150.93296813964844,219.8887939453125,936.0287475585938,27.453046905744042,-92.23707207725174,-140.8714605767759
1753092148.0744343,275.52545166015625,157.46104431152344,648.9906616210938,-8.772133315531967,-85.35701633571676,-10.923602912758303,-139.84063720703125,210.42926025390625,888.4732666015625,5.53862964242343,-96.92108421479755,-173.99856347769548
1753092148.1174145,258.0423278808594,157.26150512695312,658.6300659179688,-8.488932658914434,-93.82939807291393,7.4064527614717,-133.066650390625,215.68563842773438,888.9689331054688,9.120872934278847,-94.0110258807778,-149.05062173460126
1753092148.1609445,242.50314331054688,158.72032165527344,664.7398071289062,-12.167995712494463,-107.88831771592591,-151.50726177816057,-124.36145782470703,210.8308868408203,875.9161987304688,6.394375652930058,-90.1814856231382,-136.54224622409689
1753092148.2049417,242.4845428466797,181.4405059814453,668.2183837890625,-11.67768491189526,-114.55181053852124,-149.94152897017835,-111.83427429199219,206.40126037597656,857.5128784179688,5.191541237211695,-89.32105703168665,-150.1144385722358
1753092148.2494645,235.86012268066406,186.1726837158203,671.3532104492188,-9.61598783454667,-116.75953638592338,-169.3789723861245,-95.87281799316406,202.26791381835938,833.6664428710938,-6.507543912111447,-84.08469776809216,-168.79644984470428
1753092148.2984655,238.9382781982422,190.70655822753906,669.10498046875,-5.724195605592344,-115.46262952629445,-171.63563435118877,-97.66075897216797,202.64453125,835.2186889648438,0.6104732224835706,-85.65074206701458,179.53118798412564
1753092148.3414958,239.74176025390625,189.03414916992188,667.7517700195312,-4.2894914837475655,-119.00882342837866,-172.54561683320847,-99.76399993896484,207.00872802734375,853.2061767578125,-20.451238837969065,-89.21020641465229,-125.12718707680284
1753092148.3990152,248.1849822998047,187.63507080078125,662.8095703125,-3.2517399003492105,-117.06808874144191,-109.15913740167488,nan,nan,nan,nan,nan,nan
1753092148.4565835,260.6370544433594,169.60707092285156,652.4176025390625,2.822943718332397,-111.89335610530273,-25.437912448298547,nan,nan,nan,nan,nan,nan
1753092148.5175872,280.09246826171875,166.96575927734375,642.2573852539062,12.138798319305316,-107.18177965612385,-44.02921786272402,nan,nan,nan,nan,nan,nan
1753092148.5621283,313.55999755859375,171.268798828125,639.8389282226562,33.036983006747015,-113.47345411645605,-59.822451751009645,nan,nan,nan,nan,nan,nan
1753092148.6041262,326.7695617675781,169.80409240722656,634.3670043945312,-62.42494654479191,18.245295936145677,-71.10193488845947,-1353.190673828125,1636.348876953125,7263.5595703125,-5.319418300806957,-102.20860383429435,130.15076367766727
1753092148.6507258,343.6264953613281,171.50634765625,640.7263793945312,-60.937212664898865,18.93808919466367,nan,-1310.424560546875,1584.6339111328125,7034.00244140625,-29.815373011137606,-106.73155254885991,157.05273790507118
1753092148.6967144,323.2586364746094,158.96371459960938,503.2908935546875,-55.192950543209356,22.03819013700757,-40.170056129139724,-1370.96044921875,1596.451171875,7209.7958984375,-9.119392916938278,-102.08461098852827,139.49876689210603
1753092148.7387302,300.2345275878906,160.4691925048828,524.0429077148438,-37.939813687998736,-74.33934471283686,-37.000038586108026,-1392.76708984375,1605.5740966796875,7250.99658203125,-0.6989646391948139,-97.50535516384689,146.66559837443276
1753092148.7805607,297.70928955078125,148.6014862060547,528.5233764648438,nan,nan,nan,nan,nan,nan,nan,nan,nan
1753092148.825564,318.4443054199219,153.2655029296875,537.7408447265625,-19.817342246062285,-115.61396539565042,10.742456428286106,nan,nan,nan,nan,nan,nan
1753092148.8691337,326.76611328125,143.24412536621094,542.9596557617188,0.0,0.0,0.0,nan,nan,nan,nan,nan,nan
1753092148.9131398,330.8929443359375,145.51913452148438,551.5829467773438,nan,nan,nan,-207.05740356445312,237.22264099121094,1100.0496826171875,-75.84710132890805,143.02963107198437,-95.74725651671862
1753092148.9579198,341.349609375,150.2489471435547,565.3815307617188,nan,nan,nan,nan,nan,nan,nan,nan,nan
1753092149.000928,349.6775207519531,134.68556213378906,582.8959350585938,-57.761631694869195,11.95492235853601,-30.88795308396313,nan,nan,nan,nan,nan,nan
1753092149.0459766,328.7380065917969,110.88138580322266,593.7647705078125,-14.935087102240196,-93.99690324238473,nan,-1360.24609375,1212.0672607421875,7871.34326171875,-37.94952218000414,-112.16999556560319,108.59970397420219
1753092149.091735,326.4263000488281,110.50397491455078,597.9134521484375,4.583756035124275,-119.24341533456642,-16.8835554564351,nan,nan,nan,nan,nan,nan
1753092149.1358054,325.5423889160156,115.2074966430664,598.406494140625,8.631139831429484,-118.82031157819932,-15.21161676464701,-180.45021057128906,125.61908721923828,989.0681762695312,-76.89450824767518,-169.69143564328488,nan
1753092149.1793506,327.0671691894531,115.33857727050781,599.0873413085938,16.29240567394111,-120.11458157949463,-15.708889403412064,-187.0603790283203,124.9422378540039,983.7389526367188,-76.83996145658007,-172.80873394320497,nan
1753092149.2243469,331.0601806640625,118.24895477294922,602.1505737304688,24.769896798506004,-123.13113098769405,-30.427513109243375,-193.87974548339844,134.6273956298828,999.3473510742188,-76.60643678434822,-177.5614608537161,-34.399620996422904
1753092149.2699378,nan,nan,nan,nan,nan,nan,-196.64157104492188,142.404541015625,1013.5830688476562,-76.74238190050991,178.8067058173423,nan
1753092149.3119233,nan,nan,nan,nan,nan,nan,nan,nan,nan,nan,nan,nan
1753092149.3544555,350.9247131347656,122.18235778808594,604.3887329101562,7.850324347260852,-118.67351390146428,-46.776316265260576,nan,nan,nan,nan,nan,nan
1753092149.396447,356.0792541503906,125.57550048828125,615.3082885742188,8.880789114062004,-118.24930649145537,-33.75966332166789,inf,inf,inf,nan,nan,nan
1753092149.4414618,360.6023254394531,128.37135314941406,623.1242065429688,10.294413992756358,-117.13801565747228,-24.976336331890668,-1255.27734375,1041.69482421875,7028.7919921875,-69.78541573913944,-147.10126036469498,nan
1753092149.4919739,364.7009582519531,129.83041381835938,630.2066650390625,9.669372097427798,-116.84278481402092,-25.471771337985167,nan,nan,nan,nan,nan,nan
1753092149.5370524,369.14501953125,126.91838073730469,640.0171508789062,9.777193702753959,-117.2792102925203,-23.708323143514107,nan,nan,nan,nan,nan,nan
1753092149.5825658,369.7777404785156,125.50373077392578,645.4268188476562,8.15133756415173,-115.57699704440863,-19.221296663594355,-1553.2698974609375,1146.9189453125,8513.6494140625,-39.9180280515894,-119.78339831426807,nan
1753092149.6275613,373.90386962890625,127.76358795166016,657.0485229492188,13.549442157163371,-118.11256648084593,-22.41586049703986,-2322.039306640625,1714.570556640625,12727.3623046875,62.5623583122507,-84.65822395192458,nan
1753092149.672128,368.67608642578125,128.9725341796875,656.7575073242188,9.621636531343826,-116.69980167522708,-14.062863306650177,-1928.7398681640625,1486.9832763671875,11037.9677734375,-65.0098989116933,-133.16215356218714,147.7568249719443
1753092149.716124,369.8921203613281,131.19940185546875,668.09716796875,11.12662491229491,-121.16055573857763,-23.343808274300816,-1756.892578125,1365.23193359375,10281.26171875,-8.098812984979224,-104.9036977104657,nan
1753092149.758639,371.05535888671875,138.37596130371094,684.4921875,11.93791650090583,-120.95365097454815,-39.92246015670228,-1601.136474609375,1418.5733642578125,9697.85546875,35.358420229016986,-93.33891316150427,109.0125684595487
1753092149.8006375,nan,nan,nan,nan,nan,nan,-157.6549530029297,174.1469268798828,1039.847900390625,15.089609665348362,-90.20237283156578,nan
1753092149.843648,nan,nan,nan,nan,nan,nan,nan,nan,nan,nan,nan,nan
1753092149.8901649,357.5590515136719,149.72244262695312,726.7640380859375,-6.166016686235474,-126.43450434035181,-65.22378592419398,nan,nan,nan,nan,nan,nan
1753092149.9341674,348.6726379394531,151.33599853515625,734.5963134765625,-16.270657009482232,-130.14747177719065,117.14276138176918,nan,nan,nan,nan,nan,nan
1753092149.9787302,357.9805908203125,160.19375610351562,736.2720336914062,-19.866506415609646,-135.29231161570422,-176.4366224110975,nan,nan,nan,nan,nan,nan
1753092150.021741,349.45745849609375,159.4174041748047,739.2509155273438,-19.76380783096412,-130.21967924024312,138.99450309802918,-127.8352279663086,219.8343963623047,1130.5401611328125,49.065364526591125,-79.83727944910287,nan
1753092150.0645657,352.3529968261719,136.96058654785156,733.4176635742188,-17.910298035866614,-126.38409998632748,-42.46578332674701,-126.77832794189453,218.9995574951172,1160.755126953125,nan,nan,nan
1753092150.1095638,358.52960205078125,138.0313262939453,731.6021728515625,-13.881331640431839,-124.49643376377543,-44.443082702702156,-135.7202911376953,224.14263916015625,1200.2735595703125,3.406200628880687,-87.94859681374453,152.29992746001162
1753092150.1571372,378.45599365234375,137.9684295654297,723.8756713867188,-7.064723316538945,-121.69887980709026,-58.84242003598755,-133.2364959716797,220.8186492919922,1158.56396484375,48.82456500669183,-88.86668220989259,nan
1753092150.2011359,400.34100341796875,138.2504119873047,718.0951538085938,5.820225223766519,-122.58577487615175,-24.671436817963965,nan,nan,nan,nan,nan,nan
1753092150.2441478,408.4964294433594,138.20069885253906,717.8369140625,14.485297634614641,-118.37285879228932,-35.164945284300565,nan,nan,nan,nan,nan,nan
1753092150.2896934,413.55010986328125,138.9471435546875,707.5504760742188,12.673586443950475,-111.57075269360955,-22.679977435885963,-168.58595275878906,231.7486572265625,1203.740234375,-78.94180468089347,154.02812217189023,-137.76914203513812
1753092150.3336954,419.2945556640625,142.21115112304688,703.4634399414062,nan,nan,nan,nan,nan,nan,nan,nan,nan
1753092150.37623,466.24871826171875,161.0420379638672,767.355224609375,-58.297619560776035,12.612032707281346,-70.75030674391111,nan,nan,nan,nan,nan,nan
1753092150.4192262,nan,nan,nan,nan,nan,nan,nan,nan,nan,nan,nan,nan
1753092150.463791,440.4394836425781,167.89352416992188,738.93896484375,nan,nan,nan,-834.6063232421875,1145.93408203125,5723.04296875,-76.6469591667957,176.9126018507068,-134.2154648829283
1753092150.509776,433.29278564453125,171.59056091308594,736.4725341796875,-59.50068037544563,17.670407780646997,-78.28907640661384,nan,nan,nan,nan,nan,nan
1753092150.5553315,420.7257995605469,168.82562255859375,724.6053466796875,31.155320604901682,-151.11920942755359,-74.41079295292296,-163.2548828125,248.1397705078125,1215.86181640625,nan,nan,nan
1753092150.603331,3398.689697265625,1349.3583984375,6429.60791015625,50.49305478112309,-160.12028960992475,90.58357005525885,-161.60848999023438,246.99423217773438,1257.7508544921875,-80.2193295791407,141.4671556116808,nan
1753092150.6473522,2689.980712890625,946.1188354492188,5342.0380859375,61.36051444707407,-160.39478178387617,nan,-147.40367126464844,233.98733520507812,1240.1942138671875,30.570806436768272,-77.61824780056455,nan
1753092150.689998,383.1175231933594,109.18867492675781,787.9721069335938,6.146098124544563,-137.41110264111467,-84.15057807855241,-140.1290283203125,219.17752075195312,1198.4178466796875,47.70855927703501,-74.95218698236471,nan
1753092150.7330077,378.6739196777344,100.2416763305664,754.8980712890625,-22.961320890565965,-120.21939845926977,-16.916804228186617,-135.4856719970703,195.033935546875,1178.1217041015625,42.89643719641497,-74.4111492146767,nan
1753092150.7767506,376.95220947265625,103.33609771728516,745.7363891601562,-24.605868887915435,-118.1292266720067,13.100023561866784,-141.42388916015625,201.21241760253906,1229.7576904296875,51.704566209838475,-73.41732618446146,-128.4921754929863
1753092150.8197365,382.7796325683594,107.26667022705078,743.1009521484375,-23.741005247462695,-115.26130248312705,-60.820446858788635,-141.3373565673828,197.775390625,1208.7515869140625,45.927669427936934,-74.96864283413846,-146.51717644778535
1753092150.8632946,398.07861328125,109.084228515625,726.5940551757812,-17.846645296486084,-110.015422482765,-78.23116102988712,-141.34336853027344,197.78382873535156,1208.8031005859375,41.132426288190324,-77.9523438766729,-136.14195432442972
1753092150.908298,410.1585388183594,112.50963592529297,730.6541137695312,-0.7350743394354973,-107.29121848383461,-46.67741238319655,-142.08575439453125,194.74546813964844,1176.379150390625,29.679045902157224,-82.75383696477384,-143.50976278644686
1753092150.9548745,411.14300537109375,109.39989471435547,710.458984375,4.638186947198105,-112.37612231541145,-19.181260815210457,-151.80931091308594,185.97203063964844,1164.030029296875,23.781583995096607,-86.70536241086249,-142.4020492122697
1753092150.99988,412.6151123046875,122.15689086914062,713.0028076171875,1.614224342341888,-112.77390021851981,-23.884282280971245,-163.95628356933594,189.29087829589844,1170.6834716796875,29.15316279196279,-93.84666538070408,-143.96279823824176
1753092151.0498798,409.4061279296875,123.3918228149414,712.2006225585938,-1.7778831539171909,-112.23117900815929,-19.55580697896615,-171.57073974609375,188.1823272705078,1192.2445068359375,35.27861118817918,-93.93187232349018,-98.45230271364447
1753092151.0935476,402.8924255371094,128.93797302246094,720.1824340820312,-2.1575232781538776,-113.59969217471084,-11.063581711786169,-174.30860900878906,186.35585021972656,1195.264892578125,36.436889077889504,-96.4300093272673,-66.72054560439555
1753092151.1405807,396.787841796875,133.8507843017578,724.238037109375,-0.40013579366043533,-114.36901734939363,-17.1756534484899,-177.20095825195312,189.4481201171875,1215.0982666015625,41.35762119022515,-94.02262921816467,-80.88301337182341
1753092151.1851172,398.6893310546875,134.50924682617188,735.4691162109375,-1.4931318040493833,-113.33357042321354,-8.329729296712783,-174.46884155273438,181.91648864746094,1196.3636474609375,38.42248806367358,-93.04736221209922,-99.30902628114231
1753092151.2311187,398.33575439453125,130.14208984375,734.8168334960938,1.1927194303153088,-114.46760342475876,-41.86995346510151,-165.9490203857422,192.31710815429688,1218.440673828125,45.31770255151044,-88.71635693725922,nan
1753092151.2750235,397.4276123046875,127.01993560791016,733.1415405273438,-12.544892197083723,-109.05831868423593,-57.81137227348409,-144.51246643066406,183.00997924804688,1159.474609375,34.35083869672735,-87.24533476900754,nan
1753092151.3220363,393.5702209472656,121.59004211425781,726.0257568359375,-14.963895760140415,-107.26772954628807,-54.97766637328355,-122.02885437011719,174.83767700195312,1179.7098388671875,43.13053598096795,-77.94888948474363,-149.11519751057287
1753092151.3675377,395.2629699707031,118.04411315917969,721.4547729492188,-9.512033191956853,-100.80544743135007,-41.41979166769859,-106.21432495117188,167.80970764160156,1132.2889404296875,36.63876265225419,-72.11556752672446,-146.46696572014199
1753092151.40954,395.1849670410156,116.63088989257812,721.3124389648438,-3.317513713276311,-103.85041230824446,-26.229439534831204,-102.05664825439453,176.2984619140625,1159.4168701171875,45.150498385293105,-71.42017282630027,-139.1169570172959
1753092151.4530783,389.8048095703125,113.49861145019531,719.0796508789062,-3.336064228336806,-103.64690904411651,-16.98288571731961,-99.67436218261719,176.03680419921875,1157.6961669921875,44.48899680207024,-70.43029296802821,-136.84172824101975
1753092151.5020928,383.5584716796875,113.54537963867188,728.2669677734375,-0.2590210916834633,-108.70858739348525,-11.619258955068988,-98.73954772949219,164.08372497558594,1121.73291015625,32.014913533857445,-72.97253711585881,-155.57775318400817
1753092151.5451016,373.3269348144531,115.15087890625,738.5643920898438,1.2989048615997658,-112.7801440023967,-32.20795425087134,-99.82292175292969,155.91517639160156,1109.7469482421875,24.4705309566294,-76.63306254085977,-160.09904951837146
1753092151.5877209,372.1153259277344,123.27983093261719,744.6839599609375,1.5635429588314453,-116.05763711489494,-24.550987172118724,nan,nan,nan,nan,nan,nan
1753092151.6347206,376.9349365234375,122.94886779785156,751.4313354492188,5.225262913314767,-116.96600465966345,-48.198297296171724,nan,nan,nan,nan,nan,nan
1753092151.6832638,376.27984619140625,115.50791931152344,750.1254272460938,5.100555416638966,-113.8912453038822,-46.29064112923042,-137.40438842773438,156.6769256591797,1215.167236328125,nan,nan,nan
1753092151.7282572,378.117431640625,115.74600219726562,742.3814697265625,3.318491469723699,-113.80907504282713,-50.814244937750644,-138.1617889404297,154.35806274414062,1162.436767578125,16.627217802777224,-94.5523066439351,-114.00828872844679
1753092151.7697973,376.1639099121094,113.43142700195312,727.5360717773438,-6.29497837149732,-108.43057158543087,-40.24902766596065,-141.89291381835938,158.26123046875,1174.78271484375,nan,nan,nan
1753092151.8127968,381.1783447265625,114.65489959716797,726.4054565429688,-3.0655263661234433,-108.63531077779231,-27.779711382776195,-147.8761749267578,174.80105590820312,1244.1695556640625,47.782945373504965,-85.21831105845679,-115.27050358474881
1753092151.8633535,382.9931335449219,115.20077514648438,729.8638916015625,-6.2231414490960795,-115.38423466096931,-12.548744740062599,nan,nan,nan,nan,nan,nan
1753092151.9163518,369.45367431640625,114.83169555664062,736.5172119140625,-5.446723462883391,-119.05172826590871,-27.9135518067824,-123.65998077392578,171.67298889160156,1173.61572265625,42.224130395253326,-78.11515363390049,-128.51705589702763
1753092151.9670641,358.63397216796875,118.78724670410156,743.5092163085938,-8.789436809168292,-121.36939223000313,-14.994615070954124,-120.95227813720703,174.28880310058594,1191.4981689453125,44.94955557389124,-76.8615791319352,-119.45141923354095
1753092152.011061,359.5326843261719,119.08493041992188,745.3724975585938,-13.074674471003966,-124.24696433635113,-7.28528304727734,-117.38803100585938,160.2396240234375,1156.3868408203125,34.98313898174767,-79.24946745411778,-133.8931136241511
1753092152.055838,361.8277587890625,120.3257827758789,753.1392211914062,-13.94855708792946,-120.93927966819876,-58.001420096232856,nan,nan,nan,nan,nan,nan
1753092152.1018486,367.991455078125,118.47319793701172,759.8733520507812,-4.400463333896557,-116.02320914619705,-75.66843617185462,-493.1191711425781,558.9207153320312,4148.90283203125,78.43025570205299,-56.90627092636771,nan
1753092152.14885,nan,nan,nan,nan,nan,nan,-155.62118530273438,163.16091918945312,1211.1534423828125,nan,nan,nan
1753092152.1926117,377.013916015625,101.52875518798828,743.0260009765625,-18.121947866653027,-97.46993540606218,-84.22899988019866,-150.52508544921875,153.22219848632812,1137.377685546875,17.467453908531823,-102.57369058026137,-77.5141329869845
1753092152.2355928,388.64349365234375,100.0567855834961,722.07080078125,-1.9597587656314213,-97.12385516638348,-25.352781948531202,-147.04725646972656,154.06631469726562,1127.515869140625,18.63324607671116,-102.5026715286826,-101.0519442135689
1753092152.2793508,401.2637023925781,98.3751220703125,709.9349365234375,-0.16789795750960004,-96.49036964978215,-34.78863297197449,-150.48165893554688,164.5426483154297,1171.154052734375,nan,nan,nan
1753092152.3243475,407.4244079589844,101.9653091430664,697.0699462890625,2.7647276298585,-96.86325017167951,-22.437553493766604,-134.71803283691406,158.47674560546875,1097.864013671875,15.610131707222463,-95.03327210512467,nan
1753092152.3719382,408.77130126953125,108.95154571533203,690.2714233398438,2.6692713353815236,-96.46710326827196,-8.83859260730351,-106.0234375,172.67282104492188,1107.5035400390625,20.571944119644442,-79.72877687990685,nan
1753092152.41594,404.3261413574219,113.39836883544922,684.9940185546875,5.448252904024132,-96.18805227890849,-5.378137641755278,nan,nan,nan,nan,nan,nan
1753092152.461479,401.2610168457031,119.33683013916016,688.7957153320312,17.071621491294415,-98.46328534393074,-28.723660153948988,nan,nan,nan,nan,nan,nan
1753092152.5104792,430.0816650390625,146.99658203125,763.524169921875,-59.43877809008787,7.587249869828536,nan,-93.69136047363281,217.7813262939453,1257.0037841796875,58.64089663487376,-69.75595746501338,-125.70670386911755
1753092152.5540094,393.9140625,144.2379913330078,734.49267578125,nan,nan,nan,-95.78570556640625,212.21063232421875,1252.7161865234375,59.04377477696968,-71.05248889355889,-137.0065986939525
1753092152.6010954,359.7952575683594,145.62583923339844,748.9085693359375,nan,nan,nan,nan,nan,nan,nan,nan,nan
1753092152.647039,348.0179748535156,146.51507568359375,761.023193359375,nan,nan,nan,-131.65560913085938,180.96937561035156,1205.410400390625,31.819229006664468,-89.91886570759868,-120.99423812483643
1753092152.691889,337.4607238769531,135.84654235839844,767.025634765625,nan,nan,nan,-141.82447814941406,166.83645629882812,1155.77685546875,nan,nan,nan
1753092152.7408867,342.1458435058594,132.0799560546875,770.9215698242188,nan,nan,nan,-144.83511352539062,168.10365295410156,1180.3116455078125,33.642049226288066,-91.66949933017588,-127.39731383776635
1753092152.7864425,343.5171813964844,117.65353393554688,764.059326171875,nan,nan,nan,-140.85394287109375,163.84390258789062,1166.1806640625,36.68128288834433,-89.11965041044725,-132.65898302198354
1753092152.8304389,nan,nan,nan,nan,nan,nan,-103.93876647949219,154.63267517089844,1085.7274169921875,nan,nan,nan
1753092152.8759837,390.269287109375,124.16329956054688,796.3690185546875,31.363445145573262,-127.2546114071444,-92.78223994443483,nan,nan,nan,nan,nan,nan
1753092152.9199817,nan,nan,nan,nan,nan,nan,nan,nan,nan,nan,nan,nan
1753092152.9625,417.9825744628906,146.9254150390625,820.6511840820312,nan,nan,nan,-45.598114013671875,202.653076171875,1144.233154296875,33.40219982651551,-52.768701810037925,-137.9010305741176
1753092153.0044968,503.0255126953125,174.91586303710938,987.621337890625,nan,nan,nan,-36.27241134643555,202.03851318359375,1128.485107421875,23.141475663214038,-51.81830766693755,-129.22308726788205
1753092153.0465078,443.57958984375,254.7203826904297,887.6995849609375,-29.242413203654575,-134.34849431458812,138.94363654937334,-40.726932525634766,204.74319458007812,1131.4146728515625,26.392846301115103,-52.30672310543247,-129.65886652062858
1753092153.0900283,420.0828857421875,283.5058898925781,881.4674072265625,-31.87166368448585,-127.41284184653696,164.60227492710354,-45.11260986328125,204.85813903808594,1132.0499267578125,25.911140828996125,-54.34246554559346,-141.62048774041833
1753092153.139026,392.7861022949219,383.90966796875,851.7412109375,-28.180116767050325,-166.3791533330208,-172.02090902264607,-52.12122344970703,204.49884033203125,1142.227294921875,29.356738027771048,-58.700603462317126,-141.71506178878352
1753092153.1856189,384.9696044921875,407.2998046875,852.6046142578125,-22.177340500630667,-163.6355459354898,-172.32372561051932,-54.026756286621094,203.38648986816406,1136.0142822265625,26.42256053513965,-61.24729071337048,-153.23854430680447
1753092153.2316053,398.34674072265625,435.1810302734375,846.12158203125,-15.25685056996103,-166.00263738808474,-178.20029965821496,-51.74065017700195,203.00564575195312,1133.8870849609375,27.721210503171676,-63.25204793733066,-139.79469518321048
1753092153.273128,438.1607666015625,375.896240234375,819.9412231445312,-21.930494514452796,-123.35124096346355,171.7979375174894,-54.932674407958984,220.15135192871094,1155.0628662109375,40.941416149701766,-64.37814538123182,-140.71398770812968
1753092153.315142,435.7779541015625,371.8193664550781,821.4060668945312,19.799262244602847,-116.83786399214455,62.97607048861428,-55.54668045043945,238.36647033691406,1167.9735107421875,nan,nan,nan
1753092153.3616564,448.2579040527344,341.458251953125,798.5241088867188,2.952278321247866,-95.38529489607012,-74.44587899669528,-52.39340591430664,254.24195861816406,1148.192138671875,nan,nan,nan
1753092153.409657,451.8836975097656,343.6534118652344,775.6934814453125,42.538417594949436,-69.54268275746321,-41.904861710974004,-53.9139404296875,275.0493469238281,1133.64208984375,-80.853016781675,108.86826364730369,nan
1753092153.4526722,1543.081298828125,1136.9698486328125,2305.628173828125,-29.26305446717441,32.623953221513176,-91.65857791732212,-39.90224075317383,311.24407958984375,1171.2005615234375,nan,nan,nan
1753092153.4962206,362.4400939941406,374.0343322753906,792.560546875,2.256368461313829,19.334641046538835,-1.7720630555571901,nan,nan,nan,nan,nan,nan
1753092153.5402184,357.1773376464844,383.32318115234375,771.3021240234375,12.354146601541794,-146.12604496944158,-173.4504575304154,42.754676818847656,346.5495300292969,994.0987548828125,-45.47822874525667,-54.807704483302864,76.88875608719924
1753092153.5817814,236.36355590820312,375.0552062988281,737.5084838867188,-4.21157125095277,-153.44242134634717,-165.04347321952181,34.658843994140625,417.94500732421875,981.818115234375,21.271635000248658,-52.29064978093071,-30.836537667556723
1753092153.6237822,238.6305694580078,384.3915710449219,744.5820922851562,0.950084711381854,-164.6730652006661,173.73370413130857,15.665679931640625,468.7038879394531,977.20068359375,43.251089521311116,-47.600218238188404,-8.632621553757012
1753092153.6673532,260.19964599609375,496.923095703125,774.6229858398438,-14.10330094781686,156.86719436512703,-159.52269190780754,9.081315040588379,387.8731994628906,745.7589721679688,-29.103151034960046,26.782529850802923,nan
1753092153.7163665,319.2972412109375,509.0185241699219,803.1275634765625,nan,nan,nan,27.978498458862305,411.1610107421875,751.552001953125,-0.14460473240009405,25.08635614270797,-4.6158867424658565
1753092153.7689068,381.57659912109375,582.877197265625,919.6614990234375,-43.70623007529411,121.45391386604858,-117.25932146888829,nan,nan,nan,nan,nan,nan
1753092153.8128989,421.9110107421875,649.0137329101562,993.7967529296875,-12.31768794871291,140.2394735199125,nan,nan,nan,nan,nan,nan,nan
1753092153.8594549,354.623779296875,539.0051879882812,827.78955078125,nan,nan,nan,37.16676330566406,512.3829345703125,904.7073974609375,30.907815479621224,7.964724339496837,26.13666903525493
1753092153.9044533,317.3267822265625,514.9022216796875,809.9483642578125,1.6163671089093192,140.59137312611412,143.8112412726246,51.52928924560547,508.01300048828125,881.9871826171875,-6.8034053680874855,29.909912290011793,9.035237532028166
1753092153.9474723,347.9772644042969,563.4133911132812,862.721923828125,-11.898478741314737,142.40825784204583,153.53164058373645,38.43332290649414,523.3244018554688,893.6220092773438,-5.113475936595613,37.54395615538127,6.703514179978079
1753092153.9900134,382.8482360839844,629.7864990234375,931.37744140625,-2.73619444940478,148.77971451267285,nan,36.20447540283203,539.7162475585938,924.655029296875,8.124630327422459,29.892323216534972,0.9507870126669753
1753092154.0350137,370.3804931640625,615.0750732421875,896.84228515625,-22.188208829563525,136.28630261487783,nan,14.85323715209961,549.7326049804688,926.5217895507812,3.130035598875069,43.72090964376218,11.560648549142092
1753092154.078851,377.30743408203125,623.6683349609375,909.3721313476562,-26.334405902733597,132.85769101611234,nan,7.873227596282959,561.240478515625,945.9171752929688,22.44442117744256,38.10386312934648,26.547685306879096
1753092154.123858,396.2359924316406,654.9561767578125,954.9930419921875,-47.02840878074367,98.35999931359346,-78.13137164298007,6.111750602722168,566.9227905273438,955.494140625,19.921578784467318,33.48068101583816,22.250370843175414
1753092154.1676228,398.1981201171875,658.8383178710938,955.2855224609375,-14.39861433864432,148.6490035693176,nan,-1.3025383949279785,587.41943359375,993.26513671875,19.84973067128677,39.174617937306515,18.77836843662503
1753092154.2176247,369.2198486328125,612.0147094726562,889.8796997070312,-41.0798677717535,115.68928118358455,164.78278748421565,4.3644633293151855,573.743408203125,976.5037841796875,24.641446420744472,25.9963397776629,20.531897005435038
1753092154.263523,377.0259704589844,629.6292724609375,912.9337158203125,-38.701201903709354,122.600741884465,nan,6.126549243927002,559.0671997070312,957.8076782226562,26.158667764897828,18.03345942455702,11.049433540355741
1753092154.3080413,362.5779724121094,612.3815307617188,890.4130249023438,-23.894759376223632,140.13013292632684,166.69642666387662,11.725814819335938,563.9100952148438,962.9257202148438,11.159107474570737,24.82114494287957,10.457181781611913
1753092154.3540485,349.45587158203125,613.0195922851562,896.3636474609375,7.106770983388218,165.18164631104693,-158.08510602767848,8.06417179107666,574.8518676757812,968.85791015625,13.128800926052598,30.58091749481317,19.306970166528085
1753092154.3985996,318.156005859375,582.4234619140625,881.4279174804688,9.246685198461112,152.79181339820462,156.7521939470771,nan,nan,nan,nan,nan,nan
1753092154.440612,327.40777587890625,580.7578125,878.9071044921875,-0.49193307016878585,150.7402720523538,163.0138052589221,nan,nan,nan,nan,nan,nan
1753092154.486191,332.9385986328125,586.2257690429688,884.6025390625,-20.004461580122094,135.71802107560805,-147.74084746115213,6.22653865814209,579.4461669921875,973.4397583007812,2.4264010708853196,39.83240091242325,nan
1753092154.5321784,332.83282470703125,581.7863159179688,875.3582153320312,-9.808421291350326,147.40254835866082,-172.15545738665475,nan,nan,nan,nan,nan,nan
1753092154.5766935,340.7558898925781,599.505126953125,891.6771240234375,-3.4404713050518607,155.55839467871394,-173.32017203668403,nan,nan,nan,nan,nan,nan
1753092154.6186943,336.1786193847656,591.8580932617188,875.2859497070312,-4.844710768041187,154.4543365988365,-143.53320516020068,nan,nan,nan,nan,nan,nan
1753092154.6622267,323.7026672363281,571.04296875,830.3060302734375,16.402308086441185,172.52406720553643,-92.09359298555641,nan,nan,nan,nan,nan,nan
1753092154.7042334,332.5791015625,589.6160888671875,857.3117065429688,41.56022869724875,-156.4354644383003,-166.48634779144493,nan,nan,nan,nan,nan,nan
1753092154.7482386,328.3916015625,580.5609741210938,846.5172729492188,nan,nan,nan,nan,nan,nan,nan,nan,nan
1753092154.7937543,326.097412109375,576.5051879882812,840.6034545898438,39.30380893916823,-162.6743558246677,176.88925826593288,-68.99815368652344,1327.4315185546875,2146.62841796875,25.615932279009588,51.885981000568655,11.661153683591767
1753092154.8437893,326.8058776855469,577.7576293945312,842.4296875,38.97880535122469,-163.22218506933893,-169.25822771565606,nan,nan,nan,nan,nan,nan
1753092154.888286,341.4962463378906,600.7445678710938,875.947021484375,42.027185220331425,-157.020981133442,-172.3864097368322,nan,nan,nan,nan,nan,nan
1753092154.9322925,334.5667419433594,588.5545043945312,858.1726684570312,44.440875815758375,-151.7648991831285,-175.06275510327725,nan,nan,nan,nan,nan,nan
1753092154.9798057,337.4480895996094,596.5719604492188,869.8628540039062,nan,nan,nan,-60.92715072631836,1352.5958251953125,2153.76513671875,0.2705410285978328,75.915016521056,20.700660318963827
1753092155.0248063,346.4332275390625,615.5140991210938,897.4824829101562,-23.30287429346312,138.56375217755658,-86.83330843583248,nan,nan,nan,nan,nan,nan
1753092155.0694478,339.9127197265625,604.8775634765625,889.470703125,4.79953922080607,169.15927682205952,168.3523909973123,nan,nan,nan,nan,nan,nan
1753092155.1144617,326.3346862792969,584.6224365234375,867.0562744140625,32.379954972856204,-158.6161930178591,167.2530857293218,nan,nan,nan,nan,nan,nan
1753092155.1574686,309.5069580078125,557.6452026367188,822.3458251953125,35.94980615468226,-159.7412016399188,-151.14472056735397,nan,nan,nan,nan,nan,nan
1753092155.2000077,310.2294006347656,556.0996704101562,820.0667114257812,35.83256657020992,-159.58588855227686,-161.9440840902703,nan,nan,nan,nan,nan,nan
1753092155.2450137,332.0644836425781,598.9548950195312,873.33740234375,45.75141521450996,-146.97116203191578,-169.21531461869137,-55.00547790527344,1544.184326171875,2443.838623046875,22.274571103332338,158.44595535713032,-63.53986057456229
1753092155.2887628,328.933837890625,593.3080444335938,865.103759765625,43.979072795915634,-151.25678712236947,179.09296859252217,-60.77568435668945,1706.1729736328125,2700.203125,21.37839715819177,155.77457182988834,-64.52952997815312
1753092155.3327637,344.6152038574219,620.1964111328125,901.7760620117188,-9.37707728200035,154.22819590851248,-82.2049977100006,nan,nan,nan,nan,nan,nan
1753092155.3764439,347.0196533203125,626.2734375,908.06787109375,nan,nan,nan,nan,nan,nan,nan,nan,nan
1753092155.4224436,321.9478759765625,579.4025268554688,842.4609985351562,35.52491046158261,-163.42065629561915,175.69348062623578,nan,nan,nan,nan,nan,nan
1753092155.4659684,350.25018310546875,630.3375244140625,916.5214233398438,-20.586294622829314,146.52226933827907,-84.39085708763217,nan,nan,nan,nan,nan,nan
1753092155.5099695,343.3597412109375,617.93701171875,898.4907836914062,25.488821032475037,-173.60089487404656,-103.62646288828579,-57.32607650756836,1378.24853515625,2174.595458984375,45.555758618839405,175.14115960913222,140.59477770904928
1753092155.5559852,335.4779357910156,603.7522583007812,877.8659057617188,44.86625992241151,-145.51651420460314,179.5113754772618,-69.08477020263672,1366.372802734375,2149.3232421875,34.86711561008778,164.79201994773632,132.78290293430138
1753092155.6095006,331.5005187988281,591.5795288085938,867.4579467773438,38.87551109669944,-154.47270376921384,179.64594256692897,nan,nan,nan,nan,nan,nan
1753092155.6620326,338.9046325683594,600.0579223632812,882.3834838867188,46.59427404075149,-140.7195737445879,-174.6656613881793,nan,nan,nan,nan,nan,nan
1753092155.713033,nan,nan,nan,nan,nan,nan,nan,nan,nan,nan,nan,nan
1753092155.7593675,nan,nan,nan,nan,nan,nan,nan,nan,nan,nan,nan,nan
1753092155.801366,323.0755310058594,573.2865600585938,845.4118041992188,32.97250485208989,-159.44666587228758,-158.38907685353,nan,nan,nan,nan,nan,nan
1753092155.846376,321.5869445800781,572.2666625976562,841.5164794921875,36.80405707182046,-155.94278984048665,-139.4402246077778,nan,nan,nan,nan,nan,nan
1753092155.8920577,nan,nan,nan,nan,nan,nan,nan,nan,nan,nan,nan,nan
1753092155.936063,332.2415771484375,593.2611083984375,865.0353393554688,37.29373252042149,-157.69881088790405,-115.18859390742318,nan,nan,nan,nan,nan,nan
1753092155.9846492,335.7853698730469,599.5890502929688,874.2620239257812,44.18139652475772,-146.85571325032916,-165.38709369010525,-53.27040100097656,1385.9422607421875,2180.1064453125,-37.6077470863233,122.91758259681534,-70.26066524247759
1753092156.0296495,nan,nan,nan,nan,nan,nan,-52.80357360839844,1373.7967529296875,2161.00146484375,33.54581621869893,166.29204584422686,138.18338879087722
1753092156.0771828,nan,nan,nan,nan,nan,nan,nan,nan,nan,nan,nan,nan
1753092156.1251886,324.8716735839844,583.0263671875,850.1119384765625,39.44870725526728,-154.74417791185752,-143.21106856530636,-53.781982421875,1403.4935302734375,2201.043212890625,-37.096857355173924,128.409072001376,-71.27749126740406
1753092156.168846,348.2325439453125,624.9505615234375,911.2417602539062,-19.20366515275806,152.06732819177375,-74.04430744641789,nan,nan,nan,nan,nan,nan
1753092156.2108593,nan,nan,nan,nan,nan,nan,-53.28910827636719,1390.6314697265625,2180.8720703125,22.57097041854215,166.88082116898198,146.92637398003558
1753092156.2583818,326.44061279296875,585.8419189453125,854.2174072265625,41.09347260012895,-151.66304551136767,-141.601936722153,nan,nan,nan,nan,nan,nan
1753092156.3023913,344.7309875488281,616.9282836914062,902.0789794921875,37.078814662078884,-156.48086712304178,171.7322203259277,nan,nan,nan,nan,nan,nan
1753092156.3484228,343.7689514160156,610.7804565429688,890.5802612304688,nan,nan,nan,-90.38286590576172,1793.0291748046875,2811.9365234375,15.592495089936955,141.8621267239484,-65.88070792946893
1753092156.3921478,327.1419677734375,581.2389526367188,847.5057983398438,20.047058996989755,-178.3583844596631,-134.293244927475,nan,nan,nan,nan,nan,nan
1753092156.4361506,338.78131103515625,600.3776245117188,895.5414428710938,-52.61184025814942,104.14909178559772,nan,nan,nan,nan,nan,nan,nan
1753092156.484719,329.680419921875,583.8646850585938,875.9457397460938,41.51459830160537,-146.01195381630453,178.81693518957252,nan,nan,nan,nan,nan,nan
1753092156.5287201,302.5197448730469,523.8627319335938,847.1537475585938,25.394401732858515,-153.93972725897663,nan,41.15248107910156,529.0050659179688,956.8458251953125,56.201159646937384,-52.950179965577234,-31.579040850963185
1753092156.5755546,297.31085205078125,502.5052795410156,828.0987548828125,43.279892621750065,-140.7947626924224,165.71760208574486,nan,nan,nan,nan,nan,nan
1753092156.6195416,248.6502685546875,422.22369384765625,753.2025756835938,14.181876541790928,-165.58508771359757,176.067100512421,43.70066833496094,368.6715393066406,800.8159790039062,18.895624060909018,-50.59247494779301,10.682817146654429
1753092156.6620207,235.14552307128906,332.9475402832031,729.3228759765625,2.8867379889222606,-137.25661072941145,131.9209416746577,-45.806068420410156,291.0997619628906,858.7722778320312,-75.10261593558523,111.62895272662662,-99.9218046992534
1753092156.7050178,236.43482971191406,293.83477783203125,716.2000122070312,-0.6767918003529236,-125.15806962839639,nan,nan,nan,nan,nan,nan,nan
1753092156.7520266,253.244873046875,264.8603515625,701.5963745117188,5.647298835469612,-114.23580726531979,175.11357879626115,-101.13150787353516,263.9085388183594,925.9382934570312,-76.90060763558681,129.4767926191382,-97.9093606422037
1753092156.797604,419.59515380859375,350.7707824707031,708.5491333007812,nan,nan,nan,-107.52197265625,239.05380249023438,919.55419921875,-4.9611331817346365,-104.91405750031764,nan
1753092156.8406029,351.7570495605469,192.97755432128906,695.8920288085938,8.116147123139333,-111.63832062888389,68.52251888496757,-118.95196533203125,246.53884887695312,984.8463134765625,31.80043578499364,-88.93527081305331,-168.36164697008067
1753092156.881129,316.7837829589844,157.4010467529297,686.9332275390625,-10.730301324170625,-99.77818172184813,-9.29089830138845,-124.26978302001953,232.3048553466797,997.0603637695312,33.852228542450675,-85.20440117893229,-159.58785641204938
1753092156.9271312,318.99505615234375,130.50831604003906,691.728271484375,-13.303251606419192,-95.67588947554705,-20.735601683868946,nan,nan,nan,nan,nan,nan
1753092156.9737196,324.2200927734375,126.69756317138672,700.133056640625,-10.356161885641901,-96.92268597897129,-38.66193715958258,nan,nan,nan,nan,nan,nan
1753092157.0167205,327.22998046875,122.4271469116211,706.6326293945312,-7.01851062787801,-99.8885858264369,-40.50530480606634,nan,nan,nan,nan,nan,nan
1753092157.065261,330.62542724609375,124.8900146484375,705.1621704101562,-8.740494855116173,-101.45148832315675,-45.49367969898861,nan,nan,nan,nan,nan,nan
1753092157.1142569,330.12493896484375,121.98743438720703,704.0946655273438,-11.211369124568353,-101.24154289252836,-51.630142107848975,nan,nan,nan,nan,nan,nan
1753092157.1573548,330.7099914550781,121.34315490722656,708.2532348632812,-8.994284771562281,-102.1798638558571,-43.89719642164965,nan,nan,nan,nan,nan,nan
1753092157.199868,nan,nan,nan,nan,nan,nan,-438.8127746582031,598.2702026367188,3415.1494140625,-66.23901311612326,-97.9087659926039,114.13682433686333
1753092157.2428684,333.3340759277344,124.19409942626953,716.8312377929688,-3.9939978335077106,-103.20531391606355,-49.44498518354584,nan,nan,nan,nan,nan,nan
1753092157.2904212,328.89520263671875,122.5402603149414,707.2854614257812,-10.081884106847953,-100.9172681893332,-45.859820594448124,nan,nan,nan,nan,nan,nan
1753092157.3334012,338.48236083984375,125.22856903076172,730.9315185546875,3.294788766180931,-106.15857521980506,-57.70279112974455,-128.8107147216797,172.40875244140625,1017.7587890625,19.682248482464377,-81.23869722866218,-133.94914723387595
1753092157.3779187,331.11553955078125,121.125244140625,715.0233154296875,-5.8847056198478915,-102.43810073190195,-31.607690669692982,nan,nan,nan,nan,nan,nan
1753092157.419916,332.02252197265625,121.45701599121094,716.9818115234375,-3.9684816735509094,-103.21917480172252,-34.08516613435578,-147.3667755126953,197.24539184570312,1164.373779296875,53.01398160086609,-75.39651280839652,-114.52329725769809
1753092157.464669,328.5809631347656,118.83080291748047,709.550048828125,-7.848491444303479,-101.23045844622364,-31.322242890038627,nan,nan,nan,nan,nan,nan
1753092157.5066633,327.63946533203125,118.98542785644531,710.4733276367188,-7.172432197054917,-99.45135971252047,-32.66199075860209,-155.81857299804688,209.30165100097656,1194.7718505859375,56.170806516308375,-74.01635474735652,-119.53818706410186
1753092157.5506718,329.505126953125,121.03980255126953,714.5189208984375,-2.8602383961423707,-101.25481658362808,-33.90597744435465,-135.86239624023438,184.50311279296875,1041.7535400390625,26.541028996025663,-81.3692376450958,nan
1753092157.5962036,326.8999938964844,119.21501922607422,711.84423828125,-5.429173468587535,-99.7184931073058,-30.768245410386132,-132.46754455566406,175.97836303710938,1015.7228393554688,12.514490175782067,-83.26140813063958,nan
1753092157.641192,324.6754455566406,119.03939056396484,719.0691528320312,-0.7508553656293082,-100.30932037354277,-56.431679879162914,-138.14584350585938,183.5217742919922,1059.262451171875,29.18374503043524,-82.00850679087279,nan
1753092157.6857803,323.4225158691406,119.75513458251953,731.912109375,nan,nan,nan,nan,nan,nan,nan,nan,nan
1753092157.7297828,321.8459167480469,122.92362213134766,751.2770385742188,nan,nan,nan,-142.81307983398438,188.37564086914062,1063.618896484375,29.876012293719732,-81.85214701274926,nan
1753092157.7772822,nan,nan,nan,nan,nan,nan,nan,nan,nan,nan,nan,nan
1753092157.8242893,nan,nan,nan,nan,nan,nan,-139.88140869140625,203.6679229736328,1027.0455322265625,26.279448582819246,-82.99105549163757,100.89305777621811
1753092157.8660555,298.3216552734375,153.8394775390625,746.7484130859375,8.157361461822719,-113.69590891882916,-82.15055550807033,nan,nan,nan,nan,nan,nan
1753092157.9099748,293.8055114746094,165.0612030029297,739.00830078125,-0.9437627692746987,-113.80063975603134,-130.24415594460095,-115.63310241699219,196.8802032470703,1022.6278686523438,25.10462101959451,-81.78245469977459,nan
1753092157.9550145,288.76788330078125,172.57489013671875,740.6973266601562,-5.163361945545354,-111.57577024301419,nan,-111.86717224121094,200.73045349121094,1042.6265869140625,31.030382788821452,-78.45897715926857,-130.92737938455346
1753092158.0055895,285.1408996582031,167.24986267089844,742.4024047851562,-9.460516206079923,-110.42574043834962,-140.07226605493364,nan,nan,nan,nan,nan,nan
1753092158.0477676,284.3929138183594,166.81114196777344,740.4549560546875,-9.532309718098071,-108.83069639403872,-135.47890991934878,-99.31243133544922,197.7254638671875,1037.4014892578125,32.49031664076324,-73.79489310310672,-122.33331273368997
1753092158.0932643,285.85211181640625,164.5814666748047,736.8604736328125,-10.055451127413072,-111.47628369629423,-122.24743533887117,-96.15192413330078,191.43307495117188,1004.3873291015625,20.06921792608889,-75.48672401356175,-130.99601149086774
1753092158.1382492,286.7677307128906,162.87515258789062,735.5669555664062,-5.484981116279087,-111.46395420134449,-164.4445363357608,-99.86209106445312,192.92637634277344,1022.5603637695312,27.633658627450156,-75.72857784664532,-126.76943264211907
1753092158.1807683,297.1937561035156,158.99185180664062,743.925048828125,0.2478548096379924,-112.9043545630014,-57.18360469085429,-96.73443603515625,186.8839874267578,990.5341186523438,12.678971283587583,-77.93261153413988,-136.24266925909123
1753092158.22278,319.7361755371094,151.96417236328125,781.504638671875,20.196321128215157,-117.20591983518874,-58.80817006081158,nan,nan,nan,nan,nan,nan
1753092158.2653673,314.52020263671875,134.2729034423828,734.1767578125,-0.6357314345308596,-101.06568699146517,-31.333674620691347,nan,nan,nan,nan,nan,nan
1753092158.3093555,324.4088439941406,132.78636169433594,718.4786987304688,-5.630854055781982,-98.30445110832285,-22.38685994915367,nan,nan,nan,nan,nan,nan
1753092158.3523877,330.28765869140625,132.36813354492188,716.2157592773438,-4.212731596387808,-97.67052378031573,-27.374406106361658,-151.30697631835938,227.8331298828125,1160.1781005859375,54.13824518241351,-81.27179446794287,nan
1753092158.3979137,334.6905517578125,132.50045776367188,702.2871704101562,-8.988980182378521,-94.4659770786563,-38.285180369378814,-167.5314178466797,241.55618286132812,1230.05908203125,59.77273838323041,-75.73553689061583,nan
1753092158.4419174,342.4246520996094,136.9473114013672,704.277587890625,-3.7453336713071064,-95.7171707570455,-48.67209380494969,-164.23971557617188,227.16798400878906,1156.791015625,53.30688930451913,-77.38134145321702,nan
1753092158.4855192,342.5216369628906,139.14959716796875,701.696044921875,-2.389388608918658,-95.60613547453795,-41.662174166943714,-153.43157958984375,208.6378173828125,1052.107421875,32.953654849778886,-83.59808717074328,nan
1753092158.5295117,342.07806396484375,140.6348876953125,709.18603515625,1.22314218457789,-97.26753609105269,-41.05388906832042,nan,nan,nan,nan,nan,nan
1753092158.576085,335.0388488769531,140.19955444335938,700.1868896484375,-4.9379836301080084,-96.04374681585487,-26.20977168061195,nan,nan,nan,nan,nan,nan
1753092158.619093,331.7662353515625,139.1754608154297,701.8264770507812,-3.4183718445392386,-94.33736742040026,-33.75318660172763,nan,nan,nan,nan,nan,nan
1753092158.663622,315.7762145996094,141.09487915039062,711.505615234375,-4.343758508115897,-95.85093329296491,-28.220487385412508,-137.33480834960938,215.50433349609375,1008.3477172851562,22.999967686418827,-92.34584448039524,102.80183540500224
1753092158.7086248,297.45794677734375,140.86056518554688,710.3240356445312,-7.095706054671447,-97.20426767286537,-10.106043468193661,nan,nan,nan,nan,nan,nan
1753092158.7556398,284.5041809082031,146.67140197753906,705.3564453125,-14.277327267253922,-105.06375256985758,136.95497862910457,-124.70338439941406,213.2769317626953,1016.2511596679688,28.468440070694378,-83.08767612782204,nan
1753092158.7993836,263.68646240234375,150.50357055664062,704.208251953125,-23.70320981459042,-105.21985545880135,17.157940281598304,-117.9681625366211,211.3270721435547,1025.7974853515625,36.563016636490644,-76.18882510127119,nan
1753092158.8463688,264.2405090332031,159.51766967773438,702.0748901367188,-20.9701897493379,-111.39698740986667,175.18692862421312,-105.96202087402344,199.8661651611328,970.1654663085938,19.508067955968,-76.91406198223167,-141.04353415755457
1753092158.8899038,261.98309326171875,165.21182250976562,703.2783203125,-17.476163253727073,-114.65839205595245,167.93113681668277,nan,nan,nan,nan,nan,nan
1753092158.9329035,261.6081237792969,166.32859802246094,702.271728515625,-15.370209843262435,-114.76637925465518,172.34966340219233,-100.8921890258789,197.26397705078125,957.5341796875,21.077890852146375,-76.88153080520935,-137.34857797984571
1753092158.9774306,263.6125183105469,163.18751525878906,700.4063720703125,-13.060349216702107,-115.70043816220114,165.10820340095367,-101.45134735107422,202.05238342285156,980.7775268554688,32.795263277062915,-77.85089958107456,-135.82356283340516
1753092159.0225153,266.1684875488281,161.75076293945312,700.0294189453125,-10.42008834673587,-114.93901075128218,-170.24933161222933,-100.251953125,196.01217651367188,951.4578857421875,19.908263185315583,-78.9018875234739,-149.87979197408256
1753092159.069174,276.1424255371094,162.61830139160156,697.9633178710938,-7.983753513720933,-114.13303372586158,-116.50930420688961,-105.16348266601562,205.6151885986328,998.0716552734375,36.1478813223069,-79.44054367077023,-133.63010164000636
1753092159.1141741,292.4968566894531,163.4903106689453,701.7059936523438,2.289202540820986,-111.4756851865941,-84.71894932893265,-110.32931518554688,208.3214569091797,992.6386108398438,33.53207803486372,-83.72626151664447,-146.17663092808993
1753092159.1581986,nan,nan,nan,nan,nan,nan,nan,nan,nan,nan,nan,nan
1753092159.2048607,nan,nan,nan,nan,nan,nan,-438.9118957519531,706.294677734375,3365.44970703125,74.62727573153273,-63.09598672222234,nan
1753092159.2488666,327.3026123046875,154.09719848632812,684.0192260742188,4.319480315889096,-99.35906477333181,-21.48974033305414,-876.2113647460938,1301.2978515625,6088.7900390625,-77.90988543088557,-154.74135201119114,-104.78515723706471
1753092159.2913737,330.61822509765625,153.80010986328125,682.7005004882812,5.095256079435742,-97.26650633784341,-20.470578783934997,-1022.6630249023438,1460.1435546875,6832.03173828125,-79.15050467430716,-170.4221130946631,-56.35924925252804
1753092159.3353746,327.1764221191406,154.11407470703125,678.2923583984375,4.2144733270756385,-93.64530717867369,-19.367096356021236,-960.8489990234375,1408.994140625,6419.0751953125,74.4157413150649,-58.287173506131595,nan
1753092159.3799574,325.92706298828125,155.44862365722656,678.4124145507812,4.427789561846992,-92.9356710209853,-26.720594406817554,-893.5591430664062,1310.3199462890625,5969.53662109375,-79.52140456178265,171.12164050911392,-36.567410017767386
1753092159.4269502,320.90887451171875,153.61654663085938,676.1026000976562,1.867818297432778,-92.53448739190078,-40.239877844335474,-925.3718872070312,1356.9703369140625,6182.06591796875,-78.96668070019416,-170.60215178207378,-114.3381203926856
1753092159.4694889,306.6810302734375,154.9854278564453,682.12744140625,4.9004850470577965,-88.07978181843683,-33.15320062799461,-486.57635498046875,722.8232421875,3293.02783203125,73.5556653238851,-61.33904840158115,nan
1753092159.5134845,297.873291015625,157.82261657714844,683.0291137695312,4.637174233231631,-90.3732017400566,-24.42033526318174,nan,nan,nan,nan,nan,nan
1753092159.5565474,288.3929443359375,160.8878173828125,679.2996215820312,0.022285803664588984,-93.95422762059466,-22.10138679104359,-690.2095947265625,1025.3262939453125,4671.1669921875,nan,nan,nan
1753092159.605097,268.51397705078125,161.5282440185547,682.003662109375,-13.0012470897322,-108.4890495628209,-45.91711025983166,-135.8218231201172,212.87159729003906,969.7973022460938,29.086643806696316,-89.64214185470509,nan
1753092159.6581178,266.1385803222656,169.57455444335938,682.652587890625,-11.642980769599045,-115.0504373186117,-35.02188139968301,nan,nan,nan,nan,nan,nan
1753092159.7056453,261.7978820800781,177.6695556640625,688.53466796875,-9.904909801118393,-121.95665602715296,164.31959056356865,-116.63102722167969,205.40296936035156,935.7719116210938,26.546732916561332,-81.60241787434234,98.95173433900334
1753092159.7496827,260.6645812988281,180.45703125,689.0460205078125,-10.346121392963767,-122.94232544029744,169.02465049585166,-104.84803009033203,205.39199829101562,911.7108154296875,20.585534597939773,-79.54475169993255,nan
1753092159.7942078,262.84674072265625,181.45802307128906,687.8074340820312,-7.715082589484754,-118.57503101392103,172.79286970645708,-96.61195373535156,206.3241424560547,900.444580078125,12.4182714687881,-78.49417138188637,nan
1753092159.8362217,261.45953369140625,184.06520080566406,687.6447143554688,-5.137632886591779,-121.46497218708541,177.87493089450624,-96.31697082519531,205.6941680908203,897.6952514648438,8.965094973068426,-80.16317092338312,174.21142948887652
1753092159.8838253,260.83819580078125,182.30589294433594,686.0106201171875,-3.1967394056734078,-117.46977417414982,-174.637160981263,-97.6971206665039,206.68426513671875,894.4938354492188,5.660762274345828,-83.354169321538,168.44328115515742
1753092159.927826,255.19190979003906,162.7275390625,681.5224609375,nan,nan,nan,-105.5366439819336,210.27767944335938,917.6986694335938,20.182526081510186,-84.74740574742637,-171.3175655908413
1753092159.9735548,255.0673828125,151.3682098388672,677.7023315429688,-70.9648005587908,20.31200315059637,105.67562284719166,-109.09866333007812,211.99465942382812,933.0385131835938,24.511199136363683,-84.31656382647262,-160.6265738866789
1753092160.0185456,271.3341064453125,148.95565795898438,672.7045288085938,-10.070020079998903,-104.17477249486669,-146.515495129291,-116.89244842529297,211.28506469726562,937.8694458007812,21.101489339876046,-84.69671487559823,-165.78750848265142
1753092160.0617151,299.8832702636719,151.57815551757812,678.6422729492188,5.411778648961417,-98.89689149140337,-37.69316734506206,-123.77960968017578,213.81651306152344,949.1062622070312,20.420872249509447,-89.77842818423255,-170.79142841490392
1753092160.1124492,306.65679931640625,151.06895446777344,670.5772705078125,1.847750943050165,-93.55084205634451,-37.32780028909495,-509.90570068359375,855.5281982421875,3797.588623046875,74.0701982124686,-62.36447519509986,-106.83474900900934
1753092160.156458,308.2737731933594,149.96974182128906,665.6979370117188,-1.5737514758917095,-90.1861258731038,-42.2014223492562,nan,nan,nan,nan,nan,nan
1753092160.2002478,302.5231018066406,151.58477783203125,667.160400390625,-3.076079301626776,-90.47458953953489,-40.69522162474535,-136.0115509033203,217.6596221923828,957.9713745117188,16.153039091913417,-94.92001018244714,-171.16488676084197
1753092160.2452533,300.1202697753906,151.66986083984375,667.5347900390625,-5.3202478863757054,-93.08003034220188,-29.72311291716421,-138.0823516845703,220.9735565185547,972.5567626953125,25.98574922232197,-91.82174742398622,nan
1753092160.2868187,295.2627868652344,158.255615234375,668.1859741210938,-6.164132512269454,-89.07338584831876,-13.424264853203038,-136.02598571777344,219.5288848876953,958.0730590820312,19.745206297688142,-91.85798027797671,nan
1753092160.3308346,269.343017578125,167.29994201660156,684.109375,-5.205059764260723,-109.2763580301109,15.558493969032858,-131.90013122558594,215.7991180419922,941.7955322265625,17.490446878162256,-91.0952040144864,nan
1753092160.377362,254.5301513671875,167.96385192871094,686.8241577148438,-19.85863325436455,-109.00365233573365,-74.6754607609145,-124.16476440429688,211.8895263671875,924.733154296875,10.655273096316394,-91.0442925857417,nan
1753092160.4243627,305.20166015625,228.1380615234375,684.7062377929688,-67.87546950559941,12.099852170199744,131.31684779508342,-116.22201538085938,222.33880615234375,962.2440185546875,33.97194062052775,-87.69400786123921,nan
1753092160.4709046,273.11798095703125,217.7666473388672,693.6974487304688,nan,nan,nan,-95.08413696289062,212.39816284179688,919.22265625,17.108385729459233,-80.45930026903376,nan
1753092160.5139008,253.0526123046875,209.50425720214844,697.3410034179688,-12.949900601118667,-120.3951703982847,-175.09163528478226,-90.2196273803711,209.33102416992188,905.9486083984375,3.6885027275426543,-84.14457808840588,nan
1753092160.5562901,254.254150390625,205.35818481445312,696.9512329101562,-7.775183621340071,-112.06530603979026,-179.23259969320284,-84.67774200439453,208.58041381835938,902.7000122070312,9.954123280201232,-79.5451323537677,-167.69633837551515
1753092160.604605,257.58660888671875,202.12564086914062,695.0717163085938,-6.753196299125338,-110.8062071775142,-155.08381065618642,-91.51128387451172,220.8756866455078,955.9119262695312,34.97974028071182,-76.96588205123854,-134.9517565478695
1753092160.6496384,258.5385437011719,197.8111114501953,694.0316772460938,-8.228454907360117,-111.41772255716137,-164.91426730060493,nan,nan,nan,nan,nan,nan
1753092160.695169,259.4836120605469,180.1530303955078,692.9840698242188,nan,nan,nan,-98.81851196289062,211.281494140625,937.8535766601562,21.54990635174394,-81.44590626744,-150.6525853099553
1753092160.7381682,266.7385559082031,164.6832275390625,684.1915283203125,-8.038802842082802,-103.4463385566215,-22.78998743846478,-110.8058090209961,215.20632934570312,963.5169067382812,27.709518801915173,-82.06717500010053,-149.81078715246105
1753092160.7817552,277.29241943359375,155.29977416992188,677.7628784179688,-6.774450242952591,-95.86494455741658,-4.8749303044603085,-123.0298843383789,215.70860290527344,957.5050048828125,21.39373064775247,-94.38583651979965,-168.97410157448738
1753092160.826749,292.630859375,159.0364532470703,676.9907836914062,-1.1915893973556424,-93.19532950342463,-16.30299746835558,-491.9758605957031,834.6483154296875,3612.214111328125,73.8558319144699,-63.57501268195493,nan
1753092160.8702989,304.0456848144531,159.48573303222656,673.3797607421875,0.8000153570070655,-92.17337024858813,-23.923206546904364,-140.544921875,228.72940063476562,989.9013671875,-77.95294280406713,144.18099685885443,nan
1753092160.9132953,302.9103698730469,160.8694610595703,673.7406005859375,0.17693007074638445,-90.07955874271556,-27.986758781901493,nan,nan,nan,nan,nan,nan
1753092160.958324,300.12725830078125,160.76953125,673.3220825195312,-2.3992831549115645,-89.82020131811447,-24.710241536062934,nan,nan,nan,nan,nan,nan
1753092161.0038402,299.2129211425781,164.28717041015625,677.125244140625,-4.143155757362811,-91.69822946171229,-6.141962595279036,-141.60842895507812,227.37425231933594,984.0365600585938,18.854941185094034,-101.12429239340584,nan
1753092161.0478354,286.99420166015625,165.51788330078125,682.1976928710938,-4.678874498757103,-96.96906996062827,168.0422527940986,-143.2567596435547,231.93914794921875,995.4907836914062,32.19345291351315,-96.65457975988478,105.80141501657315
1753092161.0893714,270.3902587890625,167.4466094970703,690.1470947265625,-6.667951773002288,-107.55391506691058,165.2457470358427,-141.40460205078125,230.83387756347656,982.6201171875,28.54568092359729,-96.41914909886562,104.97524819025229
1753092161.1383781,266.54296875,189.38575744628906,697.4795532226562,-4.690541244638127,-104.89282455991088,-162.70003349945486,-126.03083038330078,222.3087615966797,938.630859375,nan,nan,nan
1753092161.1840553,258.8348083496094,194.35943603515625,705.779541015625,-21.305008881469913,-114.8758907184473,-156.999544982837,-103.28784942626953,220.09555053710938,929.2861938476562,14.241255491995782,-94.9311932969173,nan
1753092161.228057,250.1425018310547,202.93429565429688,712.0066528320312,-28.049129562501548,-118.00223433174648,-174.44255660313877,-73.95288848876953,212.96908569335938,899.1968994140625,-0.8519290424432079,-84.33905046634867,nan
1753092161.2706048,252.83311462402344,204.26315307617188,711.8563232421875,-22.067885401233625,-119.53956745954368,-163.05659727467068,-64.54559326171875,210.54296875,888.953369140625,-7.236422380830516,-75.70231896810495,169.56477429202585
1753092161.3136034,256.9322509765625,204.2504425048828,711.81201171875,-19.0654960950685,-117.18391048144441,-142.38580099625509,nan,nan,nan,nan,nan,nan
1753092161.3576133,257.6929931640625,202.3990020751953,710.1286010742188,-20.02409128110559,-116.54268922648231,-116.30534540921823,-63.28817367553711,212.06947326660156,895.3985595703125,-5.78190789220073,-76.75781924604387,168.81130883461447
1753092161.400144,nan,nan,nan,nan,nan,nan,-71.25775909423828,218.92636108398438,931.9318237304688,14.039278701474496,-80.24635276414479,178.6370313497
1753092161.4441378,312.74847412109375,224.31515502929688,701.6371459960938,-1.668034590568718,-110.23954236665493,110.62948324644195,-72.99356842041016,216.95230102539062,931.1666870117188,14.728099267364676,-81.60385424168544,-150.83727903853205
1753092161.488728,282.8545227050781,180.46572875976562,704.6327514648438,-11.716267310273457,-100.85278973548075,-110.25292038657184,-81.31907653808594,228.46629333496094,988.7626953125,38.12824131664862,-82.70934198219075,-126.69887379190158
1753092161.5327966,281.0330505371094,172.03514099121094,703.47216796875,-9.40842340069835,-99.00831973646909,-3.391738752738997,-94.31076049804688,219.4193572998047,965.71630859375,25.352339176302696,-96.24892125930272,-155.99435536416374
1753092161.5744727,280.5295715332031,167.66754150390625,702.2117919921875,-6.179988016103362,-99.56193731739133,-1.479452346807744,-107.67216491699219,220.1045684814453,968.7321166992188,23.514152520483695,-102.41361271607197,nan
1753092161.6224692,281.91754150390625,164.981689453125,702.2986450195312,-5.094193547677581,-97.79843605722006,-4.984051531124616,-112.24684143066406,221.7666778564453,976.0474853515625,21.831071663456527,-105.82057092799269,nan
1753092161.6635826,286.3084411621094,167.88238525390625,703.111572265625,-5.255246777922518,-96.89236954057584,-8.470263807902395,nan,nan,nan,nan,nan,nan
1753092161.7110999,286.75762939453125,169.5027618408203,704.2147216796875,-5.442401941960395,-98.79942302609768,-27.071332173718414,nan,nan,nan,nan,nan,nan
1753092161.7551064,288.6732177734375,172.5506134033203,705.5799560546875,-4.6459810458323805,-101.90888724450078,-12.394858761132856,nan,nan,nan,nan,nan,nan
1753092161.7966805,293.10321044921875,180.92507934570312,706.4263305664062,-7.559976341040686,-108.79130255537532,23.637114246456136,nan,nan,nan,nan,nan,nan
1753092161.8446774,356.4844665527344,297.04132080078125,694.6519775390625,-2.047691511373507,-88.94865592088084,-9.845306029791878,-119.13024139404297,231.70358276367188,986.322265625,nan,nan,nan
1753092161.8882356,354.6636657714844,281.6586608886719,696.333251953125,-9.860452001379112,-89.64473839635896,-138.5669562660149,nan,nan,nan,nan,nan,nan
1753092161.931234,351.689453125,269.0448303222656,698.4207763671875,nan,nan,nan,-105.2688980102539,228.27452087402344,963.8193969726562,nan,nan,nan
1753092161.9747748,345.98760986328125,261.7470397949219,700.5006103515625,nan,nan,nan,-95.13294219970703,228.09422302246094,955.2860107421875,nan,nan,nan
1753092162.0197885,302.5289611816406,218.20692443847656,712.5964965820312,15.807454763451982,-14.475154211315619,-1.9235605322967666,-94.74800109863281,233.52322387695312,970.1935424804688,nan,nan,nan
1753092162.0648987,nan,nan,nan,nan,nan,nan,-91.0492172241211,236.6167449951172,990.9793701171875,-78.85611395160485,122.894439153983,nan
1753092162.1074543,nan,nan,nan,nan,nan,nan,-85.3908462524414,236.81179809570312,991.7962036132812,nan,nan,nan
1753092162.153487,362.205810546875,380.2838134765625,690.2498168945312,-0.4037991807206996,-93.16798806810974,-41.20995133705906,-84.01161193847656,232.98681640625,975.7767333984375,-78.95211067191286,121.09354262327305,-106.63976462191386
1753092162.200059,402.42218017578125,412.5611572265625,693.0814819335938,nan,nan,nan,-80.51211547851562,233.7446746826172,978.9508056640625,nan,nan,nan
1753092162.2630527,322.9863586425781,209.5426483154297,697.4688110351562,9.707986328327122,-102.21061782418242,62.14735090304303,-82.65190887451172,245.71405029296875,1029.0799560546875,nan,nan,nan
1753092162.313579,361.7397766113281,337.4651184082031,684.3357543945312,5.214328275492629,-19.964838784356953,3.9463734709446006,-76.04351806640625,226.06809997558594,946.8003540039062,nan,nan,nan
1753092162.3646286,379.2319641113281,378.691162109375,687.3590087890625,8.685431488495354,-28.084829924754086,5.572674159117839,-77.64124298095703,223.59075927734375,944.043701171875,nan,nan,nan
1753092162.4121575,323.0842590332031,225.0889892578125,683.46044921875,18.952788420569767,-121.99437776890551,73.68823133772992,-78.47160339355469,225.98204040527344,954.14013671875,nan,nan,nan
1753092162.4591565,307.7009582519531,208.6771697998047,681.4752197265625,nan,nan,nan,-79.61344146728516,227.40496826171875,968.0238037109375,31.788285215454795,-89.95930994339125,164.83764876754785
1753092162.5057254,314.3466796875,239.3136749267578,690.3017578125,-64.48734389550972,27.105527886593887,133.92456604923464,-85.12025451660156,229.0303192138672,967.0105590820312,35.57885537179476,-85.06999888818123,-144.88891576534508
1753092162.5497384,312.5802001953125,247.72714233398438,695.2484741210938,nan,nan,nan,-96.05558013916016,240.53660583496094,983.582763671875,36.22836132334954,-87.1032895729791,-175.74324999049415
1753092162.5945055,307.02374267578125,248.65213012695312,697.8444213867188,nan,nan,nan,-101.34585571289062,244.4864044189453,961.8397827148438,19.991612836089548,-91.43031192302772,-150.9929898938335
1753092162.6394994,323.5338134765625,266.4410095214844,698.6510620117188,-0.27257509777077216,-108.76729723786583,159.73013562646818,-105.5124740600586,245.5564727783203,966.049560546875,nan,nan,nan
1753092162.684096,336.2667541503906,276.6108703613281,697.1382446289062,nan,nan,nan,-108.65828704833984,246.1105194091797,960.9444580078125,nan,nan,nan
1753092162.7300932,353.0907287597656,292.2017517089844,695.877685546875,nan,nan,nan,-109.62561798095703,256.407470703125,986.3074340820312,33.68116985035625,-93.63398876212439,151.65581259897374
1753092162.7756639,316.7842102050781,218.14007568359375,716.8894653320312,-64.6541822709264,26.953712465481257,129.16544953263482,-108.49759674072266,255.6500701904297,976.1585083007812,nan,nan,nan
1753092162.818675,309.7593994140625,214.44558715820312,723.063720703125,nan,nan,nan,-105.89800262451172,255.79534912109375,969.579345703125,-78.91750124969352,130.8186095953582,nan
1753092162.8618245,282.7636413574219,175.24658203125,739.9251708984375,-20.22759846634285,-107.54771419749125,12.574876762337718,-101.69384765625,259.3681640625,983.1218872070312,nan,nan,nan
1753092162.9053404,nan,nan,nan,nan,nan,nan,-94.97640228271484,249.77203369140625,953.7141723632812,10.274829582049465,-101.75602649064032,-156.52442799889297
1753092162.9483416,297.1806335449219,158.70730590820312,777.6510009765625,-21.788900831541586,-108.69308748883614,-74.44420766044237,-95.1850357055664,255.25987243652344,974.6686401367188,11.202553443361461,-101.6258288464758,nan
1753092162.991859,nan,nan,nan,nan,nan,nan,-93.5262680053711,250.81153869628906,957.683349609375,1.6260881090303045,-103.1393100326275,nan
1753092163.03586,318.051513671875,146.43226623535156,792.3137817382812,-27.93802090602355,-99.9386404044121,-43.360362489361904,-92.75467681884766,248.74232482910156,949.7824096679688,nan,nan,nan
1753092163.0803692,nan,nan,nan,nan,nan,nan,-93.4692153930664,250.6585235595703,957.09912109375,nan,nan,nan
1753092163.1253676,nan,nan,nan,nan,nan,nan,-95.17789459228516,253.36273193359375,974.595458984375,nan,nan,nan
1753092163.1654341,nan,nan,nan,nan,nan,nan,nan,nan,nan,nan,nan,nan
1753092163.2089562,374.995361328125,113.33401489257812,841.2852783203125,-18.264952652799902,-111.08458052318225,5.561533570645131,-102.67838287353516,258.05364990234375,992.6398315429688,nan,nan,nan
1753092163.251968,384.7425842285156,101.99165344238281,841.3302001953125,-21.47512848594575,-111.34767570263132,17.467025070589496,-100.5541000366211,252.71484375,972.1033935546875,nan,nan,nan
1753092163.2996645,391.4114074707031,91.063232421875,845.2284545898438,-25.45031850322601,-112.35289149851029,25.185642525761356,-98.82525634765625,245.63499450683594,937.9176025390625,-77.66549996656289,125.45783094181641,nan
1753092163.342648,393.7992858886719,86.70283508300781,850.3849487304688,-31.813372061062463,-109.62814900683212,-13.469365024300746,-102.47257995605469,250.12628173828125,955.0668334960938,-77.36657927573575,126.4073214553285,nan
1753092163.3872392,395.73193359375,85.48165130615234,854.558349609375,-30.33562680409129,-111.90897312818667,0.9645305721128887,-102.30455017089844,245.3104705810547,936.6784057617188,-77.20425886964576,126.43962690526575,-85.38658786521981
1753092163.435252,397.47021484375,86.21589660644531,861.8985595703125,-29.064740703804752,-112.84312756866704,18.669869189269882,-106.2491683959961,246.0858154296875,939.638916015625,-76.97738612867673,127.75587485528168,-92.91841157669904
1753092163.4807525,400.5885009765625,86.89229583740234,868.6604614257812,-28.039304864380703,-113.28880160017967,19.405319510796875,-108.89665222167969,247.99156188964844,946.915771484375,-76.83668635738269,128.53697522115803,-89.42672342914022
1753092163.5227587,406.7083435058594,86.52031707763672,881.9310913085938,-32.70283225179079,-111.83448943015563,22.589818966446565,-112.25507354736328,249.57691955566406,960.0328369140625,-76.70534091655813,129.45249928392963,-93.25129387099611
1753092163.5677645,410.79827880859375,88.73612213134766,887.0932006835938,-34.810181467919975,-111.12843316505852,34.44957054138316,-114.46408081054688,246.36802673339844,947.689453125,-76.48829175562373,130.5182138254884,-99.76979888731678
1753092163.6102853,415.7542419433594,86.34664154052734,897.7952880859375,-36.560048345366134,-110.86819814660225,37.32698576241147,-114.61392211914062,241.016845703125,934.0286254882812,-76.47750790711906,130.34098892251404,-99.40749399711359
1753092163.6543188,424.4778747558594,84.62580871582031,916.6334228515625,-35.505927176836074,-112.05646409279753,36.57826210156209,-118.02405548095703,242.52603149414062,946.94873046875,-76.41321478783611,130.78551220873487,-103.85052413549393
1753092163.6998754,427.110107421875,80.15233612060547,926.1715087890625,-36.95622060294888,-109.42026330407174,22.45584798674309,-117.47918701171875,239.59007263183594,942.5770263671875,-76.47882680240276,130.33602118108158,-99.44341939634343
1753092163.743879,434.2786560058594,74.2390365600586,941.7162475585938,-36.88420517683195,-109.26776475551917,1.2441317991639662,nan,nan,nan,nan,nan,nan
1753092163.789434,438.1832580566406,73.0755615234375,950.1832275390625,-36.95729768538765,-109.9130636458695,2.260852946651428,-117.95352935791016,244.3350372314453,961.2442626953125,-76.3748355908775,130.0264705082979,-97.59009983233645
1753092163.83543,440.0323791503906,71.54525756835938,954.1929321289062,-38.3979343309072,-110.61691223766971,3.319026359157796,nan,nan,nan,nan,nan,nan
1753092163.8789663,444.93133544921875,70.48262786865234,964.8161010742188,-36.82693862295659,-111.92942924537635,0.4550639162130918,nan,nan,nan,nan,nan,nan
1753092163.9209764,447.33099365234375,72.73194122314453,970.0196533203125,-34.30653647299358,-112.4577441025905,7.525909990369788,nan,nan,nan,nan,nan,nan
1753092163.9619694,450.6455993652344,73.2708740234375,977.207275390625,-33.336271146443714,-111.82141836192733,17.17044330007233,nan,nan,nan,nan,nan,nan
1753092164.0045083,454.62200927734375,72.01775360107422,985.8299560546875,-32.528344246483606,-109.8966562769528,25.243961825412526,nan,nan,nan,nan,nan,nan
1753092164.0475059,459.3884582519531,74.69237518310547,996.165771484375,-31.108423896785975,-108.7601072801134,24.38646929668089,nan,nan,nan,nan,nan,nan
1753092164.0920553,463.2320861816406,75.31731414794922,1004.5005493164062,-31.71416334750202,-108.45691288674827,30.558248898066605,nan,nan,nan,nan,nan,nan
1753092164.1420543,468.2575378417969,76.13440704345703,1015.3980712890625,-33.66287394857562,-107.45114217168599,18.707293600364142,-676.7426147460938,1796.878662109375,7069.14306640625,-77.77788110123089,176.49675384334614,-56.19752632363068
1753092164.1925805,474.6167297363281,77.16835021972656,1029.187744140625,-34.08238624840622,-107.22814823968261,29.01753933987164,nan,nan,nan,nan,nan,nan
1753092164.2445805,482.3597412109375,78.42729949951172,1045.9781494140625,-33.039837748714135,-107.77798308732064,30.142352087458182,nan,nan,nan,nan,nan,nan
1753092164.2931557,488.876220703125,79.48682403564453,1060.10888671875,-35.51058703581892,-107.1852809866301,33.35786212745882,nan,nan,nan,nan,nan,nan
1753092164.3401542,497.5207824707031,80.89234161376953,1078.854248046875,-34.64576405690765,-108.41296966890178,33.994334249601685,nan,nan,nan,nan,nan,nan
1753092164.390785,507.6800231933594,82.54414367675781,1100.8841552734375,-33.408352275612785,-110.64871862397031,36.248508336761375,nan,nan,nan,nan,nan,nan
1753092164.4367886,523.7076416015625,87.33841705322266,1135.6395263671875,-26.681598790697116,-112.62590907752096,11.943644795025062,nan,nan,nan,nan,nan,nan
1753092164.4873507,533.8097534179688,91.25366973876953,1157.5455322265625,-27.90067339961576,-112.11396572613332,41.886913378321005,nan,nan,nan,nan,nan,nan
1753092164.532341,541.2261962890625,98.89282989501953,1168.744140625,-35.25233376288491,-111.59775990286975,37.455976099091544,-211.7876739501953,1711.8719482421875,6216.3388671875,-69.86507404662665,-109.56248695903999,116.29347950628744
1753092164.581869,550.7322998046875,107.50479125976562,1189.27197265625,-38.441963103963,-111.00573537102267,51.84366697385454,nan,nan,nan,nan,nan,nan
1753092164.6298654,564.4157104492188,114.39702606201172,1213.769775390625,-34.87385719080607,-115.14525439319371,65.13296806106915,-176.60374450683594,1481.296875,5494.3876953125,-86.29625893339345,-159.0887116416978,173.90621421241423
1753092164.6735196,567.131591796875,119.64774322509766,1219.6102294921875,-41.63812511666701,-111.7417787469286,71.29399198423752,nan,nan,nan,nan,nan,nan
1753092164.717521,577.7854614257812,123.7767562866211,1237.3936767578125,-39.06963326042676,-114.19232245836747,79.75587304754312,-133.5367431640625,1599.521728515625,5932.904296875,-76.20296638552061,-117.62196945888238,124.960740499762
1753092164.7655208,577.2955322265625,130.8189239501953,1236.344482421875,-43.7778096613811,-108.1782039688815,67.9565685460852,nan,nan,nan,nan,nan,nan
1753092164.8100522,582.1720581054688,138.55966186523438,1241.6639404296875,-43.34576628473248,-107.54646248082295,48.623613070203604,-165.10601806640625,1704.518798828125,6757.01171875,-78.0909744254612,-127.77103281722134,137.12386727418033
1753092164.8580647,585.4450073242188,144.15078735351562,1248.6446533203125,-41.75357400866374,-105.39909248245098,42.19024150913576,-169.3703155517578,1608.349609375,6424.8583984375,-78.1565394337287,-128.33428864780103,139.72010108152443
1753092164.9015598,588.1687622070312,147.23870849609375,1254.453857421875,-43.535511457893136,-103.78776788550819,26.5144387393106,-193.9982147216797,1487.6337890625,6035.55419921875,-80.97637125348052,-135.35948732166645,157.63483400713204
1753092164.9455614,592.3599243164062,153.1569061279297,1263.392822265625,-40.113965956298365,-105.17466409732899,28.39556117983266,-278.9542541503906,1684.892822265625,7000.04150390625,-75.15332671328375,-118.03992628059916,137.82210178407652
1753092164.9870965,591.6598510742188,152.97589111328125,1261.899658203125,-41.18224975051246,-103.10463559683559,33.15705454736249,-228.3521270751953,1502.473876953125,6343.73681640625,-82.21447257526748,-99.35629627367373,127.8591358205879
1753092165.0330875,589.741943359375,154.9037322998047,1257.80908203125,-43.25822532985638,-100.32062239136525,23.1074014628853,-143.19320678710938,1399.2490234375,5860.22314453125,-83.14228321050044,-132.29943901964305,150.3294444300177
1753092165.0766616,592.9171752929688,159.95394897460938,1259.4053955078125,-40.87095599945273,-100.33792166197007,38.1519690190948,-102.05657958984375,1456.815673828125,6101.3193359375,-83.8489288209692,-145.69397657695174,169.56349073859107
1753092165.1236563,592.3167724609375,157.36761474609375,1258.130126953125,-42.48478724820183,-99.99093669434023,48.57310874962694,nan,nan,nan,nan,nan,nan
1753092165.1677594,579.9837036132812,150.5758056640625,1242.1014404296875,-45.48853756093939,-100.00201548950749,18.003160940411924,-250.9203338623047,1998.830810546875,8304.3251953125,57.35953238957602,-95.58765543289753,-157.9135281911276
1753092165.211278,560.2549438476562,144.9361114501953,1214.8907470703125,-31.12910048297834,-108.3699089357107,-90.80723789972869,-152.5424346923828,1339.48876953125,5392.3505859375,-85.0520537947056,159.87231779600583,-139.29507390049852
1753092165.256291,538.8401489257812,136.60549926757812,1183.2867431640625,-18.743075880729744,-115.40023508998497,-100.82600788772409,-148.49229431152344,1431.7994384765625,5632.8759765625,-84.72509510976654,163.82861996121994,-149.49641602015987
1753092165.3028467,493.1829528808594,126.19683074951172,1130.8779296875,6.444388910470337,-124.99706038005188,-62.647610002126925,nan,nan,nan,nan,nan,nan
1753092165.3508434,454.26385498046875,116.3360366821289,1079.804931640625,7.863302670936192,-126.64692774684228,-23.586000517839814,nan,nan,nan,nan,nan,nan
1753092165.3954284,419.7874755859375,110.54476928710938,1026.0516357421875,8.481080555150047,-124.7402332394718,-20.5401332640639,nan,nan,nan,nan,nan,nan
1753092165.443432,395.7695007324219,108.12097930908203,985.9208984375,4.282585113907352,-122.41486064831656,-14.831648822909044,nan,nan,nan,nan,nan,nan
1753092165.4879782,377.5808410644531,113.85414123535156,954.3538208007812,2.4467794364242863,-123.31877540763928,-11.873037220498517,nan,nan,nan,nan,nan,nan
1753092165.5329773,356.40289306640625,127.94236755371094,923.3102416992188,10.46232625479135,-124.56147370597921,-54.45877186009424,nan,nan,nan,nan,nan,nan
1753092165.5778613,339.5660705566406,128.26422119140625,888.5635986328125,5.940481428373987,-117.67397575442835,-25.924079776363044,nan,nan,nan,nan,nan,nan
1753092165.6228356,337.9628601074219,136.17930603027344,884.368408203125,-13.95502547889598,-112.04012913741944,71.06825448933492,-17.162527084350586,310.233154296875,1026.0391845703125,nan,nan,nan
1753092165.6659553,295.58428955078125,149.76687622070312,818.8945922851562,nan,nan,nan,nan,nan,nan,nan,nan,nan
1753092165.7074764,292.5864562988281,180.68202209472656,802.0261840820312,-0.24418037057625247,-132.24477871144933,-170.8374885200078,nan,nan,nan,nan,nan,nan
1753092165.7564778,294.9946594238281,196.71121215820312,791.89599609375,0.4297095151416537,-136.00553679540033,-169.02151236568562,-20.3426513671875,317.90667724609375,988.4252319335938,nan,nan,nan
1753092165.8070107,284.25982666015625,210.52015686035156,759.1520385742188,4.2251103576931985,-140.3073482227975,-168.82022335292314,-33.17965316772461,315.10540771484375,973.880859375,nan,nan,nan
1753092165.859044,275.6259460449219,213.73641967773438,739.90185546875,-2.6916242355079847,-140.5957258737286,-173.50630498195738,nan,nan,nan,nan,nan,nan
1753092165.9135816,269.834716796875,225.9951171875,724.3555908203125,0.0575435129888945,-142.0274231608601,-179.393620129669,nan,nan,nan,nan,nan,nan
1753092165.9576118,267.1357421875,233.40750122070312,717.1104125976562,2.903502190298658,-145.4991908186907,nan,-531.5930786132812,1434.29443359375,4137.23095703125,-50.346008769068725,171.95922120483118,nan
1753092166.0002747,262.89013671875,239.0939483642578,709.3827514648438,10.414974056993389,-142.84633985660253,nan,nan,nan,nan,nan,nan,nan
1753092166.0443037,252.55892944335938,232.11172485351562,688.666748046875,6.754877490456352,-141.45674322150938,nan,nan,nan,nan,nan,nan,nan
1753092166.0891595,246.2633819580078,228.7294921875,678.6317749023438,11.545871884201482,-137.51827375002551,nan,nan,nan,nan,nan,nan,nan
1753092166.1361613,234.7283935546875,226.61155700683594,657.3159790039062,11.38144806920927,-131.14071960090803,-160.28506059619343,-156.95574951171875,411.59832763671875,851.301025390625,nan,nan,nan
1753092166.1828678,222.3701934814453,220.64305114746094,636.4462280273438,9.327257069965754,-128.25829297627868,-173.30505133466346,-163.97970581054688,424.94940185546875,845.2284545898438,nan,nan,nan
1753092166.2268684,209.26548767089844,214.7462615966797,619.4368896484375,7.559323203984601,-122.65593720513908,-177.05355508079816,-154.800537109375,400.2613220214844,790.0674438476562,nan,nan,nan
1753092166.2713962,197.0975341796875,216.5259552001953,607.6820678710938,9.587414907941792,-120.22799467969777,-170.47482757637562,-136.02743530273438,372.3547058105469,737.7894287109375,nan,nan,nan
1753092166.3154058,184.3571014404297,216.08578491210938,596.7647705078125,11.099560463912672,-121.34556612418014,-166.80041522074183,nan,nan,nan,nan,nan,nan
1753092166.3594165,164.72776794433594,213.47056579589844,580.2781982421875,-1.7091462304265732,-123.08455061969443,-164.2338853514725,nan,nan,nan,nan,nan,nan
1753092166.403925,141.75369262695312,214.21243286132812,573.2861328125,-3.5121074356496327,-123.69544817762294,-175.312009712647,-147.7059326171875,378.0270080566406,732.253662109375,-39.17096512208404,135.8147007860941,nan
1753092166.4519217,133.9547576904297,211.26129150390625,568.3189697265625,-2.6284946901730932,-121.89862617843633,-179.63483938903636,nan,nan,nan,nan,nan,nan
1753092166.5004933,120.49879455566406,205.57113647460938,561.74755859375,-4.9515062154981635,-123.81173619234646,174.0188215762556,-167.6366424560547,373.41815185546875,745.5899658203125,-34.14971347900094,143.20057378952444,-170.8408467275692
1753092166.543495,118.05523681640625,203.22802734375,555.3447875976562,-6.087477964409443,-124.65510217251594,168.4974665000024,-168.55960083007812,341.8428955078125,690.5150756835938,nan,nan,nan
1753092166.5913289,nan,nan,nan,nan,nan,nan,-177.76051330566406,339.0887756347656,684.9517822265625,nan,nan,nan
1753092166.6383295,nan,nan,nan,nan,nan,nan,-170.51040649414062,326.194580078125,671.98388671875,-6.177620476638027,167.82592250639112,-172.8487746449711
1753092166.6878853,nan,nan,nan,nan,nan,nan,-170.7108612060547,315.1102294921875,667.7032470703125,-3.621979358121266,-178.89364631027465,-166.6950629329458
1753092166.736905,111.68670654296875,145.3892364501953,520.6668701171875,-4.130250530156176,-129.02810532216566,nan,-166.3518829345703,296.208740234375,665.7059936523438,-2.036277848025953,-167.7584023757953,-159.61129813960505
1753092166.7808888,111.94880676269531,132.2914581298828,512.6778564453125,-3.524130018444178,-128.96500589630597,165.82719753713272,-168.76705932617188,300.96466064453125,691.3649291992188,40.67283019685793,-135.7256534499718,-122.81344657282165
1753092166.8248813,112.52342987060547,123.8340835571289,506.3722839355469,-4.072845439132422,-124.65002498454918,165.03960576163132,-162.29286193847656,286.2516784667969,675.5076904296875,6.107447848394162,-148.20164008302243,-133.24429382627324
1753092166.8690634,89.24607849121094,74.35073852539062,501.678466796875,-0.22441588390400644,-116.5442177556622,-179.0607647342033,-153.93299865722656,277.95465087890625,661.9482421875,-10.770788662338042,-154.7716867352444,-172.4997381784117
1753092166.9115918,nan,nan,nan,nan,nan,nan,-147.83111572265625,272.28668212890625,657.5018310546875,-10.134203362281365,178.50744486291313,-144.74866528384814
1753092166.9555898,74.21758270263672,21.03213882446289,498.1356201171875,-81.0394719583105,-73.30663403678382,nan,-153.18072509765625,274.3231506347656,653.2998046875,12.789854392936453,160.62285762208737,71.92746243850542
1753092166.9991193,109.2997055053711,59.54230499267578,483.47998046875,-2.6150424319029977,-118.93308535022692,150.37296885665222,-172.4490966796875,282.1637878417969,645.3197631835938,-8.435717298250358,157.30017451853195,133.8182008932479
1753092167.0411189,85.58515167236328,28.970130920410156,486.3676452636719,nan,nan,nan,-165.81166076660156,277.7298889160156,643.6895141601562,0.612037799416109,153.60066087950227,-108.26882336594157
1753092167.0837228,99.9818344116211,34.07001876831055,479.00958251953125,nan,nan,nan,-166.02215576171875,276.0177001953125,639.72119140625,-8.518455199249573,165.0594233162266,-158.78857995422203
1753092167.1277356,nan,nan,nan,nan,nan,nan,-165.01336669921875,272.2574768066406,645.4185791015625,-0.8632440845244205,-173.26373112566873,-140.36242121458557
1753092167.170873,76.522705078125,28.052906036376953,470.9687194824219,nan,nan,nan,-167.1991729736328,269.0138854980469,634.829345703125,-7.692530577173485,-176.1632237996875,-174.16886384618476
1753092167.2163997,88.40369415283203,26.62375831604004,461.9187927246094,nan,nan,nan,-182.4850616455078,266.328369140625,628.491943359375,nan,nan,nan
1753092167.259478,97.96839141845703,21.163007736206055,440.8724365234375,3.19222430533903,-116.60035294984763,-172.01794476840558,-191.33474731445312,265.9016418457031,621.8296508789062,nan,nan,nan
1753092167.3119895,97.96839141845703,21.163007736206055,440.8724365234375,3.19222430533903,-116.60035294984763,-172.01794476840558,-191.33474731445312,265.9016418457031,621.8296508789062,nan,nan,nan
1753092167.3610094,97.96839141845703,21.163007736206055,440.8724365234375,3.19222430533903,-116.60035294984763,-172.01794476840558,-191.33474731445312,265.9016418457031,621.8296508789062,nan,nan,nan
1753092167.4335191,97.96839141845703,21.163007736206055,440.8724365234375,3.19222430533903,-116.60035294984763,-172.01794476840558,-191.33474731445312,265.9016418457031,621.8296508789062,nan,nan,nan
1753092167.4990551,97.96839141845703,21.163007736206055,440.8724365234375,3.19222430533903,-116.60035294984763,-172.01794476840558,-191.33474731445312,265.9016418457031,621.8296508789062,nan,nan,nan
1753092167.5650826,97.96839141845703,21.163007736206055,440.8724365234375,3.19222430533903,-116.60035294984763,-172.01794476840558,-191.33474731445312,265.9016418457031,621.8296508789062,nan,nan,nan
1753092167.6278927,97.96839141845703,21.163007736206055,440.8724365234375,3.19222430533903,-116.60035294984763,-172.01794476840558,-191.33474731445312,265.9016418457031,621.8296508789062,nan,nan,nan
1753092167.691895,97.96839141845703,21.163007736206055,440.8724365234375,3.19222430533903,-116.60035294984763,-172.01794476840558,-191.33474731445312,265.9016418457031,621.8296508789062,nan,nan,nan
1753092167.7539084,97.96839141845703,21.163007736206055,440.8724365234375,3.19222430533903,-116.60035294984763,-172.01794476840558,-191.33474731445312,265.9016418457031,621.8296508789062,nan,nan,nan
1753092167.8184576,81.07853698730469,39.00575256347656,289.5420837402344,-12.373546257166817,86.47804731192184,-169.30192337838335,3.0664026737213135,13.783594131469727,299.151611328125,-0.8744863607812606,-161.60044334779639,-15.842303279108789
1753092167.8850536,81.07853698730469,39.00575256347656,289.5420837402344,-12.373546257166817,86.47804731192184,-169.30192337838335,3.0664026737213135,13.783594131469727,299.151611328125,-0.8744863607812606,-161.60044334779639,-15.842303279108789
1753092167.929055,81.07853698730469,39.00575256347656,289.5420837402344,-12.373546257166817,86.47804731192184,-169.30192337838335,3.0664026737213135,13.783594131469727,299.151611328125,-0.8744863607812606,-161.60044334779639,-15.842303279108789
1753092167.9955757,nan,nan,nan,nan,nan,nan,9.225958824157715,23.128507614135742,293.3832702636719,1.4291939419087134,-153.35424646298947,178.7979153152431
1753092168.0615964,nan,nan,nan,nan,nan,nan,9.225958824157715,23.128507614135742,293.3832702636719,1.4291939419087134,-153.35424646298947,178.7979153152431
1753092168.1041634,nan,nan,nan,nan,nan,nan,9.225958824157715,23.128507614135742,293.3832702636719,1.4291939419087134,-153.35424646298947,178.7979153152431
1753092168.168284,nan,nan,nan,nan,nan,nan,9.225958824157715,23.128507614135742,293.3832702636719,1.4291939419087134,-153.35424646298947,178.7979153152431
1753092168.2320893,nan,nan,nan,nan,nan,nan,9.225958824157715,23.128507614135742,293.3832702636719,1.4291939419087134,-153.35424646298947,178.7979153152431
1753092168.2947783,nan,nan,nan,nan,nan,nan,9.225958824157715,23.128507614135742,293.3832702636719,1.4291939419087134,-153.35424646298947,178.7979153152431
1753092168.3587675,nan,nan,nan,nan,nan,nan,9.225958824157715,23.128507614135742,293.3832702636719,1.4291939419087134,-153.35424646298947,178.7979153152431
1753092168.4244413,nan,nan,nan,nan,nan,nan,9.225958824157715,23.128507614135742,293.3832702636719,1.4291939419087134,-153.35424646298947,178.7979153152431
1753092168.4889953,nan,nan,nan,nan,nan,nan,9.225958824157715,23.128507614135742,293.3832702636719,1.4291939419087134,-153.35424646298947,178.7979153152431
1753092168.5509958,nan,nan,nan,nan,nan,nan,9.225958824157715,23.128507614135742,293.3832702636719,1.4291939419087134,-153.35424646298947,178.7979153152431
1753092168.6205823,nan,nan,nan,nan,nan,nan,9.225958824157715,23.128507614135742,293.3832702636719,1.4291939419087134,-153.35424646298947,178.7979153152431
1753092168.6841168,nan,nan,nan,nan,nan,nan,9.225958824157715,23.128507614135742,293.3832702636719,1.4291939419087134,-153.35424646298947,178.7979153152431
1753092168.7501175,nan,nan,nan,nan,nan,nan,9.225958824157715,23.128507614135742,293.3832702636719,1.4291939419087134,-153.35424646298947,178.7979153152431
1753092168.8157983,nan,nan,nan,nan,nan,nan,9.225958824157715,23.128507614135742,293.3832702636719,1.4291939419087134,-153.35424646298947,178.7979153152431
1753092168.8933182,nan,nan,nan,nan,nan,nan,-222.38294982910156,233.27110290527344,781.4618530273438,4.721893658233175,-118.380951101004,-169.95991234145927
1753092168.9653325,84.20283508300781,37.910736083984375,580.1617431640625,-80.08396090235851,-87.37496484202163,nan,-225.3603973388672,216.5563201904297,791.9246826171875,-69.06802597932948,149.65782518343926,-151.2460383121641
1753092169.0090413,123.46188354492188,39.12532043457031,565.40283203125,nan,nan,nan,-228.59056091308594,207.42066955566406,797.8729248046875,-7.6621096578117,-118.8945400233071,-153.0406373775521
1753092169.0540392,142.74513244628906,65.79475402832031,551.5081176757812,-24.750018270471013,-110.22184799727683,158.08238618033593,-233.27784729003906,211.67385864257812,814.2333984375,-4.56644542500368,-102.58546005773997,-171.56517789979367
1753092169.0945725,162.12977600097656,74.32538604736328,559.7281494140625,nan,nan,nan,-235.7172088623047,202.34059143066406,833.9660034179688,-13.477177964094436,-100.44918444412654,-162.26781314899674
1753092169.1395898,189.52137756347656,77.09513854980469,564.2114868164062,-13.851044704627691,-111.00104336718228,-12.001245815650472,-240.98416137695312,196.70237731933594,858.4530029296875,-1.736267941701265,-94.7520281051486,-173.88872433748588
1753092169.1842394,207.21681213378906,75.12478637695312,574.0789794921875,-5.779855740146379,-105.39973663590729,-24.256038106772017,-244.42889404296875,195.48651123046875,882.8443603515625,8.615453485676293,-88.72621306744092,-173.04641583757578
1753092169.2312355,236.3510284423828,67.00786590576172,580.4269409179688,-4.868675119169712,-102.63610275725958,-8.80461878463911,-254.60009765625,171.72535705566406,919.5814208984375,18.551062207234583,-83.61725475308373,-163.47089948000647
1753092169.2777913,245.01205444335938,56.875247955322266,579.748779296875,-13.232179152079711,-100.25009412074465,-20.798412522227384,-265.35369873046875,165.59255981445312,945.26416015625,19.23984217461905,-83.41810616616843,-136.2004112474167
1753092169.3227947,247.97698974609375,46.046897888183594,584.1011962890625,-16.644965818166103,-102.77628654314324,-24.368331802582205,-258.4682922363281,152.7475128173828,933.5528564453125,10.104733035589424,-85.03562319023474,-125.32804486398436
1753092169.365807,255.04754638671875,42.91306686401367,587.4244384765625,-15.677019478426148,-103.88870485188339,-25.260452034247276,-259.3642272949219,141.6266632080078,943.3544311523438,6.903205333201346,-88.09244710159695,-122.10035260200384
1753092169.4093432,253.02996826171875,44.28622817993164,590.6416015625,-15.829680817310946,-101.33543193537415,-33.40606527181172,-262.8600158691406,145.57614135742188,969.661376953125,18.87071191293677,-84.68346242911453,-106.40947126500326
1753092169.4533365,253.389404296875,45.694427490234375,594.1531372070312,-15.676054514607637,-101.72029252050775,-37.973203734886695,nan,nan,nan,nan,nan,nan
1753092169.4989097,250.39707946777344,50.363014221191406,595.2047119140625,-14.089018652990555,-101.4135253351013,-35.347081109516125,nan,nan,nan,nan,nan,nan
1753092169.546897,247.4937286376953,53.9208984375,596.5000610351562,-13.574031543369937,-102.03986998157433,-32.40112225148603,nan,nan,nan,nan,nan,nan
1753092169.5894475,244.01087951660156,59.65957260131836,596.41552734375,-12.242935934564377,-103.24432341682906,-17.263280564654774,nan,nan,nan,nan,nan,nan
1753092169.635444,239.43893432617188,60.52467727661133,593.6284790039062,-12.395934029682985,-100.96888954516672,-5.416593467485097,-1511.2823486328125,1044.212890625,6094.83984375,72.69078697467202,-37.07673611626127,-75.13982903489209
1753092169.6900127,235.40150451660156,61.213592529296875,589.2488403320312,-12.74951781389793,-102.19614810274199,-7.170835814118544,-1563.72802734375,1092.6019287109375,6306.34765625,nan,nan,nan
1753092169.736011,232.8677520751953,64.23424530029297,585.731689453125,-11.01030366915464,-108.30483160153005,-35.802874824661146,-1735.0552978515625,1212.31103515625,6997.2919921875,-14.689077008262961,-86.6035444088956,-77.09957190146804
1753092169.785557,230.6808319091797,63.631004333496094,580.23095703125,-7.857454665099407,-111.44118402144312,-80.19832625787478,-1804.493896484375,1222.8179931640625,7057.9365234375,nan,nan,nan
1753092169.8325672,224.79800415039062,64.50003814697266,568.1878051757812,-9.212661425026846,-111.75330110737701,-91.97235707215856,nan,nan,nan,nan,nan,nan
1753092169.8760676,224.79397583007812,66.3653564453125,565.4237670898438,-5.130386695071232,-113.47055527965887,-105.03349128377677,nan,nan,nan,nan,nan,nan
1753092169.9190772,222.34791564941406,65.32657623291016,556.5735473632812,-8.13474856876821,-112.92181245424152,-93.4556982030621,nan,nan,nan,nan,nan,nan
1753092169.9631002,222.7068328857422,65.87079620361328,552.1454467773438,-6.6558433308507,-114.50927458018684,-81.22059088564745,nan,nan,nan,nan,nan,nan
1753092170.0076277,222.66224670410156,66.60315704345703,549.41015625,-4.537808930404685,-115.52271219397147,-119.39048660994496,-273.32672119140625,149.5418701171875,882.7716064453125,18.74641056402641,-92.64923394865352,-166.05512023771237
1753092170.0536149,221.46743774414062,66.98030853271484,543.8760986328125,-6.945637435612109,-115.4924770016131,-108.4069583769196,nan,nan,nan,nan,nan,nan
1753092170.098198,220.24014282226562,66.609130859375,540.8621215820312,-5.731275710427888,-115.86611276187585,-116.02642996283676,nan,nan,nan,nan,nan,nan
1753092170.1442137,220.34713745117188,67.36541748046875,538.5762329101562,-3.7296862553801327,-116.11077183217628,-119.38338758888268,nan,nan,nan,nan,nan,nan
1753092170.1878884,219.7745361328125,68.93590545654297,534.6585083007812,-4.448731907822715,-114.48931948777603,-150.83538238970968,nan,nan,nan,nan,nan,nan
1753092170.2328777,221.0522003173828,72.79912567138672,532.7716674804688,-2.5296045605909074,-114.12183925692217,-160.97913642486003,nan,nan,nan,nan,nan,nan
1753092170.276598,220.70974731445312,73.3706283569336,529.4872436523438,-2.5102610295762764,-113.81673397125553,-158.25931383557392,-293.68603515625,139.6437530517578,843.5318603515625,10.914494513199228,-100.08208384829636,-179.64293385285814
1753092170.3196318,219.49114990234375,72.96552276611328,526.5637817382812,-3.193823772797906,-113.59660693975015,-176.58276297251507,nan,nan,nan,nan,nan,nan
1753092170.3636212,221.11257934570312,74.18376159667969,528.0127563476562,-0.7012175107206071,-114.09857390233033,169.87220058181802,nan,nan,nan,nan,nan,nan
1753092170.4112022,220.44439697265625,74.63055419921875,524.0059204101562,-0.8962740322704011,-114.0345544822073,179.99076463416324,-2921.40185546875,1313.1429443359375,8121.22998046875,68.36228796959762,-26.021390027544417,-65.41668011299686
1753092170.452213,221.8518524169922,74.76458740234375,524.947021484375,1.3562910984530006,-115.06423684829754,-156.79409944933641,-2430.714599609375,1104.4156494140625,6830.34130859375,68.52996857480525,-26.68436821038224,-65.84684644911785
1753092170.496896,220.20272827148438,75.21286010742188,521.0448608398438,0.4223313818801194,-114.46309255980839,-168.05167127944878,-2716.556396484375,1213.0126953125,7592.44921875,nan,nan,nan
1753092170.5379694,218.57275390625,74.65611267089844,517.18798828125,1.2021980960078664,-115.01318686906285,-172.49822494400442,-2822.693115234375,1260.4053955078125,7889.08837890625,nan,nan,nan
1753092170.5795887,217.6753387451172,76.33460235595703,515.0645141601562,2.785104350998569,-116.47255459140348,-165.59978342331513,-2666.369873046875,1197.0499267578125,7492.53564453125,68.6239093050002,-26.186697353933695,-65.1709743194587
1753092170.6255877,217.1672821044922,77.14662170410156,513.8623657226562,4.13580751473611,-117.20982068054006,-172.35356423446234,nan,nan,nan,nan,nan,nan
1753092170.6695945,210.89102172851562,77.64883422851562,510.6531982421875,4.632403133948215,-118.61694308471216,-166.99547298340408,-2742.869873046875,1246.24609375,7707.501953125,nan,nan,nan
1753092170.716118,202.44725036621094,77.05667114257812,506.7588806152344,6.151118242475391,-119.3340218889839,177.11163548042956,-3170.07421875,1432.5928955078125,8859.9775390625,nan,nan,nan
1753092170.761115,190.78382873535156,75.9127426147461,499.2358703613281,5.704780224692981,-116.44923109533443,-163.39431997919743,-3047.624267578125,1377.2562255859375,8517.744140625,-65.73473056310723,-171.29236280144045,nan
1753092170.8046849,185.27879333496094,75.2398452758789,494.81060791015625,4.6722416996574365,-118.50895215308678,-165.53193889914849,-3380.4541015625,1527.6658935546875,9447.9638671875,nan,nan,nan
1753092170.8496819,183.9954071044922,76.05693817138672,493.9249572753906,4.9070784906479075,-119.98239941686536,-161.88629659144019,-2931.31884765625,1331.8695068359375,8237.0458984375,nan,nan,nan
1753092170.8922281,183.406982421875,79.06889343261719,494.9053955078125,8.325291727015175,-120.82055790478252,-154.84600970105816,-2889.780517578125,1312.9962158203125,8120.32275390625,nan,nan,nan
1753092170.9372303,184.69683837890625,81.54570007324219,498.385986328125,12.399091177370684,-122.20982272988215,-148.351436966849,-3084.81591796875,1386.595947265625,8575.505859375,nan,nan,nan
1753092170.9798067,181.92538452148438,81.16614532470703,496.0662536621094,9.299105470400889,-124.84609401916354,-148.77529346699748,-3180.71435546875,1422.0836181640625,8794.982421875,nan,nan,nan
1753092171.0258095,180.5325164794922,82.87732696533203,494.8684387207031,7.667581477839802,-127.7170229829378,-155.86676684837883,nan,nan,nan,nan,nan,nan
1753092171.069817,175.59893798828125,86.12454986572266,497.0990295410156,11.793270578409098,-133.85424539496805,-141.83121813698057,nan,nan,nan,nan,nan,nan
1753092171.1173503,174.87562561035156,88.63160705566406,495.0513916015625,15.324927060176414,-136.9345351436966,-146.00320146371314,nan,nan,nan,nan,nan,nan
1753092171.1603484,166.66307067871094,88.32367706298828,493.33148193359375,12.709630165695865,-134.85787639662072,-133.92926045138253,inf,inf,inf,nan,nan,nan
1753092171.2028716,154.0920867919922,86.60127258300781,483.7109680175781,8.13553411497114,-134.22335411932187,-147.0615989138197,nan,nan,nan,nan,nan,nan
1753092171.2458713,148.56283569335938,85.56404876708984,477.9176025390625,4.999503537503155,-132.77166302817238,-149.1341800797881,nan,nan,nan,nan,nan,nan
1753092171.2894604,146.06324768066406,85.18046569824219,475.77508544921875,3.7081367293686953,-132.10708970347972,-157.92254440715925,nan,nan,nan,nan,nan,nan
1753092171.333476,146.0687713623047,85.1836929321289,475.7930603027344,5.262211926620809,-132.78571307747293,-152.98315404556536,nan,nan,nan,nan,nan,nan
1753092171.376622,145.7260284423828,84.98381805419922,474.6766662597656,4.722153723264262,-132.15657546397716,-147.8743761972587,inf,inf,inf,nan,nan,nan
1753092171.4202363,146.23887634277344,84.22557830810547,470.4415588378906,3.5037353134419122,-131.4455769633355,-156.01098880387178,inf,inf,inf,nan,nan,nan
1753092171.4634037,149.0859375,84.29767608642578,470.84423828125,4.981336362438461,-132.28404909539026,-156.85339932911597,inf,inf,inf,nan,nan,nan
1753092171.509214,150.9647674560547,85.24124145507812,471.0447082519531,7.688348957925923,-131.572561653742,-154.16062819730806,inf,inf,inf,nan,nan,nan
1753092171.557217,152.31007385253906,86.39715576171875,472.4020080566406,8.174532556290822,-131.16117242708492,-150.05311243736242,inf,inf,inf,nan,nan,nan
1753092171.6037688,152.5394744873047,86.52729034423828,473.1135559082031,8.326030063211908,-130.71577600429455,-143.8769957009485,nan,nan,nan,nan,nan,nan
1753092171.647768,153.72962951660156,86.68431854248047,473.9721374511719,10.348616489202913,-131.46419807152606,-143.42614128041072,inf,inf,inf,nan,nan,nan
1753092171.6923192,153.7452392578125,86.69312286376953,474.020263671875,11.17397335538148,-131.5756545488714,-139.7946253950567,inf,inf,inf,nan,nan,nan
1753092171.7363172,154.5524139404297,86.63357543945312,473.6947021484375,11.760142228094722,-131.67277266032264,-134.6107346190832,inf,inf,inf,nan,nan,nan
1753092171.7828562,155.29116821289062,85.12503051757812,470.4024963378906,10.0921694681149,-131.39872141287532,-137.02114438510384,inf,inf,inf,nan,nan,nan
1753092171.8278563,155.12222290039062,85.03242492675781,469.8907775878906,10.714477502309624,-131.48656895357576,-135.09871375804664,inf,inf,inf,nan,nan,nan
1753092171.8728669,154.41452026367188,83.74315643310547,467.74700927734375,9.093760150959369,-131.26983146663153,-130.23058136698492,inf,inf,inf,nan,nan,nan
1753092171.9173927,155.6728515625,83.93565368652344,468.8221740722656,11.908966138062215,-131.68906497777627,-133.49734147682085,inf,inf,inf,nan,nan,nan
1753092171.9603944,155.88763427734375,85.86073303222656,469.4689636230469,12.122995197420838,-130.77761099278104,-129.82476413759684,inf,inf,inf,nan,nan,nan
1753092172.0019681,152.22607421875,88.02669525146484,466.5645751953125,8.47046245859302,-130.63151626359598,-145.2700738412103,inf,inf,inf,nan,nan,nan
1753092172.0439682,151.23016357421875,89.76729583740234,466.26593017578125,7.868970861169164,-131.55925151164735,-152.0329034868003,inf,inf,inf,nan,nan,nan
1753092172.0874856,153.53945922851562,92.77228546142578,467.8270568847656,9.123543330479263,-131.7845734634245,-146.71646973558111,inf,inf,inf,nan,nan,nan
1753092172.1334875,154.80918884277344,100.2225112915039,468.9425048828125,8.304345617474533,-130.6919089295603,-155.8880118824042,-3160.267822265625,1509.6832275390625,8254.6396484375,-62.034998204576105,-172.70670976779465,-140.96471795773203
1753092172.176578,158.55178833007812,109.06487274169922,472.0139465332031,12.85856253920428,-133.49168635590743,-163.8270010402728,-2829.658203125,1578.568603515625,8038.4306640625,-64.87832043358337,-177.88375049285946,179.06986718167326
1753092172.22012,157.43093872070312,106.48762512207031,468.6771545410156,9.996203380896846,-135.08431401709922,-164.63100959532343,-2683.3271484375,1587.7615966796875,7707.1142578125,-61.84610726656965,-164.30425804416018,153.8655259933732
1753092172.263115,155.94236755371094,106.98907470703125,466.9241943359375,8.107027781130718,-130.4351602232293,-170.0293699589497,-2352.867431640625,1520.862060546875,6990.0859375,-63.30130521064239,-164.76357300492566,-146.02605304834017
1753092172.3049917,156.7356719970703,104.51862335205078,463.9458312988281,5.044509800717127,-119.65736591050312,-170.68980284763668,-2251.82470703125,1516.0474853515625,6846.68212890625,-60.49421933489439,-159.90951607636484,158.86314806540526
1753092172.3479774,161.49607849121094,118.14108276367188,464.7816467285156,4.895951240142287,-130.65486867746668,-179.0213917768572,-2371.996826171875,1542.0548095703125,7087.49072265625,-62.82756923926528,-168.43932507223076,172.65333548926318
1753092172.3925986,183.12615966796875,140.7010498046875,474.4132385253906,15.110806869545344,-128.08431983652272,-160.30933847432647,-2554.15771484375,1661.197265625,7502.19873046875,-64.8830390045347,-174.64092526478834,177.84162847359724
1753092172.436594,179.86163330078125,145.30514526367188,443.8013610839844,-9.549600540333016,-128.1064825762143,-171.0454370888057,-2257.46484375,1591.397216796875,6945.21240234375,-53.992491911233515,-148.70122104262487,136.55114232050738
1753092172.4821248,nan,nan,nan,nan,nan,nan,-2072.414794921875,1660.0958251953125,6735.25830078125,-52.62819393801927,-144.2149118100635,nan
1753092172.5241163,nan,nan,nan,nan,nan,nan,-2040.73291015625,1707.2205810546875,6716.4169921875,-54.55094440473776,-142.80628315829688,147.73820408781992
1753092172.5701325,2277.400390625,1659.5784912109375,3432.47509765625,54.840303487282306,-146.5759432116784,-97.69271799846638,-2120.638671875,1782.6417236328125,6806.72998046875,-47.23541811094587,-141.20664278761487,166.766500808706
1753092172.613644,1871.214111328125,1377.23681640625,2966.751953125,-25.225146059104777,1.7992313343520798,-105.82011876469782,-2417.2099609375,1958.4989013671875,7264.4130859375,54.37789398029035,-95.0721955636388,-128.90864018208845
1753092172.6576402,nan,nan,nan,nan,nan,nan,nan,nan,nan,nan,nan,nan
1753092172.7022219,nan,nan,nan,nan,nan,nan,nan,nan,nan,nan,nan,nan
1753092172.7452257,351.2336730957031,319.2837219238281,652.566162109375,-77.57878394781002,-142.40268675411943,144.60002538969258,nan,nan,nan,nan,nan,nan
1753092172.7908883,344.3404541015625,331.275390625,651.4198608398438,-60.870353756024834,153.09731343440146,nan,nan,nan,nan,nan,nan,nan
1753092172.8398986,374.2538757324219,345.75970458984375,659.8981323242188,9.60084046579505,5.353368837752084,64.8368655561163,-342.064208984375,275.46807861328125,808.063720703125,48.13376519162047,-116.1754086896747,-148.69894862990606
1753092172.8848295,366.96832275390625,342.4359130859375,655.9669799804688,16.866647011049192,-20.065188468227728,nan,nan,nan,nan,nan,nan,nan
1753092172.9297044,1627.149169921875,1465.052734375,2595.654541015625,68.00303869606871,-126.97732427026196,175.02058773244312,-355.0656433105469,296.1507873535156,768.7859497070312,52.03215927441448,-117.87834250792281,-124.56481236550141
1753092172.9747293,1547.5238037109375,1372.356201171875,2366.78125,62.07586240950824,-139.70880881621483,-154.82299481915902,-355.5364990234375,307.9205017089844,754.0746459960938,52.9935274238951,-118.10441965838525,-125.982475708429
1753092173.01627,1660.6046142578125,1511.7886962890625,2539.72705078125,-41.190277276346265,43.60608719422496,-114.49546757154698,-359.5892639160156,314.1986999511719,741.4581909179688,52.19375008871863,-121.53325186131367,-155.73623594860277
1753092173.0582798,nan,nan,nan,nan,nan,nan,nan,nan,nan,nan,nan,nan
1753092173.1008155,nan,nan,nan,nan,nan,nan,-359.7347412109375,324.5780334472656,708.0009765625,nan,nan,nan
1753092173.1438222,nan,nan,nan,nan,nan,nan,-355.66021728515625,319.5315246582031,727.5748901367188,-54.96082281297391,145.00605181682974,nan
1753092173.1883218,nan,nan,nan,nan,nan,nan,nan,nan,nan,nan,nan,nan
1753092173.232324,236.0247802734375,437.9675598144531,745.4151000976562,nan,nan,nan,-366.75323486328125,332.5946960449219,687.8993530273438,59.23206591800513,-125.69831468834549,-152.45989466406817
1753092173.2784827,257.842041015625,452.7406005859375,714.3324584960938,-61.20998705094547,143.15572428773896,nan,-360.88385009765625,346.5784912109375,689.3479614257812,63.49703267799148,-136.46603038845552,-122.75098972056132
1753092173.3221767,587.1896362304688,994.8194580078125,1560.1358642578125,-44.77040188138888,129.4124258422093,-165.48128455005875,-357.12286376953125,335.92596435546875,697.5695190429688,nan,nan,nan
1753092173.3664403,239.42718505859375,486.8782958984375,789.8062744140625,-14.306915750479503,162.4787200192717,156.44396214095457,-358.2865295410156,335.5865478515625,702.486572265625,71.77840017881262,-154.01938924670597,145.0485148030407
1753092173.4109166,nan,nan,nan,nan,nan,nan,-355.18817138671875,347.56121826171875,686.0438232421875,66.8664583343879,-142.1146242108058,-101.8978385673891
1753092173.45385,249.4357452392578,520.5366821289062,787.7697143554688,22.427809549405545,174.3885163855203,-128.2406054428659,-375.0320739746094,338.5418701171875,658.2262573242188,56.864751046212426,-131.9370507904068,-141.70190338476857
1753092173.502387,229.23855590820312,507.90240478515625,770.8973388671875,-0.4599529742608126,166.28101598623712,-178.91140174291414,-388.7076416015625,329.40771484375,631.0103149414062,57.24633294751834,-135.5705625071058,-174.25053180091135
1753092173.5463843,241.5744171142578,504.0042724609375,758.3270263671875,-5.959755160354634,160.5370586262583,174.28908757972835,-394.8635559082031,331.9037170410156,631.1322631835938,62.44904718005242,-143.8449632348945,140.42367409023686
1753092173.589932,243.6942901611328,522.1055908203125,846.951416015625,4.635190799443461,151.38048057478605,nan,-395.16021728515625,338.93597412109375,637.4967651367188,56.831031476329485,-129.82186096893855,-157.48637955689063
1753092173.6399286,208.4375762939453,496.4396667480469,805.3165893554688,nan,nan,nan,-392.787109375,344.24053955078125,649.8291625976562,66.61395278216486,-116.34556347604843,-125.48027738869939
1753092173.682582,nan,nan,nan,nan,nan,nan,-390.20367431640625,355.8787536621094,641.4652099609375,69.6642207465355,-141.31479988999018,nan
1753092173.7255833,235.73175048828125,531.4822387695312,813.82763671875,nan,nan,nan,-400.936767578125,348.92333984375,631.1203002929688,63.37740830591475,-141.67136729423885,164.56006104721584
1753092173.7696073,260.79705810546875,567.6837158203125,877.024169921875,nan,nan,nan,-400.32086181640625,346.1231994628906,628.2451782226562,67.35725225430807,-124.23712206598132,nan
1753092173.813178,nan,nan,nan,nan,nan,nan,-400.3398132324219,341.65191650390625,624.4978637695312,nan,nan,nan
1753092173.8581755,222.61691284179688,515.0675659179688,800.5027465820312,-14.207202990249078,-178.92058179795023,-94.84950074826733,-403.6551818847656,343.2679138183594,629.6695556640625,60.29797976382116,-142.8817574028313,nan
1753092173.9137418,nan,nan,nan,nan,nan,nan,-403.3951416015625,344.0810546875,631.1611328125,60.56675410271762,-144.81840328049017,nan
1753092173.958747,nan,nan,nan,nan,nan,nan,-393.7378845214844,345.50982666015625,629.3330078125,63.47769084208798,-136.5566334268966,160.55009917493163
1753092174.0052836,nan,nan,nan,nan,nan,nan,-392.0738220214844,346.18206787109375,630.5574340820312,60.79814885347068,-143.1497420635555,nan
1753092174.0502837,nan,nan,nan,nan,nan,nan,-393.0472106933594,351.52777099609375,638.054931640625,59.75045010606669,-138.1112548460231,nan
1753092174.0929677,nan,nan,nan,nan,nan,nan,-385.15545654296875,355.593017578125,645.4337768554688,46.437629615038105,-150.4122899120902,-155.45956318039268
1753092174.1379693,211.53761291503906,529.0186157226562,805.302978515625,-44.48817012072016,130.17160144409897,-105.38064812539754,-381.0752258300781,351.82598876953125,638.5962524414062,33.527054417285036,-158.59049436725604,-175.63922940916012
1753092174.1810043,222.06700134277344,556.9797973632812,845.3873291015625,8.054908995386112,175.2113405279131,-150.1966537912226,-392.2757873535156,363.34014892578125,659.4954833984375,54.77013152174363,-124.74723144962597,-121.94191084941198
1753092174.2255108,nan,nan,nan,nan,nan,nan,-383.95697021484375,359.2061462402344,649.719482421875,46.5171832254481,-138.42464218558158,-116.6661281090851
1753092174.267511,nan,nan,nan,nan,nan,nan,-368.1081237792969,368.4031982421875,664.0403442382812,43.553544189185374,-140.31270939826624,nan
1753092174.3140216,226.60557556152344,561.9164428710938,826.2964477539062,nan,nan,nan,-362.38372802734375,375.68719482421875,674.8257446289062,33.72849510853365,-139.37771271167094,-131.20451309658407
1753092174.3580263,256.1372375488281,589.7323608398438,850.3333740234375,nan,nan,nan,-344.28521728515625,368.17938232421875,680.1740112304688,28.567377734997972,-162.85879621519584,-140.77167015466569
1753092174.4056406,327.1825866699219,753.3078002929688,1086.1922607421875,-22.517301274499008,147.95168482230176,135.93247106040099,-321.9449768066406,361.0819396972656,671.8455200195312,7.302287980840783,179.44142515992914,170.943877657558
1753092174.4496439,nan,nan,nan,nan,nan,nan,-342.3028564453125,373.16241455078125,689.379638671875,37.01157994915506,-153.47874006700178,-139.3632128744662
1753092174.4982646,444.5335388183594,1046.24755859375,1475.778076171875,40.25901485313925,-143.10441283262557,-40.72312480300447,-335.239990234375,363.8290100097656,667.3855590820312,6.053721911501293,-173.43131821710512,-156.4277710752458
1753092174.5452826,214.32763671875,514.5923461914062,739.9332885742188,-34.59379297475128,147.25639600337246,144.16719635005165,-345.7532653808594,375.1261291503906,685.6846313476562,30.885738571671528,-153.07410295599647,-150.34093031786563
1753092174.5913694,219.9397735595703,528.657470703125,764.3934326171875,9.267457985882135,-178.34988547793895,174.72501961390435,-348.57861328125,373.9049377441406,683.4524536132812,30.638217594046605,-152.84095750056437,-161.06043320210426
1753092174.6343675,nan,nan,nan,nan,nan,nan,-367.9236755371094,361.8660583496094,659.125244140625,36.66852753590164,-146.52486429349923,-145.8157681905423
1753092174.679377,190.5963592529297,521.2178344726562,770.8176879882812,-3.825410392180307,175.91625255127096,167.2759661913005,-377.69140625,361.4898376464844,658.4400024414062,43.56776330160079,-138.25946717927093,-108.7893853549321
1753092174.7209504,nan,nan,nan,nan,nan,nan,-379.7901916503906,359.8718566894531,655.4928588867188,41.11567133853504,-140.74296608414545,-69.69300339712595
1753092174.7639396,176.6153106689453,513.4939575195312,768.1510620117188,14.00750379013148,-170.40028415643266,-171.35191300894715,-377.6624755859375,355.49114990234375,647.5136108398438,41.804023307470615,-142.62164520340656,-131.11503524345835
1753092174.8064635,175.41078186035156,509.991943359375,762.9122314453125,2.4982535664683967,177.0769089827176,-167.7342001527739,-377.30157470703125,353.98193359375,644.7646484375,40.460983229446185,-145.08298539387974,-150.8470909116574
1753092174.8494613,176.58404541015625,519.2346801757812,774.5061645507812,nan,nan,nan,-381.75408935546875,358.1592712402344,652.3734741210938,49.62844650681598,-131.44491540905014,-139.88148182556895
1753092174.8929844,nan,nan,nan,nan,nan,nan,-381.38665771484375,348.6304016113281,635.0170288085938,43.71333810290498,-142.73647119612204,-156.748804339535
1753092174.9359844,165.68344116210938,547.31689453125,816.3944702148438,-50.77335426393453,112.82186878365897,-150.09379914303142,-383.5821838378906,350.6373596191406,638.672607421875,27.521846695876942,-149.36531693287182,-145.36502387105898
1753092174.9895267,nan,nan,nan,nan,nan,nan,-382.51422119140625,350.7865905761719,638.9444580078125,39.00854387033515,-142.08038841792484,-123.33863791452553
1753092175.0365267,nan,nan,nan,nan,nan,nan,-376.74151611328125,361.8463134765625,656.7840576171875,64.19854742982972,-133.7615935240877,nan
1753092175.0785348,161.95736694335938,511.991455078125,755.0213012695312,-30.634287473974275,143.33111380506813,-116.93208017858667,-368.7431640625,361.449462890625,656.0637817382812,nan,nan,nan
1753092175.124061,167.7020263671875,530.15185546875,781.8020629882812,nan,nan,nan,-373.5431213378906,362.4268493652344,657.8378295898438,nan,nan,nan
1753092175.1700628,167.83084106445312,527.32958984375,775.4366455078125,nan,nan,nan,-373.63494873046875,361.3315734863281,653.5638427734375,nan,nan,nan
1753092175.211571,194.54180908203125,586.809326171875,846.1185913085938,-50.08452608362769,108.6012575726718,nan,-378.8303527832031,362.68841552734375,656.01806640625,nan,nan,nan
1753092175.25559,nan,nan,nan,nan,nan,nan,-383.2317199707031,353.91162109375,640.1429443359375,nan,nan,nan
1753092175.2987921,nan,nan,nan,nan,nan,nan,-384.229248046875,358.2925720214844,648.0670776367188,52.89835591322438,-139.83685307201554,-84.0133381578097
1753092175.3407896,nan,nan,nan,nan,nan,nan,-385.5068054199219,360.5747985839844,654.4761352539062,51.599420213647065,-135.96523782290973,-106.35887318222434
1753092175.385329,378.39996337890625,945.004638671875,1332.970458984375,1.8990869628259943,-178.653006315979,-54.64308197604302,-376.86151123046875,354.8100891113281,644.0126342773438,36.13878720801437,-151.6437500952276,-161.65448224526912
1753092175.4293327,271.1615295410156,663.6755981445312,936.1435546875,20.92126550110271,-164.27490830370863,-51.74450820444521,-380.170654296875,359.10809326171875,651.81396484375,46.696261852013876,-130.4765580461534,-152.8202623955267
1753092175.4713392,553.066650390625,1362.7119140625,1922.1649169921875,8.269905942358792,-174.0855254704377,125.76267278700716,-383.56036376953125,362.3099670410156,657.6256713867188,48.18394824498954,-127.69188170037683,-155.8083095938792
1753092175.514852,264.15277099609375,650.8511962890625,918.05419921875,30.009012941698863,-155.82914095630582,nan,-377.6933288574219,356.7680358886719,647.5665283203125,41.53295346820349,-138.74594262607803,-150.6430376222951
1753092175.5588477,288.4405822753906,710.6943969726562,1002.4656982421875,42.530517374359256,-139.4339610663185,nan,-380.41937255859375,359.2731628417969,654.4024047851562,45.60619319659344,-133.20141872878364,-138.79938702164893
1753092175.600369,263.9353942871094,654.7001953125,923.4833374023438,11.773306174071955,-171.50271784811295,126.21295345671764,-377.8019714355469,357.9879150390625,652.0613403320312,38.64830713433739,-138.51822128495746,-107.74196769902142
1753092175.6443713,nan,nan,nan,nan,nan,nan,-377.2823791503906,357.49554443359375,651.16455078125,42.14805792973322,-136.44311856312675,-138.05142040997643
1753092175.6868951,227.6091766357422,576.2473754882812,812.8222045898438,7.4496524287068615,-174.681002459188,125.68109162958915,-377.2146911621094,358.6241455078125,653.22021484375,42.72982792530832,-135.63742511593736,-146.10050682335643
1753092175.7298915,266.90704345703125,699.8179931640625,987.1239624023438,nan,nan,nan,-376.74249267578125,358.17523193359375,652.4025268554688,40.63971847335541,-139.41893576389378,-150.865223218247
1753092175.7739062,nan,nan,nan,nan,nan,nan,-376.63018798828125,356.81170654296875,652.2080688476562,42.11975905490007,-139.64300732430917,-144.86915350180755
1753092175.8154192,219.91961669921875,597.464599609375,849.678466796875,-3.4330076408301395,173.33896873790283,-85.30587886248442,-377.847900390625,356.7747802734375,652.140625,43.73454340286742,-137.38712049275762,-132.1560985188764
1753092175.8604157,191.70213317871094,540.4046630859375,781.3789672851562,13.695422787876831,178.38574581049832,-95.60902194793759,-379.4180603027344,358.25738525390625,654.8506469726562,48.7636564150086,-128.9530509653849,-127.19142674043732
1753092175.9029446,180.87310791015625,527.64013671875,773.700927734375,12.228198960141016,179.8149015895521,-149.60962343578544,-384.8637390136719,353.9812316894531,647.0343017578125,45.857785228091196,-133.71875567840013,-85.8675305786249
1753092175.9469464,nan,nan,nan,nan,nan,nan,-382.9358215332031,347.5892639160156,637.5963745117188,41.86899640366941,-141.84164441422502,-78.63961064157827
1753092175.9914725,nan,nan,nan,nan,nan,nan,-386.37957763671875,348.47906494140625,639.228515625,41.87686696115789,-142.21702043229945,-77.23504298699255
1753092176.0534606,185.65049743652344,541.57666015625,794.1366577148438,17.109718054139357,-177.8566339217914,-117.92333361691959,-389.0428466796875,349.76605224609375,641.5892944335938,44.84994492233385,-138.11231818781613,-131.9029375476553
1753092176.095996,180.4260711669922,526.3359985351562,771.7886962890625,nan,nan,nan,-386.50396728515625,347.4834899902344,637.40234375,40.55219827014668,-153.79246154614418,-86.06110807333138
1753092176.1409967,188.32882690429688,555.6759643554688,799.0074462890625,24.352504113480663,-170.3127357381837,-74.73706035799164,-385.7305908203125,345.5623779296875,636.1268920898438,43.8661233537016,-154.87761515518991,167.86118221624452
1753092176.1845298,194.35604858398438,573.4596557617188,824.5786743164062,1.6750844238224407,171.52643778991234,-60.58584204564399,-385.8512878417969,346.7724609375,638.3544921875,45.1585404401681,-156.50478935367954,-60.15133020484727
1753092176.228537,452.4371337890625,1353.43798828125,1919.518310546875,49.423453065540244,-126.13764123571337,-39.81584278471095,-384.7806396484375,345.8102722167969,636.583251953125,43.88011480874266,-159.4482773878542,-61.915796122218346
1753092176.2735488,227.76907348632812,679.4951171875,966.3373413085938,-4.298779395058589,172.6134523371424,131.553677764367,-386.2605895996094,347.14031982421875,639.0316772460938,53.62109512484035,-148.57293596819795,-58.44833197359199
1753092176.3180597,198.99461364746094,575.0287475585938,811.1032104492188,34.63772480916224,-150.67520958255176,134.66310200832547,-384.4961242675781,345.5545959472656,636.112548828125,51.34992901972054,-152.11510235769902,-69.72437118748135
1753092176.3630562,237.41539001464844,675.4418334960938,952.7403564453125,32.01248456714241,-153.69087619420185,-46.994328200965626,-383.4892883300781,345.751953125,636.4758911132812,51.355619249420734,-153.6575114153963,-64.25114394637656
1753092176.408583,197.5139923095703,566.3023071289062,798.7942504882812,11.657468558233289,-171.5893066634578,-53.8052795267735,-384.6011047363281,346.7543640136719,638.3211669921875,52.74833567063157,-151.34611034281906,-64.0586275737717
1753092176.4535792,270.2281188964844,740.1752319335938,1044.0496826171875,nan,nan,nan,-385.3892517089844,347.4649353027344,639.6292114257812,55.04297360445298,-149.48417353197746,-53.707559446396715
1753092176.5001042,201.59376525878906,552.1806030273438,778.8749389648438,16.658570151865323,-167.7524167549381,-52.86550736630931,-384.0555114746094,346.2624816894531,637.4156494140625,52.101425488570506,-154.1311684121938,-70.44674838385366
1753092176.54511,202.37110900878906,550.2135009765625,776.1002807617188,nan,nan,nan,-386.0754699707031,346.9739990234375,638.7254028320312,49.39434812394911,-158.85618817061834,-62.59191107915413
1753092176.5896363,211.70413208007812,555.0785522460938,782.9625854492188,17.475328349410493,-167.10321298100692,-52.67352631084099,-386.5093078613281,345.1631774902344,635.3919677734375,37.102172421818835,-171.52440097625956,-76.64616624974343
1753092176.6366374,95.89640045166016,249.65675354003906,352.15179443359375,nan,nan,nan,-385.95947265625,342.6385498046875,628.5150756835938,51.11284012379915,-158.3787899336539,94.39063979191342
1753092176.6941626,nan,nan,nan,nan,nan,nan,-392.0102233886719,345.8397216796875,634.3871459960938,nan,nan,nan
1753092176.7481613,215.65545654296875,561.4375610351562,791.9323120117188,14.816456206881597,-169.1913863837071,-53.25448025239854,-391.0478820800781,342.8524169921875,628.9074096679688,nan,nan,nan
1753092176.7987008,515.9591064453125,1343.2481689453125,1894.71044921875,nan,nan,nan,-391.1234130859375,341.8592529296875,627.0855712890625,nan,nan,nan
1753092176.8476996,215.0796356201172,559.9384765625,789.8177490234375,17.066563754805173,-167.42911696017495,127.22734226377037,-392.46893310546875,343.0352783203125,629.2427978515625,nan,nan,nan
1753092176.892239,nan,nan,nan,nan,nan,nan,-391.8846740722656,342.5246276855469,628.3060913085938,nan,nan,nan
1753092176.935237,210.0588836669922,571.1153564453125,805.5831909179688,nan,nan,nan,-394.822998046875,346.3126525878906,633.01708984375,nan,nan,nan
1753092176.978246,210.39784240722656,567.8405151367188,800.9639892578125,26.555075220067433,-159.24831454580095,130.28209252572017,-390.23834228515625,342.291259765625,625.66650390625,nan,nan,nan
1753092177.0227737,201.57493591308594,552.1290283203125,778.8021850585938,4.488687636339495,-176.80957379154518,125.45956055494456,-392.5022888183594,344.2770690917969,629.2963256835938,55.061965292621544,-158.44650047243292,-47.61077564527024
1753092177.06878,198.9978485107422,545.0701904296875,768.8453979492188,3.81136283072357,-177.2929207877961,125.42475130547415,-392.97650146484375,344.6929931640625,630.0565795898438,56.401065336613826,-159.20377240390854,-44.30347845375794
1753092177.1153018,195.80874633789062,544.441650390625,767.9588623046875,4.161331464833065,-177.04333040602495,-54.539160338813375,-392.843505859375,344.5763244628906,629.8433227539062,51.77967093894581,-164.10976143732205,nan
1753092177.1603036,201.5706024169922,544.0167846679688,767.3595581054688,4.757711059571507,-176.61726145443038,-54.52550917958879,-391.3840026855469,343.2961730957031,627.5033569335938,54.63981474857619,-159.1871703935489,nan
1753092177.2028222,200.17233276367188,548.2871704101562,773.3831176757812,8.585344149995082,-173.85571374833913,-54.20134333848288,-393.9077453613281,345.5097961425781,631.5496215820312,60.32015007878165,-146.68258085277554,nan
1753092177.2488449,200.27699279785156,548.5738525390625,773.7874755859375,5.622984397003581,-175.9975431375027,-54.46698327299925,-394.63201904296875,347.36431884765625,632.7108764648438,57.84126272110629,-149.38283859891547,nan
1753092177.2903562,198.6287384033203,560.7583618164062,790.9743041992188,20.800841876313882,-164.3764734181973,-51.78091042346594,-392.8069763183594,345.75787353515625,629.7847900390625,nan,nan,nan
1753092177.3343577,194.16783142089844,548.16455078125,773.210205078125,9.252115207359463,-173.3683899766251,125.87164235449568,-393.3645935058594,346.2486572265625,630.6787719726562,nan,nan,nan
1753092177.3793666,189.39122009277344,547.278076171875,771.959716796875,10.525776584315796,-172.43065720052422,126.03305434648281,-399.9811096191406,352.07269287109375,641.2869873046875,nan,nan,nan
1753092177.4228895,194.3046417236328,548.55078125,773.7550048828125,8.480981315766972,-173.9318085224046,-54.21629396754133,-391.2585754394531,345.60369873046875,627.30224609375,nan,nan,nan
1753092177.4668875,194.4155731201172,548.864013671875,774.19677734375,8.652844991953339,-173.806519215541,-54.194946023983476,-393.2729187011719,347.38299560546875,630.5318603515625,nan,nan,nan
1753092177.5114188,194.5067901611328,549.1215209960938,774.5599975585938,7.451861854865273,-174.67938408365018,125.6894442959334,-394.48602294921875,348.45452880859375,632.476806640625,67.17784472713024,-128.4419124481418,140.37019944919712
1753092177.5544233,449.9537353515625,1238.3267822265625,1751.474853515625,nan,nan,nan,-389.32568359375,346.16864013671875,626.1376953125,nan,nan,nan
1753092177.5999444,206.6382293701172,553.6324462890625,780.9228515625,8.885121141346946,-173.63686660950566,-54.1707605340854,-390.737060546875,347.4235534667969,628.4075317382812,nan,nan,nan
1753092177.6429434,205.88900756835938,551.6251220703125,778.0914306640625,11.885581689542947,-171.41871615492082,-53.772253964660486,-395.0478515625,351.2565002441406,635.3404541015625,61.24044782997937,-134.05588553501192,nan
1753092177.6864789,430.4386901855469,1144.9090576171875,1614.9444580078125,52.06017051376219,-114.58062684499494,-19.836931732289422,-391.8846130371094,347.3674011230469,628.3059692382812,nan,nan,nan
1753092177.728477,211.87216186523438,555.5191040039062,783.5840454101562,13.488081782128702,-170.20949121282345,-53.503201881753895,-393.17401123046875,348.5103759765625,630.373291015625,nan,nan,nan
1753092177.7764857,210.80589294433594,552.7233276367188,779.6405029296875,11.826856371167088,-171.46268004553616,-53.77965013198533,-392.2414855957031,348.7611999511719,630.8270263671875,nan,nan,nan
1753092177.8199992,203.66387939453125,530.2186889648438,747.896728515625,-17.287242880696922,167.253447901136,127.28011807962768,-396.5005798339844,354.8767395019531,639.6591186523438,nan,nan,nan
1753092177.8630059,409.3092041015625,1029.1824951171875,1451.7071533203125,51.412144629418435,-117.31864608433452,nan,-394.2337951660156,352.847900390625,636.002197265625,nan,nan,nan
1753092177.9065354,nan,nan,nan,nan,nan,nan,-392.11767578125,350.95391845703125,632.5883178710938,64.26535490253437,-130.7943246059101,144.6006210941803
1753092177.9485338,226.73191833496094,574.0264282226562,809.6893920898438,22.62180095916459,-162.81703768152965,-51.203461958837146,-397.5724182128906,356.9456787109375,643.3883666992188,nan,nan,nan
1753092177.995059,215.29684448242188,560.50390625,790.6153564453125,18.905111624258826,-165.948282232756,127.68590081059118,-395.6072692871094,355.18133544921875,640.2081909179688,nan,nan,nan
1753092178.0430574,210.85609436035156,556.8231811523438,785.423583984375,11.747722090823324,-171.52193209118008,-53.79202825948166,-399.1351623535156,358.3487243652344,645.9173583984375,nan,nan,nan
1753092178.0875893,205.54238891601562,554.7362670898438,782.4797973632812,7.415103241758875,-174.70594582703984,-54.3224869115344,-394.3105773925781,355.12457275390625,640.1058349609375,nan,nan,nan
1753092178.132591,203.76161193847656,558.1184692382812,787.2506103515625,8.6712668442016,-173.79306916380233,-54.194755169810556,-395.313720703125,356.02801513671875,641.7343139648438,nan,nan,nan
1753092178.1785936,188.98324584960938,550.4223022460938,776.3948364257812,13.69107760126631,-170.05487200982802,126.53152442533768,-392.0166931152344,353.0586242675781,636.3820190429688,nan,nan,nan
1753092178.2211452,193.33900451660156,558.6858520507812,788.0509033203125,nan,nan,nan,-394.62579345703125,355.408447265625,640.6175537109375,nan,nan,nan
1753092178.2691445,221.3512725830078,639.632080078125,902.2290649414062,14.680523327563025,-169.2962012117213,nan,-394.3309631347656,355.1429443359375,640.1389770507812,nan,nan,nan
1753092178.3113282,238.3190460205078,683.2965087890625,963.8197021484375,5.190953384823916,-176.30724131177348,-54.497161115466284,-401.7187194824219,361.7965087890625,652.1318969726562,nan,nan,nan
1753092178.3573315,nan,nan,nan,nan,nan,nan,-392.3081359863281,353.3211364746094,636.8551635742188,nan,nan,nan
1753092178.4056745,181.2849578857422,545.2669067382812,769.1229248046875,8.69447758756211,-173.77609712659395,-54.19363212978674,-390.13934326171875,352.470458984375,635.3218383789062,nan,nan,nan
1753092178.4586723,180.20083618164062,542.0061645507812,764.5234375,8.13463414503346,-174.18391148520513,125.7464747347459,-395.5107116699219,356.2054138183594,642.0540771484375,nan,nan,nan
1753092178.5092096,173.11228942871094,547.5433959960938,772.3339233398438,9.257614873042277,-173.36429714757392,125.87085324428314,-391.8139343261719,354.1016845703125,636.0529174804688,nan,nan,nan
1753092178.5622032,242.39324951171875,760.1397094726562,1072.21044921875,13.487107224100338,-170.21021257270115,-53.505215730231576,-391.9076232910156,354.1863708496094,636.2050170898438,nan,nan,nan
1753092178.6087327,nan,nan,nan,nan,nan,nan,-394.3565979003906,356.3996276855469,640.1805419921875,nan,nan,nan
1753092178.6527371,174.6199493408203,547.6041870117188,772.4197387695312,16.14380994257922,-168.1579777337592,127.0201151964259,-388.7629699707031,354.6727600097656,637.0786743164062,nan,nan,nan
1753092178.696265,170.90335083007812,550.0135498046875,775.8182373046875,1.6077812408256045,-178.85975641348605,-54.64928741853641,-389.9207458496094,355.7290344238281,638.9760131835938,nan,nan,nan
1753092178.740267,170.60183715820312,544.2821044921875,767.7338256835938,13.001105936492173,-170.57900657755573,126.41229276489585,-391.598876953125,359.53057861328125,645.8045654296875,55.816578714607346,-148.65178643983987,134.18832606992513
1753092178.7857854,409.36181640625,1306.013671875,1842.1895751953125,nan,nan,nan,-386.0235595703125,356.6788024902344,640.6820068359375,57.78933735687203,-144.1995745708156,nan
1753092178.8317952,170.27749633789062,543.2473754882812,766.2742309570312,9.827403585739084,-172.9459351069739,-54.05231308746084,-384.41937255859375,356.336181640625,640.0665893554688,nan,nan,nan
1753092178.875802,169.9166717529297,542.09619140625,764.6504516601562,1.7493853436163416,-178.7593256893146,-54.64678208092058,-384.0220031738281,357.11358642578125,641.4630126953125,nan,nan,nan
1753092178.9193482,160.37525939941406,539.7378540039062,761.3239135742188,2.03474791376468,-178.55667431641828,-54.63995896821568,-391.8572998046875,360.8157958984375,650.3641967773438,nan,nan,nan
1753092178.9623528,218.77488708496094,729.6058959960938,1029.14111328125,nan,nan,nan,-384.81121826171875,355.37030029296875,642.7813110351562,49.85832017716656,-146.97652572090595,153.7128463939224
1753092179.0109231,182.7943878173828,615.188720703125,867.7506713867188,-30.645551593471318,155.16342966425853,132.23996578439858,-385.4084777832031,355.9218444824219,643.7789306640625,49.956248946988964,-146.55170434786734,147.38232331897822
1753092179.059925,452.3054504394531,1508.42138671875,2127.694580078125,nan,nan,nan,-387.8797607421875,356.9555969238281,647.9069213867188,48.844464150220276,-149.23400512430445,-145.43292486891497
1753092179.103452,168.38900756835938,556.5261840820312,785.004638671875,nan,nan,nan,-387.8957214355469,351.2000427246094,639.697509765625,46.271411487852525,-155.79757615514526,-70.00539374631522
1753092179.14944,177.8049774169922,572.224853515625,807.1482543945312,-4.6691083170636505,176.6806174390507,-54.53006755141611,-387.5400695800781,350.8780517578125,639.1110229492188,46.03910925339852,-155.75068345878537,-117.10913476510788
1753092179.1972184,305.0835876464844,973.3280029296875,1372.921875,nan,nan,nan,-387.3418273925781,350.5817565917969,640.8204956054688,46.128472549714836,-157.2568826324696,-59.294909695568705
1753092179.2442205,178.54432678222656,545.9503784179688,770.0869750976562,-18.8616349960476,165.9837630295388,-52.32580709104086,-390.5162353515625,351.215576171875,641.9790649414062,52.04383312835463,-152.8860070364273,-49.97468433610443
1753092179.28774,244.55319213867188,747.7913208007812,1054.79248046875,22.80028709216632,-162.66144025923103,128.8564189932571,-391.13494873046875,351.7720031738281,642.9961547851562,59.35501762064712,-138.53000925226985,138.67513235046084
1753092179.3317559,nan,nan,nan,nan,nan,nan,-385.5417785644531,347.84356689453125,635.8154907226562,53.89309878133617,-150.23780671701255,125.81289191364914
1753092179.3757598,182.97793579101562,545.896240234375,770.0106201171875,9.557945873392619,-173.14403890952647,-54.091703520616704,-385.59912109375,351.2439270019531,642.0308837890625,54.17926749834025,-144.33699989016614,-172.81752539193766
1753092179.4208941,372.46453857421875,1138.9168701171875,1606.4923095703125,44.133606453755355,-136.54194417392677,143.68953736739311,-385.7350769042969,352.4986877441406,644.324462890625,57.183515159441846,-136.2810801597681,175.49123572274124
1753092179.4628973,200.838134765625,614.1200561523438,866.2432861328125,14.948450985573615,-169.08933976156737,-53.229749594887316,-378.4224853515625,357.3173522949219,653.13232421875,53.30649185124654,-138.59314032701917,171.98368897110942
1753092179.509472,200.74134826660156,608.7645263671875,858.6890869140625,-2.0460467539448204,178.5486924264653,-54.63943004945774,-377.0313720703125,358.3876037597656,655.0886840820312,50.62988818550816,-143.4826042210178,-146.5247227270308
1753092179.5544667,nan,nan,nan,nan,nan,nan,-352.63043212890625,356.839111328125,676.0709838867188,35.26323694387818,-173.367118457054,-92.50381551333393
1753092179.6000252,436.8638916015625,1314.109619140625,1916.1060791015625,54.00950575729901,-113.66101663400454,nan,-355.2050476074219,352.92529296875,668.65576171875,40.33946020592512,-164.47552245664681,-133.26512004316461
1753092179.6430252,347.01727294921875,1055.8275146484375,1548.204345703125,48.60023013353881,-145.76128780011294,-76.94740251824109,-355.9752197265625,343.26824951171875,675.0025634765625,38.26687167720573,-170.03228683892087,-156.1468466266171
1753092179.6865559,235.46617126464844,674.1104125976562,982.921875,-4.051538612441501,159.08212628666172,155.47942666465755,-359.6958923339844,351.6424255371094,724.4082641601562,nan,nan,nan
1753092179.7305546,185.202392578125,519.7833862304688,773.1024780273438,7.720943227780258,167.58163684855805,-143.04529255636294,nan,nan,nan,nan,nan,nan
1753092179.7745667,nan,nan,nan,nan,nan,nan,nan,nan,nan,nan,nan,nan
1753092179.819083,186.4058837890625,471.63824462890625,709.6289672851562,-48.691120054705905,108.85181497768383,nan,-363.3958740234375,344.9781494140625,694.1463012695312,nan,nan,nan
1753092179.8770893,nan,nan,nan,nan,nan,nan,-362.0817565917969,342.6128845214844,684.0822143554688,47.196883057174595,-153.85649473845137,-149.5790960599514
1753092179.9216063,nan,nan,nan,nan,nan,nan,-364.1073913574219,341.13824462890625,670.8141479492188,36.76912136968472,-163.19275395749884,-141.42616402489494
1753092179.96361,nan,nan,nan,nan,nan,nan,-366.67254638671875,341.1195373535156,670.7774047851562,41.78198831200258,-160.9142671144251,-147.70271602256977
1753092180.0081568,302.88226318359375,649.7314453125,980.4313354492188,26.484265727372705,-178.27393207685023,nan,-369.04779052734375,342.496337890625,663.4293212890625,31.293822717781836,-166.6964744460846,-135.7688901214767
1753092180.0571585,264.4070739746094,600.315673828125,877.7879028320312,22.765735944785792,176.7604460703926,-49.73544208847482,-349.7880554199219,350.08941650390625,678.137451171875,33.06104434703909,-169.06826917632688,-174.89178064310394
1753092180.0997021,255.51170349121094,593.1370849609375,864.8545532226562,-9.412573402039671,151.73264384356116,nan,-342.45166015625,368.6180419921875,706.1211547851562,57.52893177354266,-155.35515342949535,-129.98129084024694
1753092180.1436996,1053.9747314453125,2497.32568359375,3590.9091796875,46.013288753123355,-141.8088777902289,156.7080791005876,-340.6675720214844,364.7694396972656,686.0862426757812,39.12376846763842,177.97665709298215,156.5793145832915
1753092180.1882305,219.81265258789062,516.063232421875,758.8694458007812,11.904294170404604,173.36221720540223,-163.77101290946175,nan,nan,nan,nan,nan,nan
1753092180.2322261,nan,nan,nan,nan,nan,nan,-345.8663024902344,373.8202209472656,683.297607421875,26.5395668087645,175.75605737919594,nan
1753092180.2832355,295.71893310546875,552.3079833984375,855.8176879882812,7.060317489394337,176.75621888307344,-171.79253892164695,nan,nan,nan,nan,nan,nan
1753092180.326754,447.04449462890625,774.4703979492188,1200.06494140625,-52.715283008008036,89.39618168736278,-92.8452284869159,nan,nan,nan,nan,nan,nan
1753092180.3707736,nan,nan,nan,nan,nan,nan,-384.53973388671875,367.1040344238281,657.1337890625,nan,nan,nan
1753092180.413285,362.6250915527344,552.0185546875,850.2914428710938,nan,nan,nan,-395.7396545410156,365.752197265625,654.7139282226562,63.5130274992375,-125.11316632979334,nan
1753092180.4552855,391.16107177734375,596.3856811523438,921.3663330078125,-6.650360392330622,136.6834891602729,176.5763931762159,-385.52349853515625,363.18585205078125,652.3703002929688,62.349230050125435,-119.025245570263,nan
1753092180.4998353,nan,nan,nan,nan,nan,nan,-383.7357177734375,365.0728759765625,655.7598266601562,nan,nan,nan
1753092180.5448377,424.43798828125,653.1887817382812,960.51220703125,45.263655358963575,172.43488140147988,-163.67003326082684,-380.4968566894531,364.3913879394531,654.5357055664062,nan,nan,nan
1753092180.5874023,425.3721618652344,673.6378173828125,950.1956787109375,-46.2773850052992,132.1589847043647,146.80092363953727,-380.1067199707031,365.2283935546875,656.0391845703125,56.586258998253754,-136.64837450573543,nan
1753092180.6324008,nan,nan,nan,nan,nan,nan,-381.2882080078125,365.0955505371094,658.078369140625,nan,nan,nan
1753092180.676406,nan,nan,nan,nan,nan,nan,-377.4219970703125,366.2660217285156,660.1881103515625,57.75134309215838,-135.0560087980406,nan
1753092180.7199512,422.17108154296875,643.6341552734375,907.8742065429688,18.47679698695322,-166.29677262250183,-52.425993106210115,-376.4757080078125,364.0787658691406,658.5328979492188,55.77630657748502,-141.9527183727972,nan
1753092180.7639465,465.5447692871094,703.9269409179688,992.9197998046875,nan,nan,nan,-374.78350830078125,361.2247314453125,653.37060546875,56.616104918912356,-139.5620471396877,162.73628392180404
1753092180.8134828,431.5611877441406,655.2349243164062,924.2376708984375,3.657133541888509,-177.40306556170378,-54.596388757236866,-375.9891052246094,361.17340087890625,653.2777709960938,61.931485877884235,-121.05251036063376,-159.4537627601992
1753092180.8574862,412.40521240234375,647.5283203125,913.3671264648438,20.014255428660928,-165.03474770663556,127.99028751777745,-380.3363342285156,358.15460205078125,647.8174438476562,nan,nan,nan
1753092180.9000335,156.4291534423828,313.13787841796875,532.9566040039062,20.268795538860047,-155.60066187647297,-169.1038243190676,-380.5340270996094,357.091796875,648.1541748046875,63.29288025979026,-125.48919453516282,-164.7221474367341
1753092180.9430454,137.0768280029297,285.8311767578125,537.6131591796875,37.775041969950216,-142.88213258397778,nan,-380.5080871582031,358.2432556152344,650.2442016601562,48.36892443914762,-143.98765525408524,-87.35769145706456
1753092180.9875646,128.01895141601562,253.56689453125,470.1125793457031,6.589317705964797,-152.3354426728361,nan,-380.01318359375,351.9820556640625,638.8795776367188,44.63813621474918,-139.9815942800399,-77.65490961098097
1753092181.0335665,125.96022033691406,227.68679809570312,437.77056884765625,-3.9353935615822824,-145.29611293676217,nan,-385.2612609863281,355.6907653808594,645.6111450195312,43.64194921259201,-136.57940290899077,-68.3255301927491
1753092181.0785732,117.0128402709961,202.38555908203125,393.49786376953125,-31.885451750407658,-148.0585725595871,-138.49012460548715,-383.4507141113281,354.0191345214844,642.5770263671875,39.08920458716721,-142.32478676451925,-91.69009010839463
1753092181.1241422,110.67372131347656,186.10862731933594,360.5,-41.470313363105376,-164.07533647427184,nan,-382.9144592285156,355.8220520019531,645.8494873046875,50.713765996326686,-142.0300139853742,-73.92585945964747
1753092181.1691322,136.1144561767578,240.24838256835938,451.8775634765625,nan,nan,nan,-381.1890563964844,352.97979736328125,642.9392700195312,46.413492942022245,-153.6706415000766,-94.70551820908052
1753092181.215364,nan,nan,nan,nan,nan,nan,-381.1891174316406,356.4554443359375,649.27001953125,51.67034073585846,-145.18090247746287,-141.57063145417897
1753092181.2573745,143.2569122314453,274.62139892578125,484.8951721191406,nan,nan,nan,-381.4431457519531,353.2151184082031,643.3678588867188,48.05019665104317,-148.36768428927817,-163.3476658162595
1753092181.3019316,256.57220458984375,484.41485595703125,841.0172119140625,nan,nan,nan,-384.8507080078125,352.9293212890625,642.8472900390625,49.37628538415946,-147.04760865241528,-149.5035313376704
1753092181.3499296,289.8333435058594,556.2180786132812,956.082763671875,nan,nan,nan,-383.41937255859375,351.61669921875,640.4564208984375,49.321101437569666,-143.6115123419755,-140.99394742665743
1753092181.39246,290.7081604003906,572.4520263671875,983.9873046875,nan,nan,nan,-384.1250915527344,348.8948669433594,635.4987182617188,35.94600786489189,-156.54125473873592,-162.07288261436904
1753092181.4354496,114.3642807006836,224.45611572265625,387.0995788574219,nan,nan,nan,-383.0797119140625,351.3052062988281,639.8890380859375,44.387695687943754,-147.49321642579335,-156.90411162036642
1753092181.480454,nan,nan,nan,nan,nan,nan,-380.1932678222656,356.6949462890625,649.7062377929688,53.11850880163603,-140.60519622451739,-97.84428726168798
1753092181.522208,118.7613525390625,179.380126953125,332.5704650878906,nan,nan,nan,-378.49609375,357.3868408203125,653.2593383789062,51.73437955608135,-150.46130918408292,-148.6713807804793
1753092181.5662172,4909.94921875,5575.828125,10602.728515625,-61.13742448151903,43.001654310337656,-69.62951663272233,-373.6141662597656,356.3324279785156,651.33203125,49.36323706997738,-154.66990866994598,-118.85535572825447
1753092181.6092732,1908.1029052734375,1962.0899658203125,3690.448974609375,52.30273144309312,-126.0753660216359,-87.10693785037098,-372.8433532714844,356.7958679199219,652.1791381835938,53.51912396365824,-149.8616561149018,-164.61856519919044
1753092181.6533036,1607.919189453125,1510.33544921875,2751.0185546875,83.97391038987506,-101.08190573609856,-59.112430860445855,-368.7358093261719,355.3508605957031,644.9942016601562,42.420209915278306,-166.61018570711002,nan
1753092181.6978076,nan,nan,nan,nan,nan,nan,-382.9937744140625,359.4000244140625,652.3438110351562,nan,nan,nan
1753092181.7428014,1048.9254150390625,1106.6829833984375,1806.53759765625,-29.653552780623063,38.92938063506768,-13.819082801344413,-382.58367919921875,359.01519775390625,651.6453247070312,58.92251364142214,-142.44904698489196,nan
1753092181.7883346,1426.1475830078125,1424.2589111328125,2400.452392578125,58.968264676864315,-135.99798423363634,-65.25444570765163,-383.0038146972656,360.6665344238281,652.3609619140625,nan,nan,nan
1753092181.8333392,inf,inf,inf,nan,nan,nan,-387.6063537597656,363.8841857910156,655.8948364257812,48.544668576042945,-159.43364705378553,nan
1753092181.8813481,3029.18359375,3510.021484375,5858.7236328125,-40.53387400073778,70.45131489201968,148.53287225486906,-385.890625,362.2734680175781,652.9915771484375,58.821237047081,-142.25740694839564,nan
1753092181.9338655,702.9985961914062,776.5685424804688,1248.03369140625,68.74836069585676,109.65682037157013,-116.81405881195101,-392.44537353515625,366.0399169921875,659.7805786132812,65.06776556616404,-113.20950083083932,nan
1753092181.9838707,nan,nan,nan,nan,nan,nan,-390.5574951171875,363.01385498046875,656.606689453125,58.60067424472789,-123.40183144459424,-100.49659060809311
1753092182.0273852,nan,nan,nan,nan,nan,nan,-379.01324462890625,361.65667724609375,654.1519165039062,45.51116026515098,-143.03022030575931,nan
1753092182.0713875,nan,nan,nan,nan,nan,nan,-380.2525634765625,362.8392639160156,656.2908935546875,54.31179729653929,-135.79919135541073,-116.6018882582696
1753092182.1149035,466.0079650878906,595.5635375976562,966.1138305664062,20.20912455047758,164.19355029433427,173.3160166997687,-376.0210876464844,359.99884033203125,651.1532592773438,51.939490537921195,-145.2115411443149,-114.38116834090317
1753092182.1589022,349.15850830078125,521.297119140625,807.7654418945312,-50.51986269114022,76.56567440965097,-114.68879704337044,-376.9485168457031,362.04510498046875,657.1448974609375,55.35084703103066,-143.32108741238517,-142.7024798632771
1753092182.2044241,378.2737731933594,620.7139892578125,956.105224609375,15.939992378816875,162.7913186007994,169.2887294986812,-375.95745849609375,361.09326171875,655.4171752929688,52.02260376034783,-152.88641111292316,-159.19823721187444
1753092182.2494228,392.77117919921875,612.9675903320312,955.5176391601562,15.022678084667398,160.36641119808795,167.9515623331326,-376.1962890625,361.3226623535156,655.8335571289062,53.81176272533199,-148.73766286369485,nan
1753092182.290971,373.3642883300781,581.9081420898438,912.5833740234375,-6.396041975853258,147.38767482669118,171.97224265539415,-376.06024169921875,361.1919860839844,655.5963745117188,58.90055115336794,-137.06446744140314,-148.61589302639277
1753092182.3359704,nan,nan,nan,nan,nan,nan,-371.96539306640625,354.8747253417969,644.1300048828125,53.04632286048618,-151.21240704748456,-133.26237001159552
1753092182.3914976,319.1572570800781,515.5789794921875,852.35009765625,40.170677797077865,-146.7824105892541,nan,-374.4292297363281,357.22540283203125,648.3966674804688,nan,nan,nan
1753092182.4365082,352.2814025878906,573.7994995117188,908.0997314453125,nan,nan,nan,-374.5189208984375,356.1225891113281,646.39501953125,55.91565789525501,-149.73134472557092,146.66223740217328
1753092182.482506,nan,nan,nan,nan,nan,nan,-380.7809753417969,353.9267883300781,640.1703491210938,60.322632609720706,-139.91050086698309,nan
1753092182.5280235,384.45709228515625,658.4093017578125,976.4898071289062,50.67788481550773,-148.09483212712053,nan,-382.3774719238281,355.4106750488281,642.8543701171875,nan,nan,nan
1753092182.5700219,nan,nan,nan,nan,nan,nan,-382.9619445800781,357.11083984375,645.9295654296875,60.51599979322937,-146.94537387321617,175.25098682568378
1753092182.6145518,349.3262634277344,601.187744140625,891.624267578125,-9.28591768817216,135.85520564366237,149.1495678759789,-379.4630126953125,356.1632385253906,644.215576171875,56.13174659971602,-156.50502186649663,nan
1753092182.6565492,nan,nan,nan,nan,nan,nan,-380.58465576171875,360.82183837890625,650.3750610351562,nan,nan,nan
1753092182.7000747,379.8316650390625,630.73779296875,932.7843627929688,48.99104568451722,-168.6218981183899,-176.86474207234008,-379.7998962402344,362.4649658203125,653.3367919921875,44.723779395106085,-168.57241022657897,nan
1753092182.7450764,324.001220703125,535.4932861328125,791.9293212890625,nan,nan,nan,-376.15447998046875,361.3817443847656,651.38427734375,50.03821182453207,-164.6166505112685,nan
1753092182.7886114,358.34564208984375,595.631591796875,875.87451171875,50.96274729927753,-153.23050531135993,nan,-367.04296875,363.5460510253906,655.285400390625,6.525635393654321,171.53674002719222,nan
1753092182.8336213,352.69287109375,564.948974609375,830.7557983398438,-41.27732961511612,90.20031657657591,-137.68052883613458,nan,nan,nan,nan,nan,nan
1753092182.8746262,437.6392822265625,692.7425537109375,1021.5706176757812,nan,nan,nan,nan,nan,nan,nan,nan,nan
1753092182.9171345,408.173583984375,642.16015625,944.2946166992188,39.7037300530482,167.93166304345527,158.07481429435606,nan,nan,nan,nan,nan,nan
1753092182.9611406,446.6932678222656,675.6531982421875,993.5460815429688,28.36676085254399,144.35947508034488,155.35287225338118,nan,nan,nan,nan,nan,nan
1753092183.0036545,444.43341064453125,669.3661499023438,984.3009643554688,12.807172768076912,133.54510728509575,-175.08461496543924,-363.8086242675781,364.0992736816406,654.010986328125,nan,nan,nan
1753092183.0446582,461.8712463378906,708.5087280273438,1027.3052978515625,45.33092927205501,-166.96867624210935,-163.8600328985646,-366.60888671875,364.3773193359375,654.5104370117188,nan,nan,nan
1753092183.0891705,461.1507263183594,701.3912353515625,1016.9852294921875,9.159559209155201,142.48878833057663,-174.81813448280758,-367.6890869140625,364.19805908203125,654.1884155273438,49.93877884449891,-157.177372377148,nan
1753092183.1361868,456.423095703125,690.2734985351562,998.0764770507812,33.2504625376296,163.32496286593982,173.0201173933644,-370.41986083984375,363.1676330566406,652.3375244140625,nan,nan,nan
1753092183.1821918,nan,nan,nan,nan,nan,nan,-363.8861999511719,364.1769104003906,654.1504516601562,nan,nan,nan
1753092183.2307003,413.8466491699219,630.2825927734375,908.8025512695312,-23.556135658622544,117.39588066809074,-119.06154171516638,-359.7510070800781,361.2846374511719,646.7167358398438,46.324288769001285,-158.6849747537568,nan
1753092183.2737076,328.6875915527344,505.6142578125,731.074951171875,-17.7268675249514,125.5152485996889,-134.45041684777877,nan,nan,nan,nan,nan,nan
1753092183.316227,395.21282958984375,621.2623901367188,898.2922973632812,-8.631921336123611,141.89063722858765,-174.73811634160148,nan,nan,nan,nan,nan,nan
1753092183.3592305,427.98193359375,675.7340087890625,977.0535888671875,45.39885812984396,-156.62521552735018,-179.69613070924984,nan,nan,nan,nan,nan,nan
1753092183.4107683,410.7558288574219,652.8916625976562,933.6204833984375,4.151444499961606,163.70226451555013,-167.40338546439634,nan,nan,nan,nan,nan,nan
1753092183.4577565,433.6981506347656,683.3721313476562,977.2068481445312,20.886701230899707,173.797149254102,-177.76613574535688,nan,nan,nan,nan,nan,nan
1753092183.5013087,403.9654846191406,651.0480346679688,938.7442016601562,-10.264388178919644,144.97125955212957,175.45954363798572,nan,nan,nan,nan,nan,nan
1753092183.5433013,406.16668701171875,654.5956420898438,943.8594360351562,18.423341680577153,167.6690992230844,-174.78961805259473,nan,nan,nan,nan,nan,nan
1753092183.5908349,389.8191223144531,627.1862182617188,901.8322143554688,10.885316597795338,163.9778959922961,161.07264439466448,-363.327880859375,375.3192138671875,674.1647338867188,47.92413169808388,-146.1388942138556,nan
1753092183.6348279,392.4358215332031,641.72802734375,920.1923217773438,7.036679608447461,166.2239320330942,170.87474789153694,nan,nan,nan,nan,nan,nan
1753092183.677834,438.2359313964844,728.5029907226562,1027.58544921875,-7.240939248750871,174.83206932044143,125.65501271575326,-363.7203674316406,366.5504150390625,658.413818359375,42.069286465604144,-162.85737935670136,nan
1753092183.7223427,401.4053955078125,667.277587890625,941.224365234375,22.21726570573778,-163.16815927876974,128.66280551601082,-370.4413757324219,365.6705322265625,656.8333740234375,nan,nan,nan
1753092183.7653441,415.44305419921875,690.6132202148438,974.1401977539062,10.390930681746537,-172.53027049271287,126.01296487534405,-376.48687744140625,367.8965759277344,658.5524291992188,61.12506679142291,-130.53165091086495,nan
1753092183.8108692,414.4516906738281,692.09228515625,976.2265625,-46.24522028468395,132.23013549610863,-33.251095772741465,-373.1114501953125,363.37335205078125,650.4556884765625,nan,nan,nan
1753092183.8568742,414.0680236816406,694.6043090820312,979.7698974609375,13.02762838822817,-170.55894956178574,-53.59296301952253,-376.1221923828125,365.0791015625,653.509033203125,nan,nan,nan
1753092183.9023867,532.2654418945312,905.2648315429688,1276.915771484375,nan,nan,nan,-374.8966369628906,362.6752624511719,649.2060546875,nan,nan,nan
1753092183.9453886,423.3942565917969,723.443603515625,1020.4489135742188,nan,nan,nan,-374.77972412109375,361.3563537597656,646.8451538085938,nan,nan,nan
1753092183.9893935,434.847900390625,732.8041381835938,1033.65234375,0.0,0.0,0.0,-381.0307312011719,366.1656494140625,655.4540405273438,61.59005072819899,-135.64649927631308,nan
1753092184.0319545,425.8463439941406,717.6347045898438,1012.2552490234375,0.0,0.0,0.0,-375.5269775390625,357.3233337402344,639.6258544921875,nan,nan,nan
1753092184.0769637,388.6000061035156,670.216796875,945.3702392578125,26.182532128608113,-159.59982116281944,130.12889266568956,-383.83203125,365.22576904296875,653.7716064453125,56.010115313949086,-151.82631783161335,nan
1753092184.1224766,403.5023193359375,699.1964111328125,986.2472534179688,43.01948274043895,-138.58152230582957,-37.715897538968065,-383.4134216308594,357.7817687988281,640.4464721679688,49.46788123207719,-161.088211722612,nan
1753092184.1654923,404.37347412109375,681.44873046875,961.2133178710938,-43.78077949728768,137.20330537417257,143.23012462597612,-385.86431884765625,356.62518310546875,638.3760986328125,60.027096670830495,-142.6996586242577,nan
1753092184.211016,302.4951477050781,505.1362609863281,712.516845703125,23.53282610562787,-162.0165163095625,-50.8873320311821,-386.4485778808594,354.90234375,635.2921142578125,55.33388816758106,-153.02203798942105,nan
1753092184.2570174,349.5279541015625,586.3375244140625,827.0548095703125,43.154417575122764,-138.34189550501893,-37.55315632775116,-383.2724609375,350.8739929199219,628.0811767578125,54.866652487368626,-156.36176252449388,139.70430857905654
1753092184.3015606,384.64825439453125,645.2523193359375,910.15673828125,0.0,0.0,0.0,-385.1871337890625,352.6268005371094,631.2188720703125,54.37727725313803,-156.65962099188448,nan
1753092184.347561,412.5868225097656,688.9782104492188,971.8339233398438,0.0,0.0,0.0,-384.2923889160156,351.80767822265625,629.7525634765625,49.93178143277905,-162.9214075094681,nan
1753092184.391097,414.5479431152344,665.4651489257812,946.3847045898438,34.875667016859246,-162.84029218591004,-132.79270831208538,-388.0819396972656,355.27691650390625,635.962646484375,60.57185601074579,-145.17502228343076,nan
1753092184.4331093,436.9627685546875,658.9136962890625,931.959716796875,1.515090282542191,169.88048728034107,-176.85701496771668,-390.09088134765625,357.11602783203125,639.2547607421875,54.14108290734494,-158.38842811148137,nan
1753092184.4771273,418.0081787109375,638.199951171875,902.6624755859375,-4.029080630425846,168.7794697066048,161.80549172738552,-388.5819091796875,355.734619140625,636.781982421875,58.680646204307685,-151.19137733578614,nan
1753092184.52364,nan,nan,nan,nan,nan,nan,-381.7608642578125,352.8326416015625,631.5872802734375,50.22361265249027,-162.8965036922321,nan
1753092184.5686438,346.1917724609375,550.8875732421875,783.4393920898438,42.73677223560262,-146.53683216881632,-162.5953957299615,-382.3119201660156,352.2190856933594,630.489013671875,53.04769043212999,-159.37928477192173,nan
1753092184.61317,321.272216796875,524.06103515625,743.25146484375,7.653774033309506,179.0805878426011,163.61243403594477,-387.6033630371094,357.0940246582031,639.2153930664062,63.847756035199716,-135.48537959218976,-173.66749236733847
1753092184.6551719,317.55267333984375,529.8028564453125,751.394775390625,16.899027516210815,-173.54534725792772,-168.9619518314839,-384.1192626953125,353.8841552734375,633.4695434570312,19.325890424809675,175.94430687458788,nan
1753092184.6977193,305.3451843261719,511.76934814453125,725.8187866210938,6.850746919709165,178.45567480374856,177.1632892681901,-388.8641052246094,362.8680419921875,649.5511474609375,52.98558277938109,-158.87069188099701,nan
1753092184.74572,296.4933166503906,495.5752868652344,704.7775268554688,13.193282189411914,-179.66911904389858,159.33232338945191,-382.676025390625,364.1258239746094,651.8026123046875,nan,nan,nan
1753092184.7897308,294.1434326171875,491.64752197265625,699.1917114257812,16.155644679012063,-176.69682496220852,168.08240082360038,-379.6170349121094,361.2752990722656,644.47705078125,nan,nan,nan
1753092184.8402567,331.86224365234375,552.6640625,792.4808959960938,nan,nan,nan,-383.06915283203125,365.7571716308594,652.4722290039062,nan,nan,nan
1753092184.8852608,351.4349670410156,631.773193359375,905.9177856445312,nan,nan,nan,-351.8695983886719,380.9833068847656,679.634033203125,nan,nan,nan
1753092184.927778,nan,nan,nan,nan,nan,nan,nan,nan,nan,nan,nan,nan
1753092184.972776,205.9750213623047,386.4046936035156,558.7081298828125,nan,nan,nan,-333.422119140625,385.81048583984375,693.0096435546875,nan,nan,nan
1753092185.014305,358.41522216796875,663.8431396484375,957.1934814453125,nan,nan,nan,nan,nan,nan,nan,nan,nan
1753092185.0573068,nan,nan,nan,nan,nan,nan,-365.73883056640625,364.7674255371094,655.211181640625,nan,nan,nan
1753092185.102831,321.2418518066406,565.4945068359375,819.9412841796875,-4.166493974231812,139.1507893009819,nan,-365.72296142578125,366.0151062011719,657.4523315429688,nan,nan,nan
1753092185.1468294,nan,nan,nan,nan,nan,nan,-363.8432312011719,365.399658203125,656.3468017578125,54.98019076244484,121.68486398495823,nan
1753092185.1888373,370.4972229003906,616.4009399414062,914.1870727539062,41.70045227953927,-171.21219257419884,171.74008273213104,-364.0171203613281,365.5743103027344,656.6605224609375,nan,nan,nan
1753092185.2353585,372.98114013671875,627.7138061523438,933.6334228515625,50.971912928726546,-137.30455232401496,-162.3199262642095,-369.9113464355469,365.1473083496094,655.8935546875,50.17650242959738,-154.64408095640573,nan
1753092185.278366,nan,nan,nan,nan,nan,nan,-380.19256591796875,359.1981506347656,649.7050170898438,49.13685631093103,-151.05833308394492,-142.4393260421895
1753092185.3218691,330.7440490722656,533.3748779296875,775.5360717773438,nan,nan,nan,-384.34100341796875,353.6000061035156,644.0689697265625,55.4763399864965,-143.94089262369747,101.22120183562043
1753092185.3658726,326.86376953125,527.1173095703125,766.4375,24.933106776261884,156.48582643185304,170.49049138207698,-385.0057373046875,346.7521667480469,645.1829223632812,59.25626236977477,-143.64929863560383,147.7206546232519
1753092185.4114099,388.75439453125,626.6367797851562,924.0860595703125,-9.720083923615972,125.30265693777818,174.99785509007992,-385.1044921875,341.4439392089844,651.6613159179688,57.49562291252306,-153.11014287735264,82.94831378778554
1753092185.453413,nan,nan,nan,nan,nan,nan,-375.64501953125,337.95220947265625,657.079833984375,54.825664398418546,-152.30975890727927,-85.12245893061444
1753092185.4969373,338.3902587890625,490.9631652832031,779.3790283203125,33.63151049053661,-155.22651499266232,-178.9303509663717,-328.3868713378906,274.0314636230469,566.7741088867188,nan,nan,nan
1753092185.543936,310.0978088378906,480.5277404785156,765.1539306640625,29.885244884406514,-157.32246442331623,-155.3385118766945,-331.3931884765625,262.8201904296875,585.5958251953125,nan,nan,nan
1753092185.5909572,330.3556213378906,516.0462036132812,792.5299072265625,35.68611367786044,-157.21224084578694,-177.89502121796852,-278.9302978515625,216.65867614746094,523.1746215820312,49.35007658141495,-114.49167701215714,nan
1753092185.645483,321.686767578125,509.5716247558594,782.5863647460938,35.90023448524329,-158.31742123380835,nan,-179.3866424560547,180.4921875,466.2124938964844,12.21528728182635,-128.2137890086022,-119.09894331836573
1753092185.6980224,245.96548461914062,442.9299621582031,732.2474365234375,11.205816308488282,-161.88380619456876,-166.62961904088957,-49.630279541015625,190.66751098632812,462.5650634765625,nan,nan,nan
1753092185.7520187,248.3219451904297,449.1429138183594,730.877197265625,0.09327454297184515,-177.89850241011925,-136.18204122332554,-57.327632904052734,181.61679077148438,459.9598693847656,7.239161063610128,-28.095668936626193,-51.707025633764495
1753092185.7985451,243.04116821289062,435.16754150390625,719.4146728515625,23.377608075452894,-157.48054124129334,164.52125645444752,-27.588115692138672,190.4652862548828,482.36944580078125,19.92181926458046,-36.288855763888044,nan
1753092185.844537,100.51041412353516,195.2236328125,344.7036437988281,nan,nan,nan,8.366034507751465,187.53858947753906,465.8633728027344,-3.3708879051714504,-20.16099874412072,nan
1753092185.887549,nan,nan,nan,nan,nan,nan,21.635751724243164,181.0803985595703,443.4525451660156,46.89316236261603,3.0307115669050355,72.55227883409997
1753092185.9310613,nan,nan,nan,nan,nan,nan,47.603172302246094,175.6736602783203,416.4552001953125,nan,nan,nan
1753092185.9740608,98.94780731201172,186.47958374023438,376.68463134765625,11.990166031847407,-160.23785487343784,-133.78866357481925,56.501708984375,174.79103088378906,394.5378112792969,47.293187530602715,5.469323142263989,-64.11265467382356
1753092186.017605,84.4863052368164,180.4944610595703,367.45538330078125,-42.39166316167128,179.06360023447363,-168.3568424108493,57.57661437988281,177.22071838378906,391.5077819824219,40.90746733509195,12.416029230647425,11.168094557991092
1753092186.0606003,78.23402404785156,176.6771697998047,358.27850341796875,-42.20496612159343,175.89990270437377,-160.91869952106606,61.34120178222656,173.80447387695312,377.5322570800781,39.806780571131306,9.417286473842724,-18.262937641181153
1753092186.103133,83.08824157714844,175.4967498779297,364.4290466308594,-29.725473514635905,-158.7544569718168,-139.17746014770174,62.261966705322266,170.5384521484375,365.84405517578125,-1.541544864619505,21.892151076725153,-40.12899114717872
1753092186.147134,84.99961853027344,179.99876403808594,363.5934753417969,nan,nan,nan,63.26539611816406,172.57057189941406,371.7400817871094,14.678606536952831,20.203110250529875,-39.80249949857366
1753092186.1901405,87.63721466064453,188.4737091064453,374.87603759765625,-24.454115608675824,152.72385670079447,nan,68.20487976074219,177.24447631835938,383.39971923828125,24.562509450194728,21.14331761063475,nan
1753092186.234658,325.8800354003906,483.3947448730469,789.0885009765625,-21.26277840486852,69.32642302224541,-84.76660080720742,70.7974624633789,172.4405059814453,369.92437744140625,nan,nan,nan
1753092186.2786644,374.8347473144531,564.4672241210938,802.7515258789062,48.053712443309955,-141.20694676481966,-80.3737253889035,78.73003387451172,175.49574279785156,370.354736328125,nan,nan,nan
1753092186.3211727,364.24835205078125,548.5073852539062,773.6937255859375,0.46536575442111394,-179.6698282643634,125.33536476541695,78.90348052978516,174.155517578125,364.5614318847656,9.787197136565867,27.548088722518823,28.432408082998087
1753092186.3651817,367.4137878417969,536.3697509765625,800.0654296875,-0.22273021746374091,68.15916970627484,174.96971634245145,82.7684097290039,174.12167358398438,363.0262145996094,2.196797209074461,28.021979262210845,-13.20778349635138
1753092186.407715,311.26556396484375,482.40850830078125,810.4214477539062,-32.2722633966846,50.77163886881945,-59.570500708055235,82.96508026123047,175.23660278320312,363.8888244628906,5.809022499054681,28.127629288535864,nan
1753092186.449713,362.1666259765625,505.5677185058594,812.504638671875,-37.79867686674719,60.983583458692806,nan,79.9180679321289,176.9540252685547,365.9906921386719,nan,nan,nan
1753092186.4917288,283.927490234375,443.2362365722656,754.38232421875,nan,nan,nan,81.532958984375,181.41110229492188,376.7105407714844,nan,nan,nan
1753092186.5362492,nan,nan,nan,nan,nan,nan,79.63731384277344,184.70663452148438,385.0948181152344,nan,nan,nan
1753092186.5812542,nan,nan,nan,nan,nan,nan,84.15349578857422,198.8876953125,414.6609191894531,nan,nan,nan
1753092186.6277702,nan,nan,nan,nan,nan,nan,81.54277038574219,185.96661376953125,405.6483459472656,nan,nan,nan
1753092186.6707659,nan,nan,nan,nan,nan,nan,84.38740539550781,187.78269958496094,423.86260986328125,0.5606347613136847,37.17403388296563,-26.391761876461093
1753092186.7122772,nan,nan,nan,nan,nan,nan,84.47499084472656,182.38436889648438,428.4493713378906,nan,nan,nan
1753092186.7572832,163.29940795898438,153.92190551757812,315.8362731933594,-53.89167341592866,38.100697115961516,-45.57184273209924,83.28972625732422,175.10794067382812,430.8596496582031,nan,nan,nan
1753092186.8028169,169.51158142089844,135.380615234375,344.5442810058594,17.640185990536697,-50.375254195851326,nan,82.63878631591797,172.52536010742188,454.6866149902344,nan,nan,nan
1753092186.8468258,nan,nan,nan,nan,nan,nan,84.54906463623047,153.85328674316406,446.271240234375,nan,nan,nan
1753092186.89333,nan,nan,nan,nan,nan,nan,99.7186050415039,147.72540283203125,464.8733825683594,nan,nan,nan
1753092186.9353533,173.99050903320312,136.47250366210938,357.852783203125,-28.767210745425185,-134.44916481176156,nan,nan,nan,nan,nan,nan,nan
1753092186.977347,177.6374969482422,139.73666381835938,368.27276611328125,4.503385650757792,-142.61002313625443,nan,101.20062255859375,127.91326904296875,484.8487548828125,nan,nan,nan
1753092187.0228796,nan,nan,nan,nan,nan,nan,96.9153823852539,119.26107788085938,491.5458679199219,61.5901557540046,-36.31721415814904,nan
1753092187.065871,339.4305114746094,330.7434997558594,833.56787109375,nan,nan,nan,nan,nan,nan,nan,nan,nan
1753092187.1113925,165.09457397460938,163.9339141845703,427.699951171875,14.538455661206683,-141.493693220492,nan,96.54549407958984,103.51443481445312,548.6536254882812,58.21457941643171,-37.708141004799764,-67.60115390442047
1753092187.1583917,nan,nan,nan,nan,nan,nan,nan,nan,nan,nan,nan,nan
1753092187.2029195,nan,nan,nan,nan,nan,nan,nan,nan,nan,nan,nan,nan
1753092187.247927,342.14385986328125,238.00209045410156,852.3314208984375,55.30555612557139,-135.82578072880307,nan,nan,nan,nan,nan,nan,nan
1753092187.293925,306.5024108886719,431.9696044921875,798.0199584960938,-12.14503335366995,-175.62292561555554,129.18415345755864,nan,nan,nan,nan,nan,nan
1753092187.337353,179.08984375,256.30718994140625,530.1153564453125,-43.06429707983782,173.84910521395705,-159.44547343043124,nan,nan,nan,nan,nan,nan
1753092187.3803885,180.1151885986328,241.40101623535156,562.0006713867188,-29.22448533411507,-172.96988630651143,179.83931087331197,nan,nan,nan,nan,nan,nan
1753092187.4239016,174.88023376464844,279.3665771484375,573.2393798828125,nan,nan,nan,44.838279724121094,125.56573486328125,577.116943359375,-3.279682521204082,-23.68805848170269,-45.896884155079974
1753092187.4678962,nan,nan,nan,nan,nan,nan,41.200496673583984,130.5454864501953,605.365966796875,-8.040124468734708,-19.769482424019987,-60.27495307568435
1753092187.5124211,nan,nan,nan,nan,nan,nan,48.729652404785156,152.3270721435547,643.154541015625,-3.803670226793735,-33.717714009515674,-55.11904541640976
1753092187.5564196,199.81842041015625,352.767822265625,680.7845458984375,3.848417234543297,-163.43009464247407,-143.25590040650835,47.89579391479492,156.46080017089844,666.0266723632812,-4.885546292357665,-27.431732665061208,-37.08568470333506
1753092187.5969474,185.29869079589844,349.8280944824219,685.30517578125,7.149411181307248,-152.80004958043236,174.8819204899992,35.30939865112305,168.91864013671875,696.2142944335938,2.9593518718560983,-28.921642323293295,-6.540598031578527
1753092187.643946,193.7777557373047,346.502197265625,716.6640014648438,24.03407469527263,-137.191943265533,176.88885433926458,40.86442184448242,185.2468719482422,723.3008422851562,3.494064627895883,-37.16581084499305,-10.24785467190305
1753092187.688954,193.740234375,355.17926025390625,737.5501098632812,15.492938948671075,-135.3382653627005,-163.4274015545559,43.640811920166016,197.0653533935547,746.9662475585938,11.661459945486106,-46.605378466880026,-15.041754377119915
1753092187.7334733,199.2228240966797,363.5126953125,764.0264892578125,10.916184772914566,-137.88149755290354,-155.07226570684128,44.7605094909668,205.07406616210938,766.1312255859375,8.9159455241134,-45.88208379008999,-9.515766560218609
1753092187.780476,194.346923828125,366.3878479003906,785.98583984375,13.583085899493119,-138.0108832975351,-150.31501812555638,20.457088470458984,213.35086059570312,797.0523071289062,19.414352930871825,-53.5340373279857,-18.365573298128407
1753092187.8239913,191.11866760253906,370.3573303222656,797.7991943359375,15.349652904184689,-136.99585353759454,-156.12789432363812,-69.62626647949219,276.8768310546875,1041.8778076171875,42.56661107880289,-77.07189107273643,169.47760159703512
1753092187.87099,179.4663543701172,368.6939392089844,807.62548828125,15.07598788177539,-140.28909276149946,-156.44447187016843,nan,nan,nan,nan,nan,nan
1753092187.915515,183.06910705566406,376.0953674316406,823.8384399414062,16.5626305779868,-142.17896449298098,-159.20934914098038,nan,nan,nan,nan,nan,nan
1753092187.9605067,185.33294677734375,379.13909912109375,834.0260620117188,16.81683252984758,-142.13497537002732,172.70273449282422,nan,nan,nan,nan,nan,nan
1753092188.0040302,192.7505645751953,384.3155212402344,845.4132080078125,16.819009188924525,-136.9963023181885,151.7604425215936,-25.814725875854492,203.8218231201172,912.5464477539062,nan,nan,nan
1753092188.047033,190.945556640625,380.6964416503906,851.8963012695312,nan,nan,nan,nan,nan,nan,nan,nan,nan
1753092188.0920453,188.2605743408203,378.6162414550781,854.611572265625,nan,nan,nan,nan,nan,nan,nan,nan,nan
1753092188.1385624,193.14468383789062,374.06744384765625,942.756591796875,-20.029686250968524,-135.55239327624318,-98.656289221828,nan,nan,nan,nan,nan,nan
1753092188.1835725,180.7052001953125,363.74871826171875,953.8074951171875,-29.30314661477335,-136.82496750031422,-98.38873565681834,nan,nan,nan,nan,nan,nan
1753092188.2261033,168.49783325195312,372.5557861328125,957.5479736328125,-41.389614329362566,-134.66331213218658,-94.54181971744285,nan,nan,nan,nan,nan,nan
1753092188.2691023,151.13816833496094,366.7668762207031,976.5240478515625,-27.474881253317307,-133.78424853940794,-93.50938051612012,nan,nan,nan,nan,nan,nan
1753092188.3116183,148.7239532470703,365.4583740234375,973.0401611328125,-38.974351836955464,-134.01106458595996,-97.87468276568455,nan,nan,nan,nan,nan,nan
1753092188.3546174,143.7685546875,372.81976318359375,977.5933227539062,-41.32634858728132,-135.84285757708383,-101.61492786857207,nan,nan,nan,nan,nan,nan
1753092188.3971453,127.3625717163086,373.55303955078125,877.5344848632812,-21.11992920793606,-160.44236029236453,156.04123738348434,17.352603912353516,288.4408264160156,966.2813110351562,-15.360674752542037,-103.27212218361265,-156.39120810263987
1753092188.4411383,128.2158966064453,418.6131591796875,883.4138793945312,-28.241361748123772,-151.56965315829427,-164.82810767823878,14.274331092834473,304.0563659667969,1012.0603637695312,15.146526114607566,-101.33230803717731,-175.0346355028569
1753092188.4841475,103.60221099853516,427.74053955078125,906.3613891601562,-11.878457778204025,-134.15474362846643,160.2398496519155,-1.3178799152374268,292.24176025390625,1004.9639892578125,nan,nan,nan
1753092188.5296586,86.81350708007812,418.7779846191406,913.47900390625,-11.638957950493749,-143.4713697511889,154.13650894696823,-12.502909660339355,288.05108642578125,971.245361328125,nan,nan,nan
1753092188.5716598,97.77427673339844,422.88140869140625,885.2218017578125,-24.68770065175402,-140.26568802570657,144.6139367762078,-12.496688842773438,284.16656494140625,970.7621459960938,nan,nan,nan
1753092188.6161873,105.12771606445312,447.3130798339844,889.7100219726562,-38.50939232891739,-161.46542509927122,166.52219068619442,-10.63815975189209,293.8533020019531,971.8657836914062,-29.427334887906508,-117.87436150763833,nan
1753092188.6591883,nan,nan,nan,nan,nan,nan,4.425449848175049,322.2769775390625,990.1488647460938,-7.52846212711782,-120.46773647179731,-141.38371253777248
1753092188.7047231,69.58586120605469,429.5865478515625,895.6448974609375,-23.5886137402471,-140.02540061754692,nan,2.5810327529907227,328.45623779296875,1015.1436767578125,4.670850525798287,-119.58833452847136,-106.41124908352485
1753092188.7567215,57.54964065551758,424.73974609375,896.343017578125,-13.14987677467567,-126.03754134047202,nan,-1.336296796798706,323.8157958984375,1019.0078735351562,9.97446168724174,-118.8915031388345,-100.26509453117848
1753092188.8032486,9.381932258605957,394.9123229980469,915.2811279296875,-10.849235682449287,-134.39466093643807,nan,-56.517730712890625,277.8442687988281,988.194580078125,nan,nan,nan
1753092188.8522396,9.324453353881836,394.2457580566406,909.673583984375,-28.56863504901594,-166.69783269947263,nan,-55.23371505737305,280.9994201660156,999.4164428710938,nan,nan,nan
1753092188.8967597,-24.315183639526367,369.5320129394531,922.3671264648438,-27.036651759410148,-137.92429059461776,-166.44081320348445,-50.39888381958008,324.7359313964844,980.2928466796875,nan,nan,nan
1753092188.9377618,-45.97956848144531,357.5283203125,966.8069458007812,-14.03879308483634,-128.59079817556088,-154.6074917784727,-42.772804260253906,341.13055419921875,1023.828369140625,nan,nan,nan
1753092188.980767,-30.878692626953125,373.7740173339844,960.6790771484375,21.80893482779109,-152.20247793556274,92.06908414816726,-15.038816452026367,371.8538513183594,1016.1348876953125,21.29429540817623,-146.51240674779459,-114.85406243044824
1753092189.02529,-33.41735076904297,366.5626220703125,928.350830078125,-36.43390777592908,-144.38720053924192,-168.00990891315078,55.1264533996582,364.1914367675781,913.4302368164062,nan,nan,nan
1753092189.0692916,-42.4223747253418,368.87841796875,929.6787719726562,-41.34288223742955,-146.41479961799433,-162.5260663896556,58.58039474487305,356.7469787597656,912.397216796875,nan,nan,nan
1753092189.111815,-48.93566131591797,365.6971130371094,988.896484375,-12.328875509718788,-135.4329052074465,-159.5005447929118,75.4284439086914,391.2918395996094,883.2228393554688,-34.55069479530149,178.85097665888634,-157.90961445649978
1753092189.1548126,-43.93144226074219,369.7884521484375,1005.1978759765625,-5.350222179872715,-131.88478846593466,-155.2030520658098,103.98118591308594,368.0642395019531,767.3770751953125,-60.39156157162907,119.05005334210462,-117.98808676676946
1753092189.201351,-33.32231903076172,406.54754638671875,925.7107543945312,-21.932185597155094,-141.28666945483485,160.35677399073197,117.46428680419922,358.17364501953125,758.9525756835938,-58.80445978799473,135.15533521474975,-86.390822243191
1753092189.2453508,-29.78103256225586,406.90704345703125,926.529296875,nan,nan,nan,nan,nan,nan,nan,nan,nan
1753092189.290358,-27.97641944885254,404.84326171875,925.8926391601562,-31.24039925831662,-167.6418239550347,162.88222775186705,nan,nan,nan,nan,nan,nan
1753092189.3348806,-28.1524600982666,403.8000183105469,931.7188110351562,-33.310957991148065,-149.78713475906204,164.78034104598638,111.35923767089844,358.49395751953125,747.4239501953125,nan,nan,nan
1753092189.3808892,-24.5163516998291,415.59869384765625,929.9981689453125,-34.99785982568999,-146.1443986725594,167.49443236873248,106.24555969238281,363.5896911621094,752.0056762695312,nan,nan,nan
1753092189.4264138,-24.426254272460938,428.3551940917969,926.5805053710938,-38.18134422585057,-156.67661203520512,165.9839741803262,98.5477523803711,362.9127197265625,759.688720703125,-56.87372508547797,121.08169418872687,-133.0284822500132
1753092189.468413,-13.745986938476562,418.6344909667969,928.7816162109375,-40.16853140176371,-156.6767591218652,173.77112826023108,59.19926452636719,410.38427734375,895.1698608398438,19.605159126359695,164.8964441404052,-121.68537315172881
1753092189.5139372,-13.867999076843262,413.3223571777344,937.0256958007812,-39.875482694823894,-162.34355559101658,-173.55505320679265,53.249210357666016,416.0804138183594,911.42578125,19.108907095430677,174.47864907818203,-110.69424942365616
1753092189.555938,-15.74679183959961,404.3682861328125,941.4013671875,-45.69583238576535,-159.19438120285128,-179.03844584614242,nan,nan,nan,nan,nan,nan
1753092189.6004944,-13.739561080932617,416.64990234375,928.3474731445312,-46.29840880626869,-148.42237961617246,170.37762640046617,8.521942138671875,435.83984375,1023.85595703125,57.09665252347901,-146.94940474262398,-103.79865868900187
1753092189.6534975,-15.392546653747559,428.9627380371094,920.2232666015625,-43.131409701180104,178.71957484345415,168.6804893585976,8.535734176635742,442.4736328125,1025.5130615234375,63.14299976214902,-156.26077358031546,-100.85742039877573
1753092189.7040315,-18.84383773803711,430.3360595703125,915.5996704101562,-49.4946985533852,175.11234641726836,-179.4159271395853,nan,nan,nan,nan,nan,nan
1753092189.7560253,-18.748716354370117,424.6529541015625,910.9778442382812,-48.416803607616885,169.65650648364553,175.31337441331615,nan,nan,nan,nan,nan,nan
1753092189.8005474,-22.366840362548828,417.8807067871094,915.369384765625,-41.42563839786596,-177.41238350282805,174.46016925678774,nan,nan,nan,nan,nan,nan
1753092189.844546,-22.113283157348633,416.6312561035156,904.9924926757812,-34.867503209461425,-166.93078851625012,151.58231404414744,2.25388765335083,408.1061706542969,886.4745483398438,-34.78297163549947,137.71099551194368,-173.6968281809958
1753092189.8905485,-27.56570053100586,418.2373352050781,912.2996826171875,-27.521595874703753,-166.18461304850442,166.2733521925212,-60.17924499511719,352.0050964355469,1128.2406005859375,nan,nan,nan
1753092189.9320636,-49.491268157958984,387.8250427246094,927.8623046875,-66.47970118358501,-155.0717745823755,-114.39379072248968,-35.71141815185547,376.60870361328125,1111.0318603515625,36.5875828981759,-138.3433407647588,159.6500406583108
1753092189.9740598,nan,nan,nan,nan,nan,nan,-24.78123664855957,368.9669189453125,1101.005615234375,29.435498567551775,-141.22617122736892,132.56250261821074
1753092190.0166183,-53.0843505859375,375.43109130859375,928.1630249023438,-59.31082132976018,-150.96269386832373,-120.76080268682517,-24.803142547607422,375.6634521484375,1101.9788818359375,31.48147746699821,-142.31422445389848,130.6815254641165
1753092190.0606198,-53.325164794921875,364.5577392578125,932.37353515625,-54.99346330454699,-143.253388330259,167.91204563309836,-37.34959030151367,358.9319763183594,1096.2757568359375,33.72138100923561,-141.5685350016381,164.99230947920864
1753092190.103146,-53.671730041503906,366.927001953125,938.43310546875,-51.87751504955895,-141.3382122463684,161.528118913811,-49.80752182006836,344.7560119628906,1091.52294921875,31.428342373980872,-139.4355889965938,-144.14357283127896
1753092190.1461434,-53.092281341552734,352.2328796386719,928.3016357421875,-50.10280491829059,-140.45860004664303,172.14034046519598,-67.14662170410156,353.7666931152344,1099.9200439453125,40.19750994394281,-130.75179574734818,-112.97522601836731
1753092190.1911507,-49.10254669189453,354.6226501464844,920.5745849609375,-44.253037791134425,-143.49796900571062,-161.34608580353105,-84.04681396484375,324.1816101074219,1072.1710205078125,nan,nan,nan
1753092190.2376668,-46.443519592285156,356.6942443847656,903.3583374023438,-48.04506807961891,-143.44184235296353,-139.65363199624673,-82.42129516601562,310.2843933105469,1026.2086181640625,nan,nan,nan
1753092190.2816668,-46.27253723144531,357.1153869628906,900.0325927734375,-47.21974557141907,-143.53291752940382,-139.9429576199456,-81.41598510742188,295.5033874511719,989.9409790039062,-74.82054509291515,120.67631720696265,-14.142126560613747
1753092190.323189,-46.10626220703125,359.2882995605469,896.7984008789062,-47.575558384766815,-143.57136999845434,-141.2551791077841,-80.38445281982422,295.52618408203125,977.3986206054688,-74.98548901746746,121.5664044543487,-9.984325701588194
1753092190.3681867,-46.049503326416016,364.02386474609375,895.6944580078125,-34.96496887634965,-141.7086322796122,-156.8544726856063,-76.04981994628906,297.0748291015625,970.1547241210938,nan,nan,nan
1753092190.4127207,-44.258155822753906,372.1039123535156,894.373046875,-25.426345705632805,-138.87210558911394,-171.9076600623867,-76.28746032714844,298.0031433105469,973.1863403320312,nan,nan,nan
1753092190.4607246,-44.168113708496094,371.34686279296875,892.553466796875,-28.132633945950534,-138.06941398710055,-167.92602948081276,-81.45545196533203,287.0134582519531,967.7466430664062,-75.43966390947395,122.49013940530902,nan
1753092190.5052605,-51.38439178466797,347.8271484375,898.4397583007812,-35.13096253209367,-128.80945529139336,-163.69819886204206,-84.01802062988281,289.4170837402344,975.8511962890625,-75.50083084438357,123.28933524557921,nan
1753092190.5532677,-53.44765090942383,344.77508544921875,904.0556640625,-33.177082964003986,-131.7649898464206,-167.81368650941621,-81.90552520751953,288.5993347167969,973.0938720703125,-75.23799407710588,121.96437784696934,nan
1753092190.5967689,-53.07444381713867,345.82745361328125,897.742919921875,-35.786888418135156,-133.5336117597566,-154.93957929511498,-81.23307800292969,284.3702087402344,965.1047973632812,nan,nan,nan
1753092190.638781,-57.07999038696289,347.419189453125,906.4089965820312,-30.16285687223896,-130.71971368847855,-159.57561404626674,-79.2907485961914,284.0741882324219,964.1001586914062,-75.0957769727689,120.01994322648866,-10.909808677968144
1753092190.6817808,-54.99436569213867,345.29058837890625,900.8555297851562,-32.68465833064557,-134.610107098293,-157.28518570460366,-72.5217056274414,286.69140625,972.9824829101562,-75.08498928238289,119.23539700040325,nan
1753092190.7252984,-55.010047912597656,345.3890686035156,901.1124267578125,-31.134119942003327,-134.02433146730206,-162.10936980333278,-68.63038635253906,287.9723815917969,970.9799194335938,-75.08296938303032,118.18846678490738,-4.749981566976738
1753092190.767306,-54.95118713378906,343.2849426269531,900.148193359375,-31.55735202974006,-134.96346572619288,-155.7223584464567,-57.050045013427734,303.5267639160156,997.5018920898438,nan,nan,nan
1753092190.8128145,-54.89046859741211,342.9056396484375,899.1536254882812,-31.042098583563526,-134.76981368317965,-159.66802996053744,-51.79653549194336,308.5037841796875,1007.4781494140625,nan,nan,nan
1753092190.8598173,-56.73301315307617,340.09930419921875,900.8991088867188,-27.70913040891479,-131.59344042297968,-173.11283163379045,-54.18696212768555,313.0393981933594,1015.897216796875,nan,nan,nan
1753092190.905343,-58.45700454711914,338.2939147949219,900.7142944335938,-26.943315673666405,-130.59158325715606,-174.41821402706404,-53.863624572753906,311.1714782714844,1009.8353271484375,nan,nan,nan
1753092190.950345,-60.07571792602539,335.9045715332031,898.9647216796875,-31.199786535720577,-128.37634417787265,-178.4357558098498,-54.629058837890625,315.5933837890625,1024.1856689453125,nan,nan,nan
1753092190.9953635,-61.921600341796875,334.78662109375,900.6173095703125,nan,nan,nan,-59.47172927856445,300.28265380859375,1005.95166015625,nan,nan,nan
1753092191.0388932,-63.64516067504883,334.7240905761719,900.4491577148438,-30.34665261933962,-128.17198078587725,-174.1174962349127,-65.46966552734375,279.2255859375,979.6790771484375,-75.260666556465,118.26198891731175,-6.903471595049268
1753092191.0798934,-67.34662628173828,332.3951110839844,903.5513916015625,nan,nan,nan,-66.99839782714844,273.9816589355469,974.4567260742188,-75.39039390450286,119.00129086065697,nan
1753092191.125481,-67.28742218017578,333.8424377441406,902.757080078125,-29.48301425950896,-125.21030540868757,-176.230746403629,-68.39277648925781,270.19439697265625,967.6182861328125,-75.32613384093807,119.33294195084342,nan
1753092191.169482,-69.05876922607422,332.25579833984375,903.1727294921875,nan,nan,nan,-68.37413024902344,270.1207275390625,967.3544311523438,-75.4394188810085,119.74592874563058,nan
1753092191.2170067,-68.98856353759766,333.6566162109375,902.2545776367188,-29.94490446766964,-125.46142423853075,-174.44392479715924,-68.61341094970703,272.9366149902344,970.7398071289062,-75.44635156726801,119.6566235032623,nan
1753092191.2620056,-68.99174499511719,333.6720275878906,902.2962036132812,-29.770326545117342,-124.81812604187166,-174.1079187567376,-68.53003692626953,272.6049499511719,969.5602416992188,-75.34914700979208,119.52913648864491,nan
1753092191.3045332,-68.85302734375,336.47149658203125,900.4819946289062,-25.160884503535357,-124.63505367585839,178.3950553013658,-68.70803833007812,273.3130187988281,972.0784912109375,-75.33696810875468,119.31843589885521,nan
1753092191.34753,-68.80039978027344,339.6820068359375,899.793701171875,-25.71991858816493,-124.85339143527872,-177.76085438642644,-68.27033233642578,273.4330749511719,965.8858642578125,nan,nan,nan
1753092191.3935552,-68.79718017578125,341.39990234375,899.7515258789062,-25.766617503249236,-123.74608155255711,178.71966133745607,-66.3201904296875,273.0669250488281,964.5924682617188,-75.1487862993832,117.9404498173605,nan
1753092191.4370606,-68.80339813232422,341.4307556152344,899.8328857421875,-26.1222702513122,-124.4562761116052,-179.9406245834901,-66.5416488647461,273.978759765625,967.8134765625,-74.72705627305244,117.04225313281215,-11.066178109680767
1753092191.481062,-68.7757568359375,341.2935791015625,899.4713745117188,-27.292301579786905,-125.44523971276189,-169.23681103478611,-62.07984161376953,282.8711242675781,985.8048095703125,nan,nan,nan
1753092191.5245774,-68.71900939941406,341.011962890625,898.7291870117188,-27.192437202435347,-124.20488907866454,-171.77201625600406,-63.56044387817383,281.0186462402344,979.348876953125,nan,nan,nan
1753092191.5675747,-68.70793914794922,340.95703125,898.5844116210938,-26.7139341132152,-124.05870630924046,-173.2382670663744,-61.94161605834961,282.2413024902344,983.6098022460938,nan,nan,nan
1753092191.610119,-68.70336151123047,340.934326171875,898.5245361328125,-27.808435540585155,-125.03376119351908,-171.1614759982708,-63.607391357421875,281.2261657714844,980.0722045898438,nan,nan,nan
1753092191.6561134,-68.75354766845703,341.1833801269531,899.180908203125,-27.354553860360525,-124.8917425840598,-171.91110561477552,-63.66438674926758,281.4781799316406,980.950439453125,nan,nan,nan
1753092191.6997373,-68.71687316894531,341.0013732910156,898.7012329101562,-27.581214413607388,-124.96250710089824,-172.56427028595118,-63.77135467529297,281.95111083984375,982.5985717773438,-74.48839708494064,116.53783691798772,-11.5605247201311
1753092191.7447288,-66.96749877929688,340.91168212890625,898.4649047851562,-27.493501942984434,-126.11022244420012,-171.6509216605654,-64.5113296508789,285.2227478027344,994.0001831054688,nan,nan,nan
1753092191.7867372,-66.95552825927734,339.1197509765625,898.30419921875,-26.527356164160814,-125.77967337292637,-174.37414170189635,-63.41084289550781,280.357177734375,977.0437622070312,nan,nan,nan
1753092191.8292544,-68.80007934570312,337.94659423828125,899.7894897460938,-26.039582928369796,-122.63379622302703,-173.67315647416635,-62.74951171875,291.6827697753906,996.4388427734375,-74.53068172776636,116.72345445637862,-4.006868484419814
1753092191.8742573,-68.74201965332031,335.92901611328125,899.0301513671875,-36.52859802936663,-126.01049133122866,-155.10762501031633,-61.81024932861328,287.3167419433594,981.5237426757812,nan,nan,nan
1753092191.9197764,-68.71382904052734,334.0595703125,898.6614990234375,-34.40079198078314,-126.3960320355364,-165.8972007814446,-60.344970703125,289.3597717285156,988.5031127929688,nan,nan,nan
1753092191.9637773,-70.59819030761719,333.0482177734375,900.6093139648438,nan,nan,nan,-61.16299057006836,295.212890625,1001.9030151367188,nan,nan,nan
1753092192.0053144,-72.5444564819336,327.0570068359375,903.2343139648438,nan,nan,nan,-60.24162673950195,288.8642272949219,986.8102416992188,nan,nan,nan
1753092192.0473118,-72.34196472167969,327.87969970703125,900.7130737304688,-30.487203248339295,-124.50520252470898,177.4692637950168,-60.507694244384766,290.1400451660156,991.1686401367188,nan,nan,nan
1753092192.091323,-72.58289337158203,327.23028564453125,903.712890625,-29.285475481517093,-124.68801996602754,179.58847573554095,-61.873661041259766,287.6114807128906,982.5307006835938,nan,nan,nan
1753092192.1358364,-72.64432525634766,327.5072326660156,904.477783203125,nan,nan,nan,-63.00843048095703,282.3195495605469,970.8433227539062,-74.98803666281191,117.86135008032248,-4.707708497282451
1753092192.178836,-72.71041107177734,327.8052062988281,905.3005981445312,nan,nan,nan,-62.42974853515625,279.7266845703125,961.9269409179688,nan,nan,nan
1753092192.229368,-72.83238983154297,328.3551025390625,906.8193359375,-29.426502040471828,-125.97452307689541,171.97975728825944,-62.5481071472168,282.11407470703125,963.7506103515625,nan,nan,nan
1753092192.2813714,-67.13543701171875,333.08843994140625,900.7180786132812,-29.604357579834506,-130.78703715210563,-163.67928201839325,-62.55739974975586,285.8707580566406,963.893798828125,nan,nan,nan
1753092192.3318923,-67.19396209716797,333.3787536621094,901.503173828125,-26.16268905897444,-128.8688330813457,-169.27692249608145,-63.73358917236328,288.36090087890625,953.7006225585938,nan,nan,nan
1753092192.3808959,-63.45838928222656,330.28179931640625,897.8068237304688,-26.88777372504172,-130.9527364030426,-171.55726530727273,-65.83564758300781,289.5232849121094,957.5451049804688,nan,nan,nan
1753092192.427447,-63.42184066772461,326.63348388671875,897.2896118164062,-25.909377175800294,-133.70298569585518,-177.97924148419673,-65.40743255615234,289.4732971191406,951.31689453125,nan,nan,nan
1753092192.470448,-63.555294036865234,323.85546875,899.177734375,-21.063645887643062,-133.16785619524663,172.30829489874034,-75.40492248535156,285.6795654296875,938.849365234375,nan,nan,nan
1753092192.514969,-65.12531280517578,321.3203125,896.9376831054688,-19.65318239552859,-133.78947929391913,174.7132845445756,-78.52543640136719,283.8802490234375,932.9360961914062,nan,nan,nan
1753092192.556974,-64.87905883789062,320.10528564453125,893.5460815429688,-19.587300629535587,-133.76872249520852,177.2377809272011,-76.9170913696289,286.870361328125,913.827880859375,-8.467979275575024,-152.29507464394192,176.82467243137484
1753092192.6025023,-66.518310546875,316.26910400390625,892.4383544921875,nan,nan,nan,-82.33770751953125,289.11553955078125,915.361083984375,nan,nan,nan
1753092192.6455004,-66.24567413330078,311.5475158691406,888.780517578125,nan,nan,nan,-82.38216400146484,287.5068054199219,915.8552856445312,nan,nan,nan
1753092192.687512,-65.93964385986328,308.4035949707031,884.6747436523438,nan,nan,nan,-84.21288299560547,285.9658203125,916.5726928710938,-74.02633850907652,123.81711560230075,-42.8032315769936
1753092192.7325327,-53.40019226074219,330.224609375,874.7416381835938,-35.958346957349185,-138.39183491251296,-134.447749706244,-58.74271011352539,316.5945129394531,879.017822265625,-0.609116433865947,-157.83818220139247,-166.85495115507885
1753092192.7745345,-45.89397430419922,344.7139587402344,860.4202880859375,-15.384559785203763,-135.16743016726465,-170.79391393745414,-56.572914123535156,332.42962646484375,871.6838989257812,7.493902704385508,-168.552970136366,178.66739480125307
1753092192.8190525,-44.26972198486328,341.6583557128906,861.076416015625,-21.43798212975884,-136.20768521161696,-161.56849314645817,-58.50189208984375,322.04412841796875,875.4142456054688,5.210910258306943,-156.28375193185337,-162.6752598524891
1753092192.865052,-45.791202545166016,338.9792175292969,858.4935302734375,-17.00284464412899,-137.072439477357,-168.10390115968025,-63.277278900146484,318.9195556640625,871.485595703125,-5.400120662780347,-143.1338582152676,-155.122327326963
1753092192.911591,-45.4868278503418,343.29913330078125,852.787109375,-20.21601598525916,-134.1262845378995,-167.22157098243733,-64.84186553955078,311.65093994140625,869.9464721679688,-29.86160498708821,-167.3826653513739,-128.69825229263273
1753092192.9595819,-40.42235565185547,343.7972717285156,849.9560546875,-15.91181076237543,-136.74633145292995,-172.30750414677343,-64.79611206054688,308.0807189941406,869.3326416015625,-25.586939264694767,-167.1893623734861,-126.32854076570119
1753092193.0031145,-32.0191535949707,344.7677307128906,844.310791015625,-17.121442622345565,-140.5783943099296,-169.1720331461398,-68.44293212890625,315.4941101074219,895.1185913085938,-2.3161469561932413,-159.78845840913982,-113.95302245826284
1753092193.0491114,-23.735490798950195,349.08502197265625,839.0458374023438,-15.360512570480257,-142.1482829796157,-168.71034266432582,-71.2314453125,310.8835754394531,886.8863525390625,-7.8694116507595195,-160.50459241729212,-131.66970686091636
1753092193.0901346,-13.990968704223633,351.220947265625,836.4317626953125,-18.948510322953602,-145.55679548184546,-156.42226441928864,-72.50428771972656,307.3258361816406,881.5831909179688,-20.36080545952402,-164.13416666255833,-118.94298843627543
1753092193.133649,-10.752201080322266,352.3332214355469,835.2476196289062,-15.393207033426739,-144.10334301176536,-151.27185992145226,-92.84488677978516,305.4803771972656,881.1599731445312,nan,nan,nan
1753092193.1776516,-9.097580909729004,350.5936279296875,831.123779296875,-11.359705697241662,-144.00815370155107,-142.64351813995674,-89.53187561035156,310.07464599609375,865.54638671875,-19.75860403043697,-169.25594527692613,-133.79085164371543
1753092193.2201717,-4.2562713623046875,350.7715148925781,824.01708984375,-4.924258947583953,-151.90260630622967,-156.78509698427865,-87.47076416015625,307.8248291015625,845.6206665039062,-32.15296225840507,-179.22312772834306,-144.52803695655805
1753092193.266169,8.29249382019043,344.3780212402344,808.997802734375,-14.336335394224916,-156.91905768897033,-155.02693174968897,-80.36238098144531,313.6673278808594,839.4522705078125,-29.22497264355538,173.58183568077527,-130.44103612243902
1753092193.3086994,11.080940246582031,337.4656066894531,785.6466064453125,-22.904355103759727,-157.81119018571155,-165.1188507701691,-81.30528259277344,315.898681640625,832.5437622070312,-32.18602617398365,170.19019783289573,-118.79229093297026
1753092193.3527017,12.367425918579102,334.34539794921875,771.4608154296875,-19.072584897665145,-155.74934425495462,-162.99725621540716,nan,nan,nan,nan,nan,nan
1753092193.399211,47.63330841064453,330.1092834472656,741.8948974609375,nan,nan,nan,nan,nan,nan,nan,nan,nan
1753092193.443228,58.356224060058594,323.9296875,715.6104125976562,nan,nan,nan,nan,nan,nan,nan,nan,nan
1753092193.487225,77.21073913574219,324.24462890625,687.05859375,18.90488614976033,-144.01731792779435,-142.38754015389569,-46.97707748413086,288.9404296875,630.2647705078125,-22.957922797267912,152.51250105681896,nan
1753092193.5304618,54.57316589355469,260.43878173828125,551.8571166992188,7.065470296268269,-148.59018211778277,-176.0371023839034,nan,nan,nan,nan,nan,nan
1753092193.5764654,61.56686019897461,254.9355926513672,521.0486450195312,nan,nan,nan,nan,nan,nan,nan,nan,nan
1753092193.6205418,nan,nan,nan,nan,nan,nan,-56.30647659301758,410.802978515625,775.4802856445312,nan,nan,nan
1753092193.6675391,nan,nan,nan,nan,nan,nan,nan,nan,nan,nan,nan,nan
1753092193.7120612,199.29063415527344,345.5582580566406,692.6279907226562,-67.80808219598026,116.77231556540194,-147.96480053980585,-55.49921798706055,467.58544921875,909.12548828125,72.97495829954515,-146.36661126325635,-136.13716492247096
1753092193.7540638,nan,nan,nan,nan,nan,nan,-57.15829086303711,508.8038330078125,907.6524047851562,64.30170678134213,150.11446757716567,161.61676183600173
1753092193.8005822,1331.5712890625,1621.5447998046875,2974.4619140625,7.625228127320189,82.3265145446993,nan,-61.9465217590332,508.1822204589844,876.4169311523438,74.6083917876334,154.72885289652928,172.33468569523305
1753092193.8485792,251.49957275390625,317.48480224609375,584.4404296875,-3.1479813115834547,-135.2513380651242,94.57065170994628,-67.25605010986328,521.4725341796875,902.3361206054688,20.90877310554369,118.19601376951695,16.565997361659534
1753092193.89159,241.19029235839844,265.3762512207031,581.3077392578125,21.597210432191705,106.89660646716833,-97.61038899723424,-78.10540008544922,488.4227294921875,868.3098754882812,-25.071165816052748,117.31971189552465,95.82657874607762
1753092193.9386473,247.9315948486328,240.91136169433594,568.5119018554688,39.98811059674795,93.72943150829599,-142.85086559593339,-84.61311340332031,532.7431030273438,940.6571044921875,nan,nan,nan
1753092193.9876802,247.46739196777344,244.89097595214844,555.1820068359375,72.34579728856254,69.91990816418623,100.6957926981858,-81.71521759033203,514.4973754882812,908.4407958984375,-30.678344240127704,108.42015056131066,-3.3660157714657077
1753092194.0347161,236.12460327148438,238.8896942138672,553.6702880859375,7.150266595532558,93.06674301394689,-146.44450164160347,-80.64786529541016,581.8196411132812,980.6014404296875,nan,nan,nan
1753092194.0777135,240.86880493164062,233.01893615722656,549.8870849609375,40.3148217909253,101.79238007696688,nan,-71.43891906738281,529.4624633789062,889.4696044921875,32.832432859361184,111.62680941888026,nan
1753092194.1292405,239.6772918701172,224.4185791015625,549.5845947265625,0.9959506539786892,90.43442539394265,-138.18770857945907,-58.87006378173828,514.628662109375,856.2343139648438,83.80745853097909,-148.53609190380237,112.4262390041999
1753092194.180245,230.70286560058594,217.5907440185547,548.3907470703125,9.69749865365986,140.66871189381152,-128.6365756356902,-59.7430419921875,546.1774291992188,920.52978515625,-31.847690692762065,100.49616474117497,-24.51701616754664
1753092194.2347727,226.4713134765625,209.0513916015625,550.9501342773438,-72.50806091544153,31.638662601803716,-60.396279445062426,-50.22404861450195,533.9464721679688,908.7698974609375,nan,nan,nan
1753092194.2867868,227.5386962890625,206.64076232910156,558.7857666015625,-71.58567702192714,20.401862269061198,-69.2471689886911,nan,nan,nan,nan,nan,nan
1753092194.3373148,nan,nan,nan,nan,nan,nan,-27.491289138793945,499.2294616699219,855.2921752929688,45.16807904497223,103.8077545627783,48.61567553828923
1753092194.380316,nan,nan,nan,nan,nan,nan,nan,nan,nan,nan,nan,nan
1753092194.4229317,234.16268920898438,208.09869384765625,603.6170654296875,-28.254744203812923,-102.36239982828235,nan,-27.248945236206055,531.5987548828125,901.8165283203125,23.160039464980436,103.41768254084562,-3.8356717413868986
1753092194.4689302,232.79202270507812,208.03692626953125,600.0838012695312,-43.179470342106,-102.3944539097423,nan,-21.13795280456543,508.27459716796875,865.0767822265625,47.413788298406175,103.37690011330444,-31.35212175557355
1753092194.514464,226.73281860351562,210.26023864746094,593.3058471679688,-68.30522974793364,-96.66271274282991,nan,nan,nan,nan,nan,nan,nan
1753092194.5594645,nan,nan,nan,nan,nan,nan,-24.720640182495117,511.757568359375,873.8707275390625,52.50520820783204,107.82970046003173,6.233714371232145
1753092194.604051,nan,nan,nan,nan,nan,nan,nan,nan,nan,nan,nan,nan
1753092194.6470482,nan,nan,nan,nan,nan,nan,-19.66805648803711,508.3673400878906,873.8321533203125,nan,nan,nan
1753092194.6880927,202.10696411132812,197.52200317382812,539.7523803710938,-72.9260632130745,34.27021038988261,-38.6565071842672,-19.649208068847656,511.24456787109375,872.9947509765625,62.42273051517359,113.21104362912664,11.735251196605399
1753092194.733629,nan,nan,nan,nan,nan,nan,-19.365755081176758,512.1592407226562,860.4011840820312,21.892110339791856,103.49006356763455,-13.540277068540629
1753092194.7776377,198.4406280517578,194.88690185546875,541.0993041992188,-73.5860327191618,26.69610944169403,nan,-22.344697952270508,511.08392333984375,847.6190795898438,22.057221534768008,111.5963421220443,-13.182711212546817
1753092194.8221784,nan,nan,nan,nan,nan,nan,-21.177228927612305,522.5794677734375,866.6842041015625,10.68450530324821,108.31941766503448,-2.6932992798974733
1753092194.8701742,204.17576599121094,194.29025268554688,545.27734375,-73.08288095420875,0.8788460605567506,17.449219443172392,-22.96698760986328,523.6386108398438,871.2249145507812,12.661232654378036,106.59714664208946,-40.683400279146134
1753092194.9167266,208.43690490722656,199.6439971923828,542.693359375,-39.79385805234149,-83.10460555478319,20.93469481718195,-22.937379837036133,522.9635620117188,870.101806640625,29.4120632446645,109.11459925095578,-30.467497342051413
1753092194.961725,210.44342041015625,199.56341552734375,542.4743041992188,-35.65632253364916,-79.49191452829287,27.659888507923647,-19.240093231201172,503.8943786621094,854.8181762695312,25.32121260125522,109.75166531509139,5.7144606076655
1753092195.0042582,210.62559509277344,194.5050506591797,542.9439086914062,-53.822309582497205,-70.13795132994595,42.895121217495955,-18.04477882385254,506.6999816894531,876.7742919921875,43.86126672066437,116.39660147357101,74.07082130022002
1753092195.0512545,209.88864135742188,192.78192138671875,541.044189453125,nan,nan,nan,-18.82415008544922,523.2974853515625,914.64306640625,nan,nan,nan
1753092195.095262,208.6090087890625,193.60447692871094,540.4300537109375,-74.8018154503917,-3.095553292900239,5.732599055971796,-18.5484676361084,512.160400390625,901.248046875,46.93292789522069,119.48680623291193,86.43064552349972
1753092195.138772,206.10264587402344,193.0760040283203,544.81591796875,-75.0414371836419,-20.351325794072046,45.03471791981467,-18.470664978027344,510.0121154785156,897.4677124023438,49.104688977315114,119.09305694223619,74.55157130255016
1753092195.1817796,nan,nan,nan,nan,nan,nan,-16.801483154296875,510.1102600097656,900.6945190429688,82.82068182192965,175.26621605810962,140.07516578015787
1753092195.2263567,206.876220703125,193.66610717773438,552.4892578125,-77.43550772458322,-0.8168537404204699,nan,-18.479761123657227,510.2632141113281,897.9096069335938,75.78352824923886,139.63286278276564,59.15463128072576
1753092195.271361,nan,nan,nan,nan,nan,nan,-25.0446834564209,509.9358825683594,885.3255615234375,3.5051729035122654,111.67052659560012,-3.730918798096769
1753092195.316877,nan,nan,nan,nan,nan,nan,-27.480684280395508,495.741943359375,854.9622802734375,19.61655391509391,113.82225311183407,26.7479580687627
1753092195.3668766,nan,nan,nan,nan,nan,nan,nan,nan,nan,nan,nan,nan
1753092195.4083993,195.62625122070312,198.31851196289062,539.0902709960938,nan,nan,nan,-34.293060302734375,508.9288024902344,860.5455932617188,40.50049750810304,125.38163553287264,75.97266698486604
1753092195.450406,199.93936157226562,203.654052734375,536.7255859375,-40.626084009814576,-88.56237656541042,38.37608270327565,-38.555458068847656,523.4290771484375,882.1897583007812,53.48618354159875,130.04573358647124,88.06936101371869
1753092195.4954069,206.23178100585938,204.8240966796875,518.7343139648438,-62.91500486375122,-0.39249962281385586,-39.242739797692806,nan,nan,nan,nan,nan,nan
1753092195.5369205,206.63186645507812,204.2199249267578,519.7406616210938,-61.9600667894192,-11.394693499422491,-33.68127011092753,-43.30195236206055,522.5652465820312,875.0499877929688,29.02748621386247,118.29555649320208,-71.87111101237144
1753092195.584916,207.43905639648438,206.0299530029297,519.2542114257812,-67.56138381067314,-14.671360607795155,-33.4617953546158,-45.467247009277344,528.1304321289062,884.3690795898438,39.801598707733035,126.00784683887355,142.93797660636224
1753092195.6274662,207.36538696289062,205.9635467529297,516.578125,-61.93823191211066,-41.14846652480371,-4.051772564310443,-54.75657653808594,554.8934326171875,926.19580078125,0.0,0.0,0.0
1753092195.6684499,208.81007385253906,206.3121795654297,538.263916015625,-21.356781758176258,-102.89658783353464,-109.20339859063853,-57.181278228759766,544.0025634765625,908.0174560546875,76.97067701585752,-134.04228214033256,117.38957239898347
1753092195.7119675,206.49989318847656,196.70352172851562,540.361083984375,-69.124118685544,-76.64098660620618,110.4958806439174,-52.836181640625,542.7913818359375,923.8238525390625,nan,nan,nan
1753092195.758965,203.43850708007812,192.54177856445312,543.3084106445312,-80.68568587830248,-5.276637992728763,56.152755075093204,-34.73579788208008,522.27783203125,915.9458618164062,nan,nan,nan
1753092195.810515,202.03030395507812,192.2486572265625,539.547607421875,-80.34978541028379,7.387458949038413,11.648611637134142,-22.24565315246582,508.5952453613281,910.4097900390625,80.80965951998527,-157.18416488833128,-175.53265202658775
1753092195.8605087,201.37359619140625,196.80526733398438,537.7938232421875,-43.88270861760224,-134.66902748037583,172.87018801145516,-16.98122787475586,505.0425109863281,910.3302612304688,24.080901598012233,115.47047855686975,-75.33840718012779
1753092195.9100785,194.47064208984375,196.1143341064453,535.90576171875,-77.99414048090954,50.40461580167058,-28.56821244649767,-20.458866119384766,507.78924560546875,908.967041015625,74.9390416480676,149.09725785377861,127.63800755339429
1753092195.9580839,nan,nan,nan,nan,nan,nan,-29.339502334594727,520.4799194335938,912.792724609375,69.1987594017985,143.39092217935246,132.6748892439265
1753092196.0026174,192.35049438476562,201.12611389160156,530.063232421875,nan,nan,nan,-34.655662536621094,526.3556518554688,913.832763671875,74.38049457765248,156.5829815928481,-35.685977511921685
1753092196.0446296,192.2178955078125,200.98745727539062,529.6978149414062,nan,nan,nan,-36.217529296875,526.9813232421875,908.8379516601562,79.4519615627885,-150.6802555590959,132.67450473045878
1753092196.0896416,192.62242126464844,200.38758850097656,530.8125610351562,nan,nan,nan,nan,nan,nan,nan,nan,nan
1753092196.137156,192.03416442871094,200.79534912109375,529.1915283203125,nan,nan,nan,nan,nan,nan,nan,nan,nan
1753092196.1781774,192.3479461669922,202.14483642578125,530.0562133789062,nan,nan,nan,nan,nan,nan,nan,nan,nan
1753092196.223702,193.4835205078125,203.28619384765625,530.3692016601562,nan,nan,nan,nan,nan,nan,nan,nan,nan
1753092196.271697,196.40045166015625,204.19378662109375,532.737060546875,-20.042232346263738,-103.65258099698609,174.2852517289215,-39.99869918823242,518.4022827148438,876.5642700195312,69.28864377678504,146.1308583923595,101.70489289240446
1753092196.322237,195.70628356933594,203.47206115722656,530.8541259765625,nan,nan,nan,-40.63216018676758,524.8964233398438,890.446533203125,78.15991207489046,-164.4605217635244,169.02585842555314
1753092196.3662424,196.05076599121094,202.80548095703125,531.7885131835938,nan,nan,nan,nan,nan,nan,nan,nan,nan
1753092196.4097946,193.86376953125,202.6616973876953,531.4114990234375,nan,nan,nan,-39.59114074707031,528.7615966796875,905.8872680664062,78.11993490093118,-132.8196967242635,-154.3584833048582
1753092196.4517963,192.66758728027344,202.48074340820312,530.93701171875,nan,nan,nan,-37.93509292602539,524.7635498046875,908.0308227539062,nan,nan,nan
1753092196.4977908,nan,nan,nan,nan,nan,nan,-37.93976974487305,523.0782470703125,908.1427612304688,-9.744666042473396,109.6879312973215,-15.098960424746418
1753092196.5413086,200.1588592529297,195.5946044921875,537.3148193359375,-74.72141342280194,-30.455903581098095,23.713833259309204,-38.1126594543457,523.7040405273438,912.2811889648438,76.65670294705649,171.70747554041392,152.1925475207765
1753092196.5823135,202.79942321777344,194.11358642578125,536.0841064453125,-73.16161874572494,-3.6367242375499944,-12.90676701930143,-46.57509231567383,521.7965698242188,905.91748046875,71.84754544769058,169.93131947569742,-48.532775627805655
1753092196.624844,202.0035400390625,193.3074951171875,536.714111328125,-73.86388174140298,-13.50111725086161,-10.16229756939403,-47.01536560058594,532.0155639648438,914.4811401367188,nan,nan,nan
1753092196.667846,200.4230499267578,193.779296875,538.0240478515625,-67.95684311057869,-67.97167102988622,115.41457894192293,-44.86730194091797,519.4800415039062,872.6997680664062,65.343433976074,140.98928521678047,103.70448570592556
1753092196.709365,206.93504333496094,203.24856567382812,561.3121948242188,-64.69513828296306,-95.77622044776601,-126.17564378253056,-43.0892219543457,523.353759765625,870.7510375976562,34.947853130813,116.83762378593643,15.619019580321046
1753092196.754364,201.67088317871094,198.00146484375,558.7144165039062,-76.96815105554973,-79.12358139255123,120.56169173516896,nan,nan,nan,nan,nan,nan
1753092196.7993991,205.40647888183594,207.18994140625,581.48046875,-42.405286953250275,-122.04155653370925,157.74916979974572,nan,nan,nan,nan,nan,nan
1753092196.8609016,200.94857788085938,201.59365844726562,565.7744140625,-73.12131526928991,-118.2630693777962,143.75413242707384,nan,nan,nan,nan,nan,nan
1753092196.9054105,202.1027374267578,202.75506591796875,572.1279907226562,-78.74798865726075,-109.94021430764447,144.0394240142868,-45.595069885253906,479.21954345703125,921.3894653320312,4.131554780132323,142.24710683601063,167.26282884509328
1753092196.9474092,212.49887084960938,213.1847686767578,601.5581665039062,-44.00869580548136,-129.3880043745578,-174.88344055242013,-45.361534118652344,494.4288330078125,916.6702270507812,5.175832932376148,124.21049014289358,28.341054323503478
1753092196.992449,215.4208984375,213.7749786376953,606.5215454101562,-50.52013394262255,-134.8665908468253,175.06548139064893,-43.784175872802734,482.3802490234375,920.6446533203125,-5.229374057480946,128.23798891301612,153.51388739826956
1753092197.0349596,233.38113403320312,207.0111846923828,610.702880859375,-20.611875227375734,-52.74050746653351,-47.59941399496117,-53.428585052490234,467.8717041015625,934.1818237304688,50.123472937625046,162.1063075324953,147.14002029044022
1753092197.0769541,244.160888671875,205.24264526367188,623.198974609375,-44.80217808984886,-76.91157635431598,-34.30518880172552,-39.94624328613281,492.9952697753906,914.012451171875,12.626122767717932,107.8049089958461,4.056455698613496
1753092197.1204696,244.4093780517578,208.52838134765625,633.17578125,-52.37584368058869,-91.96037923944742,12.110070232058657,-27.436798095703125,521.2656860351562,908.0335693359375,49.514406176301925,110.3611881173874,56.43149019472456
1753092197.167474,221.49191284179688,247.06900024414062,644.5975952148438,-49.198320574827626,-161.09285199054375,177.75437893952162,-27.639678955078125,514.1810302734375,811.27294921875,nan,nan,nan
1753092197.2130017,229.1676788330078,248.983154296875,659.538818359375,-25.09187043266028,-164.1510106543554,174.09386761306865,-42.15412139892578,565.1930541992188,886.3697509765625,6.371801109411348,133.89557058588466,-165.32053661289237
1753092197.2560046,nan,nan,nan,nan,nan,nan,nan,nan,nan,nan,nan,nan
1753092197.302012,119.69189453125,176.0843505859375,392.3376770019531,nan,nan,nan,-6.443673610687256,521.5650634765625,908.55517578125,43.96519211099804,149.20506806616268,168.27805186761165
1753092197.3525286,132.57073974609375,180.64852905273438,418.6858215332031,-26.67215600159521,-139.19634601940373,-162.3284196313614,4.071805953979492,491.38372802734375,911.024658203125,nan,nan,nan
1753092197.4040408,151.6457061767578,242.81442260742188,470.3414306640625,24.536902204464553,-143.39776204288572,nan,24.924104690551758,551.60791015625,903.2802734375,nan,nan,nan
1753092197.4530542,198.10398864746094,300.8446350097656,557.7654418945312,37.688982616649184,-140.84384303400623,nan,nan,nan,nan,nan,nan,nan
1753092197.5000675,121.70576477050781,287.3504333496094,552.485107421875,28.857664023545606,-141.3107043354008,164.72604742273955,28.675952911376953,494.9093933105469,859.2373046875,28.6554544409545,160.92013244774077,nan
1753092197.545583,97.41551208496094,282.3792724609375,565.9937133789062,27.72201997696771,-149.26868540966254,174.02619266884258,15.098869323730469,237.15313720703125,547.20166015625,nan,nan,nan
1753092197.5905821,103.67520141601562,298.3448181152344,595.69384765625,26.55294983364375,-134.61652008419222,nan,nan,nan,nan,nan,nan,nan
1753092197.6320574,nan,nan,nan,nan,nan,nan,nan,nan,nan,nan,nan,nan
1753092197.6770616,nan,nan,nan,nan,nan,nan,-75.92169189453125,273.3959655761719,660.1804809570312,nan,nan,nan
1753092197.7215688,-103.14041900634766,310.56109619140625,680.2853393554688,nan,nan,nan,-73.84989166259766,282.6166687011719,676.1536865234375,-0.04777562855301811,177.8591830479328,171.32732991935637
1753092197.765568,-56.952842712402344,338.74908447265625,709.1067504882812,10.235497389114094,-116.56970662036458,nan,-26.54314613342285,307.3837585449219,699.9143676757812,-10.143169771622809,165.76135608794021,152.3276165963757
1753092197.8090293,nan,nan,nan,nan,nan,nan,-3.6345937252044678,315.808349609375,703.6599731445312,-12.44982752909542,174.31346714010692,173.9470173464758
1753092197.8560302,-85.16192626953125,600.52099609375,1060.33154296875,-17.977509920187234,156.0616787686685,-141.13017360152517,8.646801948547363,320.0564880371094,710.07666015625,-15.513849801359585,136.17846927596798,-153.8977825559275
1753092197.8990474,-118.93124389648438,394.8697509765625,794.5354614257812,34.702238437295726,-116.53926375547434,158.96963836177028,-23.495227813720703,322.4307556152344,730.9691772460938,-5.587448397258209,140.8382285761617,-152.84273943484473
1753092197.9415634,-171.40847778320312,334.5265808105469,789.4287109375,nan,nan,nan,-30.56861114501953,325.5745849609375,731.7034912109375,-8.695244818552483,142.02242089720923,-159.57710614317645
1753092197.9865594,-166.46295166015625,327.73724365234375,780.50537109375,-68.36238643205475,137.5309355003984,nan,-16.356298446655273,313.54351806640625,726.694091796875,0.6652110971909123,133.3378102114331,-160.01174435521557
1753092198.0300798,-199.8616943359375,330.68548583984375,806.0208129882812,-38.153693165677794,-157.44259151847484,-153.1744892193829,-32.36037826538086,316.6206970214844,740.4397583007812,7.94995820764553,145.6583011669427,-137.41936953584965
1753092198.07508,-238.85757446289062,329.8046569824219,839.3543090820312,-57.328170730862,-164.60722291676225,-113.44095192617183,-80.82931518554688,296.0100402832031,753.346923828125,1.5618711902352107,149.97855708464547,-170.25731320827714
1753092198.1191533,-245.03067016601562,305.97808837890625,849.5416259765625,nan,nan,nan,-67.81382751464844,304.94244384765625,753.8967895507812,4.095817698024876,153.5382446352694,-136.45410373654374
1753092198.1631515,nan,nan,nan,nan,nan,nan,-207.8489227294922,276.0611572265625,838.232421875,-52.213233601699486,160.3718323686029,nan
1753092198.209218,nan,nan,nan,nan,nan,nan,-238.63331604003906,271.0235595703125,874.0784912109375,nan,nan,nan
1753092198.2552395,nan,nan,nan,nan,nan,nan,nan,nan,nan,nan,nan,nan
1753092198.2992232,nan,nan,nan,nan,nan,nan,nan,nan,nan,nan,nan,nan
1753092198.3464856,nan,nan,nan,nan,nan,nan,nan,nan,nan,nan,nan,nan
1753092198.3984768,nan,nan,nan,nan,nan,nan,nan,nan,nan,nan,nan,nan
1753092198.4429853,nan,nan,nan,nan,nan,nan,nan,nan,nan,nan,nan,nan
1753092198.4869857,nan,nan,nan,nan,nan,nan,-293.2885437011719,172.7675323486328,1282.4639892578125,nan,nan,nan
1753092198.5315082,-319.1214599609375,69.62435150146484,1168.8946533203125,nan,nan,nan,-47.94672775268555,175.3363494873047,968.9119873046875,38.71951115581095,168.75094354707892,-152.64720328610582
1753092198.576508,nan,nan,nan,nan,nan,nan,-42.667686462402344,189.8387451171875,976.2818603515625,21.974019371613053,137.46508054814942,177.3067528246456
1753092198.61903,nan,nan,nan,nan,nan,nan,-103.47054290771484,196.4362335205078,1000.2979736328125,-13.185956777096527,139.05816553858645,-152.97402150703186
1753092198.664028,-287.4958801269531,-0.19694684445858002,1150.499267578125,nan,nan,nan,-84.53300476074219,136.48533630371094,1027.841064453125,11.340826541525088,108.02090833157428,176.97511930146837
1753092198.7065442,-250.18167114257812,-33.915687561035156,1093.9703369140625,-23.03884477213487,146.14574974734103,6.915357352493167,-11.882195472717285,165.0613250732422,1085.5166015625,9.827420247176262,100.16326066383003,120.89048633742405
1753092198.752547,-258.801513671875,-45.98751449584961,1131.662353515625,nan,nan,nan,-23.046239852905273,178.90390014648438,1119.7894287109375,2.5169290524506205,98.98418265010804,148.42070007130033
1753092198.7965531,-256.2151794433594,-49.42917251586914,1110.9918212890625,nan,nan,nan,-34.89444351196289,193.4063720703125,1154.847900390625,-18.174903206844185,88.63503962856949,156.47609505182064
1753092198.846069,-268.7345886230469,-56.68613815307617,1127.59130859375,-18.231908742543315,-112.40509996330366,133.2555402360981,-40.450199127197266,178.24803161621094,1187.2840576171875,6.51700248760886,100.74910600766032,148.30888564799892
1753092198.8980935,-281.5433349609375,-64.64897918701172,1153.360107421875,-23.00586635084217,-77.64142119630691,157.89382124928977,-53.127899169921875,170.79031372070312,1215.6226806640625,16.635761848307887,113.07744368603225,147.59354158698778
1753092198.9496047,-297.276123046875,-72.44232940673828,1171.5693359375,-15.890795930665252,-58.98018447161113,135.9927464858633,-66.63370513916016,180.32913208007812,1249.248779296875,18.5011013330253,105.27949825683102,152.43752155256354
1753092198.9946153,-290.9991455078125,-92.08847045898438,1192.096435546875,-16.23332318011973,-44.232335499750484,-170.7400649865873,-75.24515533447266,146.93431091308594,1272.7557373046875,30.25467498782591,141.04246244470247,166.62315880645343
1753092199.0381398,-318.40069580078125,-63.1041145324707,1208.9180908203125,1.0560256242224233,-20.70392215135013,-175.62578922788205,-98.73157501220703,121.6988525390625,1291.2431640625,33.544587621611406,153.90820960189382,-178.1746047469651
1753092199.0811322,-319.63720703125,-54.392852783203125,1222.5576171875,-22.669781235994712,65.90404814096692,29.058561760777874,-113.1781005859375,106.16312408447266,1314.5391845703125,36.545139091367886,160.62106611840383,-166.94315749093744
1753092199.1276655,-322.86004638671875,-47.8026008605957,1234.8843994140625,-10.946188014436625,55.19092757175938,32.75606573984484,-134.1779022216797,94.01313018798828,1321.7835693359375,28.603538325571346,162.67034625065273,-178.02602761611087
1753092199.1726696,-323.5805969238281,-62.218509674072266,1237.640380859375,1.1175417953907876,-72.60147243323796,-179.94970813815564,-178.10272216796875,50.892723083496094,1326.443115234375,20.57704486852119,-179.17468657137917,-176.84559521641972
1753092199.2151933,-357.7668151855469,-79.62095642089844,1248.7498779296875,-15.762759108221385,-54.41793565589492,178.51740277710908,-188.29994201660156,61.94877624511719,1344.50244140625,15.695353262398006,143.0109171222712,172.57928777357301
1753092199.2631915,-388.2956848144531,-73.1671142578125,1261.944091796875,-12.384040162930864,-44.751998533562144,124.00361168100727,-189.64529418945312,81.78170013427734,1372.9993896484375,25.26366653180932,129.43550707396182,162.14712626114124
1753092199.3057075,-425.33099365234375,31.926956176757812,1391.0185546875,15.217480068105063,-9.804294057536975,46.0861606854175,-270.50665283203125,96.30268859863281,1353.9737548828125,9.934921098596396,149.88008296899878,-173.15004706998505
1753092199.3497195,-372.9744873046875,92.5570297241211,1375.861328125,0.4626709419724536,-179.96876903103373,-178.53897511221513,-302.46905517578125,107.90287780761719,1368.7393798828125,1.9616270186482743,158.18117466194198,-173.43769752410103
1753092199.394727,-314.4268798828125,134.4989471435547,1398.46240234375,0.8030634395626118,172.92919851275087,-165.31970400582057,-340.5228271484375,108.13656616210938,1406.0726318359375,-0.03871444852545451,179.997015760804,-164.42956651925363
1753092199.4372492,-336.5191650390625,105.71574401855469,1447.1119384765625,13.48497922727282,-159.60209742069787,-169.3145887696813,-366.2843017578125,83.20127868652344,1443.531494140625,5.74692806465728,-128.46868671698869,-168.15182017835878
1753092199.4832556,-406.4580383300781,95.93132781982422,1468.0718994140625,-0.3487310144681565,-90.09645875132924,-177.64158796270726,-346.9295959472656,85.9879150390625,1491.8792724609375,13.216169630268654,-158.218424524493,-147.1893780487018
1753092199.5283122,-594.1167602539062,141.41615295410156,1634.0836181640625,59.81597985937376,-8.55674464909756,nan,-351.9925537109375,132.08824157714844,1526.2984619140625,17.54178034617945,152.96880562338623,176.30380599554104
1753092199.57231,-600.9485473632812,169.90634155273438,1635.537353515625,49.170931757100206,9.245130654808582,nan,-340.1296081542969,192.9177703857422,1566.4808349609375,11.952836444342243,156.33288933808404,-173.39501653517183
1753092199.6188524,nan,nan,nan,nan,nan,nan,-335.82818603515625,199.3226318359375,1618.4879150390625,25.594433518840358,153.9113454204077,-179.81930220004665
1753092199.6658494,nan,nan,nan,nan,nan,nan,-335.45428466796875,226.19480895996094,1679.057861328125,-13.799736826132298,84.32248702874631,-147.8779395280777
1753092199.717385,nan,nan,nan,nan,nan,nan,-324.8071594238281,274.66949462890625,1761.6983642578125,-16.53113044274646,86.7159059316987,nan
1753092199.7673826,nan,nan,nan,nan,nan,nan,-347.21710205078125,267.100830078125,1825.9931640625,nan,nan,nan
1753092199.81091,-719.9852294921875,156.89801025390625,1773.4898681640625,17.614899761838483,-7.124207602762892,nan,-350.6908264160156,280.4344482421875,1844.2613525390625,nan,nan,nan
1753092199.8529086,-716.43310546875,151.47982788085938,1790.232421875,2.571845087635076,19.426499358128027,3.6340245965133566,-379.0694580078125,273.2895202636719,1844.009521484375,-5.0591343346497215,102.18501396127286,130.57756284515074
1753092199.908424,-754.7909545898438,177.1318359375,1841.74072265625,22.075718347677423,25.455458553278074,5.9960404179109625,-401.6320495605469,302.7050476074219,1917.8123779296875,-42.37301459144491,101.01391615253921,nan
1753092199.9494257,-811.4541015625,212.94244384765625,1908.224609375,34.83178337634023,16.257211098588556,nan,-436.7235107421875,328.13214111328125,2029.3577880859375,-47.278494830964426,97.52745181280457,nan
1753092199.9944344,nan,nan,nan,nan,nan,nan,nan,nan,nan,nan,nan,nan
1753092200.038716,nan,nan,nan,nan,nan,nan,-506.0150146484375,242.08352661132812,1935.4207763671875,9.572593516001062,-178.79129911883646,-172.55856679455778
1753092200.0827122,nan,nan,nan,nan,nan,nan,-535.2700805664062,243.17318725585938,1974.5517578125,9.686991663792504,-178.79542080641866,-176.04486850557623
1753092200.1283069,nan,nan,nan,nan,nan,nan,-577.8082275390625,228.94290161132812,2016.7828369140625,-5.95286810727432,-172.78337586564487,-176.33265067341236
1753092200.1743088,nan,nan,nan,nan,nan,nan,-599.8094482421875,189.24978637695312,2093.576171875,-3.7056977469606744,-164.66922396180135,-174.44835448330105
1753092200.2165203,nan,nan,nan,nan,nan,nan,-623.4920654296875,165.14602661132812,2147.352294921875,0.9371709028454813,-163.91054241193942,178.0267494814695
1753092200.2615247,nan,nan,nan,nan,nan,nan,-667.4867553710938,194.3492431640625,2196.818115234375,2.3607335314000784,-174.53246760361094,168.5607747102885
1753092200.3055544,nan,nan,nan,nan,nan,nan,-705.9465942382812,213.5610809326172,2265.915283203125,-1.481009509912865,174.19641007424812,177.58046119128664
1753092200.3550546,-1130.479248046875,443.1312255859375,2397.6884765625,-22.18634164298768,93.46573915835677,nan,-725.1675415039062,228.34613037109375,2327.60986328125,12.332641372425439,-162.53184993658752,-162.70971143438507
1753092200.3990612,-1132.7655029296875,448.65692138671875,2402.537353515625,-41.38742137428864,107.08235436215925,-7.725595209770557,-737.9025268554688,285.3586730957031,2353.9267578125,17.938823822512923,155.19696763154457,-179.51144491193176
1753092200.4455667,-1127.6766357421875,439.21893310546875,2401.559326171875,-39.865285762267696,106.53957436569341,nan,-762.8157958984375,286.7783203125,2403.84765625,21.978795844945306,152.6206817852782,-179.96953699559606
1753092200.4875658,-1111.284423828125,434.61785888671875,2376.401611328125,-46.55324379338796,112.93725034342242,nan,-773.5860595703125,290.827392578125,2437.787841796875,24.26411195951695,158.0155434609796,-178.24890449756373
1753092200.5349677,-1110.6112060546875,438.9309997558594,2374.9619140625,-42.87103073369847,121.29708548515951,-100.24394936721308,-779.0968627929688,297.630126953125,2455.154052734375,14.6383778143941,161.78440652976604,-178.47565158032623
1753092200.5769682,-1120.67041015625,442.90655517578125,2396.472900390625,-2.6376394512694277,98.28939405814735,-98.73553650731573,-793.6016845703125,296.55145263671875,2485.768310546875,10.120676782197016,153.06604102521752,176.89061143323653
1753092200.6222124,nan,nan,nan,nan,nan,nan,-820.9960327148438,280.2020568847656,2510.953125,5.637422943022872,138.67444183252846,179.06501094180257
1753092200.6662145,-1140.34033203125,473.0264892578125,2408.758544921875,20.190154952202693,96.32729710959494,-8.890983830870578,-850.6921997070312,295.14593505859375,2556.575439453125,6.9468835662474175,126.5360321188298,172.95531950381417
1753092200.70959,nan,nan,nan,nan,nan,nan,-860.864013671875,368.46917724609375,2587.14453125,11.922252792285148,126.59237578788532,168.91520708194176
1753092200.7535923,nan,nan,nan,nan,nan,nan,-870.642333984375,382.7384033203125,2616.531494140625,7.743231468574108,130.8226457033636,170.3286932413211
1753092200.7975945,nan,nan,nan,nan,nan,nan,-934.294677734375,410.94427490234375,2668.732421875,18.007930389670314,104.47075535644093,160.62246074460492
1753092200.8381476,nan,nan,nan,nan,nan,nan,-976.0200805664062,443.46295166015625,2742.629638671875,34.61064322185437,106.79093265807079,149.64947877306759
1753092200.8811433,nan,nan,nan,nan,nan,nan,-999.1079711914062,436.04998779296875,2762.630126953125,24.432196789172362,109.96808570042492,164.94862513475533
1753092200.9266899,nan,nan,nan,nan,nan,nan,-1018.9815063476562,434.66229248046875,2787.87353515625,7.815439990743323,108.29445767581225,163.7184734176237
1753092200.9726968,nan,nan,nan,nan,nan,nan,-1058.89208984375,454.8711853027344,2881.87353515625,36.226489644939925,90.55689422633215,nan
1753092201.0192418,nan,nan,nan,nan,nan,nan,-1097.711669921875,451.5806884765625,2896.38623046875,16.312739319873966,98.49647707920253,91.7264710564747
1753092201.0662441,nan,nan,nan,nan,nan,nan,-1138.420166015625,436.30145263671875,2943.92578125,47.84298283955193,104.58224875118843,111.53567830585426
1753092201.1127703,nan,nan,nan,nan,nan,nan,-1159.1527099609375,428.42535400390625,2967.9609375,-16.764948294362963,109.98242932554705,94.86473176212478
1753092201.153773,-2528.814697265625,721.3256225585938,4408.5537109375,-57.87032093774434,157.70641998739876,-96.22334536805086,-1198.0810546875,420.6146240234375,2993.7802734375,57.830080926779644,104.84736176012227,102.61079156215467
1753092201.1977828,nan,nan,nan,nan,nan,nan,-1251.6732177734375,436.7619934082031,3025.7138671875,81.87028585776766,130.40201808490332,155.6670728230897
1753092201.242298,nan,nan,nan,nan,nan,nan,-1263.0516357421875,355.9577941894531,2983.72705078125,18.794165280270793,-170.43468187864565,-165.54688865884773
1753092201.2872975,nan,nan,nan,nan,nan,nan,-1278.2381591796875,367.7302551269531,3033.41064453125,55.78646813953174,-156.55400110417472,-162.0490189280794
1753092201.329807,nan,nan,nan,nan,nan,nan,-1324.080322265625,373.316162109375,3031.30517578125,-13.6004532340026,-171.55272935905785,-160.42516518140187
1753092201.3788133,-3692.296142578125,961.5921630859375,6167.541015625,-33.73077688224196,131.22037512409338,13.859720484833595,-1351.343505859375,349.65313720703125,3080.132568359375,-6.848256008412466,-164.91663396377962,-155.6947471438845
1753092201.4243374,-3775.185302734375,980.0247192382812,6285.76513671875,-40.494539926587045,134.82224857188695,37.62310083192478,-1382.11767578125,366.53692626953125,3122.8447265625,-10.039078216620606,-162.13591451892964,-175.45554055503166
1753092201.4673417,nan,nan,nan,nan,nan,nan,-1472.404296875,390.9874572753906,3174.794677734375,0.0,0.0,0.0
1753092201.510868,nan,nan,nan,nan,nan,nan,-1476.5888671875,397.0476989746094,3224.003662109375,-3.9177354018202144,-157.20905513294412,164.2093294623344
1753092201.5598547,nan,nan,nan,nan,nan,nan,-1495.345703125,378.5182189941406,3278.752197265625,5.342678965151527,-163.50498960040707,-174.61528783116768
1753092201.6068695,-1886.7225341796875,441.2108459472656,3322.661865234375,11.41088396015561,19.197201902978524,52.86541668236668,-1558.619384765625,370.4089660644531,3319.3173828125,22.06480174238095,169.09268155367857,177.30146890317607
1753092201.650392,-1889.06982421875,446.3033447265625,3361.012451171875,19.250576019103498,14.105789217212363,32.1754838889285,-1562.6322021484375,382.4841003417969,3369.343994140625,23.224876257293687,174.23021792189948,178.21253081846086
1753092201.6934052,-1859.7138671875,395.1343688964844,3366.4912109375,6.832249593582936,-0.8057761584293479,-15.30373427749744,-1612.6168212890625,365.50628662109375,3392.546875,21.56039475509962,142.3670109718837,178.02996215181776
1753092201.734915,-1891.2506103515625,425.2565002441406,3399.86083984375,17.785377776362335,23.712926134685667,12.458513314154427,-1652.659423828125,362.0123596191406,3421.30908203125,9.60579048299396,165.8230560151428,179.9463616730488
1753092201.7779088,-1895.306884765625,427.45367431640625,3315.27880859375,-66.78685631109995,115.40520649927457,-44.755053949045994,-1679.583251953125,371.6449890136719,3449.525146484375,9.321807003061595,168.7856316909206,170.16477214657363
1753092201.8194425,nan,nan,nan,nan,nan,nan,-1722.041748046875,395.22857666015625,3481.611328125,10.307049528262722,140.9836537507383,172.682390769709
1753092201.8654447,nan,nan,nan,nan,nan,nan,-1777.793701171875,459.8499755859375,3566.54052734375,8.419371262845603,138.32779327633827,153.5058922329443
1753092201.907967,-2099.003173828125,570.0028686523438,3483.70849609375,11.9850053857607,63.96132869614359,30.56171647481336,-1799.2740478515625,468.7376708984375,3581.939697265625,11.060635202271087,140.9264653272627,165.34035255443706
1753092201.9519784,-2085.52294921875,522.9987182617188,3483.617919921875,18.791061741020073,51.60346135034873,-22.30120985303504,-1812.3792724609375,477.2734069824219,3594.2412109375,18.787679461931344,137.21796360649634,172.4795559817854
1753092201.996004,-2086.12890625,417.05780029296875,3495.882568359375,3.4986105300454624,-43.818148718164174,-19.53284835549634,-1849.534912109375,474.5497131347656,3626.353271484375,46.62976273371365,151.9052749105758,169.58599976587385
1753092202.0385132,-2115.111572265625,401.06689453125,3533.0419921875,14.4942378260702,-24.10255294560571,-9.600710918859498,-1896.323486328125,511.3489990234375,3690.20654296875,69.62247793284922,119.11635650319346,123.01800368551953
1753092202.0805128,-2181.947509765625,387.67962646484375,3598.35498046875,-13.39739796784896,-25.107272172339094,-27.491235210485655,-1965.695556640625,520.30029296875,3754.80419921875,87.83717836592095,0.3276773177387191,5.355527332940073
1753092202.1240253,-2238.773681640625,392.783447265625,3645.7275390625,-12.361649790865416,-14.59396167885975,12.042437787452599,-2027.2510986328125,517.6982421875,3788.71240234375,79.06205668186203,159.4207970687006,-157.74251747473093
1753092202.1660254,-2380.689453125,514.0326538085938,3658.6953125,-3.573591867981693,28.05598425640388,-45.3931481097272,-2115.878662109375,514.1937866210938,3816.891845703125,80.29623577950157,-161.18987638034426,-161.39387115600826
1753092202.2070432,-2467.874755859375,545.9238891601562,3683.598388671875,-1.7629444649965273,0.2614092690155331,43.07462090458619,-2167.47607421875,500.6492614746094,3882.974853515625,76.15828623480543,-148.44737346554209,-171.59265910255672
1753092202.2505634,-2545.801513671875,577.5020751953125,3704.031494140625,-33.4811513364577,90.35303666509482,35.801890891056196,-2246.92236328125,481.327392578125,3970.474853515625,61.856819800304756,-154.97395248598895,-126.68790123647432
1753092202.2935781,-2615.119140625,590.6229858398438,3741.93994140625,-40.57551943510899,140.1051446770553,41.228097868304175,-2251.931884765625,497.7364807128906,3979.3271484375,86.87628746034208,-61.49445832611017,-35.10852100596282
1753092202.3360906,-3075.44580078125,676.9364624023438,4237.05859375,-50.06146812676114,164.29853996604132,-72.43002272987749,-2246.130859375,561.4655151367188,3889.6103515625,42.67909688612445,155.87009535744758,-173.765886033507
1753092202.3790965,-2901.477783203125,633.59814453125,3965.796630859375,-51.0264113464764,165.8660363994017,-125.28732647155456,-2273.402099609375,547.628173828125,3897.815673828125,49.74948383869003,144.24724936043978,143.20996727355455
1753092202.4246144,-3351.860595703125,720.561767578125,4510.11669921875,-48.17059770727719,163.9485437467184,-88.42224871974763,-2298.653076171875,540.7567749023438,3902.4306640625,12.721544198067924,163.68492407234763,-162.56810420505903
1753092202.4696128,-2894.407470703125,608.40673828125,3854.610595703125,-50.232282092088624,165.25845405579392,-127.19986466871505,-2393.830810546875,571.3333129882812,4011.521240234375,-11.399631962029607,155.04646300549192,-159.83625578548092
1753092202.5121412,-3040.514404296875,641.978759765625,4018.252685546875,-49.54488366108472,164.66814199887827,-126.82011187659383,-2457.97705078125,610.5060424804688,4066.4912109375,21.915426026058242,144.8315797665,155.91943436490945
1753092202.5551388,-3158.90087890625,663.5952758789062,4153.5537109375,-47.0489439994223,162.15035298522758,-129.7067150242903,-2451.3837890625,605.0108642578125,4029.888671875,42.224753754211044,151.5093668657275,177.59065806840064
1753092202.5981567,-3380.866455078125,713.36767578125,4411.87548828125,-46.215079123088046,161.49108257251015,81.49255287509393,-2455.595947265625,631.3867797851562,4049.6416015625,52.59970091266043,166.277967881686,-163.099191491174
1753092202.6406772,-3219.3173828125,685.6516723632812,4190.52392578125,-49.334701962,164.06226372622936,-115.0793458397648,-2467.968017578125,616.9227294921875,4006.386962890625,-16.795114303753873,-167.47046911169733,-179.60001865603832
1753092202.6826708,-3359.342529296875,717.2733764648438,4383.78759765625,-46.1782083968835,159.79194566332114,44.19352552612939,-2570.956298828125,559.7801513671875,4096.68408203125,2.2598607290346706,-179.6912630316772,-157.996390177793
1753092202.7281904,-3113.528076171875,660.2796020507812,4083.548095703125,-47.85033172240543,160.68860780745254,20.08906224515498,-2670.092041015625,550.0144653320312,4203.02978515625,16.608872765649526,170.95888495793346,171.48817297941744
1753092202.7701917,-3179.818359375,677.2391967773438,4139.10888671875,-46.09364258597602,160.09208208945702,39.11609673815915,-2686.5322265625,537.106201171875,4165.73046875,30.396958854442204,158.82049701369735,-166.52747443134695
1753092202.816723,-3151.9296875,671.2994384765625,4102.806640625,-39.35994508685166,148.46476419762632,-121.22415884080095,-2729.41552734375,520.0459594726562,4157.68798828125,34.65134934491801,161.6746963911633,172.69020606729518
1753092202.8637261,-3120.61767578125,658.454833984375,4072.2626953125,29.86925210959557,91.61012092004022,50.680701975298774,-2770.064208984375,542.4606323242188,4207.25830078125,25.343326344522062,172.8068791659275,-174.02818423166826
1753092202.9077334,-3105.86279296875,658.1862182617188,4022.662353515625,-46.144181676354656,126.26859718924118,-16.705096571008195,-2795.16748046875,562.0927734375,4232.9970703125,18.568437007175515,159.97063379213813,167.35748915254348
1753092202.9532588,-3121.64794921875,580.17578125,4073.60693359375,-49.42308762046242,69.97677608480956,-57.43305247267423,-2813.51806640625,580.5095825195312,4248.3896484375,11.172371181143872,130.79065530577898,172.8863914962957
1753092202.99729,-3165.087158203125,656.285888671875,4058.84912109375,25.806662654922068,20.083855437873034,-16.543548965656097,-2845.116455078125,576.9566650390625,4222.38818359375,29.800775644700845,158.82573969818975,159.11600750721797
1753092203.043804,-3184.784912109375,593.9444580078125,4114.61181640625,5.540936827204783,23.92249484704449,-21.294308861349908,-2894.51708984375,563.9680786132812,4247.11962890625,34.119583036253175,158.0868071916776,177.4533959809212
1753092203.0868092,-3172.025390625,607.358642578125,4098.126953125,-23.28156000916951,47.446894670790414,-13.18436740073869,-2936.519287109375,568.9346313476562,4284.521484375,22.426575916129277,139.9193996308806,167.21845152024258
1753092203.1323254,-3267.02734375,610.35400390625,4118.337890625,-3.33070788893831,40.69831311265042,-23.07984277589097,-2970.519287109375,602.1566162109375,4285.92919921875,31.694512842033472,129.82627237807492,152.9460805483558
1753092203.1793332,-3262.52001953125,495.45263671875,4153.0078125,-66.14178969363522,15.649244098794464,-1.371266619854837,-3035.05419921875,565.1907348632812,4319.00244140625,64.41484036768591,160.75352312724874,-147.54424546027246
1753092203.2228441,-3287.272216796875,534.2861328125,4143.8583984375,-74.73898456463903,80.2210784357528,-66.31335767306301,-3082.419921875,564.7200317382812,4315.4052734375,26.84051532135841,162.01298845686256,176.21586530199048
1753092203.2668462,-3358.69287109375,552.8115234375,4163.10205078125,-59.53360609259798,95.01404285923539,-31.30661224895157,-3165.617919921875,495.598388671875,4292.9091796875,33.34278604162628,-126.89999876703268,-151.5990393497834
1753092203.310379,-3397.213134765625,514.8917846679688,4180.890625,-76.73805345663548,31.50202516482085,27.99964683240132,-3182.267822265625,514.8364868164062,4315.48779296875,23.583580915361512,-166.29867221028104,-174.13507985296343
1753092203.353393,-3491.31201171875,607.2673950195312,4206.90771484375,-36.16033586661178,66.12857380739631,-21.414395719370816,-3233.573974609375,499.7082824707031,4328.50927734375,57.62689727124208,142.62013694882395,160.59814358723966
1753092203.3984048,-4199.31201171875,824.7884521484375,4814.1083984375,-42.97205792008597,155.37328460502934,27.62848497436228,-3253.2197265625,501.4508361816406,4343.603515625,43.658772568789225,146.41561199710048,173.28299471049112
1753092203.440907,-4047.839111328125,777.5079345703125,4589.76416015625,-44.374690899022376,153.809973101555,-55.402098542212116,-3294.717529296875,520.7810668945312,4365.31689453125,55.74071067677313,156.23794159819357,178.64839634684986
1753092203.4889104,-4442.19482421875,839.8796997070312,5015.00146484375,26.66148170194072,79.76340054367975,39.0034551564564,-3323.928466796875,522.7291259765625,4381.64599609375,40.326611424122554,159.4928183405205,-172.014841695774
1753092203.5364501,-4403.08642578125,730.2985229492188,4992.57177734375,-10.735004879265766,81.20102787287814,-48.618439961058606,-3383.13330078125,492.6596984863281,4414.83349609375,66.96402848266116,-92.27858588635175,-59.836900212914486
1753092203.5804498,-4293.75537109375,653.0219116210938,4847.42138671875,-47.03410906254558,152.61914888912509,-17.63713014590639,-3429.17626953125,495.625732421875,4441.41259765625,83.6325884318816,-89.90842390150561,-81.87173971557446
1753092203.6239893,-4533.298828125,643.0116577148438,5062.7841796875,7.35567545359543,57.078286432649186,31.214683255708472,-3495.097412109375,521.2982177734375,4515.52294921875,68.84713597557803,-31.916568753066805,-9.713965194691214
1753092203.6679792,-4064.033203125,510.88092041015625,4578.11767578125,43.952980437364104,-9.915537690881877,-6.5401577892903715,-3511.351806640625,518.5586547851562,4491.79296875,61.80973258064184,-110.3253378252429,-108.03342231756349
1753092203.7099903,-3826.1611328125,468.4349365234375,4347.90771484375,-16.043178314402446,-31.46735413616187,10.488673641674666,-3527.099853515625,499.7998046875,4478.8173828125,27.41417027461444,-150.95795314100593,172.04409813035875
1753092203.7535205,-3864.84423828125,483.7523498535156,4411.18408203125,0.953407102653746,-13.935020980932393,7.7647991448535265,-3583.346435546875,514.022705078125,4528.08154296875,66.50447314171609,-91.48653167711633,-73.87913293971987
1753092203.7945228,-3883.756103515625,504.3121032714844,4442.5400390625,0.0,0.0,0.0,-3638.9296875,509.4139709472656,4564.97216796875,61.421664056088204,-120.48543285501447,-69.3895989960057
1753092203.839047,-3921.961669921875,517.91796875,4486.24267578125,8.79525943829876,-1.0235116770385158,-2.064608721811884,-3676.314208984375,521.015380859375,4589.6806640625,32.45681958308634,-136.43268025957497,-82.60024002765914
1753092203.8830485,-3945.002685546875,530.8262329101562,4522.5673828125,-0.021325219155552372,-18.438481198827702,-0.09441469101083562,-3734.0185546875,529.1932983398438,4661.7216796875,47.96817003214218,-109.60520256894507,-65.92798108901113
1753092203.929571,-3980.001953125,537.9121704101562,4582.9384765625,4.1039026817679405,-20.92342735638704,2.248097219586165,-3770.441162109375,516.2141723632812,4707.193359375,45.825129035886235,-100.92082238122727,-19.653088041099355
1753092203.9735773,-4000.853271484375,538.34130859375,4586.5947265625,4.013909505220278,-9.351210719314038,6.298425476607235,-3818.12890625,518.99755859375,4732.57373046875,50.880829995644966,-101.11996977395498,153.81517985823163
1753092204.020097,-3998.97412109375,545.7169189453125,4574.33544921875,-17.633367830581903,-8.230923848904338,13.892786528794712,-3854.921142578125,541.120849609375,4766.79248046875,56.69319474308231,-100.73271325921044,-139.44676820619748
1753092204.0630908,-4005.041259765625,546.5448608398438,4581.275390625,-16.687506334134206,-8.225078080347744,5.365371446415385,-3872.712646484375,539.7599487304688,4754.8037109375,-0.5868176150544895,-127.29218927840583,110.98867606090889
1753092204.105103,-3985.780517578125,545.1179809570312,4569.3154296875,-31.41357204365071,-10.362585463469772,15.490704988772197,-3894.644287109375,541.5354614257812,4770.4443359375,20.710376403276207,-99.39083587315292,90.87051531449332
1753092204.1506147,-3961.80419921875,541.8388671875,4541.82861328125,-54.311830889014516,-11.51507888432368,28.295413724935568,-3904.227783203125,541.5897216796875,4770.92236328125,14.292151921765367,-105.06330306669271,-8.09650505540033
1753092204.1926155,-4041.128173828125,561.6148071289062,4632.76611328125,-17.306447763849423,2.164744538708518,-4.102679589759467,-3921.379150390625,571.6700439453125,4791.88134765625,23.538578945735757,-128.32940631937026,-154.77890983554693
1753092204.2351413,-4029.421630859375,656.4514770507812,4609.16357421875,-16.63612806407939,57.403548191341116,-15.60180289469702,-3969.06103515625,685.9276123046875,4816.1259765625,59.990053597198795,-165.72455896475367,-136.05703812835827
1753092204.2791378,-4140.36474609375,726.081787109375,4715.28173828125,-10.167335302479636,72.24704851718751,-29.61120209058652,-4042.36865234375,721.8883666992188,4870.91162109375,57.04451963251586,150.73275022089092,178.5171140998834
1753092204.323649,-4235.88427734375,741.2061767578125,4813.501953125,-4.70579440075696,48.45065102046872,-6.055777652378264,-4093.249755859375,738.7636108398438,4920.7958984375,53.89671477877569,167.43954917992914,-147.41705459831206
1753092204.3696504,-4226.64306640625,711.8237915039062,4803.0009765625,1.9659493172913847,35.59843794516136,-24.974687293988033,-4111.39404296875,711.81689453125,4931.18505859375,48.91265512003188,101.00925275366106,133.80555813352157
1753092204.4132004,-4259.3125,576.443603515625,4993.1962890625,1.9715906563220196,-11.203336164001941,-17.246698258553526,-4229.9443359375,716.0995483398438,5096.93310546875,58.655214794711796,0.6343796415938496,-6.125995099288703
1753092204.4571962,-4240.2275390625,545.4029541015625,5062.3076171875,-59.36407403272819,45.33498435511178,-19.582368832261437,-4252.255859375,721.5521240234375,5135.74267578125,-7.780814285863315,96.49631147838717,60.10596017920373
1753092204.5022037,-4279.4873046875,566.2351684570312,5074.1591796875,-37.832109772996354,4.971350084583525,-33.088714124292245,-4384.107421875,733.7655029296875,5369.974609375,-58.587779474127046,145.60721078829587,179.92547904707823
1753092204.551722,-4343.689453125,580.6741333007812,5115.2216796875,-42.577606436598224,26.101088416363062,-83.10534447540199,-4427.111328125,732.2421264648438,5435.47802734375,0.0,0.0,0.0
1753092204.5967355,-4452.27685546875,563.6018676757812,5231.2255859375,-82.39025692367433,126.25328426568727,-156.50472845061506,-4487.1552734375,743.9334106445312,5522.26318359375,-37.7008218047377,48.527278298881285,-71.05901471540793
1753092204.6412742,-4451.73193359375,562.2598266601562,5218.76953125,-70.27040394261896,175.97181540964618,-149.38249482387278,-4514.69384765625,750.2783813476562,5569.3623046875,-41.44477753997268,51.81104322837724,-64.51612641561827
1753092204.6882713,-4529.8388671875,585.0006103515625,5334.43505859375,-70.7320023797281,-14.620585126946144,-53.27757811874644,-4479.49462890625,746.2025146484375,5539.10693359375,-31.96078654282051,44.07227249191805,34.88622110262022
1753092204.7318027,-4410.1982421875,654.4547119140625,5314.13330078125,-51.68733136278451,-7.800139637984316,-15.461074319172166,-4500.93701171875,760.4990844726562,5565.62158203125,-66.15211541204712,52.75417638413924,-65.98547831231527
1753092204.7758033,-4422.73486328125,676.8533935546875,5329.2392578125,-70.48287085744673,20.99704957792517,-62.492462896587256,-4517.47509765625,763.2933959960938,5586.0712890625,-65.54701382210068,76.36983402050653,-65.08504682668541
1753092204.8183308,-4441.2265625,667.8206176757812,5339.1240234375,-28.091960257887187,3.8281906835476733,-31.093438480437204,-4541.69091796875,780.0656127929688,5629.42919921875,-67.93745983322388,90.95665450559846,-61.148564240394435
1753092204.863329,-4439.498046875,670.6680297851562,5361.88818359375,-72.49714393649906,143.17132196833072,-112.23944547945872,-4554.22509765625,809.77587890625,5685.70556640625,-60.171577366558076,142.25363134785994,-143.8866560949114
1753092204.9093344,-4732.37353515625,601.9733276367188,5689.1337890625,-58.285416436672094,172.7064098660113,104.6701217041526,-4591.6845703125,842.5828247070312,5760.18603515625,0.0,0.0,0.0
1753092204.953476,-4791.87158203125,470.8815002441406,5694.70068359375,13.74785281867256,-15.803611284431016,59.65738684497996,-4656.8447265625,870.0031127929688,5870.30908203125,-36.87909982127859,74.96432492250045,-104.71694749484456
1753092205.000484,-4962.396484375,468.7602844238281,5804.31103515625,-81.80047361713514,-49.191431151545366,117.12859466004915,-4655.1943359375,876.0789794921875,5911.30615234375,-55.07561578386382,94.70393733750899,-133.63261146082178
1753092205.0489993,-4871.41259765625,481.04058837890625,5685.0771484375,-73.86306475833025,-28.40983089453509,-60.425239971085055,-4692.2734375,887.3997192382812,5987.6923828125,-62.01660656653827,117.3278635892613,-111.4555050655193
1753092205.0919993,-4866.74755859375,497.9891662597656,5628.9990234375,-82.25600037151978,-48.82302737875946,32.72720445649931,-4707.5283203125,892.479248046875,6021.96630859375,-47.28477999540444,58.04680085478399,-63.51425709739341
1753092205.135528,-4979.66552734375,569.7847290039062,5696.1259765625,-35.26562202605986,22.29768057853031,-2.521665035149727,-4700.8359375,904.58935546875,6103.6787109375,-18.304164744321447,31.56021475274022,-86.29454715418237
1753092205.1765306,-4962.48486328125,641.5585327148438,5651.55908203125,-61.285837522774216,142.11809756621986,-133.93498422644558,-4717.41552734375,914.6450805664062,6171.529296875,-26.909295739680925,36.02274282324603,27.37106014820433
1753092205.2200615,-4818.35400390625,649.77685546875,5536.0107421875,-49.0131004981117,51.63288389998514,-95.41549012538064,-4747.03369140625,937.0791015625,6241.74658203125,13.064276506711781,9.642989742559479,-0.07382422413430502
1753092205.2630506,-4864.3212890625,679.0177612304688,5601.224609375,-10.32103470589413,26.345742637825783,-66.16249815396378,-4659.04443359375,926.754150390625,6172.9736328125,-15.826365059657132,19.382589893874446,-78.18369989110974
1753092205.3060572,-4884.1884765625,618.1384887695312,5636.60888671875,-40.758848084617966,43.217771103922686,-72.39613096952245,-4652.1923828125,930.1406860351562,6195.53076171875,24.61194772956107,6.702260162216617,-25.2001525397775
1753092205.3485765,-5053.48291015625,605.8504028320312,5831.9833984375,-61.88877368617229,41.89408810100002,-66.32117082123331,-4588.947265625,936.4815063476562,6158.71826171875,22.85605764662463,1.937747735584112,-83.09116805175505
1753092205.3885763,-4833.96826171875,558.0337524414062,5578.65185546875,-74.76991930626765,91.19130315210984,-35.59045417876422,-4327.0107421875,898.8665771484375,5837.37158203125,-32.88838607762331,17.70628565803775,-87.2831647654367
1753092205.4351027,-4794.64892578125,553.4946899414062,5533.275390625,-66.44353056813974,49.24416382044719,6.641907109883662,-4575.6416015625,959.914794921875,6156.78271484375,-75.3851431645928,115.89542137183389,167.4129787597536
1753092205.478102,-4787.61083984375,545.6759643554688,5562.26123046875,-52.360279082014756,7.308235173781819,24.63454911742559,-4937.2685546875,1002.3800048828125,6592.09619140625,14.217619965712455,-2.2079313824376654,-94.09491438700182
1753092205.522638,-4702.30810546875,535.9534301757812,5463.15625,-64.48630333684726,35.422682646403445,-22.5733797938738,-4652.0712890625,961.3942260742188,6243.435546875,1.782612055176741,-0.2745342113534297,-93.85167395014528
1753092205.5646372,-4669.9755859375,581.9369506835938,5401.40771484375,-68.66239412388184,44.00574894685071,-88.40868796510877,-4680.8173828125,967.3348388671875,6282.0146484375,7.041809250776658,9.206496497161574,-101.48013990683825
1753092205.6131566,-4802.50927734375,597.1214599609375,5542.3466796875,-32.34384963687399,3.9119893668375787,-10.242668721125694,-4775.80615234375,979.366943359375,6360.15283203125,-3.2176410835993603,0.4959719644355759,-94.57528479232197
1753092205.6571577,-4856.42138671875,599.8229370117188,5567.421875,-14.076656729745896,13.051801608723785,-41.99545313310037,-4565.43505859375,933.8300170898438,6064.42919921875,-25.268847536430336,4.1682502920272455,-86.53544655136332
1753092205.7021646,-4828.3505859375,554.9171752929688,5547.49609375,-26.537291806839914,29.086899212066353,-60.54974418741947,-4784.4208984375,959.01171875,6306.88671875,39.55829629180224,-7.215819249155284,-82.53060741760586
1753092205.7426903,-4986.0361328125,582.7883911132812,5716.01220703125,-1.6218138515260578,19.039409069913557,-35.41959012359392,-4460.4326171875,862.6447143554688,5820.6591796875,-76.51676764387948,38.17875624882201,-4.355415609218239
1753092205.7866728,-4812.2373046875,573.1046142578125,5516.7685546875,-12.528070309071675,23.20708768146544,-41.20616658240703,-4415.29248046875,825.4822998046875,5718.6142578125,-60.52549910922221,165.20238754332112,-124.45533851370992
1753092205.8312092,-5032.8642578125,622.9918212890625,5782.47021484375,3.995671238067142,28.8014747102245,-23.017255362309957,-4631.35009765625,834.4288940429688,5939.15771484375,55.59190465336219,-11.836971634973539,-12.299600237169997
1753092205.8771918,-4879.62744140625,613.4685668945312,5594.02490234375,-6.982299972394598,21.101404622413554,-34.03045055541719,-4552.83349609375,816.24853515625,5809.7568359375,-79.37694594900289,131.48877158335154,-127.69570834005826
1753092205.920722,-4916.6923828125,630.3821411132812,5648.9951171875,-9.496146690103961,11.88934814008854,-25.1790861399228,-4580.09423828125,821.1359252929688,5844.54345703125,-4.278185418107813,47.8027829828486,-18.33387475402241
1753092205.96173,-5038.9521484375,634.9014282226562,5789.46435546875,-8.758982874387407,21.78485929398014,-45.553489374486205,-4702.51416015625,794.7152099609375,5899.2197265625,-49.81194381515496,177.1748698919673,-177.58237139256806
1753092206.0057354,-4839.57861328125,609.7805786132812,5560.39599609375,-8.169041760612817,21.55592136710188,-39.30191548431238,-4574.25341796875,789.82470703125,5780.2373046875,-7.935757459138403,-96.33373119926388,10.067621305530281
1753092206.050241,-4867.5634765625,624.0831909179688,5592.548828125,-9.604902361904653,11.91771624773354,-24.918113037460586,-4578.43603515625,788.6265258789062,5771.46875,-7.471721355463516,-95.96932076583865,128.80862177845515
1753092206.0962427,-4924.01513671875,631.321044921875,5657.40869140625,-24.258353273775743,16.013168658694553,-57.534050873454085,-4583.23828125,798.6467895507812,5763.52294921875,30.131815759286926,-112.46502547165105,-134.16281664836643
1753092206.1397607,-4943.6796875,633.8423461914062,5680.00244140625,-17.348098369542516,13.998171200502766,-47.36564200479944,-4634.0771484375,790.5296630859375,5785.396484375,27.48401530413828,-65.3736340910934,-45.19431796236964
1753092206.18276,-4930.72119140625,632.1808471679688,5665.11328125,-10.951200752428065,12.270046321359743,-26.582590099136688,-4635.05908203125,805.724365234375,5814.5986328125,33.03675542769774,-86.3027421939898,-56.83668687283841
1753092206.2279255,-4925.44873046875,642.40966796875,5659.05615234375,-4.784553290647233,0.5444174975709921,-23.693623523401644,-4630.9638671875,851.849853515625,5823.53857421875,19.983227381661816,-21.87617444831182,21.842388721166742
1753092206.2709265,-4872.306640625,657.0525512695312,5597.99853515625,-16.527997340248564,1.9960777928080724,-17.78553770143438,-4567.1083984375,919.8795776367188,5827.97216796875,34.460999484234186,-6.218565598517543,20.67712136868739
1753092206.317155,-4799.07421875,636.5518798828125,5513.85888671875,-13.262984860787924,1.5593473994086802,-23.891347661987027,-4561.326171875,896.2830200195312,5820.59375,-62.45622713396215,162.8274036703759,-119.72460134084002
1753092206.3621511,-4810.18310546875,627.3758544921875,5526.6220703125,-17.756163713301515,14.147269109987494,-33.83167096540763,-4804.716796875,963.0269165039062,6176.7431640625,-52.52088935600691,40.352237488779046,-116.35994283184964
1753092206.404157,-4682.505859375,612.0784912109375,5391.86572265625,-33.85158807270911,22.1986453481238,-42.043114444062674,-4784.669921875,947.1561279296875,6150.97119140625,-59.907470432900574,164.5903767325633,155.95240039423095
1753092206.450321,-4760.05517578125,610.29931640625,5469.0283203125,-38.286475785939864,5.053566945089784,-45.32037884387927,-4560.734375,889.3258666992188,5848.6015625,-64.07333230409719,120.93058779236229,-125.70710687027278
1753092206.4943197,-4875.0869140625,615.6176147460938,5613.62158203125,-37.6548025281018,-10.992071233352265,50.710896511525846,-4793.2333984375,837.2681274414062,6042.23779296875,-16.324124665050928,-74.36781460114916,-52.56778998019625
1753092206.5388412,-4980.462890625,606.8223266601562,5734.9609375,-4.611761534276048,0.4890310481889878,8.054185132568799,-4700.9208984375,794.446044921875,5897.2216796875,45.67578664249927,-21.497558509210677,3.73513097929511
1753092206.583846,-4703.70361328125,573.101806640625,5416.27490234375,-29.810002140009466,-13.495370661214228,-31.36453345805743,-4704.818359375,808.4320068359375,5916.41259765625,-52.714366842600015,172.70620425539954,179.42438777285696
1753092206.6293604,-4708.89111328125,563.285400390625,5422.248046875,-50.63464393460105,7.274820351305758,-44.92461339820234,-4698.86865234375,816.8165893554688,5894.64697265625,-7.619474023750636,-48.57211676760108,53.78887574022507
1753092206.6763573,-4729.341796875,543.5382080078125,5433.740234375,-40.86423732083604,4.964628166362741,-53.53467485384505,-4675.69970703125,860.0787963867188,5879.794921875,-58.56069150736345,166.1564443081764,-174.92798133991883
1753092206.72946,-4914.5517578125,543.0630493164062,5646.5361328125,-12.331797452853266,1.2046994801389759,-14.431245768032356,-4654.07568359375,867.3788452148438,5852.60205078125,38.34536905994168,-6.7326586388274805,24.692427242133444
1753092206.7824657,-4633.7421875,522.2921752929688,5323.90234375,-47.515406220697365,6.149292044759582,-60.01579912937282,-4465.93310546875,839.070068359375,5588.9228515625,-68.42298194784141,106.02486997798421,-69.56954503170326
1753092206.8359923,-4615.15625,563.5636596679688,5326.1318359375,-34.8473306260074,22.295298826473275,7.911679333870944,-4687.2802734375,883.4390258789062,5809.88720703125,46.07322020327648,-9.082915413606672,20.881002318367376
1753092206.8819833,-4645.67431640625,639.6076049804688,5361.35107421875,-13.287666652113609,27.665050328188464,-18.373628261620127,-4737.931640625,878.3010864257812,5776.09765625,-18.83867134509764,177.02621916646962,150.20825482022607
1753092206.92251,-4690.20458984375,635.308349609375,5412.74072265625,-19.730401340756398,17.177071473951067,7.723963412659435,-4745.5263671875,849.430908203125,5731.49951171875,-3.5639273736168153,136.71570763614196,100.36466939891002
1753092206.968506,-4671.97705078125,570.5020751953125,5391.70556640625,-70.38730114652401,17.27426155498904,6.419167725511847,-4568.34619140625,724.2330932617188,5454.04052734375,54.39288207869112,-28.372174548484907,-15.758440963720458
1753092207.011521,-4607.5791015625,562.6383666992188,5317.38720703125,-75.38703271668591,23.943678230227825,-41.734928972085854,-4476.0341796875,707.9699096679688,5331.56591796875,0.0,0.0,0.0
1753092207.0560415,-4714.77294921875,544.2738037109375,5441.09423828125,-27.63671609061462,3.0024159591435438,45.90744716650579,-4561.5419921875,698.950439453125,5420.974609375,-12.484410476007845,-143.73795493790632,-72.8538783424982
1753092207.1000443,-4831.4443359375,579.230712890625,5575.7392578125,-14.66844702691119,1.5582519457120336,-6.466623352027512,-4818.00146484375,752.7277221679688,5752.09814453125,58.00070601301182,-20.06991336985318,-13.676072666956204
1753092207.1445565,-4745.99462890625,568.986328125,5477.1259765625,-12.836059244643115,1.3564463334259245,-8.043108682923572,-4812.42041015625,753.5894165039062,5758.68310546875,55.33459823744221,-36.227375391412224,-136.04428549294852
1753092207.1865559,-4673.41650390625,579.7813110351562,5381.3994140625,-31.030982395099546,3.716117152161519,-33.366784772806184,-4830.408203125,743.553466796875,5766.91015625,35.79982945995887,-52.83561069225526,-13.35479903287336
1753092207.2270973,-4672.8896484375,581.0050659179688,5392.7587890625,-32.5219260962472,3.9390574089033663,-20.31689973885066,-4808.01806640625,741.8134765625,5753.4150390625,0.0,0.0,0.0
1753092207.2691011,-4691.357421875,613.2355346679688,5402.05859375,-18.45598443882511,20.18152273214555,-20.583502888217055,-4785.9306640625,751.1734619140625,5740.22119140625,-70.2132729306159,158.66979881871657,-168.81096697800564
1753092207.314642,-4724.720703125,618.9700927734375,5452.57470703125,-19.209041484240043,20.443450935929196,-24.578535930830615,-4813.24072265625,755.4598388671875,5772.97607421875,-63.891457625773825,115.03748170353914,-142.8440082454
1753092207.3556304,-4771.234375,625.0636596679688,5506.25390625,-18.54435683131178,2.1824177254089134,5.589306677167009,-4844.2734375,771.5265502929688,5810.197265625,-43.75073680320457,40.33584498533881,-42.427276387759804
1753092207.4006317,-4820.93798828125,620.8543701171875,5563.6142578125,-14.133693586690134,18.6351328381725,4.701377074462684,-4839.3154296875,770.7369384765625,5804.25048828125,-64.28305836608669,144.43869932783636,-164.83118481810212
1753092207.4421506,-4758.2333984375,644.523193359375,5491.25,-7.242557061861334,30.153622937267034,-9.820116627286644,-4804.85009765625,776.3526000976562,5762.91259765625,-40.480612142257236,63.05644379719954,-7.021093170679424
1753092207.4921408,-4848.6328125,678.3330078125,5595.57568359375,-6.454365937996873,16.161303587073238,-6.036280967105233,-4807.75634765625,789.759033203125,5779.7568359375,10.242417901214633,48.33454190674769,47.47470643150755
1753092207.537666,-4735.93798828125,652.034912109375,5465.52001953125,-4.360180201715551,15.460252288200905,-23.386572045083476,-4756.595703125,816.30224609375,5731.529296875,-8.761383879906072,35.818282415980214,53.59488667857219
1753092207.5816638,-4694.146484375,625.4034423828125,5417.2900390625,-19.3626498545937,20.536722211599063,-11.206937139333878,-4669.111328125,893.779541015625,5732.5986328125,-8.908439390060257,42.387420284690855,18.314553446572635
1753092207.622205,-4747.4091796875,590.2705078125,5478.75830078125,-9.519535410201463,1.0353018382015666,-9.352680939935718,-4689.81103515625,962.325927734375,5813.0244140625,-11.497159618144378,37.4693908493158,-105.57598011449885
1753092207.664178,-4792.31103515625,510.5962219238281,5530.5771484375,-7.026261046597528,-19.751443520132245,2.97381194984518,-4550.060546875,973.2261962890625,5680.50634765625,-55.67474443502023,106.90326075388467,-100.07131462036276
1753092207.708192,-4808.61376953125,488.7726135253906,5524.81982421875,-12.18661792611715,1.0947240887099585,-13.056186279940613,-4625.63427734375,1005.3558349609375,5802.775390625,26.160310961878103,30.306498914451783,19.711155701424186
1753092207.7547195,-4914.77001953125,521.3250122070312,5646.787109375,-14.590175912816813,1.3769691135222557,6.501974907833957,-4658.70751953125,976.3991088867188,5830.171875,20.51600748228603,25.02521517302158,-2.5243030882936828
1753092207.799734,-4701.74658203125,478.970458984375,5414.021484375,-38.338226669039884,-19.70040526121583,-61.47350862878043,-4621.060546875,897.319091796875,5755.30078125,-62.555604856043196,162.52947425574646,141.7486210729595
1753092207.8442519,-4793.896484375,476.6631774902344,5507.91015625,-14.755459982355648,1.306054026462489,-95.11540760800597,-4585.56201171875,910.1682739257812,5766.44482421875,-63.97375318203234,59.15469281337702,-73.95420174017583
1753092207.889245,-4578.0166015625,466.365966796875,5271.54736328125,-26.837377345683706,2.565475160289277,-95.66798508369982,-4570.3037109375,954.2374267578125,5832.0498046875,10.41917420245853,7.998608065650357,-33.174701004398045
1753092207.9327686,-4676.74658203125,475.368896484375,5373.3115234375,-9.17311485243209,0.8185772238263396,-26.0492758198995,-4570.3115234375,987.9533081054688,5832.0595703125,-63.092349811727445,19.499316564394217,-92.3151603873575
1753092207.9747689,-4694.3193359375,488.6298828125,5405.46923828125,-24.19414853154568,2.3276986916706734,-47.70506953351714,-4551.22607421875,972.636474609375,5807.705078125,-18.860646713229634,26.420755464656125,-98.45198809995588
1753092208.0202932,-4642.9736328125,483.2853698730469,5346.34521484375,-28.54407439848824,2.8183948270400645,-53.38936066294657,-4554.6005859375,973.3577270507812,5812.01171875,-62.564854491258764,142.466330701227,175.6942781856295
1753092208.0652926,-4660.25634765625,486.1629943847656,5378.17919921875,-43.71047912519787,4.957441279724935,42.51421629763858,-4560.74267578125,969.9004516601562,5791.3681640625,-65.8410824346993,108.86680397753398,-150.9204955429228
1753092208.1093035,-4659.81591796875,487.20050048828125,5389.65673828125,-35.665807521062845,19.017651371598145,40.90770566220973,-4588.07177734375,1006.9281616210938,5811.8505859375,15.91817345495922,5.9962395251690355,22.08423392228122
1753092208.1518278,-4712.2236328125,492.6799011230469,5450.2724609375,-33.74403179692959,3.4620160711743857,43.02346720578302,-4580.63720703125,1016.4774169921875,5802.4326171875,-6.2101576615098075,49.25637522288629,-141.38246497913636
1753092208.1938121,-4682.09228515625,489.5295715332031,5415.421875,-32.16593646831241,3.2590332412350493,83.89478915632118,-4572.4345703125,1025.818359375,5792.04248046875,1.3915561260145892,44.04865175225121,80.05659995758197
1753092208.2363403,-4664.66259765625,486.6226806640625,5383.26416015625,-22.540797852952387,2.150132483578354,46.79007806805171,-4563.1259765625,1021.2371215820312,5766.17578125,-34.517520811432384,81.41108411710528,19.243711318088394
1753092208.2813408,-4682.2470703125,495.5633544921875,5367.7470703125,-52.93785104211855,31.575492738356697,40.00697482291691,-4572.544921875,1018.3855590820312,5750.07568359375,-50.315086822900255,100.95366023951294,-152.52595266774446
1753092208.3238602,-4719.3544921875,500.59661865234375,5422.26513671875,-12.050888907224218,17.7163061315651,-3.8291376202669904,-4609.97998046875,1021.7711181640625,5769.19140625,-8.391869640650789,38.68856102001906,-80.21270645504174
1753092208.3678586,-4683.26171875,496.7681579589844,5380.796875,-5.73284457933495,0.5310170617481226,-4.789015791440365,-4708.6357421875,941.447265625,5822.45068359375,-59.68281699868036,119.40882785575695,-43.1645875918155
1753092208.4163969,-4763.6572265625,516.987060546875,5485.31103515625,-14.8722097166635,1.434155348472446,-5.028868315889548,-4644.6875,937.4948120117188,5729.72314453125,33.991368712893916,0.17314238814050495,4.33178787553505
1753092208.470399,-4759.552734375,537.6632690429688,5480.5849609375,-19.29230684112924,1.9678699654792442,-0.6925474768330808,-4644.408203125,979.271484375,5715.79150390625,-50.141804935794575,123.77130433681245,-154.77610810758281
1753092208.5209377,-4744.05029296875,556.96484375,5462.7333984375,-23.291649527837443,2.515531176636188,3.579656359967215,-4681.58544921875,995.8508911132812,5747.9140625,-49.68358628791291,148.76819702492222,-174.30093211588027
1753092208.56993,-4719.931640625,573.8058471679688,5422.92822265625,0.3462945070294261,18.30435690489499,0.535707106273178,-4704.60009765625,991.3648071289062,5722.02099609375,-18.24101808004386,78.97493479445883,-131.61664334172335
1753092208.6109495,-4630.50634765625,552.6826782226562,5320.1845703125,1.3698589080882868,-0.14242402952034774,0.06431180914532811,-4717.919921875,980.8155517578125,5724.8037109375,10.329263725045879,43.47751908769972,-17.28183858388823
1753092208.6524694,-4735.7734375,575.7317504882812,5441.1298828125,0.15971154254550768,-0.01696939559494319,-0.41427878189398293,-4739.73291015625,958.7022094726562,5724.50244140625,15.33397216388237,47.55156268294674,28.122274018219102
1753092208.6984727,-4744.73583984375,567.5733032226562,5463.5234375,-50.29237706344082,-30.675588251310298,2.190754497997421,-4715.171875,971.4908447265625,5734.87890625,-43.78121601803272,114.45373271767559,-146.37359662317354
1753092208.741028,-4725.267578125,567.7639770507812,5465.359375,-43.12024441998,-27.858343161979683,44.617408377222745,-4860.19482421875,989.9798583984375,5911.26416015625,23.383643494684772,36.67782922513816,-109.79217376428633
1753092208.7850304,-4664.439453125,532.8302001953125,5431.31982421875,-79.70754538916593,-52.56537919772777,62.30431863916023,-4870.96337890625,1008.3156127929688,5952.26220703125,18.110251420356818,37.24138047103101,-120.10456390867424
1753092208.8295567,-4697.54345703125,537.8184814453125,5482.1669921875,-73.3305361384872,-125.90802289086237,59.03323921980586,-4867.69580078125,1017.2203979492188,6004.828125,33.224397854724266,18.005901867598443,-124.23774860979452
1753092208.8735583,-4686.513671875,534.1532592773438,5444.80615234375,-37.84524553952023,-39.91497326145159,-4.1108724292310725,-4721.837890625,991.453369140625,5852.72119140625,-26.119712971135325,64.78241720477465,-115.8223193648865
1753092208.916076,-4827.4541015625,513.1993408203125,5558.77294921875,-11.10265448211847,-15.397767238226166,-6.2884856790526324,-4680.29443359375,987.447509765625,5829.07373046875,-23.68931026618338,70.09504484615411,-102.31155631760721
1753092208.9600766,-4797.00732421875,526.5768432617188,5475.11962890625,-24.615049141238394,2.5255046694774665,-27.364320665245984,-4663.56396484375,988.6630249023438,5836.24951171875,-5.915503553746436,55.67690616887579,6.886203441609193
1753092209.0060782,-4744.4189453125,521.9520263671875,5427.03271484375,-16.58206193775991,-16.062322815551827,5.040921052738228,-4577.283203125,979.8230590820312,5784.0654296875,-5.1125297885763565,32.512569823781064,30.237317689519315
1753092209.0486007,-4718.98486328125,508.7523498535156,5397.939453125,-32.28613541215563,-18.406273353812836,-59.94039712751297,-4844.9033203125,999.2854614257812,6107.37158203125,40.208086615937674,-0.3751171099216675,6.1115454274489664
1753092209.0925999,-4827.8330078125,519.3424682617188,5510.30224609375,13.949253122879409,-1.3414358408461575,84.4517702072838,-4649.5361328125,940.9732666015625,5889.708984375,-63.42344562528941,139.8427467013702,175.9030396373476
1753092209.1361332,-4606.857421875,515.835693359375,5258.08935546875,-22.32550641021936,21.29489630767298,-24.005304426980153,-4591.6201171875,933.8109741210938,5844.87890625,-69.43065132814881,135.41386275075047,179.8524791077928
1753092209.1801188,-4599.54931640625,515.0174560546875,5249.74853515625,-12.648623585380115,14.758371260298928,-14.877386870002704,-4522.49267578125,906.4357299804688,5742.79736328125,-66.20230138091797,159.0282538764095,-146.636804741224
1753092209.2226775,-4509.13525390625,509.37481689453125,5192.23095703125,-9.16347695383653,13.773877900612707,-5.295861228630821,-4594.0478515625,925.3056640625,5862.34912109375,28.933454574479168,-11.344340093915116,43.42809415332426
1753092209.2646728,-4639.11474609375,544.6451416015625,5341.9013671875,-7.688842121192178,13.401105844212394,18.699155128816688,-4645.2705078125,910.538818359375,5913.1728515625,38.84464119227936,-7.123270861193098,-6.663270120658978
1753092209.306684,-4557.6435546875,537.46533203125,5271.48193359375,-28.537590471193408,19.73856971715452,35.35951157531624,-4624.90625,906.5471801757812,5887.25048828125,-56.83395666593124,166.37194930108345,160.97530363733645
1753092209.351203,-4513.5595703125,532.2666015625,5220.49267578125,-39.10140021462175,23.96372677639915,44.132921111931836,-4573.7900390625,939.4019165039062,5879.87353515625,26.821651312342233,-4.633396549767284,0.4511091818969797
1753092209.396202,-4499.375,531.7791137695312,5215.71142578125,-24.831029156601723,18.464538083134098,-3.6193509518267657,-4683.84375,959.62841796875,6006.474609375,-2.9782976710464855,0.4762010604536362,5.749708332571535
1753092209.4387407,-4538.76416015625,536.4345092773438,5261.37158203125,-16.212653885368457,1.6988538199704748,-30.179434845339618,-4591.8232421875,949.7750854492188,5873.95458984375,40.88990978996407,-4.357126150971711,15.621273722637609
1753092209.484742,-4576.31689453125,521.5933837890625,5316.779296875,-7.309939371195154,0.7210583598663108,-9.460058885047475,-4547.0302734375,949.3781127929688,5802.35107421875,-25.57633213771389,23.64607075106467,-28.27493514619027
1753092209.5312724,-4588.41845703125,501.3058776855469,5318.93115234375,-22.092200987506345,2.1924068703854878,-25.779723829178185,-4553.57763671875,952.5728759765625,5754.1103515625,16.696717735622794,-2.846251074412975,44.21007489932613
1753092209.5752773,-4567.54052734375,500.14202880859375,5306.58251953125,-36.4547874898612,3.9924950160693022,-2.854224584553402,-4560.92919921875,936.1663818359375,5721.60400390625,33.14953669207985,0.7423844982089188,32.07964290533794
1753092209.6188045,-4721.12451171875,516.9594116210938,5485.017578125,9.052040193075031,-0.8603398520711717,14.860856226537061,-4467.92529296875,917.0765991210938,5604.9326171875,2.1998081136032437,13.26152222121051,56.01593859309354
1753092209.662805,-4597.33154296875,504.53369140625,5353.1787109375,-16.964565265237994,1.6475899563168743,-28.355249400285764,-4470.03857421875,902.3423461914062,5580.603515625,-84.16243105319654,-96.16499156611646,53.55644393740415
1753092209.7128134,-4579.51513671875,515.16552734375,5356.47021484375,-9.16068201246159,-11.987724458130094,15.95309161872118,-4495.32763671875,883.692626953125,5598.70654296875,-64.54478164818839,174.2055409243392,173.87880619896865
1753092209.7563434,-4548.12646484375,512.790283203125,5331.7734375,-12.01422254659704,-12.199868506099543,19.788090165627978,-4598.80126953125,844.7948608398438,5700.2177734375,-64.78728643506828,-143.4819153873882,134.31104270596447
1753092209.7993503,-4619.76513671875,530.1057739257812,5403.548828125,4.223831512469642,-0.4151430341356949,-12.702307437663281,-4595.9560546875,925.611083984375,5793.5546875,23.70424782472341,-4.022382101843626,3.2922689280496256
1753092209.8468804,-4689.33447265625,538.0886840820312,5484.9208984375,-26.658171807260516,2.822849653510682,-27.15645165785144,-4522.59814453125,968.9009399414062,5785.39990234375,-20.269159427748463,15.689305237544765,0.34096916060396937
1753092209.8908834,-4728.751953125,548.3262939453125,5481.60693359375,-4.883457557482389,0.489715328408306,-7.1525511529391865,-4563.9951171875,1014.0198364257812,5852.78271484375,28.677916998679326,10.572342762684402,-24.617067703982528
1753092209.9343972,-4710.3525390625,546.1928100585938,5460.2783203125,-22.92870545811854,2.425144887009926,-23.714329542051317,-4518.1806640625,1013.8623046875,5851.87353515625,32.68770422403747,-1.5553484411431628,-23.915973485177354
1753092209.9803996,-4764.17041015625,553.6699829101562,5535.02783203125,-18.8094810099919,1.9525013677010914,-18.17675590883231,-4397.59228515625,990.6620483398438,5782.27587890625,25.913379392181003,1.2491523436773169,-33.86478598502968
1753092210.0229347,-4790.396484375,545.9934692382812,5565.49755859375,-34.22320209974301,3.8261485465326026,10.261150381342022,-4574.5498046875,989.1764526367188,6045.587890625,18.75525716681698,5.2903194493754295,-98.15078838245782
1753092210.0659285,-4809.07275390625,548.1221313476562,5587.1953125,-24.999397403516703,2.62182618701378,83.8164835757164,-4644.23291015625,971.23681640625,6153.349609375,6.5657289805172985,11.818750639624406,-9.9130868373076
1753092210.1129432,-4888.78759765625,558.4579467773438,5692.552734375,-28.809867178530403,3.0929492319103287,83.60146886316078,-4903.966796875,1033.4698486328125,6547.63232421875,34.248711587559704,-0.5419218368721233,-93.6191200162064
1753092210.1574547,-4859.45947265625,555.1077880859375,5658.40283203125,-21.200177555595413,2.1807513506837193,83.98901860202265,-4487.9091796875,945.7891845703125,5992.12451171875,-36.05739320975969,23.99730443964314,-93.57679225130384
1753092210.2004635,-5020.52197265625,576.091552734375,5872.2978515625,-2.3209308023902193,0.22781955841418927,-7.921140105792395,-4897.765625,932.5639038085938,6375.328125,30.49162434729651,-4.941262173389501,-8.627650071606427
1753092210.2439954,-4744.2724609375,545.6224365234375,5561.71533203125,-11.173296030807697,1.1103188833982862,16.34566293798426,-4778.9951171875,936.2718505859375,6236.36962890625,6.3740594516664935,-0.9610054063239485,-22.763117734968436
1753092210.2899954,-4733.267578125,543.1298828125,5536.3076171875,-32.37818174194762,3.5663881769731036,2.735086826019454,-4507.66357421875,894.448974609375,5882.29345703125,0.2337451641500002,-0.03557457331230044,-40.353898446397174
1753092210.3325148,-4881.7568359375,560.1685791015625,5709.9892578125,17.011165824139574,-1.7199488864396237,1.8123271557654843,-4456.2939453125,871.1129150390625,5728.8251953125,23.281278939880288,-3.7514258998794436,-22.363629192360815
1753092210.3745146,-4772.09619140625,547.5853881835938,5581.724609375,-33.41930677544287,3.7116441160969424,-16.764587420229223,-4638.85546875,1019.1891479492188,5948.7822265625,43.683107897708844,-18.451702059244262,-10.897405978029974
1753092210.4170282,-4898.203125,563.325439453125,5742.16845703125,-36.99380967864652,4.238582764834623,-10.61335574166919,-4570.83837890625,1030.490966796875,5818.42529296875,-71.76183020125912,-176.76930656962875,129.2396899741792
1753092210.459029,-4949.6416015625,569.2412109375,5802.4697265625,-40.70129630704998,-14.815807674585802,12.652322181743854,-4575.10400390625,1040.12353515625,5809.6044921875,6.892311980489366,23.014584057209746,-87.09294611372724
1753092210.5020428,-4824.27001953125,554.8226928710938,5655.49658203125,-44.015971068356976,-15.24891774513748,63.079646388170765,-4760.38525390625,922.1600952148438,5914.6279296875,13.71451283733617,-78.67270458447224,108.16003580724103
1753092210.5485604,-4891.91162109375,562.6018676757812,5734.79296875,-1.4549523947176812,-9.525523068654993,-21.224720706249187,-4645.0517578125,819.35986328125,5676.20068359375,40.02564724104128,-74.57852201761307,-65.68809005238121
1753092210.5925484,-4752.12890625,557.2608642578125,5570.92529296875,-10.98240977106726,1.1123278965105055,3.130735154938916,-4667.12060546875,858.2428588867188,5716.6298828125,19.905517363395,-99.78333250915513,-114.15191733923186
1753092210.6360724,-4774.5380859375,578.8445434570312,5572.02197265625,-3.5603653016803816,-9.599275846001769,-4.837583212063107,-4642.36376953125,884.9863891601562,5606.9033203125,1.158571811708488,44.19216765481394,52.27707269839293
1753092210.6790771,-4635.44921875,560.7210693359375,5397.56298828125,-34.430145377491776,-10.983209403084148,25.56410261114137,-4687.00439453125,791.638427734375,5634.59130859375,53.61903261161708,-23.93936248331386,-0.4557867389314475
1753092210.7206163,-4643.82666015625,557.978515625,5371.1630859375,-29.626952050140705,-13.516170042077054,24.050610864533862,-4477.8720703125,716.89306640625,5321.541015625,25.520410121870707,-3.687505302629685,69.02950551176222
1753092210.7626183,-4709.13623046875,530.7902221679688,5410.525390625,-15.375725140289868,-15.863033117489548,-21.0206143399957,-4633.5830078125,560.1534423828125,5494.0078125,44.51437591169154,-53.513856431391,16.342828717441595
1753092210.8036296,-4846.30517578125,535.5216674804688,5568.12451171875,-3.2789179386775724,-14.422962652514906,-27.36710917769731,-4708.77294921875,557.2116088867188,5570.43310546875,-1.5339006745516888,-91.29753325678844,86.78776142171998
1753092210.84614,-4805.5517578125,531.018310546875,5521.30078125,0.5018948116580485,-0.04827708463037131,1.328039936460332,-4756.724609375,654.105224609375,5665.90673828125,60.60361565346332,-31.61350164263016,-2.699512255396015
1753092210.8951397,-4646.8544921875,531.7037353515625,5315.43115234375,-27.36306584094778,2.967512184622787,26.927642828549697,-4642.0556640625,668.7660522460938,5516.658203125,18.994155366393965,-73.16351865656813,125.32739020309178
1753092210.938662,-4894.8203125,615.3786010742188,5611.4423828125,-5.938144139307263,15.931498761986578,7.8412417124496345,-4761.72509765625,884.3101196289062,5671.86279296875,0.0,0.0,0.0
1753092210.980663,-4761.2158203125,661.688720703125,5458.27734375,3.945831856880552,31.378632616632938,-2.457949304597164,-4822.91943359375,931.0211791992188,5757.9697265625,39.95134634178525,45.44198165332248,73.21720710266695
1753092211.0271862,-4719.41259765625,635.0281982421875,5410.35400390625,-8.35119727378014,30.73246117528692,-4.855429359518273,-4729.2763671875,904.144287109375,5659.1904296875,-39.83977395259466,110.69953312765323,-126.06870005771296
1753092211.069186,-4535.9140625,705.1917724609375,5234.681640625,12.499933503682803,28.870854017652864,-10.557744861484393,-4740.6904296875,917.2578125,5672.84912109375,-53.77558233195286,150.6898389651382,-178.6086609945928
1753092211.1142046,-4652.10498046875,834.9313354492188,5490.87890625,-59.657644618509885,140.6172131300093,-149.27901494713666,-4734.287109375,918.1358642578125,5678.27978515625,-51.108260062811205,115.63389309392583,-154.7910667877482
1753092211.15973,-4654.22509765625,837.2160034179688,5505.90380859375,-57.577473138763324,134.96835025451097,-128.42734228828854,-4754.11865234375,919.8560180664062,5688.91796875,-52.20624668641296,99.87276752340607,-145.08544515870037
1753092211.203729,-4731.19140625,836.4622192382812,5571.55224609375,-56.450539302024744,151.46811424528474,171.84406169232315,-4746.81494140625,901.2628784179688,5641.15478515625,-55.69975596626631,143.9685184166014,-159.98417256522146
1753092211.2452557,-4759.60986328125,863.087646484375,5605.01806640625,-53.75073338172007,158.88766570984976,-169.18124600367,-4787.57177734375,902.7989501953125,5650.76953125,-53.014531762344085,139.91242179378656,-156.38877481248917
1753092211.2902522,-4784.126953125,861.6676025390625,5595.7958984375,12.627415746899013,35.802990518356665,22.802052210884842,-4764.9609375,894.4664306640625,5598.615234375,-9.880269367312918,52.15155696497587,-80.32312702023363
1753092211.334763,-4758.5498046875,845.6253662109375,5491.615234375,-52.851164296411795,160.222162738979,169.55136290544186,-4746.72509765625,891.6959228515625,5514.759765625,-52.88670535606133,156.62913395741953,179.77999186256667
1753092211.3797643,-4759.75244140625,838.3814086914062,5444.572265625,-57.413905167527396,140.129826529068,-97.92786665893344,-4817.05029296875,886.18701171875,5546.79248046875,-8.966910495448724,57.16776551291969,23.874534914204826
1753092211.4223082,-4821.18359375,831.2462158203125,5466.64404296875,-51.92039312809726,97.3857225501706,-36.46930781218997,-4838.7373046875,884.2904052734375,5534.92138671875,-10.925288073920612,72.91603150846629,32.47570787415115
1753092211.4653072,-4850.11279296875,786.967529296875,5451.798828125,-1.500150169333552,54.327879604568324,-11.489807193266646,-4837.947265625,872.6055908203125,5461.78466796875,-1.0750001702237248,52.19112363454493,20.676777444267785
1753092211.5083206,-5035.60693359375,800.95361328125,5623.76123046875,41.83462984919704,12.72347611702512,-36.90527116239751,-4912.2958984375,871.5374145507812,5521.6962890625,3.318504824644604,53.559095674285736,-46.00893183998055
1753092211.5528746,-4812.38916015625,775.805419921875,5374.47216796875,21.34332839316018,37.50102525613166,15.857178727018914,-4791.18115234375,848.2120971679688,5373.9169921875,-23.65838891155132,77.61640887663576,38.67452017655592
1753092211.5968769,-4802.32763671875,786.3911743164062,5306.14111328125,27.73609193171266,32.410210189459164,34.041447807941175,-4933.13134765625,858.9674072265625,5509.3173828125,-41.17301030132587,85.55583466765289,-17.492539059425283
1753092211.6433983,-4751.5,767.9515380859375,5249.98095703125,-28.463166816196175,91.749513838068,-107.75751399123328,-4744.94384765625,807.3018188476562,5242.73681640625,-45.038292782240966,145.45597267980878,6.442647949256097
1753092211.685396,-6511.578125,612.6910400390625,7240.95947265625,47.05735733245676,-5.766320512172512,nan,-5173.27587890625,748.0045166015625,5716.00537109375,45.026855988349254,-2.1543596024248535,8.688286813762756
1753092211.7317116,-6479.46875,551.7684326171875,7174.5068359375,47.3659893754674,-5.611018516746732,-41.8601448541822,-6560.134765625,898.972900390625,7187.1513671875,0.0,0.0,0.0
1753092211.775717,-6479.46875,551.7684326171875,7174.5068359375,47.3659893754674,-5.611018516746732,-41.8601448541822,-6560.134765625,898.972900390625,7187.1513671875,0.0,0.0,0.0
1753092211.8167477,-6479.46875,551.7684326171875,7174.5068359375,47.3659893754674,-5.611018516746732,-41.8601448541822,-6560.134765625,898.972900390625,7187.1513671875,0.0,0.0,0.0
1753092211.8582907,-6479.46875,551.7684326171875,7174.5068359375,47.3659893754674,-5.611018516746732,-41.8601448541822,-6560.134765625,898.972900390625,7187.1513671875,0.0,0.0,0.0
1753092211.901284,-6479.46875,551.7684326171875,7174.5068359375,47.3659893754674,-5.611018516746732,-41.8601448541822,-6560.134765625,898.972900390625,7187.1513671875,0.0,0.0,0.0
1753092211.9468782,-6479.46875,551.7684326171875,7174.5068359375,47.3659893754674,-5.611018516746732,-41.8601448541822,-6560.134765625,898.972900390625,7187.1513671875,0.0,0.0,0.0
1753092211.9898803,-6479.46875,551.7684326171875,7174.5068359375,47.3659893754674,-5.611018516746732,-41.8601448541822,-6560.134765625,898.972900390625,7187.1513671875,0.0,0.0,0.0
1753092212.030403,-6479.46875,551.7684326171875,7174.5068359375,47.3659893754674,-5.611018516746732,-41.8601448541822,-6560.134765625,898.972900390625,7187.1513671875,0.0,0.0,0.0
1753092212.0674067,-6479.46875,551.7684326171875,7174.5068359375,47.3659893754674,-5.611018516746732,-41.8601448541822,-6560.134765625,898.972900390625,7187.1513671875,0.0,0.0,0.0
1753092212.1044188,-6479.46875,551.7684326171875,7174.5068359375,47.3659893754674,-5.611018516746732,-41.8601448541822,-6560.134765625,898.972900390625,7187.1513671875,0.0,0.0,0.0
1753092212.143935,-6479.46875,551.7684326171875,7174.5068359375,47.3659893754674,-5.611018516746732,-41.8601448541822,-6560.134765625,898.972900390625,7187.1513671875,0.0,0.0,0.0
1753092212.1809328,-6479.46875,551.7684326171875,7174.5068359375,47.3659893754674,-5.611018516746732,-41.8601448541822,-6560.134765625,898.972900390625,7187.1513671875,0.0,0.0,0.0
1753092212.2184618,-6479.46875,551.7684326171875,7174.5068359375,47.3659893754674,-5.611018516746732,-41.8601448541822,-6560.134765625,898.972900390625,7187.1513671875,0.0,0.0,0.0
1753092212.2584782,-6479.46875,551.7684326171875,7174.5068359375,47.3659893754674,-5.611018516746732,-41.8601448541822,-6560.134765625,898.972900390625,7187.1513671875,0.0,0.0,0.0
1753092212.2974758,-6479.46875,551.7684326171875,7174.5068359375,47.3659893754674,-5.611018516746732,-41.8601448541822,-6560.134765625,898.972900390625,7187.1513671875,0.0,0.0,0.0
1753092212.3340292,-6479.46875,551.7684326171875,7174.5068359375,47.3659893754674,-5.611018516746732,-41.8601448541822,-6560.134765625,898.972900390625,7187.1513671875,0.0,0.0,0.0
1753092212.3750274,-6479.46875,551.7684326171875,7174.5068359375,47.3659893754674,-5.611018516746732,-41.8601448541822,-6560.134765625,898.972900390625,7187.1513671875,0.0,0.0,0.0
1753092212.411039,-6479.46875,551.7684326171875,7174.5068359375,47.3659893754674,-5.611018516746732,-41.8601448541822,-6560.134765625,898.972900390625,7187.1513671875,0.0,0.0,0.0
1753092212.4485545,-6479.46875,551.7684326171875,7174.5068359375,47.3659893754674,-5.611018516746732,-41.8601448541822,-6560.134765625,898.972900390625,7187.1513671875,0.0,0.0,0.0
1753092212.486555,-6479.46875,551.7684326171875,7174.5068359375,47.3659893754674,-5.611018516746732,-41.8601448541822,-6560.134765625,898.972900390625,7187.1513671875,0.0,0.0,0.0
1753092212.528078,-6479.46875,551.7684326171875,7174.5068359375,47.3659893754674,-5.611018516746732,-41.8601448541822,-6560.134765625,898.972900390625,7187.1513671875,0.0,0.0,0.0
1753092212.5640755,-6479.46875,551.7684326171875,7174.5068359375,47.3659893754674,-5.611018516746732,-41.8601448541822,-6560.134765625,898.972900390625,7187.1513671875,0.0,0.0,0.0
1753092212.6010814,-6479.46875,551.7684326171875,7174.5068359375,47.3659893754674,-5.611018516746732,-41.8601448541822,-6560.134765625,898.972900390625,7187.1513671875,0.0,0.0,0.0
1753092212.6396773,-6479.46875,551.7684326171875,7174.5068359375,47.3659893754674,-5.611018516746732,-41.8601448541822,-6560.134765625,898.972900390625,7187.1513671875,0.0,0.0,0.0
1753092212.675671,-6479.46875,551.7684326171875,7174.5068359375,47.3659893754674,-5.611018516746732,-41.8601448541822,-6560.134765625,898.972900390625,7187.1513671875,0.0,0.0,0.0
1753092212.7096782,-6479.46875,551.7684326171875,7174.5068359375,47.3659893754674,-5.611018516746732,-41.8601448541822,-6560.134765625,898.972900390625,7187.1513671875,0.0,0.0,0.0
1753092212.7452238,-6479.46875,551.7684326171875,7174.5068359375,47.3659893754674,-5.611018516746732,-41.8601448541822,-6560.134765625,898.972900390625,7187.1513671875,0.0,0.0,0.0
1753092212.7822254,-6479.46875,551.7684326171875,7174.5068359375,47.3659893754674,-5.611018516746732,-41.8601448541822,-6560.134765625,898.972900390625,7187.1513671875,0.0,0.0,0.0
1753092212.818745,-6479.46875,551.7684326171875,7174.5068359375,47.3659893754674,-5.611018516746732,-41.8601448541822,-6560.134765625,898.972900390625,7187.1513671875,0.0,0.0,0.0
1753092212.8567574,-6479.46875,551.7684326171875,7174.5068359375,47.3659893754674,-5.611018516746732,-41.8601448541822,-6560.134765625,898.972900390625,7187.1513671875,0.0,0.0,0.0
1753092212.8957596,-6479.46875,551.7684326171875,7174.5068359375,47.3659893754674,-5.611018516746732,-41.8601448541822,-6560.134765625,898.972900390625,7187.1513671875,0.0,0.0,0.0
1753092212.9322867,-6479.46875,551.7684326171875,7174.5068359375,47.3659893754674,-5.611018516746732,-41.8601448541822,-6560.134765625,898.972900390625,7187.1513671875,0.0,0.0,0.0
1753092212.9682891,-6479.46875,551.7684326171875,7174.5068359375,47.3659893754674,-5.611018516746732,-41.8601448541822,-6560.134765625,898.972900390625,7187.1513671875,0.0,0.0,0.0
1753092213.007306,-6479.46875,551.7684326171875,7174.5068359375,47.3659893754674,-5.611018516746732,-41.8601448541822,-6560.134765625,898.972900390625,7187.1513671875,0.0,0.0,0.0
1753092213.0468175,-6479.46875,551.7684326171875,7174.5068359375,47.3659893754674,-5.611018516746732,-41.8601448541822,-6560.134765625,898.972900390625,7187.1513671875,0.0,0.0,0.0
1753092213.0878148,-6479.46875,551.7684326171875,7174.5068359375,47.3659893754674,-5.611018516746732,-41.8601448541822,-6560.134765625,898.972900390625,7187.1513671875,0.0,0.0,0.0
1753092213.1313477,-6479.46875,551.7684326171875,7174.5068359375,47.3659893754674,-5.611018516746732,-41.8601448541822,-6560.134765625,898.972900390625,7187.1513671875,0.0,0.0,0.0
1753092213.1733508,-6479.46875,551.7684326171875,7174.5068359375,47.3659893754674,-5.611018516746732,-41.8601448541822,-6560.134765625,898.972900390625,7187.1513671875,0.0,0.0,0.0
1753092213.2173598,-6479.46875,551.7684326171875,7174.5068359375,47.3659893754674,-5.611018516746732,-41.8601448541822,-6560.134765625,898.972900390625,7187.1513671875,0.0,0.0,0.0
1753092213.2557852,-6479.46875,551.7684326171875,7174.5068359375,47.3659893754674,-5.611018516746732,-41.8601448541822,-6560.134765625,898.972900390625,7187.1513671875,0.0,0.0,0.0
1753092213.294798,-6479.46875,551.7684326171875,7174.5068359375,47.3659893754674,-5.611018516746732,-41.8601448541822,-6560.134765625,898.972900390625,7187.1513671875,0.0,0.0,0.0
1753092213.332318,-6479.46875,551.7684326171875,7174.5068359375,47.3659893754674,-5.611018516746732,-41.8601448541822,-6560.134765625,898.972900390625,7187.1513671875,0.0,0.0,0.0
1753092213.369317,-6479.46875,551.7684326171875,7174.5068359375,47.3659893754674,-5.611018516746732,-41.8601448541822,-6560.134765625,898.972900390625,7187.1513671875,0.0,0.0,0.0
1753092213.407327,-6479.46875,551.7684326171875,7174.5068359375,47.3659893754674,-5.611018516746732,-41.8601448541822,-6560.134765625,898.972900390625,7187.1513671875,0.0,0.0,0.0
1753092213.443847,-6479.46875,551.7684326171875,7174.5068359375,47.3659893754674,-5.611018516746732,-41.8601448541822,-6560.134765625,898.972900390625,7187.1513671875,0.0,0.0,0.0
1753092213.4798405,-6479.46875,551.7684326171875,7174.5068359375,47.3659893754674,-5.611018516746732,-41.8601448541822,-6560.134765625,898.972900390625,7187.1513671875,0.0,0.0,0.0
1753092213.5178463,-6479.46875,551.7684326171875,7174.5068359375,47.3659893754674,-5.611018516746732,-41.8601448541822,-6560.134765625,898.972900390625,7187.1513671875,0.0,0.0,0.0
1753092213.5563657,-6479.46875,551.7684326171875,7174.5068359375,47.3659893754674,-5.611018516746732,-41.8601448541822,-6560.134765625,898.972900390625,7187.1513671875,0.0,0.0,0.0
1753092213.5943637,-6479.46875,551.7684326171875,7174.5068359375,47.3659893754674,-5.611018516746732,-41.8601448541822,-6560.134765625,898.972900390625,7187.1513671875,0.0,0.0,0.0
1753092213.6308796,-6479.46875,551.7684326171875,7174.5068359375,47.3659893754674,-5.611018516746732,-41.8601448541822,-6560.134765625,898.972900390625,7187.1513671875,0.0,0.0,0.0
1753092213.6698833,-6479.46875,551.7684326171875,7174.5068359375,47.3659893754674,-5.611018516746732,-41.8601448541822,-6560.134765625,898.972900390625,7187.1513671875,0.0,0.0,0.0
1753092213.7078922,-6479.46875,551.7684326171875,7174.5068359375,47.3659893754674,-5.611018516746732,-41.8601448541822,-6560.134765625,898.972900390625,7187.1513671875,0.0,0.0,0.0
1753092213.7464366,-6479.46875,551.7684326171875,7174.5068359375,47.3659893754674,-5.611018516746732,-41.8601448541822,-6560.134765625,898.972900390625,7187.1513671875,0.0,0.0,0.0
1753092213.7834494,-6479.46875,551.7684326171875,7174.5068359375,47.3659893754674,-5.611018516746732,-41.8601448541822,-6560.134765625,898.972900390625,7187.1513671875,0.0,0.0,0.0
1753092213.8209627,-6479.46875,551.7684326171875,7174.5068359375,47.3659893754674,-5.611018516746732,-41.8601448541822,-6560.134765625,898.972900390625,7187.1513671875,0.0,0.0,0.0
1753092213.8579636,-6479.46875,551.7684326171875,7174.5068359375,47.3659893754674,-5.611018516746732,-41.8601448541822,-6560.134765625,898.972900390625,7187.1513671875,0.0,0.0,0.0
1753092213.9009802,-6479.46875,551.7684326171875,7174.5068359375,47.3659893754674,-5.611018516746732,-41.8601448541822,-6560.134765625,898.972900390625,7187.1513671875,0.0,0.0,0.0
1753092213.9435387,-6479.46875,551.7684326171875,7174.5068359375,47.3659893754674,-5.611018516746732,-41.8601448541822,-6560.134765625,898.972900390625,7187.1513671875,0.0,0.0,0.0
1753092213.9835393,-6479.46875,551.7684326171875,7174.5068359375,47.3659893754674,-5.611018516746732,-41.8601448541822,-6560.134765625,898.972900390625,7187.1513671875,0.0,0.0,0.0
1753092214.0220802,-6479.46875,551.7684326171875,7174.5068359375,47.3659893754674,-5.611018516746732,-41.8601448541822,-6560.134765625,898.972900390625,7187.1513671875,0.0,0.0,0.0
1753092214.0620787,-6479.46875,551.7684326171875,7174.5068359375,47.3659893754674,-5.611018516746732,-41.8601448541822,-6560.134765625,898.972900390625,7187.1513671875,0.0,0.0,0.0
1753092214.1000867,-6479.46875,551.7684326171875,7174.5068359375,47.3659893754674,-5.611018516746732,-41.8601448541822,-6560.134765625,898.972900390625,7187.1513671875,0.0,0.0,0.0
1753092214.140728,-6479.46875,551.7684326171875,7174.5068359375,47.3659893754674,-5.611018516746732,-41.8601448541822,-6560.134765625,898.972900390625,7187.1513671875,0.0,0.0,0.0
1753092214.1787195,-6479.46875,551.7684326171875,7174.5068359375,47.3659893754674,-5.611018516746732,-41.8601448541822,-6560.134765625,898.972900390625,7187.1513671875,0.0,0.0,0.0
1753092214.2197273,-6479.46875,551.7684326171875,7174.5068359375,47.3659893754674,-5.611018516746732,-41.8601448541822,-6560.134765625,898.972900390625,7187.1513671875,0.0,0.0,0.0
1753092214.2592523,-6479.46875,551.7684326171875,7174.5068359375,47.3659893754674,-5.611018516746732,-41.8601448541822,-6560.134765625,898.972900390625,7187.1513671875,0.0,0.0,0.0
1753092214.300254,-6479.46875,551.7684326171875,7174.5068359375,47.3659893754674,-5.611018516746732,-41.8601448541822,-6560.134765625,898.972900390625,7187.1513671875,0.0,0.0,0.0
1753092214.3363428,-6479.46875,551.7684326171875,7174.5068359375,47.3659893754674,-5.611018516746732,-41.8601448541822,-6560.134765625,898.972900390625,7187.1513671875,0.0,0.0,0.0
1753092214.373346,-6479.46875,551.7684326171875,7174.5068359375,47.3659893754674,-5.611018516746732,-41.8601448541822,-6560.134765625,898.972900390625,7187.1513671875,0.0,0.0,0.0
1753092214.4113617,-6479.46875,551.7684326171875,7174.5068359375,47.3659893754674,-5.611018516746732,-41.8601448541822,-6560.134765625,898.972900390625,7187.1513671875,0.0,0.0,0.0
1753092214.447867,-6479.46875,551.7684326171875,7174.5068359375,47.3659893754674,-5.611018516746732,-41.8601448541822,-6560.134765625,898.972900390625,7187.1513671875,0.0,0.0,0.0
1753092214.4828644,-6479.46875,551.7684326171875,7174.5068359375,47.3659893754674,-5.611018516746732,-41.8601448541822,-6560.134765625,898.972900390625,7187.1513671875,0.0,0.0,0.0
1753092214.5198781,-6479.46875,551.7684326171875,7174.5068359375,47.3659893754674,-5.611018516746732,-41.8601448541822,-6560.134765625,898.972900390625,7187.1513671875,0.0,0.0,0.0
1753092214.55943,-6479.46875,551.7684326171875,7174.5068359375,47.3659893754674,-5.611018516746732,-41.8601448541822,-6560.134765625,898.972900390625,7187.1513671875,0.0,0.0,0.0
1753092214.5964293,-6479.46875,551.7684326171875,7174.5068359375,47.3659893754674,-5.611018516746732,-41.8601448541822,-6560.134765625,898.972900390625,7187.1513671875,0.0,0.0,0.0
1753092214.634029,-6479.46875,551.7684326171875,7174.5068359375,47.3659893754674,-5.611018516746732,-41.8601448541822,-6560.134765625,898.972900390625,7187.1513671875,0.0,0.0,0.0
1753092214.6720293,-6479.46875,551.7684326171875,7174.5068359375,47.3659893754674,-5.611018516746732,-41.8601448541822,-6560.134765625,898.972900390625,7187.1513671875,0.0,0.0,0.0
1753092214.710035,-6479.46875,551.7684326171875,7174.5068359375,47.3659893754674,-5.611018516746732,-41.8601448541822,-6560.134765625,898.972900390625,7187.1513671875,0.0,0.0,0.0
1753092214.746554,-6479.46875,551.7684326171875,7174.5068359375,47.3659893754674,-5.611018516746732,-41.8601448541822,-6560.134765625,898.972900390625,7187.1513671875,0.0,0.0,0.0
1753092214.7835565,-6479.46875,551.7684326171875,7174.5068359375,47.3659893754674,-5.611018516746732,-41.8601448541822,-6560.134765625,898.972900390625,7187.1513671875,0.0,0.0,0.0
1753092214.8250885,-6479.46875,551.7684326171875,7174.5068359375,47.3659893754674,-5.611018516746732,-41.8601448541822,-6560.134765625,898.972900390625,7187.1513671875,0.0,0.0,0.0
1753092214.8640914,-6479.46875,551.7684326171875,7174.5068359375,47.3659893754674,-5.611018516746732,-41.8601448541822,-6560.134765625,898.972900390625,7187.1513671875,0.0,0.0,0.0
1753092214.902094,-6479.46875,551.7684326171875,7174.5068359375,47.3659893754674,-5.611018516746732,-41.8601448541822,-6560.134765625,898.972900390625,7187.1513671875,0.0,0.0,0.0
1753092214.9386132,-6479.46875,551.7684326171875,7174.5068359375,47.3659893754674,-5.611018516746732,-41.8601448541822,-6560.134765625,898.972900390625,7187.1513671875,0.0,0.0,0.0
1753092214.973613,-6479.46875,551.7684326171875,7174.5068359375,47.3659893754674,-5.611018516746732,-41.8601448541822,-6560.134765625,898.972900390625,7187.1513671875,0.0,0.0,0.0
1753092215.0116262,-6479.46875,551.7684326171875,7174.5068359375,47.3659893754674,-5.611018516746732,-41.8601448541822,-6560.134765625,898.972900390625,7187.1513671875,0.0,0.0,0.0
1753092215.0501368,-6479.46875,551.7684326171875,7174.5068359375,47.3659893754674,-5.611018516746732,-41.8601448541822,-6560.134765625,898.972900390625,7187.1513671875,0.0,0.0,0.0
1753092215.0881407,-6479.46875,551.7684326171875,7174.5068359375,47.3659893754674,-5.611018516746732,-41.8601448541822,-6560.134765625,898.972900390625,7187.1513671875,0.0,0.0,0.0
1753092215.1316817,-6479.46875,551.7684326171875,7174.5068359375,47.3659893754674,-5.611018516746732,-41.8601448541822,-6560.134765625,898.972900390625,7187.1513671875,0.0,0.0,0.0
1753092215.1686788,-6479.46875,551.7684326171875,7174.5068359375,47.3659893754674,-5.611018516746732,-41.8601448541822,-6560.134765625,898.972900390625,7187.1513671875,0.0,0.0,0.0
1753092215.2036874,-6479.46875,551.7684326171875,7174.5068359375,47.3659893754674,-5.611018516746732,-41.8601448541822,-6560.134765625,898.972900390625,7187.1513671875,0.0,0.0,0.0
1753092215.2442176,-6479.46875,551.7684326171875,7174.5068359375,47.3659893754674,-5.611018516746732,-41.8601448541822,-6560.134765625,898.972900390625,7187.1513671875,0.0,0.0,0.0
1753092215.2792208,-6479.46875,551.7684326171875,7174.5068359375,47.3659893754674,-5.611018516746732,-41.8601448541822,-6560.134765625,898.972900390625,7187.1513671875,0.0,0.0,0.0
1753092215.3162239,-6479.46875,551.7684326171875,7174.5068359375,47.3659893754674,-5.611018516746732,-41.8601448541822,-6560.134765625,898.972900390625,7187.1513671875,0.0,0.0,0.0
1753092215.3527992,-6479.46875,551.7684326171875,7174.5068359375,47.3659893754674,-5.611018516746732,-41.8601448541822,-6560.134765625,898.972900390625,7187.1513671875,0.0,0.0,0.0
1753092215.390801,-6479.46875,551.7684326171875,7174.5068359375,47.3659893754674,-5.611018516746732,-41.8601448541822,-6560.134765625,898.972900390625,7187.1513671875,0.0,0.0,0.0
1753092215.4303567,-6479.46875,551.7684326171875,7174.5068359375,47.3659893754674,-5.611018516746732,-41.8601448541822,-6560.134765625,898.972900390625,7187.1513671875,0.0,0.0,0.0
1753092215.4663577,-6479.46875,551.7684326171875,7174.5068359375,47.3659893754674,-5.611018516746732,-41.8601448541822,-6560.134765625,898.972900390625,7187.1513671875,0.0,0.0,0.0
1753092215.5043533,-6479.46875,551.7684326171875,7174.5068359375,47.3659893754674,-5.611018516746732,-41.8601448541822,-6560.134765625,898.972900390625,7187.1513671875,0.0,0.0,0.0
1753092215.5678828,-6479.46875,551.7684326171875,7174.5068359375,47.3659893754674,-5.611018516746732,-41.8601448541822,-6560.134765625,898.972900390625,7187.1513671875,0.0,0.0,0.0
1753092215.6434107,-6479.46875,551.7684326171875,7174.5068359375,47.3659893754674,-5.611018516746732,-41.8601448541822,-6560.134765625,898.972900390625,7187.1513671875,0.0,0.0,0.0
1753092215.7204273,-6479.46875,551.7684326171875,7174.5068359375,47.3659893754674,-5.611018516746732,-41.8601448541822,-6560.134765625,898.972900390625,7187.1513671875,0.0,0.0,0.0
1753092215.790945,-6479.46875,551.7684326171875,7174.5068359375,47.3659893754674,-5.611018516746732,-41.8601448541822,-6560.134765625,898.972900390625,7187.1513671875,0.0,0.0,0.0
1753092215.827466,-6479.46875,551.7684326171875,7174.5068359375,47.3659893754674,-5.611018516746732,-41.8601448541822,-6560.134765625,898.972900390625,7187.1513671875,0.0,0.0,0.0
1753092215.8654687,-6479.46875,551.7684326171875,7174.5068359375,47.3659893754674,-5.611018516746732,-41.8601448541822,-6560.134765625,898.972900390625,7187.1513671875,0.0,0.0,0.0
1753092215.9034665,-6479.46875,551.7684326171875,7174.5068359375,47.3659893754674,-5.611018516746732,-41.8601448541822,-6560.134765625,898.972900390625,7187.1513671875,0.0,0.0,0.0
1753092215.9399972,-6479.46875,551.7684326171875,7174.5068359375,47.3659893754674,-5.611018516746732,-41.8601448541822,-6560.134765625,898.972900390625,7187.1513671875,0.0,0.0,0.0
1753092215.9779985,-6479.46875,551.7684326171875,7174.5068359375,47.3659893754674,-5.611018516746732,-41.8601448541822,-6560.134765625,898.972900390625,7187.1513671875,0.0,0.0,0.0
1753092216.0160046,-6479.46875,551.7684326171875,7174.5068359375,47.3659893754674,-5.611018516746732,-41.8601448541822,-6560.134765625,898.972900390625,7187.1513671875,0.0,0.0,0.0
1753092216.050518,-6479.46875,551.7684326171875,7174.5068359375,47.3659893754674,-5.611018516746732,-41.8601448541822,-6560.134765625,898.972900390625,7187.1513671875,0.0,0.0,0.0
1753092216.0885146,-6479.46875,551.7684326171875,7174.5068359375,47.3659893754674,-5.611018516746732,-41.8601448541822,-6560.134765625,898.972900390625,7187.1513671875,0.0,0.0,0.0
1753092216.126059,-6479.46875,551.7684326171875,7174.5068359375,47.3659893754674,-5.611018516746732,-41.8601448541822,-6560.134765625,898.972900390625,7187.1513671875,0.0,0.0,0.0
1753092216.1640608,-6479.46875,551.7684326171875,7174.5068359375,47.3659893754674,-5.611018516746732,-41.8601448541822,-6560.134765625,898.972900390625,7187.1513671875,0.0,0.0,0.0
1753092216.2040598,-6479.46875,551.7684326171875,7174.5068359375,47.3659893754674,-5.611018516746732,-41.8601448541822,-6560.134765625,898.972900390625,7187.1513671875,0.0,0.0,0.0
1753092216.2425773,-6479.46875,551.7684326171875,7174.5068359375,47.3659893754674,-5.611018516746732,-41.8601448541822,-6560.134765625,898.972900390625,7187.1513671875,0.0,0.0,0.0
1753092216.281578,-6479.46875,551.7684326171875,7174.5068359375,47.3659893754674,-5.611018516746732,-41.8601448541822,-6560.134765625,898.972900390625,7187.1513671875,0.0,0.0,0.0
1753092216.320578,-6479.46875,551.7684326171875,7174.5068359375,47.3659893754674,-5.611018516746732,-41.8601448541822,-6560.134765625,898.972900390625,7187.1513671875,0.0,0.0,0.0
1753092216.359105,nan,nan,nan,nan,nan,nan,nan,nan,nan,nan,nan,nan
1753092216.4221807,-1476.7296142578125,343.6292724609375,3307.8134765625,47.79487728448569,-146.23764190539853,-148.40385795624047,-1726.3363037109375,421.13763427734375,3082.045166015625,-3.2517290769818,46.603985365670795,-6.888949962297553
1753092216.4687166,-1440.997314453125,422.3911437988281,3227.7744140625,66.7903836668674,90.17258387240922,123.37697641129762,-1678.8966064453125,422.6098327636719,3049.810546875,25.855204433371373,53.57925859107749,19.168731050106388
1753092216.514721,-1385.2757568359375,435.6155090332031,3143.66748046875,32.21954239338161,117.09553626869968,152.71250624948888,-1608.5606689453125,459.60272216796875,2984.727783203125,21.34510082240684,47.48978634308024,-9.594396397796594
1753092216.5592477,-1346.4979248046875,429.0500183105469,3096.28662109375,30.245409982027976,112.65170419748821,171.72079971837803,-1537.4031982421875,465.7542724609375,2915.23388671875,8.35721846144834,58.858375180898236,-1.9242299218150312
1753092216.6062467,-1313.93701171875,420.3021240234375,3075.9306640625,41.930969508458965,141.64864573191622,179.66517080076403,-1455.9559326171875,461.3067321777344,2887.39599609375,10.430554908271484,47.856819097006415,-9.198834174731791
1753092216.648897,-1253.7174072265625,402.4357604980469,3030.6552734375,14.981662575732019,78.29036535187093,120.58240701079585,-1423.034423828125,459.828369140625,2843.8427734375,21.264869357422274,39.248173076283265,-15.580881876922556
1753092216.693898,-1177.60009765625,423.62322998046875,3015.1943359375,nan,nan,nan,-1382.1964111328125,453.6195983886719,2805.4443359375,36.000196799337616,27.41440012738752,-0.6646541074192434
1753092216.7374172,nan,nan,nan,nan,nan,nan,-1316.9278564453125,444.36505126953125,2748.208740234375,26.286701387884165,34.10554730230349,9.734042282811346
1753092216.7844188,-1038.1588134765625,462.9603271484375,2933.122802734375,nan,nan,nan,-1277.09033203125,437.967529296875,2708.642822265625,15.866447953700394,39.84171873226102,-21.599473603548695
1753092216.8269424,nan,nan,nan,nan,nan,nan,-1265.6326904296875,442.8304748535156,2706.464111328125,20.757381436235086,42.16090313792936,-6.627982880719075
1753092216.8709435,-952.1210327148438,421.62890625,2844.92333984375,-3.8147454581813753,102.4527088564934,-166.92268525292758,-1237.3870849609375,448.6920471191406,2679.182861328125,22.245542784109624,57.85250783844327,6.757397276298614
1753092216.9139464,nan,nan,nan,nan,nan,nan,-1225.2564697265625,469.853515625,2652.917724609375,21.71496942284815,61.30780850662478,nan
1753092216.9584627,-945.8623657226562,527.3438110351562,3113.001953125,68.34157791059557,27.837228175078376,49.22964175731602,-1210.19091796875,479.22381591796875,2620.2978515625,-1.6151703016601169,80.16819251934437,nan
1753092217.0034647,nan,nan,nan,nan,nan,nan,-1204.073486328125,477.8377380371094,2585.47802734375,-52.305265896881664,122.08140405225559,nan
1753092217.046985,nan,nan,nan,nan,nan,nan,-1222.3935546875,489.1520080566406,2592.6337890625,-23.560743867098566,86.3466963355549,nan
1753092217.090985,-1812.08935546875,1288.358154296875,7196.11767578125,51.62407358486727,46.755804745708296,71.16165982755865,nan,nan,nan,nan,nan,nan
1753092217.1355307,nan,nan,nan,nan,nan,nan,-1213.6541748046875,481.7173156738281,2553.22802734375,4.6801536709786316,87.76972730459211,nan
1753092217.1795282,nan,nan,nan,nan,nan,nan,nan,nan,nan,nan,nan,nan
1753092217.2215533,nan,nan,nan,nan,nan,nan,nan,nan,nan,nan,nan,nan
1753092217.2710593,nan,nan,nan,nan,nan,nan,nan,nan,nan,nan,nan,nan
1753092217.3170698,nan,nan,nan,nan,nan,nan,nan,nan,nan,nan,nan,nan
1753092217.3605857,nan,nan,nan,nan,nan,nan,nan,nan,nan,nan,nan,nan
1753092217.4025767,-482.8913879394531,510.4416198730469,2733.3916015625,nan,nan,nan,nan,nan,nan,nan,nan,nan
1753092217.4470973,nan,nan,nan,nan,nan,nan,nan,nan,nan,nan,nan,nan
1753092217.491095,nan,nan,nan,nan,nan,nan,nan,nan,nan,nan,nan,nan
1753092217.541629,-500.6756286621094,522.3602905273438,2659.9775390625,nan,nan,nan,nan,nan,nan,nan,nan,nan
1753092217.5956302,-467.53204345703125,497.0516662597656,2458.721923828125,nan,nan,nan,nan,nan,nan,nan,nan,nan
1753092217.6491482,-462.888427734375,510.8780212402344,2434.301513671875,nan,nan,nan,nan,nan,nan,nan,nan,nan
1753092217.701149,nan,nan,nan,nan,nan,nan,nan,nan,nan,nan,nan,nan
1753092217.7436638,nan,nan,nan,nan,nan,nan,nan,nan,nan,nan,nan,nan
1753092217.7906847,nan,nan,nan,nan,nan,nan,nan,nan,nan,nan,nan,nan
1753092217.8381784,nan,nan,nan,nan,nan,nan,-788.2359619140625,312.6479797363281,1804.56103515625,42.0539822354306,43.66848504620131,nan
1753092217.882179,nan,nan,nan,nan,nan,nan,-765.7411499023438,300.34747314453125,1753.06201171875,40.0681266496125,52.17838888037209,nan
1753092217.9293375,nan,nan,nan,nan,nan,nan,nan,nan,nan,nan,nan,nan
1753092217.975337,nan,nan,nan,nan,nan,nan,nan,nan,nan,nan,nan,nan
1753092218.0173445,nan,nan,nan,nan,nan,nan,nan,nan,nan,nan,nan,nan
1753092218.0613806,nan,nan,nan,nan,nan,nan,nan,nan,nan,nan,nan,nan
1753092218.1073794,nan,nan,nan,nan,nan,nan,-697.0059814453125,324.4407043457031,1574.859619140625,12.377840898038354,74.99480246562861,nan
1753092218.1504338,nan,nan,nan,nan,nan,nan,-696.80322265625,327.3801574707031,1574.401611328125,15.525084148702174,75.74802712351067,20.426231013244042
1753092218.19544,nan,nan,nan,nan,nan,nan,-694.6723022460938,332.4280090332031,1569.5869140625,25.96230719357741,80.2037536531332,32.89392748165936
1753092218.2409766,-142.00889587402344,422.0804443359375,1811.5836181640625,79.4707977810356,44.38163243541208,131.91729658541672,-707.5103149414062,332.5949401855469,1584.7939453125,nan,nan,nan
1753092218.2849655,-502.45623779296875,1858.9827880859375,7978.81787109375,-30.342598673512708,92.11249766559438,-137.62260573947776,-705.26171875,327.08197021484375,1572.9676513671875,43.047570838092184,80.02888290725359,nan
1753092218.3334937,-255.9775390625,1471.8466796875,6423.46728515625,nan,nan,nan,nan,nan,nan,nan,nan,nan
1753092218.3784938,-186.65194702148438,1852.2294921875,8292.759765625,nan,nan,nan,-747.3331298828125,336.47113037109375,1618.12109375,57.77861281969701,65.8806251055592,nan
1753092218.4234982,-78.0484619140625,1899.47900390625,8653.619140625,nan,nan,nan,nan,nan,nan,nan,nan,nan
1753092218.4685984,16.035381317138672,1384.3631591796875,6306.861328125,nan,nan,nan,nan,nan,nan,nan,nan,nan
1753092218.5126102,45.96548843383789,1549.666015625,7186.11669921875,nan,nan,nan,nan,nan,nan,nan,nan,nan
1753092218.5558624,nan,nan,nan,nan,nan,nan,nan,nan,nan,nan,nan,nan
1753092218.5988667,nan,nan,nan,nan,nan,nan,nan,nan,nan,nan,nan,nan
1753092218.6451013,nan,nan,nan,nan,nan,nan,-649.9817504882812,329.9821472167969,1250.7806396484375,2.371398678224392,86.95803586562586,8.023384724461753
1753092218.6890967,-21.000694274902344,286.16436767578125,1125.8060302734375,47.787010642177194,71.51124563035438,133.71687675709373,nan,nan,nan,nan,nan,nan
1753092218.7343786,-69.16810607910156,291.88787841796875,1098.36376953125,11.920902908788303,83.58566986535276,142.25757826580656,nan,nan,nan,nan,nan,nan
1753092218.7793782,-95.85062408447266,297.76953125,1088.9132080078125,19.76111473867736,86.44100145082282,152.69091029000484,-638.1738891601562,313.8968200683594,1108.8216552734375,35.48142387962168,65.7795490233934,-32.4072551591084
1753092218.8223803,-116.81475067138672,302.7739562988281,1069.53076171875,32.23471379800623,87.8773332183674,157.1820463699604,nan,nan,nan,nan,nan,nan
1753092218.8664222,-131.10104370117188,291.6936340332031,1051.8699951171875,29.97508174843745,89.47349788002532,166.07825567202013,-614.0173950195312,269.8915100097656,966.5335693359375,12.543196059663744,89.06029450906334,-160.76999093423728
1753092218.9114232,-135.69171142578125,284.51556396484375,1040.44482421875,27.959343106298665,91.35243243481449,158.0925886728998,-617.5541381835938,258.4654235839844,951.8896484375,44.90595772657955,74.3528372590326,nan
1753092218.9555197,-134.7424774169922,276.44976806640625,1018.123291015625,18.20298587370811,92.43038463141335,155.01679375941603,nan,nan,nan,nan,nan,nan
1753092219.0005205,-129.8030548095703,268.3326110839844,995.2922973632812,11.53392051755795,91.6555676400984,150.31298545140757,-603.0940551757812,212.39727783203125,882.4238891601562,54.939753311380606,61.87770706698903,-99.19382397666706
1753092219.0457141,-122.72554779052734,261.4270935058594,969.6785888671875,8.401270200091192,90.34749853133009,167.95342870754246,-596.4235229492188,199.39146423339844,862.931884765625,58.60420665429963,59.04163988667092,-54.527946635829984
1753092219.0917115,-115.93392944335938,254.71595764160156,944.7858276367188,12.238672878551904,88.4747540264725,176.48240535072813,-606.8366088867188,196.20681762695312,863.552490234375,61.69165603910884,46.73090952665884,-57.44553792456133
1753092219.1378243,-93.46749877929688,241.86936950683594,903.5939331054688,9.349287053199662,87.6952978610065,-140.1406942165077,nan,nan,nan,nan,nan,nan
1753092219.1798246,-79.4766845703125,231.54515075683594,865.02392578125,15.831616458949547,88.50706847278295,-154.63860956384286,nan,nan,nan,nan,nan,nan
1753092219.223835,-67.07429504394531,225.1516571044922,835.1266479492188,16.888287533670375,88.60276094982382,-167.03206642075816,nan,nan,nan,nan,nan,nan
1753092219.2700765,-86.18193054199219,202.6233367919922,803.2344970703125,15.609245451055026,86.0937658023484,-158.13394673986187,nan,nan,nan,nan,nan,nan
1753092219.3151708,-77.41197204589844,192.3687744140625,762.5835571289062,28.607492735368055,83.27877032490075,179.31432316820252,nan,nan,nan,nan,nan,nan
1753092219.3616836,nan,nan,nan,nan,nan,nan,nan,nan,nan,nan,nan,nan
1753092219.4076846,-70.75659942626953,107.37794494628906,724.5281982421875,nan,nan,nan,nan,nan,nan,nan,nan,nan
1753092219.4529731,-228.636962890625,-75.55392456054688,724.9014282226562,-7.7155656252115605,-72.92488103339471,168.46445220160066,-197.7235107421875,-88.04417419433594,724.23193359375,-4.551939318746132,-91.24546458663691,2.085131790285212
1753092219.4989758,-92.98133087158203,10.556612968444824,692.490478515625,5.764820536563236,77.33315203516965,-5.191491466585281,-328.66326904296875,-0.1178830936551094,688.6345825195312,-15.022009663011492,-81.29980908097397,-9.970999303227225
1753092219.543492,-92.98133087158203,10.556612968444824,692.490478515625,5.764820536563236,77.33315203516965,-5.191491466585281,-328.66326904296875,-0.1178830936551094,688.6345825195312,-15.022009663011492,-81.29980908097397,-9.970999303227225
1753092219.5864916,-92.98133087158203,10.556612968444824,692.490478515625,5.764820536563236,77.33315203516965,-5.191491466585281,-328.66326904296875,-0.1178830936551094,688.6345825195312,-15.022009663011492,-81.29980908097397,-9.970999303227225
1753092219.6590147,-277.3811950683594,52.278289794921875,632.2380981445312,8.125733450180018,61.118424543915324,-0.5215082263597448,-36.02617263793945,123.09209442138672,523.9818725585938,54.00931639418324,115.02682642932677,102.6150314103292
1753092219.7345362,-264.7837829589844,109.0798568725586,622.6685180664062,-4.01043607870309,44.069133108675835,2.4962030886867113,nan,nan,nan,nan,nan,nan
1753092219.7775414,-262.6837158203125,117.73739624023438,617.72998046875,-2.5106575083461475,40.219752179699924,-1.0662899631329241,-16.646326065063477,136.4346466064453,488.5987854003906,40.55509096434412,143.53139589880658,179.34335347109155
1753092219.8195457,-252.78073120117188,132.38914489746094,613.9154052734375,-2.0407737843859683,34.00707394264251,2.313413895367728,-27.4251766204834,143.1397705078125,479.5204772949219,25.897981867953575,146.83913352139413,-178.9895165539725
1753092219.8630638,-252.78073120117188,132.38914489746094,613.9154052734375,-2.0407737843859683,34.00707394264251,2.313413895367728,-27.4251766204834,143.1397705078125,479.5204772949219,25.897981867953575,146.83913352139413,-178.9895165539725
1753092219.9060607,-252.78073120117188,132.38914489746094,613.9154052734375,-2.0407737843859683,34.00707394264251,2.313413895367728,-27.4251766204834,143.1397705078125,479.5204772949219,25.897981867953575,146.83913352139413,-178.9895165539725
1753092219.9425871,-252.78073120117188,132.38914489746094,613.9154052734375,-2.0407737843859683,34.00707394264251,2.313413895367728,-27.4251766204834,143.1397705078125,479.5204772949219,25.897981867953575,146.83913352139413,-178.9895165539725
1753092219.9815927,-252.78073120117188,132.38914489746094,613.9154052734375,-2.0407737843859683,34.00707394264251,2.313413895367728,-27.4251766204834,143.1397705078125,479.5204772949219,25.897981867953575,146.83913352139413,-178.9895165539725
1753092220.021603,-252.78073120117188,132.38914489746094,613.9154052734375,-2.0407737843859683,34.00707394264251,2.313413895367728,-27.4251766204834,143.1397705078125,479.5204772949219,25.897981867953575,146.83913352139413,-178.9895165539725
1753092220.0851145,-252.78073120117188,132.38914489746094,613.9154052734375,-2.0407737843859683,34.00707394264251,2.313413895367728,-27.4251766204834,143.1397705078125,479.5204772949219,25.897981867953575,146.83913352139413,-178.9895165539725
1753092220.1532168,-252.78073120117188,132.38914489746094,613.9154052734375,-2.0407737843859683,34.00707394264251,2.313413895367728,-27.4251766204834,143.1397705078125,479.5204772949219,25.897981867953575,146.83913352139413,-178.9895165539725
1753092220.2182405,-252.78073120117188,132.38914489746094,613.9154052734375,-2.0407737843859683,34.00707394264251,2.313413895367728,-27.4251766204834,143.1397705078125,479.5204772949219,25.897981867953575,146.83913352139413,-178.9895165539725
1753092220.2814822,-274.54925537109375,100.28207397460938,591.9824829101562,3.718419756993713,-0.6307986586661054,172.0457060064889,-48.82447052001953,10.193939208984375,593.6591796875,20.09741166848877,-156.63046610463388,11.403518957276772
1753092220.3445926,-272.1949768066406,149.18345642089844,586.9061889648438,2.3398433847802456,32.592573026262045,-4.031255720262579,-43.22703170776367,87.08511352539062,595.3438110351562,28.35651448932841,164.23988886641234,-14.666960074308793
1753092220.3886049,-278.09423828125,126.05724334716797,589.8235473632812,3.369089914157611,44.396213718599526,-3.1650376865264453,-44.6761589050293,66.88758850097656,599.3945922851562,30.808360593377852,165.3444933632375,5.9510625127818395
1753092220.4376605,nan,nan,nan,nan,nan,nan,-56.284549713134766,88.2678451538086,587.939208984375,15.922456481673146,150.662827055129,-112.60839116247847
1753092220.4846547,nan,nan,nan,nan,nan,nan,-56.86446762084961,52.55002975463867,593.9969482421875,17.341547723094695,140.0800667619142,-157.4997327739885
1753092220.5311747,-320.6150817871094,1.0832545757293701,616.9697875976562,20.055917150531638,23.59588884282208,nan,-5.73298454284668,-91.9729232788086,635.6443481445312,25.768262882096476,138.9341450906452,94.75453574150818
1753092220.5771759,nan,nan,nan,nan,nan,nan,5.266079425811768,-112.27035522460938,632.6852416992188,3.454079854696771,173.3837060416373,-72.18254554854207
1753092220.6211903,-299.05572509765625,115.7664566040039,595.3510131835938,10.065321943039722,8.367579688927972,156.7602717755736,6.401208400726318,25.163599014282227,624.488037109375,22.41373092369656,129.07036142881861,-12.463371709628314
1753092220.6787047,-309.99884033203125,259.332275390625,614.77783203125,28.026235806740683,18.906595986903607,28.52833162466986,817.6009521484375,1380.73095703125,8966.669921875,-56.40619606719063,133.90507145474206,-110.9484497464679
1753092220.7358398,-298.0374450683594,185.97366333007812,588.8063354492188,-0.9511688744518512,48.739003675984975,3.444123133857508,595.025634765625,1746.75927734375,6525.67578125,74.50124466008455,-109.3108994386089,5.781596764385622
1753092220.7898378,-303.7454528808594,180.07009887695312,595.5487670898438,11.555028898330582,13.178071297785742,-179.05939618104819,477.5987548828125,1320.8092041015625,7221.91455078125,59.662611425757085,130.50059235092198,-156.00839676718863
1753092220.8443604,-303.7454528808594,180.07009887695312,595.5487670898438,11.555028898330582,13.178071297785742,-179.05939618104819,477.5987548828125,1320.8092041015625,7221.91455078125,59.662611425757085,130.50059235092198,-156.00839676718863
1753092220.898359,-303.7454528808594,180.07009887695312,595.5487670898438,11.555028898330582,13.178071297785742,-179.05939618104819,477.5987548828125,1320.8092041015625,7221.91455078125,59.662611425757085,130.50059235092198,-156.00839676718863
1753092220.9448936,-303.7454528808594,180.07009887695312,595.5487670898438,11.555028898330582,13.178071297785742,-179.05939618104819,477.5987548828125,1320.8092041015625,7221.91455078125,59.662611425757085,130.50059235092198,-156.00839676718863
1753092221.0341055,-303.7454528808594,180.07009887695312,595.5487670898438,11.555028898330582,13.178071297785742,-179.05939618104819,477.5987548828125,1320.8092041015625,7221.91455078125,59.662611425757085,130.50059235092198,-156.00839676718863
1753092221.0791032,-303.7454528808594,180.07009887695312,595.5487670898438,11.555028898330582,13.178071297785742,-179.05939618104819,477.5987548828125,1320.8092041015625,7221.91455078125,59.662611425757085,130.50059235092198,-156.00839676718863
1753092221.1601768,-303.7454528808594,180.07009887695312,595.5487670898438,11.555028898330582,13.178071297785742,-179.05939618104819,477.5987548828125,1320.8092041015625,7221.91455078125,59.662611425757085,130.50059235092198,-156.00839676718863
1753092221.2372186,-303.7454528808594,180.07009887695312,595.5487670898438,11.555028898330582,13.178071297785742,-179.05939618104819,477.5987548828125,1320.8092041015625,7221.91455078125,59.662611425757085,130.50059235092198,-156.00839676718863
1753092221.315229,-303.7454528808594,180.07009887695312,595.5487670898438,11.555028898330582,13.178071297785742,-179.05939618104819,477.5987548828125,1320.8092041015625,7221.91455078125,59.662611425757085,130.50059235092198,-156.00839676718863
1753092221.3977551,-303.7454528808594,180.07009887695312,595.5487670898438,11.555028898330582,13.178071297785742,-179.05939618104819,477.5987548828125,1320.8092041015625,7221.91455078125,59.662611425757085,130.50059235092198,-156.00839676718863
1753092221.478269,-303.7454528808594,180.07009887695312,595.5487670898438,11.555028898330582,13.178071297785742,-179.05939618104819,477.5987548828125,1320.8092041015625,7221.91455078125,59.662611425757085,130.50059235092198,-156.00839676718863
1753092221.5567918,-303.7454528808594,180.07009887695312,595.5487670898438,11.555028898330582,13.178071297785742,-179.05939618104819,477.5987548828125,1320.8092041015625,7221.91455078125,59.662611425757085,130.50059235092198,-156.00839676718863
1753092221.625802,-0.7244040369987488,155.3153839111328,552.40234375,21.54596385531236,68.41454454206111,171.57574668729654,nan,nan,nan,nan,nan,nan
1753092221.6973157,-3.9143569469451904,155.18051147460938,551.9226684570312,-19.575350682574793,120.10168518759193,-138.95632879775187,-268.7033996582031,81.6407470703125,589.16943359375,nan,nan,nan
1753092221.7458332,-3.9143569469451904,155.18051147460938,551.9226684570312,-19.575350682574793,120.10168518759193,-138.95632879775187,-268.7033996582031,81.6407470703125,589.16943359375,nan,nan,nan
1753092221.7908382,-3.9143569469451904,155.18051147460938,551.9226684570312,-19.575350682574793,120.10168518759193,-138.95632879775187,-268.7033996582031,81.6407470703125,589.16943359375,nan,nan,nan
1753092221.863363,-3.9143569469451904,155.18051147460938,551.9226684570312,-19.575350682574793,120.10168518759193,-138.95632879775187,-268.7033996582031,81.6407470703125,589.16943359375,nan,nan,nan
1753092221.9288733,-3.9143569469451904,155.18051147460938,551.9226684570312,-19.575350682574793,120.10168518759193,-138.95632879775187,-268.7033996582031,81.6407470703125,589.16943359375,nan,nan,nan
1753092221.9938867,-3.9143569469451904,155.18051147460938,551.9226684570312,-19.575350682574793,120.10168518759193,-138.95632879775187,-268.7033996582031,81.6407470703125,589.16943359375,nan,nan,nan
1753092222.0574057,-3.9143569469451904,155.18051147460938,551.9226684570312,-19.575350682574793,120.10168518759193,-138.95632879775187,-268.7033996582031,81.6407470703125,589.16943359375,nan,nan,nan
1753092222.123413,24.688112258911133,-37.772891998291016,630.5294189453125,11.873383868470508,132.37050037272482,174.41652554741714,nan,nan,nan,nan,nan,nan
1753092222.1889207,-6.572090148925781,61.215450286865234,600.4036254882812,21.369461059562102,112.74241492340242,165.81797199030208,-271.9787292480469,67.9844970703125,588.8866577148438,11.134211899852748,91.8204820660258,13.53897066516906
1753092222.2394495,-16.80542755126953,78.8854751586914,594.0692138671875,20.312617970432996,113.99797094826619,177.58842235142063,-274.44451904296875,70.30429077148438,589.3081665039062,15.436993375566864,89.20699082405474,42.75824837265839
1753092222.2894485,-10.86397647857666,130.08116149902344,582.3964233398438,17.174203398198323,137.56395319177412,-176.83967014521673,-259.37060546875,84.59468078613281,586.0384521484375,5.800540607448793,83.28412845679313,-13.165423206525507
1753092222.341975,-7.721677780151367,77.33900451660156,599.8319091796875,28.604968449196218,127.21260497444419,171.95203890445688,-262.168701171875,99.7503890991211,582.2210083007812,3.949784987020001,79.71125898771768,-23.642422624788175
1753092222.391973,-6.497816562652588,101.70304107666016,593.6182250976562,22.279321750942625,115.55637034881694,169.11381369807268,-261.7671203613281,87.65057373046875,583.8275756835938,5.0457197644698,85.09650355104847,-25.208445328707437
1753092222.436502,-1.8689597845077515,173.39149475097656,577.1386108398438,45.21335034660064,96.96628379678441,-160.49350562462465,-322.7890319824219,133.949951171875,621.1531982421875,-21.6213353620493,118.12821016560156,-66.07975659866317
1753092222.479505,3.5506155490875244,176.39511108398438,555.0933837890625,25.094838311619224,90.17163562123646,-157.25058908558321,-399.8872985839844,206.72145080566406,631.3834228515625,80.2922579138397,72.85500574388847,-53.95826412568101
1753092222.5275152,7.8839335441589355,174.39773559570312,558.9765625,29.748127620429663,88.24893688667575,177.16295863928434,-405.4201354980469,196.43348693847656,599.9612426757812,80.31601270996352,70.29929513465642,-59.18261640150914
1753092222.5720317,10.128506660461426,169.44627380371094,564.0068359375,32.16187038439678,85.0746837521573,159.42180159002646,-418.56097412109375,174.5414581298828,573.608154296875,54.53324098172952,97.49282711275404,-19.336583690243657
1753092222.618043,16.63628578186035,171.48487854003906,563.5631103515625,33.62779968729142,87.56351846956879,154.29524298157503,-435.3275146484375,171.96798706054688,572.4004516601562,41.6260338843533,109.01007012130916,-62.812031425232796
1753092222.6655507,20.100679397583008,172.16781616210938,569.4133911132812,35.73299195435234,87.78528847336011,167.05271157829463,-486.24212646484375,171.23902893066406,592.7865600585938,-45.36840722855322,157.26912488285677,168.25285095789732
1753092222.7095456,22.522628784179688,166.16552734375,575.223388671875,32.98100236293735,87.0699284715796,161.81387891607918,nan,nan,nan,nan,nan,nan
1753092222.7529137,22.688974380493164,165.15956115722656,579.4718017578125,30.704567921838144,87.0137597611455,164.12803235860187,nan,nan,nan,nan,nan,nan
1753092222.7969139,22.688974380493164,165.15956115722656,579.4718017578125,30.704567921838144,87.0137597611455,164.12803235860187,nan,nan,nan,nan,nan,nan
1753092222.8410957,22.688974380493164,165.15956115722656,579.4718017578125,30.704567921838144,87.0137597611455,164.12803235860187,nan,nan,nan,nan,nan,nan
1753092222.9040966,22.688974380493164,165.15956115722656,579.4718017578125,30.704567921838144,87.0137597611455,164.12803235860187,nan,nan,nan,nan,nan,nan
1753092222.9416106,22.688974380493164,165.15956115722656,579.4718017578125,30.704567921838144,87.0137597611455,164.12803235860187,nan,nan,nan,nan,nan,nan
1753092223.0036104,22.688974380493164,165.15956115722656,579.4718017578125,30.704567921838144,87.0137597611455,164.12803235860187,nan,nan,nan,nan,nan,nan
1753092223.0661333,22.688974380493164,165.15956115722656,579.4718017578125,30.704567921838144,87.0137597611455,164.12803235860187,nan,nan,nan,nan,nan,nan
1753092223.1316562,22.688974380493164,165.15956115722656,579.4718017578125,30.704567921838144,87.0137597611455,164.12803235860187,nan,nan,nan,nan,nan,nan
1753092223.1946564,22.688974380493164,165.15956115722656,579.4718017578125,30.704567921838144,87.0137597611455,164.12803235860187,nan,nan,nan,nan,nan,nan
1753094680.1980288,nan,nan,nan,nan,nan,nan,nan,nan,nan,nan,nan,nan
1753094680.377558,-393.18121337890625,3555.86376953125,5015.22607421875,nan,nan,nan,-417.3890686035156,577.3013305664062,951.2679443359375,nan,nan,nan
1753094680.4339957,-276.5335693359375,2179.473388671875,3073.951171875,-48.241297071478655,127.42593148925549,150.27963561457918,-386.6138916015625,506.23419189453125,847.622802734375,nan,nan,nan
1753094680.4910016,-345.3509216308594,2976.939208984375,4198.705078125,-51.142264371334434,118.35547374525694,157.2046870249918,-372.44122314453125,492.34344482421875,827.0331420898438,3.4781400137660636,80.02387931549877,nan
1753094680.5465436,nan,nan,nan,nan,nan,nan,-354.42340087890625,454.0223083496094,780.3445434570312,7.213233326328518,76.59232963988795,nan
1753094680.6040719,nan,nan,nan,nan,nan,nan,-371.1541748046875,456.92083740234375,820.6632690429688,-0.4212093076699512,-44.96943751200826,66.79383182101863
1753094680.6510804,nan,nan,nan,nan,nan,nan,-353.1201171875,439.2335205078125,780.7879638671875,6.289681967412408,59.288025184649676,0.043988811147901694
1753094680.6996129,-36.07857131958008,462.8064880371094,652.7469482421875,nan,nan,nan,-351.552001953125,452.27117919921875,801.21923828125,19.577138808990163,12.12677979063627,3.5229040140964543
1753094680.7466102,nan,nan,nan,nan,nan,nan,-346.7578125,454.08099365234375,804.4253540039062,12.724897485185274,22.81684960402325,11.049912202294312
1753094680.7926245,nan,nan,nan,nan,nan,nan,-342.3279724121094,444.7613220214844,790.6142578125,1.8614034121452612,-12.179187274711577,-10.593954792179801
1753094680.843138,-615.6882934570312,5522.77587890625,7853.41650390625,nan,nan,nan,-322.1552734375,450.6436767578125,801.0708618164062,6.28143399302973,-20.999567296746132,6.4600509844467044
1753094680.8911424,-212.0836639404297,1836.4132080078125,2640.33154296875,nan,nan,nan,-326.8184814453125,450.47900390625,789.9535522460938,-15.563436299927424,-8.992063561475266,-17.729325510066214
1753094680.9403188,-195.43626403808594,1912.28271484375,2764.73486328125,4.778443620128857,170.7840145946954,163.40008538809408,-377.798583984375,462.3852844238281,794.71826171875,-6.98332508625288,141.8651035463866,nan
1753094680.9893243,nan,nan,nan,nan,nan,nan,-390.073974609375,479.84381103515625,813.9410400390625,16.756672170619478,122.45232523357068,nan
1753094681.0375412,nan,nan,nan,nan,nan,nan,-392.8168029785156,485.5431823730469,826.309814453125,-7.075255380391317,141.8151678802178,nan
1753094681.0895586,nan,nan,nan,nan,nan,nan,-388.4721374511719,476.1595153808594,823.85009765625,-14.098150130962376,171.6536309136885,-166.71268803797003
1753094681.1430779,-103.70980834960938,2158.033935546875,3043.712646484375,-34.437561324320065,150.91185716154823,-45.46909173301674,-378.5216369628906,466.22686767578125,809.36328125,-5.547028493420301,134.57396858081847,142.97517631212355
1753094681.1900966,-33.56673812866211,446.1407165527344,629.2413330078125,nan,nan,nan,-383.7566833496094,474.6306457519531,823.9522094726562,-21.908204008496117,133.20282015586082,-124.81684817650972
1753094681.2436075,-192.29287719726562,1955.814453125,2796.505615234375,nan,nan,nan,-356.3892822265625,455.1932067871094,798.2203369140625,-0.9010142539374028,-33.48566185708238,32.48844199918546
1753094681.2916155,-282.92120361328125,2021.13671875,2955.046875,nan,nan,nan,-336.3911437988281,436.8927307128906,787.4168090820312,-67.92023705069312,-32.14500134923888,49.13624635055051
1753094681.3363745,-78.6280517578125,506.0283508300781,746.1569213867188,nan,nan,nan,-318.4725036621094,418.5885009765625,784.3956298828125,-41.738274022769595,-69.81190386232701,68.80956482377735
1753094681.3823767,-129.72560119628906,817.5543212890625,1208.948486328125,nan,nan,nan,-323.4236145019531,419.12786865234375,785.4063720703125,-30.541422614891594,-67.82259944700637,95.05999168871371
1753094681.428891,nan,nan,nan,nan,nan,nan,-333.518310546875,425.3777160644531,791.402099609375,-62.14793192483889,-84.43943968015573,115.06533559231762
1753094681.4738967,-82.42765808105469,519.4739990234375,768.1658935546875,nan,nan,nan,-334.8994445800781,423.5802001953125,776.9157104492188,-24.16168677756483,-77.65633067705892,125.49504541017994
1753094681.5194204,nan,nan,nan,nan,nan,nan,-362.3875732421875,458.6758117675781,829.5579833984375,34.36057979675244,-52.43564331907384,-33.724670318475745
1753094681.5634205,-300.7978210449219,1901.0845947265625,2803.21728515625,-53.07605405755909,107.05941386898857,nan,-348.2317199707031,451.80364990234375,811.472412109375,23.64827320975146,-25.044682825833995,0.07577482038700611
1753094681.6079438,-1402.5665283203125,9246.9375,13557.88671875,57.80881497795812,-99.0774534901199,nan,-337.4549560546875,446.4247741699219,782.8441162109375,15.315293473935775,3.658371063948882,6.82774902629277
1753094681.6529357,-1708.0823974609375,11696.9599609375,17150.1171875,20.520800587242228,177.65925639755088,nan,-328.2699279785156,445.70428466796875,778.9483032226562,12.602259487681243,1.317734892183526,-6.389019947604141
1753094681.6990643,-82.06999206542969,565.1918334960938,824.029296875,nan,nan,nan,-344.76153564453125,471.2486267089844,818.0810546875,7.1636251136619,4.866958260653081,11.620714289770586
1753094681.7700675,-279.0054626464844,2039.8380126953125,2974.01025390625,nan,nan,nan,-326.0764465332031,454.93157958984375,784.5057373046875,24.941488783177807,-15.645841329729762,-9.276157360606438
1753094681.8602927,-280.3768615722656,2049.864501953125,2988.62841796875,nan,nan,nan,-323.5020751953125,451.3398742675781,778.3120727539062,7.010806100376853,-11.763111009336274,-3.896389652162538
1753094681.9428675,-251.97276306152344,1852.55126953125,2685.85986328125,nan,nan,nan,-357.0345153808594,477.10125732421875,817.3040771484375,27.56051141021907,-2.734197816739539,nan
1753094682.0164032,nan,nan,nan,nan,nan,nan,-342.13262939453125,446.8692626953125,762.995849609375,19.653522973077795,80.78525205153719,nan
1753094682.087413,nan,nan,nan,nan,nan,nan,-362.3738098144531,468.819580078125,797.84912109375,1.4656250933425843,89.33280687301631,nan
1753094682.1599605,-99.92278289794922,1867.937744140625,2634.55810546875,-34.92040085886523,150.33091668005883,134.86150727695443,-359.35809326171875,457.1590881347656,778.0050048828125,-0.9302209126293073,134.9170520224215,nan
1753094682.2785382,-148.70863342285156,2310.3662109375,3258.563720703125,-52.85791864421408,110.60084267549442,-16.680314224450605,-370.2526550292969,470.60003662109375,798.2611083984375,27.062938319742017,-162.4699078626378,nan
1753094682.369646,-39.20493698120117,561.6598510742188,792.1707153320312,nan,nan,nan,-368.6796875,468.6006774902344,794.8697509765625,-17.45658917103496,133.39804027848524,nan
1753094682.4641674,nan,nan,nan,nan,nan,nan,-388.0749816894531,485.57952880859375,813.0392456054688,-30.88905001670032,136.55504826586863,-162.0290909919966
1753094682.5484111,nan,nan,nan,nan,nan,nan,-386.15606689453125,483.5718078613281,812.2986450195312,4.940268035943992,126.75547237265057,90.41153380144218
1753094682.6255832,-33.30206298828125,439.0136413574219,624.2797241210938,4.003705997168036,179.06992096464595,-137.49945506278752,-400.072265625,503.0378723144531,844.99755859375,nan,nan,nan
1753094682.7061183,-561.5523071289062,6922.91064453125,9817.51171875,-38.5780425926798,143.72016892278748,138.96557498060736,-375.3935241699219,475.0635986328125,792.873291015625,82.12733403813516,-85.0059194488046,-127.27043099700877
1753094682.786121,-46.314456939697266,519.9761352539062,735.37841796875,-15.244906297368285,167.8487921731493,-55.153241647688816,nan,nan,nan,nan,nan,nan
1753094682.8566391,nan,nan,nan,nan,nan,nan,-390.9624328613281,498.38604736328125,829.13134765625,-40.23018597798667,123.99874662623168,72.60706046372721
1753094682.9535713,-214.2308349609375,2340.13671875,3300.55224609375,nan,nan,nan,nan,nan,nan,nan,nan,nan
1753094683.0241237,nan,nan,nan,nan,nan,nan,-389.5376281738281,494.548583984375,822.7471923828125,43.58954039353366,139.92873215771456,97.49947540304223
1753094683.1067672,-80.25907135009766,619.2879028320312,873.449951171875,-48.39596559401402,127.0159283178107,nan,-358.5625915527344,455.223388671875,757.324462890625,12.801603836930298,126.63443856220164,87.96675033887885
1753094683.2043397,-535.6114501953125,3358.11865234375,4736.32421875,50.08817688855949,-122.04677448721684,-25.6487441455385,-378.6017761230469,494.7615661621094,823.1015014648438,-8.994979542869364,106.76241210163613,69.32783058244506
1753094683.3048754,-318.35687255859375,2223.330322265625,3135.807373046875,nan,nan,nan,-348.4046325683594,468.53741455078125,776.983154296875,6.777728051506656,99.12072096751933,70.46425730299089
1753094683.3898702,-238.5551300048828,1698.25,2395.228759765625,54.64776442895602,-88.08699118372864,nan,-341.8992614746094,464.3059387207031,772.4345092773438,0.8594011822040083,99.17196974663175,-35.83258316146739
1753094683.4617438,nan,nan,nan,nan,nan,nan,-326.3496398925781,457.1209411621094,760.4813232421875,11.684481768980433,84.90837366456752,nan
1753094683.5442054,-625.4991455078125,4540.72607421875,6404.2861328125,nan,nan,nan,-346.582275390625,482.68218994140625,800.4396362304688,-3.602460793608827,91.56217047484947,nan
1753094683.6118345,-280.82635498046875,2365.31640625,3336.06591796875,-29.808282070970126,156.03416276342983,nan,-334.833251953125,466.31939697265625,773.304931640625,0.06087491606746,97.10326771032679,nan
1753094683.6948316,nan,nan,nan,nan,nan,nan,-343.1343688964844,479.4075012207031,792.4765625,-1.5445446397019544,104.45844300047312,nan
1753094683.7943857,-50.19907760620117,510.5757751464844,730.0426635742188,nan,nan,nan,-335.4859619140625,470.50604248046875,767.9762573242188,nan,nan,nan
1753094683.8810542,nan,nan,nan,nan,nan,nan,-340.5851745605469,470.28912353515625,762.8232421875,-18.267374567929078,115.93172212204998,nan
1753094683.9790843,-170.47129821777344,1705.200927734375,2479.155517578125,nan,nan,nan,-381.763427734375,518.2022705078125,840.5398559570312,-51.66338655570036,125.99611293395634,nan
1753094684.0597694,nan,nan,nan,nan,nan,nan,nan,nan,nan,nan,nan,nan
1753094684.1374316,-186.23988342285156,1857.7122802734375,2708.477294921875,-41.71840542030253,132.0965691032337,146.5832225761443,nan,nan,nan,nan,nan,nan
1753094684.207937,-53.85921096801758,522.5905151367188,761.9181518554688,nan,nan,nan,nan,nan,nan,nan,nan,nan
1753094684.2842135,-45.230308532714844,451.1648864746094,657.7821044921875,nan,nan,nan,nan,nan,nan,nan,nan,nan
1753094684.368048,-51.567352294921875,500.3528747558594,729.4963989257812,nan,nan,nan,-298.18621826171875,409.5124816894531,640.2265014648438,nan,nan,nan
1753094684.456499,nan,nan,nan,nan,nan,nan,-2034.6964111328125,2704.806396484375,4228.6591796875,nan,nan,nan
1753094684.5395374,nan,nan,nan,nan,nan,nan,-452.7648010253906,594.7330932617188,929.7980346679688,nan,nan,nan
1753094684.669251,-191.83712768554688,1861.37646484375,2713.819580078125,nan,nan,nan,-366.69940185546875,470.91162109375,738.4419555664062,nan,nan,nan
1753094684.7479131,-702.7206420898438,5357.7822265625,7811.45263671875,-51.20732034624453,113.82579826241067,-35.033492380407566,inf,inf,inf,nan,nan,nan
1753094684.8489335,-1309.5594482421875,9018.55078125,13148.720703125,55.91199584469781,-117.84921635516109,nan,nan,nan,nan,nan,nan,nan
1753094684.9494867,-1192.341064453125,7621.4189453125,11111.7529296875,57.04867453839617,-102.55451643474167,-5.894411392112008,-711.57568359375,892.9521484375,1379.406005859375,nan,nan,nan
1753094685.0266454,-259.42388916015625,1658.2320556640625,2417.642333984375,56.04389412525628,-86.21363186897803,nan,-602.635009765625,762.9970703125,1168.221923828125,nan,nan,nan
1753094685.0996578,-344.3152160644531,2293.507568359375,3391.496337890625,-47.73576487588021,120.83443947839912,nan,-691.1234741210938,883.4967651367188,1344.78271484375,nan,nan,nan
1753094685.1763484,-79.01592254638672,526.33056640625,778.3048706054688,nan,nan,nan,nan,nan,nan,nan,nan,nan
1753094685.2530296,-72.52657318115234,512.2770385742188,757.5233764648438,-20.843128372812544,148.39928272556958,-141.6232012507335,nan,nan,nan,nan,nan,nan
1753094685.3265624,-308.3626403808594,2222.799560546875,3286.937744140625,-10.973124893600897,155.7093229643541,-96.0607410878765,nan,nan,nan,nan,nan,nan
1753094685.4060817,-231.5533447265625,1740.6400146484375,2573.9501953125,-49.451332899936716,115.78925490029066,-72.19326571326512,-521.1224365234375,689.6254272460938,1013.9959716796875,85.0427074257975,-86.56689907115553,175.6098842699573
1753094685.5058312,-242.10337829589844,1825.1334228515625,2691.224609375,nan,nan,nan,nan,nan,nan,nan,nan,nan
1753094685.586837,-72.71885681152344,548.2022705078125,808.3438720703125,nan,nan,nan,-929.252685546875,1242.526123046875,1821.79541015625,nan,nan,nan
1753094685.6799622,-89.17514038085938,686.9768676757812,1012.9720458984375,-46.17198289298519,122.48415757440542,-53.7935554986084,-1131.4813232421875,1512.930908203125,2218.263671875,84.07830841061794,-107.66075509642003,nan
1753094685.7521317,-64.20845031738281,496.047119140625,729.3666381835938,nan,nan,nan,-631.366943359375,838.6619262695312,1233.1329345703125,55.66534792438984,-55.0220713813241,nan
1753094685.8360944,-199.3599395751953,1574.64013671875,2315.2841796875,nan,nan,nan,nan,nan,nan,nan,nan,nan
1753094685.9158018,nan,nan,nan,nan,nan,nan,nan,nan,nan,nan,nan,nan
1753094685.9988165,-55.01852798461914,470.5293884277344,701.789306640625,nan,nan,nan,nan,nan,nan,nan,nan,nan
1753094686.0935931,-55.28306579589844,484.7065734863281,722.9344482421875,nan,nan,nan,nan,nan,nan,nan,nan,nan
1753094686.167324,-57.94845962524414,509.536376953125,757.7896728515625,nan,nan,nan,nan,nan,nan,nan,nan,nan
1753094686.2918448,-55.057945251464844,484.12030029296875,719.9905395507812,nan,nan,nan,nan,nan,nan,nan,nan,nan
1753094686.3830173,-61.5820198059082,541.4859619140625,805.3056030273438,nan,nan,nan,nan,nan,nan,nan,nan,nan
1753094686.452633,-80.69374084472656,711.5673828125,1055.228759765625,-39.0097186578017,131.8857984481558,-55.058426009797245,nan,nan,nan,nan,nan,nan
1753094686.5291996,-60.60994338989258,535.9934692382812,792.5938110351562,-49.5324788576323,115.8641834651778,-68.1467854693265,nan,nan,nan,nan,nan,nan
1753094686.61189,-55.693382263183594,511.0067443847656,747.1285400390625,-24.478361272646723,149.93210029080402,155.02996834153905,-471.62152099609375,605.9182739257812,938.7993774414062,-23.95112602437935,137.00150628419698,156.80852640502553
1753094686.6937542,-62.94453430175781,566.1566162109375,823.1231689453125,nan,nan,nan,-719.9249267578125,907.5206909179688,1406.0970458984375,-26.630028041633757,140.67461242284998,-93.78910637046924
1753094686.786694,-58.828861236572266,523.2078857421875,769.3026733398438,nan,nan,nan,-643.7138671875,794.4905395507812,1257.247802734375,32.144266381063815,159.11323099402054,-119.85384284821465
1753094686.8799818,nan,nan,nan,nan,nan,nan,nan,nan,nan,nan,nan,nan
1753094686.9528115,-50.8494873046875,447.11566162109375,664.9567260742188,nan,nan,nan,nan,nan,nan,nan,nan,nan
1753094687.0279734,nan,nan,nan,nan,nan,nan,nan,nan,nan,nan,nan,nan
1753094687.1114733,-55.351226806640625,474.73529052734375,706.0330200195312,nan,nan,nan,nan,nan,nan,nan,nan,nan
1753094687.2180743,-213.34442138671875,1524.7232666015625,2274.107666015625,57.77013773842395,-93.01217430681403,nan,nan,nan,nan,nan,nan,nan
1753094687.3095987,-84.57101440429688,549.6884155273438,817.50439453125,nan,nan,nan,nan,nan,nan,nan,nan,nan
1753094687.391616,-85.84320068359375,550.8931884765625,814.6265869140625,-41.24974786188757,132.89277574979585,nan,nan,nan,nan,nan,nan,nan
1753094687.4563625,-88.21856689453125,567.7503051757812,837.1681518554688,nan,nan,nan,nan,nan,nan,nan,nan,nan
1753094687.5411596,-262.9605407714844,1682.7232666015625,2495.417724609375,nan,nan,nan,nan,nan,nan,nan,nan,nan
1753094687.6276724,-341.5619201660156,2134.182373046875,3183.109130859375,nan,nan,nan,nan,nan,nan,nan,nan,nan
1753094687.714192,-73.91914367675781,475.7231750488281,701.4708251953125,nan,nan,nan,nan,nan,nan,nan,nan,nan
1753094687.7952092,nan,nan,nan,nan,nan,nan,-585.1537475585938,716.367431640625,1169.2796630859375,-44.498611158257354,134.85976748307192,-88.68594961999766
1753094687.9057913,-317.2652587890625,1980.979736328125,2904.518310546875,-47.41308709641833,124.50214196642213,162.27235491935076,nan,nan,nan,nan,nan,nan
1753094687.9993296,-302.1242980957031,1886.4405517578125,2765.90478515625,-40.4846636437991,135.14423189335426,143.95166793755675,nan,nan,nan,nan,nan,nan
1753094688.0873077,nan,nan,nan,nan,nan,nan,nan,nan,nan,nan,nan,nan
1753094688.1709704,-310.78887939453125,1917.6751708984375,2795.901123046875,-49.198036218363875,119.65707713288717,161.5173006354543,nan,nan,nan,nan,nan,nan
1753094688.2474685,-81.42809295654297,554.763671875,802.064697265625,-49.973770034981946,118.75583160162746,nan,nan,nan,nan,nan,nan,nan
1753094688.3400543,nan,nan,nan,nan,nan,nan,nan,nan,nan,nan,nan,nan
1753094688.4352996,nan,nan,nan,nan,nan,nan,-642.7510986328125,770.0911865234375,1241.3505859375,59.20196260240916,168.89903414891887,-124.08929332358632
1753094688.5240545,-341.42791748046875,2180.038818359375,3125.72412109375,-48.69466337779531,123.44706163732253,153.5506160838278,nan,nan,nan,nan,nan,nan
1753094688.5980573,-197.62611389160156,1322.46533203125,1875.413330078125,52.68324693702399,-114.85707543089875,nan,-694.0614624023438,861.1299438476562,1371.064208984375,-29.984252448819845,132.15043076013666,-68.35658903885839
1753094688.6855626,-72.34224700927734,471.5047302246094,674.17724609375,nan,nan,nan,-577.3589477539062,722.3775634765625,1136.2021484375,87.017113199824,-145.12236905849187,-3.235588189562774
1753094688.7526069,-75.85603332519531,497.13116455078125,706.9231567382812,-48.097945460029614,126.17279195034908,nan,-662.873291015625,836.3728637695312,1319.5008544921875,87.53127739079653,75.11061895440946,nan
1753094688.8290055,-73.05833435058594,513.0267333984375,733.547119140625,nan,nan,nan,nan,nan,nan,nan,nan,nan
1753094688.9206045,-274.44976806640625,1811.4547119140625,2604.447021484375,nan,nan,nan,-691.8561401367188,883.849853515625,1398.6551513671875,-10.625314350692243,125.45270031499041,nan
1753094689.0056286,-105.7542953491211,761.8750610351562,1104.5792236328125,-31.241061873530246,146.48632555959617,nan,-682.638916015625,873.5623168945312,1390.8587646484375,29.41524544585727,132.61457817856038,nan
1753094689.0864587,-62.40519714355469,465.2243957519531,665.1973266601562,nan,nan,nan,-634.9656372070312,796.9103393554688,1268.8157958984375,-8.482230431693662,137.19613719918968,-81.46178873113435
1753094689.177189,-273.3557434082031,2037.839111328125,2913.787841796875,nan,nan,nan,-677.1219482421875,843.3233642578125,1342.713134765625,-17.862128135864854,138.68560902849683,-98.47350852046857
1753094689.2658386,-327.0843200683594,2549.857177734375,3635.8740234375,-53.22349514064717,108.03432947386621,nan,-667.9007568359375,831.8388671875,1324.4278564453125,-6.028573558787694,137.55333218330298,-81.05186369508226
1753094689.3530273,nan,nan,nan,nan,nan,nan,nan,nan,nan,nan,nan,nan
1753094689.4414446,nan,nan,nan,nan,nan,nan,-711.803466796875,879.7933959960938,1400.7796630859375,65.40166578830156,-60.863891468937965,-106.9622133357678
1753094689.5277092,nan,nan,nan,nan,nan,nan,nan,nan,nan,nan,nan,nan
1753094689.6122096,nan,nan,nan,nan,nan,nan,nan,nan,nan,nan,nan,nan
1753094689.6942194,-83.58057403564453,737.3975830078125,1066.1126708984375,nan,nan,nan,-632.221923828125,792.8483276367188,1258.4869384765625,9.89313334949066,135.90182440342016,-29.851445769719668
1753094689.795463,-58.52122497558594,506.23931884765625,746.4679565429688,-51.91426665838162,110.93707754694036,nan,nan,nan,nan,nan,nan,nan
1753094689.8715892,-51.76398849487305,454.1478576660156,660.2760009765625,nan,nan,nan,-541.5576782226562,673.9784545898438,1069.804931640625,8.848529970986243,135.7808032003359,-76.37206666610773
1753094689.9667299,-54.063716888427734,474.3243713378906,689.6101684570312,nan,nan,nan,-595.2109985351562,737.4024658203125,1166.9083251953125,79.2860871890268,146.86197760736707,-18.151166755771357
1753094690.0579793,nan,nan,nan,nan,nan,nan,-604.071044921875,746.0968017578125,1184.2783203125,39.807265544242206,144.090962242709,102.40632918953659
1753094690.158216,nan,nan,nan,nan,nan,nan,-515.9432983398438,637.2490234375,1011.5044555664062,-25.149326718788007,134.5931110770012,-85.38854102397029
1753094690.224021,-54.370933532714844,478.0794677734375,711.0065307617188,nan,nan,nan,-497.6585693359375,617.9711303710938,971.9849243164062,-33.89194250504783,130.39421744813606,-64.45634321812493
1753094690.30001,-56.85274887084961,498.4691467285156,743.4611206054688,nan,nan,nan,-857.083251953125,1064.289306640625,1673.9830322265625,31.423531564637763,138.06536533101732,-81.3035973382805
1753094690.396097,-79.57431030273438,697.6854858398438,1040.590087890625,nan,nan,nan,-752.3445434570312,931.3975830078125,1469.416259765625,-32.96624687446869,131.79651344842105,nan
1753094690.4751441,-62.639892578125,547.630615234375,819.139404296875,nan,nan,nan,-937.4796752929688,1143.3792724609375,1803.8485107421875,79.44257490113444,160.66222770313004,-50.7084459940308
1753094690.5689602,nan,nan,nan,nan,nan,nan,-707.5797119140625,862.9862060546875,1361.4873046875,73.16227085893844,-65.51481342569448,nan
1753094690.6488044,-54.751285552978516,482.8036804199219,715.9804077148438,nan,nan,nan,-695.891845703125,853.3084106445312,1334.05126953125,-30.052210051463284,132.23302419042952,-82.1935374561357
1753094690.7365086,nan,nan,nan,nan,nan,nan,-997.7891235351562,1223.497314453125,1912.7999267578125,-5.244457133849486,134.56109587021828,nan
1753094690.8240666,-202.37747192382812,1789.68994140625,2646.482177734375,-43.92738114533163,125.29381614954964,-153.82641358198214,nan,nan,nan,nan,nan,nan
1753094690.8950348,-162.69554138183594,1650.890380859375,2434.297119140625,-42.32632655099355,127.97597867739377,145.74266405049767,-771.1973876953125,922.9478149414062,1425.742431640625,nan,nan,nan
1753094690.9845679,-59.57427978515625,590.9043579101562,866.3857421875,nan,nan,nan,-670.9102172851562,800.53662109375,1240.337646484375,24.608506424230733,139.87495854626624,-81.63635438514568
1753094691.0773668,-196.78578186035156,1853.4976806640625,2709.94677734375,-38.430230493876984,134.92651088273556,-97.40564847362958,nan,nan,nan,nan,nan,nan
1753094691.1659334,-169.2423095703125,1848.3106689453125,2687.219970703125,-46.062254204194126,123.38213672695268,-65.84436684628649,-736.208984375,867.7705078125,1332.5721435546875,nan,nan,nan
1753094691.2408717,-199.59768676757812,2054.1171875,2986.4375,-43.43165511279981,127.6871525907997,143.0416898006372,-708.30908203125,831.9827880859375,1277.615478515625,58.6577850076818,159.8363816664696,nan
1753094691.3203952,-47.92972183227539,493.258544921875,717.13818359375,-33.41096183268902,140.77878856514948,157.3209526002186,-1012.1555786132812,1185.36376953125,1825.6798095703125,63.56028248724577,-55.572506584030336,77.54120570378252
1753094691.4219759,-39.505313873291016,459.56561279296875,668.1527099609375,-47.119381691080065,121.67649037066299,nan,-718.5906372070312,849.9686889648438,1305.235107421875,46.50706759707581,146.53992580687608,-76.34222516704565
1753094691.500982,-156.53675842285156,1856.707763671875,2647.50341796875,nan,nan,nan,-636.5912475585938,752.9774780273438,1156.2928466796875,-5.037286658292896,136.467729795668,-61.55538669486469
1753094691.5751817,-43.91520309448242,507.21600341796875,719.292724609375,nan,nan,nan,-620.718994140625,727.6851196289062,1127.4627685546875,14.186585161997597,140.92788018869302,-69.02818355041344
1753094691.6572373,nan,nan,nan,nan,nan,nan,-833.5889282226562,984.1278076171875,1524.7906494140625,62.88476091084324,-54.2503005024941,79.5866736558082
1753094691.7431033,-186.40216064453125,2164.69287109375,3053.104736328125,-53.20702188183193,108.55829765229991,164.9516696182824,-720.0910034179688,847.5947265625,1317.181640625,nan,nan,nan
1753094691.827649,-41.50284957885742,497.6828918457031,701.9369506835938,nan,nan,nan,-909.8609619140625,1074.173828125,1664.3065185546875,nan,nan,nan
1753094691.9252486,nan,nan,nan,nan,nan,nan,-893.2686157226562,1055.73046875,1645.5574951171875,60.14171360862348,-53.9315837352719,102.8337488094116
1753094692.0188642,nan,nan,nan,nan,nan,nan,-827.7200927734375,975.8477783203125,1530.2381591796875,-33.3986570800419,134.39942987241596,nan
1753094692.0990138,nan,nan,nan,nan,nan,nan,-814.1048583984375,954.9990234375,1515.8685302734375,61.636886394395404,-57.850021469811544,63.49158027235368
1753094692.1607747,-75.26251220703125,810.9522705078125,1159.5335693359375,nan,nan,nan,-659.3526611328125,777.097900390625,1241.0791015625,0.5613559167280127,145.42408875364404,-79.21011665710547
1753094692.2462234,nan,nan,nan,nan,nan,nan,nan,nan,nan,nan,nan,nan
1753094692.32093,-214.36257934570312,2011.18798828125,2875.680908203125,-49.35318843194874,121.48014861052691,-33.13016545324786,-503.3037414550781,593.8390502929688,954.276123046875,-24.253277363027593,141.83278163050102,-91.25410887506222
1753094692.3959289,-73.28520202636719,698.0426025390625,1009.2141723632812,nan,nan,nan,-561.5502319335938,667.4405517578125,1072.5509033203125,73.15889470027916,-154.0063616453929,-45.3407322574042
1753094692.471467,-199.20384216308594,1843.2164306640625,2672.326171875,nan,nan,nan,nan,nan,nan,nan,nan,nan
1753094692.5465932,-57.15958023071289,508.5111083984375,729.0994873046875,22.491414765784793,-169.75371669132556,nan,nan,nan,nan,nan,nan,nan
1753094692.6379676,-56.5142936706543,515.440673828125,739.03515625,nan,nan,nan,nan,nan,nan,nan,nan,nan
1753094692.7305496,-53.69649124145508,479.022216796875,684.926025390625,nan,nan,nan,-715.110595703125,856.2609252929688,1375.977783203125,25.53339058526422,155.46098533952687,-77.87435677367495
1753094692.8095484,-59.60914611816406,517.580322265625,742.1029052734375,nan,nan,nan,nan,nan,nan,nan,nan,nan
1753094692.8939178,-62.455894470214844,505.8869323730469,725.3370361328125,-46.009755062741,129.5955616704391,nan,nan,nan,nan,nan,nan,nan
1753094692.9840982,-65.61499786376953,458.2192687988281,658.8118286132812,nan,nan,nan,-712.3751831054688,857.7838745117188,1391.3514404296875,-24.289445040188905,145.0675682693389,133.45313305391738
1753094693.0886192,-71.3705062866211,508.24688720703125,730.7398681640625,nan,nan,nan,nan,nan,nan,nan,nan,nan
1753094693.2031949,nan,nan,nan,nan,nan,nan,nan,nan,nan,nan,nan,nan
1753094693.2775447,-71.61454010009766,535.3502197265625,763.3627319335938,nan,nan,nan,nan,nan,nan,nan,nan,nan
1753094693.3832912,-111.30269622802734,906.5236206054688,1292.6236572265625,nan,nan,nan,-521.9816284179688,625.7814331054688,1011.87353515625,-32.83746958948569,142.34670760512665,-137.93044499389669
1753094693.474887,-67.468994140625,536.0062866210938,766.404296875,nan,nan,nan,nan,nan,nan,nan,nan,nan
1753094693.6124072,-295.2965087890625,2195.339599609375,3147.661865234375,-46.403456206933356,130.4107041154096,157.72598250750943,nan,nan,nan,nan,nan,nan
1753094693.6999424,nan,nan,nan,nan,nan,nan,nan,nan,nan,nan,nan,nan
1753094693.7767508,-297.3129577636719,2165.83984375,3105.365478515625,nan,nan,nan,nan,nan,nan,nan,nan,nan
1753094693.8519862,nan,nan,nan,nan,nan,nan,-494.038330078125,614.3328247070312,987.2088012695312,0.3920616591376107,153.56539009142,174.43207801419544
1753094693.9314587,-67.76576232910156,514.3607788085938,737.4867553710938,nan,nan,nan,nan,nan,nan,nan,nan,nan
1753094694.0189984,nan,nan,nan,nan,nan,nan,nan,nan,nan,nan,nan,nan
1753094694.112021,nan,nan,nan,nan,nan,nan,nan,nan,nan,nan,nan,nan
1753094694.217008,-67.16250610351562,512.5989990234375,730.9215698242188,nan,nan,nan,nan,nan,nan,nan,nan,nan
1753094694.2974622,-356.4325256347656,2771.01220703125,3962.109375,-50.40323539596502,119.33325411904498,159.67349116140412,nan,nan,nan,nan,nan,nan
1753094694.3773305,-236.33187866210938,1761.830078125,2519.138427734375,-31.82306549369737,150.65143418549044,161.7489836327632,nan,nan,nan,nan,nan,nan
1753094694.4583771,-214.0187225341797,1595.4876708984375,2281.295166015625,-49.07364926068304,123.1838441581549,153.2749001942508,nan,nan,nan,nan,nan,nan
1753094694.542703,-68.4602279663086,510.3639831542969,729.7398071289062,nan,nan,nan,-700.1778564453125,865.2730712890625,1399.125732421875,15.28349307235288,163.31486602788925,-112.52534388784628
1753094694.6426666,-246.19363403320312,1955.881103515625,2796.600830078125,-52.57311950532026,111.98615926872071,nan,nan,nan,nan,nan,nan,nan
1753094694.7146647,-107.12313079833984,815.340576171875,1165.8082275390625,nan,nan,nan,nan,nan,nan,nan,nan,nan
1753094694.7875822,-87.21173095703125,580.4096069335938,827.613525390625,nan,nan,nan,nan,nan,nan,nan,nan,nan
1753094694.8677075,-75.96253967285156,514.9617919921875,734.2907104492188,-37.409402408296664,144.07256246913818,141.0656988836418,-658.5687866210938,829.7285766601562,1321.0679931640625,-31.267439982751252,139.17331913806302,-91.57571845079045
1753094694.9382105,-64.33912658691406,492.3997497558594,700.195068359375,nan,nan,nan,-577.7542114257812,736.451416015625,1172.5550537109375,-30.107133644803294,139.52202624624758,-91.08934489086852
1753094695.0257325,-236.6705322265625,2128.7724609375,3018.85302734375,37.89396904245679,-148.9315594062208,-48.894097849111766,nan,nan,nan,nan,nan,nan
1753094695.1269376,-77.3707275390625,537.4017944335938,762.0997924804688,nan,nan,nan,nan,nan,nan,nan,nan,nan
1753094695.2109513,-82.69805908203125,574.4044189453125,814.5738525390625,nan,nan,nan,nan,nan,nan,nan,nan,nan
1753094695.2830098,-114.19178771972656,764.1434326171875,1083.6463623046875,-42.04155397410143,138.78287647818652,-43.36419079287856,nan,nan,nan,nan,nan,nan
1753094695.366064,-82.39936828613281,586.5928344726562,827.33642578125,nan,nan,nan,nan,nan,nan,nan,nan,nan
1753094695.4442089,-71.46703338623047,563.2606811523438,794.4285888671875,nan,nan,nan,nan,nan,nan,nan,nan,nan
1753094695.5317721,-249.10986328125,2098.177734375,2959.291015625,-53.16314815308649,108.82857905804744,nan,nan,nan,nan,nan,nan,nan
1753094695.6177607,-74.77914428710938,614.072265625,868.4541625976562,17.17935417437112,-168.42613419754113,-53.71675500318764,nan,nan,nan,nan,nan,nan
1753094695.6990814,-250.97007751464844,2263.561279296875,3201.250732421875,-49.26031741707081,123.99108940562621,-37.14831735056635,nan,nan,nan,nan,nan,nan
1753094695.7736895,nan,nan,nan,nan,nan,nan,nan,nan,nan,nan,nan,nan
1753094695.8480158,nan,nan,nan,nan,nan,nan,nan,nan,nan,nan,nan,nan
1753094695.9265695,-55.4447021484375,446.5481872558594,629.8160400390625,nan,nan,nan,nan,nan,nan,nan,nan,nan
1753094696.0115788,-53.28329086303711,447.5693054199219,632.9767456054688,nan,nan,nan,nan,nan,nan,nan,nan,nan
1753094696.1049755,-96.21174621582031,808.1600952148438,1142.9437255859375,-26.432324035441166,158.44715416546703,nan,nan,nan,nan,nan,nan,nan
1753094696.215891,-59.959590911865234,503.64898681640625,712.2876586914062,nan,nan,nan,nan,nan,nan,nan,nan,nan
1753094696.2863922,-77.4574966430664,611.968505859375,879.8671875,-40.464125528132804,137.3628922617252,nan,nan,nan,nan,nan,nan,nan
1753094696.3681128,-62.814002990722656,494.8995666503906,713.5265502929688,nan,nan,nan,nan,nan,nan,nan,nan,nan
1753094696.457053,-607.763916015625,4895.62646484375,7058.31982421875,-8.931562494385972,167.63778658032072,132.4265697537108,nan,nan,nan,nan,nan,nan
1753094696.5506785,nan,nan,nan,nan,nan,nan,nan,nan,nan,nan,nan,nan
1753094696.6553953,nan,nan,nan,nan,nan,nan,nan,nan,nan,nan,nan,nan
1753094696.7603981,nan,nan,nan,nan,nan,nan,nan,nan,nan,nan,nan,nan
1753094696.8440454,-339.0048522949219,2620.99951171875,3768.3828125,49.11391338061105,-132.95075613531932,-38.02867981999527,-666.7439575195312,768.51025390625,1250.4556884765625,72.6497093304334,-165.69593650694264,-46.36560373734687
1753094696.9100523,-56.385955810546875,527.5653686523438,756.41943359375,nan,nan,nan,nan,nan,nan,nan,nan,nan
1753094696.998306,nan,nan,nan,nan,nan,nan,nan,nan,nan,nan,nan,nan
1753094697.0795872,nan,nan,nan,nan,nan,nan,-972.731201171875,1123.6258544921875,1811.2318115234375,21.8197034547111,145.4236923336174,nan
1753094697.152533,nan,nan,nan,nan,nan,nan,-976.7776489257812,1127.7581787109375,1812.2633056640625,30.160404951584955,140.0942557026861,-83.35799695268452
1753094697.2595773,nan,nan,nan,nan,nan,nan,-747.7095947265625,863.2831420898438,1387.26220703125,63.216937445215734,-54.55462348794628,-119.07581947642994
1753094697.3248942,nan,nan,nan,nan,nan,nan,-631.3746948242188,731.58203125,1175.623779296875,13.385726162792086,138.55845289368406,-77.25970222911542
1753094697.3718948,-86.0704345703125,838.0956420898438,1185.2801513671875,nan,nan,nan,nan,nan,nan,nan,nan,nan
1753094697.4192338,-558.1322021484375,5294.21240234375,7487.36181640625,-49.883657750248176,122.08556922503232,153.81703920308593,-902.3020629882812,1052.523681640625,1686.1427001953125,nan,nan,nan
1753094697.4708347,-59.36571502685547,564.6535034179688,796.3930053710938,-12.505762515348014,170.9521364227615,126.33236594365641,-576.470703125,677.3240356445312,1085.072998046875,86.03351734029023,-153.58733822485343,28.361434666795674
1753094697.5273995,-191.04428100585938,1969.88623046875,2778.347412109375,-48.10579481144017,127.77992134382735,-29.984115100370982,-622.7034301757812,732.0418090820312,1176.362548828125,16.69756958780214,139.22628917631604,-72.42759538277804
1753094697.5894036,nan,nan,nan,nan,nan,nan,-685.2693481445312,811.0408325195312,1299.2872314453125,30.921441547501143,145.06987932918864,-62.255320930272006
1753094697.646943,nan,nan,nan,nan,nan,nan,-684.1459350585938,818.1902465820312,1306.7064208984375,0.9663434633790927,140.33540185775362,-72.84740352892366
1753094697.696952,-252.92861938476562,2275.0087890625,3226.233154296875,-37.41631137673486,145.44341501012525,-46.40448854023975,-688.3302001953125,832.924072265625,1334.3441162109375,69.46771145250042,-60.49532796119931,-120.82748255652675
1753094697.7459555,nan,nan,nan,nan,nan,nan,-816.1168823242188,993.65185546875,1582.0615234375,15.646020749511683,136.27347967032236,-72.98265397578145
1753094697.7949631,-212.3729705810547,1859.299072265625,2643.93310546875,nan,nan,nan,-742.7430419921875,904.3164672851562,1439.8245849609375,19.46408851844998,136.6068355679035,-81.20088245869229
1753094697.8419635,nan,nan,nan,nan,nan,nan,-594.2490234375,728.9661865234375,1160.6373291015625,82.90740785071304,-129.76586603722453,175.52098603173562
1753094697.8870108,-57.827362060546875,520.1300659179688,756.2061157226562,-25.414383024201484,150.42954833994122,141.03754262054198,nan,nan,nan,nan,nan,nan
1753094697.9329083,-56.187923431396484,505.38409423828125,734.7672119140625,nan,nan,nan,-679.9918212890625,834.14697265625,1328.1029052734375,-40.20087964954399,133.0508841451079,-80.43181190943284
1753094697.9809196,-221.3074188232422,1996.1337890625,2894.0283203125,-52.13847533541199,110.99019237543277,163.26131328989874,-1004.7389526367188,1240.078369140625,1962.371826171875,-20.90622799950017,133.14373995778433,-78.21340408296372
1753094698.0247834,-57.40739059448242,517.79931640625,750.7141723632812,nan,nan,nan,-975.69580078125,1207.9049072265625,1905.6470947265625,-27.289473993468537,130.70251722269924,-73.20091611650071
1753094698.071781,-53.90737533569336,484.87158203125,704.944580078125,nan,nan,nan,-664.2775268554688,834.9418334960938,1317.2431640625,3.5268177688243156,125.90382483985891,-62.628694563014
1753094698.1159906,-57.86309051513672,532.4104614257812,776.2352294921875,nan,nan,nan,-639.4832763671875,816.2545776367188,1287.7613525390625,-16.223082919709405,120.81870304633783,nan
1753094698.1614106,nan,nan,nan,nan,nan,nan,-632.1533813476562,809.3516845703125,1273.0006103515625,-5.229943381197749,125.21347518312228,nan
1753094698.2054102,-219.61151123046875,2020.69189453125,2946.095703125,-48.493889757358936,118.22498866660413,158.18358500447175,nan,nan,nan,nan,nan,nan
1753094698.2522771,-230.5629425048828,3186.38916015625,4658.72998046875,-50.904016804116466,111.53609154705266,-41.57055246089515,-471.15185546875,407.115478515625,776.9246826171875,46.41880529287494,-131.92519583812614,-149.86457749483895
1753094698.3012671,-113.27570343017578,1854.2957763671875,2711.113525390625,-42.91050706596454,127.01299333355168,-114.53682395249052,-519.188720703125,359.9695129394531,759.5840454101562,32.198357353590154,-143.4082354272652,-77.66949508473893
1753094698.3483675,-143.02737426757812,2231.788330078125,3272.2548828125,-31.412148610239925,140.36101806416187,150.6927006457962,-538.6912841796875,276.248779296875,783.697509765625,-51.32634156787989,160.1545559336259,nan
1753094698.3963702,-133.0205535888672,2520.084228515625,3694.955078125,-49.33610722380729,115.66537181177526,157.85317849154927,-541.8128051757812,273.3754577636719,815.68115234375,-53.1131921869564,162.00720940670143,-151.85817745042957
1753094698.4421391,-96.82061767578125,1870.5538330078125,2689.417724609375,30.842995371763045,-163.3860234664461,168.77489227450576,nan,nan,nan,nan,nan,nan
1753094698.4891424,-28.828227996826172,538.9094848632812,760.0833740234375,-0.7270033003281532,179.4845006093326,-54.6595608009368,-3480.889404296875,1263.0794677734375,5703.70068359375,-58.121812368522704,-179.10905443083294,-37.49485568592324
1753094698.5378444,-30.56283187866211,571.3358764648438,805.8178100585938,nan,nan,nan,-1007.2470703125,353.4385681152344,1715.454345703125,nan,nan,nan
1753094698.5848417,-308.38140869140625,6416.919921875,9050.48828125,-51.01890931253652,118.81860581567078,-23.155468411876004,-507.60931396484375,171.620361328125,928.5128173828125,27.227671534825234,-66.90136432166607,nan
1753094698.6287653,-358.1225280761719,8402.4013671875,11850.8310546875,37.593572034231,-146.91465485425906,-43.11724012955099,-454.824951171875,153.86985778808594,868.7074584960938,nan,nan,nan
1753094698.6717603,-76.3963394165039,1914.531982421875,2700.275146484375,-54.10628739914381,101.56718576150074,nan,-444.9903564453125,154.59518432617188,882.4030151367188,nan,nan,nan
1753094698.7171266,-67.21818542480469,1950.2010498046875,2750.583251953125,-53.94079826435058,103.15545694812151,169.30037872760192,nan,nan,nan,nan,nan,nan
1753094698.761323,-11.278693199157715,540.2431030273438,761.9642944335938,-32.10741643551392,153.58360145103973,133.06458430396864,nan,nan,nan,nan,nan,nan
1753094698.8093572,nan,nan,nan,nan,nan,nan,-432.6469421386719,144.80026245117188,864.5338745117188,nan,nan,nan
1753094698.8519182,nan,nan,nan,nan,nan,nan,-439.6368103027344,146.5755615234375,885.3198852539062,nan,nan,nan
1753094698.8959167,nan,nan,nan,nan,nan,nan,-439.76361083984375,143.76251220703125,889.0253295898438,nan,nan,nan
1753094698.9445,3.4172449111938477,542.1271362304688,764.62158203125,nan,nan,nan,nan,nan,nan,nan,nan,nan
1753094698.9915047,15.655021667480469,558.1554565429688,787.2280883789062,nan,nan,nan,nan,nan,nan,nan,nan,nan
1753094699.0368547,16.325119018554688,721.9771118164062,1018.2838134765625,51.061657129690424,-118.65920746220563,-23.031566288640427,nan,nan,nan,nan,nan,nan
1753094699.0848541,22.658475875854492,894.5407104492188,1261.669189453125,nan,nan,nan,nan,nan,nan,nan,nan,nan
1753094699.1303866,27.575885772705078,708.5280151367188,999.3150024414062,52.08242945063294,-114.46808324597853,-19.747503496033456,-314.1476745605469,152.32260131835938,841.6575317382812,-21.81499401645108,-40.96421310819823,-158.7239315595831
1753094699.1753876,21.24627685546875,545.8965454101562,769.9380493164062,6.110555719549998,-175.6468764447804,-54.430219817964705,-303.186279296875,166.40415954589844,847.2872924804688,-9.012535466672444,-38.270311814432304,172.02461773416496
1753094699.2240722,10.661486625671387,1677.5946044921875,2385.54833984375,nan,nan,nan,-294.0435485839844,168.41172790527344,849.1768188476562,-13.262452787693741,-38.226425495918726,-172.32065927934758
1753094699.2710693,2.2120745182037354,598.528564453125,870.1880493164062,42.27078747920093,-156.29921087911205,nan,-295.0336608886719,170.6208038330078,852.0362548828125,-17.398932670287113,-38.65070940821203,-164.7498123889092
1753094699.315077,0.4698421061038971,522.5838623046875,764.0551147460938,2.193879989543355,168.0119549048192,163.87207534924767,nan,nan,nan,nan,nan,nan
1753094699.363599,nan,nan,nan,nan,nan,nan,-318.0867614746094,176.11155700683594,879.45556640625,0.6945320323633687,-40.30782033702337,-134.40707509737962
1753094699.4096038,nan,nan,nan,nan,nan,nan,-2567.665771484375,1339.524658203125,7099.1572265625,67.0914308290586,-27.908592063890175,nan
1753094699.4571583,6.6683878898620605,543.3272705078125,801.155517578125,2.628785186852987,174.79271688997358,-136.4837615147462,-2596.518798828125,1285.538818359375,7103.23583984375,-70.5576492910892,-43.573281692796,127.34997348070236
1753094699.5021594,-19.042768478393555,562.29052734375,845.9445190429688,nan,nan,nan,-2658.175537109375,1302.3333740234375,7196.03369140625,-83.21696783941962,-65.45531010234188,146.24702023366686
1753094699.5484939,8.266799926757812,542.26904296875,806.4701538085938,5.24416890298541,178.13841573650842,-173.69512222207487,-2712.189453125,1256.6795654296875,6943.77392578125,-81.31727950385098,-148.93381979915614,-139.69553375584894
1753094699.5934951,nan,nan,nan,nan,nan,nan,-2863.04833984375,1229.518798828125,6793.69775390625,-67.00712798735749,-143.4089891310892,-140.9717597356386
1753094699.6380808,9.920950889587402,574.479248046875,814.6799926757812,3.086450234401986,179.933130146923,129.4234733457063,nan,nan,nan,nan,nan,nan
1753094699.6830788,14.215133666992188,559.6781005859375,791.5270385742188,0.32422445962663843,179.083600818577,-63.1873640552285,nan,nan,nan,nan,nan,nan
1753094699.7276561,21.693801879882812,518.17724609375,734.8370361328125,-28.440977672782775,154.98124796580996,-63.4902962754275,nan,nan,nan,nan,nan,nan
1753094699.7746556,25.661216735839844,577.765380859375,869.225830078125,21.309916585172072,159.57526392032983,-85.17205760074889,nan,nan,nan,nan,nan,nan
1753094699.8176615,24.461902618408203,509.5181884765625,777.8263549804688,0.7900142106007243,140.94282671620186,174.7509463549915,nan,nan,nan,nan,nan,nan
1753094699.8621778,nan,nan,nan,nan,nan,nan,-445.1088562011719,174.15969848632812,932.5285034179688,nan,nan,nan
1753094699.9091809,23.9653263092041,528.63134765625,811.7807006835938,-45.38940622869,108.85132152311763,175.14562066893114,-448.64520263671875,175.54336547851562,939.9373168945312,-64.73598642615039,171.26521447768826,-99.64261864688726
1753094699.9567175,24.057743072509766,530.669921875,814.9111938476562,-19.50196973670576,130.90329044664006,140.29109015023258,-450.4494934082031,181.76953125,983.422607421875,-1.2020331058512008,-87.35765603030607,nan
1753094700.00172,14.933358192443848,541.4850463867188,831.5192260742188,-36.60907355969217,116.76283549915779,158.31895448945355,nan,nan,nan,nan,nan,nan
1753094700.0552456,16.031761169433594,524.9795532226562,806.1728515625,11.76667022866833,145.465460960854,171.0880639748103,-347.3090515136719,168.55960083007812,902.5430908203125,-25.156597907151102,-67.97741960050604,-158.05926391978417
1753094700.1042445,21.970849990844727,655.9003295898438,1007.2184448242188,nan,nan,nan,-334.1938171386719,176.65977478027344,890.765625,-31.219038451304307,-59.43321840253593,-130.91232144349723
1753094700.1567683,16.731962203979492,498.0245056152344,767.0499877929688,28.565977883504427,154.28113116293414,157.04221540132093,-320.57427978515625,178.9974822998047,876.9876098632812,-19.132482146032704,-53.50162458146061,-170.54420456148947
1753094700.2097778,nan,nan,nan,nan,nan,nan,-323.9300842285156,184.7798309326172,872.37060546875,-20.908643732967956,-54.59685946540152,-165.52976619372006
1753094700.2600284,nan,nan,nan,nan,nan,nan,-326.2307434082031,183.44700622558594,874.0303344726562,-16.43850980650207,-53.86183913579152,-164.54520366623382
1753094700.3090334,nan,nan,nan,nan,nan,nan,-2705.10595703125,1482.86181640625,7065.0712890625,19.533591337397088,-54.55286207878981,nan
1753094700.355119,nan,nan,nan,nan,nan,nan,-2743.486083984375,1360.0313720703125,6539.8955078125,-72.13305954956941,-166.70263512973844,6.04891039599704
1753094700.4021227,11.287849426269531,530.3961791992188,800.2808837890625,-5.456995090415777,142.52408724921727,-137.5894144512623,-2856.53564453125,1292.6190185546875,6158.66259765625,nan,nan,nan
1753094700.4517143,12.189496040344238,505.37890625,760.3231811523438,-9.993292524035683,142.3394205212367,-175.99926923973237,-3225.817138671875,1386.4842529296875,6206.94580078125,-11.198778127598164,-100.96506537287331,-66.5517227178204
1753094700.496709,nan,nan,nan,nan,nan,nan,nan,nan,nan,nan,nan,nan
1753094700.5422444,12.093064308166504,788.709716796875,1179.74267578125,-24.685867458818613,137.8179679925791,166.19335736094195,-542.6018676757812,234.58399963378906,889.0942993164062,-55.69164282255138,166.11785668855995,-156.16774606649793
1753094700.5862432,nan,nan,nan,nan,nan,nan,-555.8673706054688,259.2797546386719,885.6604614257812,nan,nan,nan
1753094700.628608,nan,nan,nan,nan,nan,nan,-554.9826049804688,269.9666748046875,881.5441284179688,nan,nan,nan
1753094700.6756103,nan,nan,nan,nan,nan,nan,-551.179443359375,284.17138671875,878.1912231445312,nan,nan,nan
1753094700.7194371,nan,nan,nan,nan,nan,nan,-552.1281127929688,287.16937255859375,877.0099487304688,nan,nan,nan
1753094700.768955,7.299520492553711,477.4471130371094,712.1069946289062,33.877838464381504,178.70331653461088,-116.39236743338259,-547.7990112304688,285.8660583496094,878.1982421875,nan,nan,nan
1753094700.8149693,nan,nan,nan,nan,nan,nan,-548.5778198242188,279.52557373046875,884.9146118164062,-6.638159995993382,-130.1305560713698,155.84842493294744
1753094700.8648448,6.80600118637085,551.3881225585938,817.6886596679688,nan,nan,nan,-529.77685546875,275.2071228027344,882.0053100585938,-15.923135947348689,-138.0908276669478,153.52742953233357
1753094700.9087486,4.330940246582031,456.5841064453125,677.0977172851562,nan,nan,nan,-509.0414733886719,251.98289489746094,921.3885498046875,-57.417844118882904,163.03964725352512,-123.78612392722044
1753094700.9528584,nan,nan,nan,nan,nan,nan,-477.9417724609375,231.20748901367188,909.512451171875,-60.06661166836586,164.50802350820686,-117.60713093748387
1753094700.9968665,nan,nan,nan,nan,nan,nan,-441.1655578613281,218.10696411132812,898.8632202148438,18.076126812162585,-86.80507540298852,-166.10190923195995
1753094701.0435817,1.8074604272842407,479.4591369628906,711.0205688476562,nan,nan,nan,-412.63250732421875,202.90957641601562,916.2808837890625,21.788761857528822,-68.35774906169769,-176.28896260844516
1753094701.0905793,12.15670108795166,795.1455688476562,1185.95068359375,-14.97640726036527,144.13243569364283,-175.41789346639263,nan,nan,nan,nan,nan,nan
1753094701.1365952,8.447361946105957,549.3488159179688,824.0849609375,15.179534278146468,159.71511374555675,169.69757363726774,nan,nan,nan,nan,nan,nan
1753094701.180593,nan,nan,nan,nan,nan,nan,-2924.3876953125,1398.91064453125,7413.8876953125,65.9042640396734,-26.687591792675192,-100.04969280032063
1753094701.2251067,5.942273139953613,477.2857666015625,713.9183959960938,-8.822829045330721,147.54547665861605,-126.86686073423229,-2695.4091796875,1248.9044189453125,6900.81298828125,66.16686613159712,-26.14618056665935,-104.42177213623656
1753094701.2691221,6.353038787841797,513.220458984375,763.2687377929688,-4.868549958103496,152.65093758040106,-138.9490006953515,nan,nan,nan,nan,nan,nan
1753094701.3131223,16.952077865600586,530.0363159179688,777.140869140625,7.680063124670033,167.03529154917453,-160.8780968986333,nan,nan,nan,nan,nan,nan
1753094701.3581717,nan,nan,nan,nan,nan,nan,nan,nan,nan,nan,nan,nan
1753094701.4041836,51.56462478637695,448.2894592285156,632.27197265625,31.40914963826105,-154.34576715845267,-47.3364766501037,-2630.067626953125,1248.78173828125,6974.400390625,nan,nan,nan
1753094701.4522693,176.72401428222656,573.7669067382812,809.2466430664062,25.866298519968975,-159.89367653658203,-50.000527089658014,nan,nan,nan,nan,nan,nan
1753094701.498274,nan,nan,nan,nan,nan,nan,nan,nan,nan,nan,nan,nan
1753094701.539413,369.3790588378906,371.186767578125,589.1842041015625,-13.908384413375236,14.915249167655007,-7.082525319295007,nan,nan,nan,nan,nan,nan
1753094701.583416,1339.61767578125,1291.06103515625,2030.664306640625,-26.010487993120464,24.28707297772618,-112.5891840104808,nan,nan,nan,nan,nan,nan
1753094701.6289372,292.64044189453125,301.2746887207031,590.1341552734375,nan,nan,nan,nan,nan,nan,nan,nan,nan
1753094701.6759362,243.66810607910156,162.09605407714844,601.1853637695312,-66.2579998809985,18.15972004337894,-66.81166050181581,nan,nan,nan,nan,nan,nan
1753094701.7199414,244.2477264404297,149.12037658691406,629.555419921875,11.673633952251656,-103.91354635969866,-38.6064645234763,-2432.55908203125,1185.6104736328125,6551.0830078125,-76.0652116926108,-168.78870453201745,-143.1001482605818
1753094701.7664604,247.4989013671875,132.5768280029297,631.6602172851562,-2.5561063584366273,-103.38638301269023,-33.60688221648373,-2474.18994140625,1205.901123046875,6663.19873046875,-77.04437640094679,-149.4053961937413,-1.4712115513493011
1753094701.8114655,264.5056457519531,111.67855072021484,637.4421997070312,-23.11344394032728,-101.01236417096227,-51.409766140007285,-2498.73828125,1178.9609375,6729.30908203125,-67.07795309619645,-92.45965573725185,-55.394906181865956
1753094701.8569758,275.9736022949219,106.92444610595703,638.3953247070312,-36.09816802738574,-94.62847631504931,-68.9657325160752,nan,nan,nan,nan,nan,nan
1753094701.9019759,282.73828125,107.15689086914062,639.7831420898438,-20.85031654337545,-102.90099580973342,0.43638207307709637,-2770.1220703125,1249.4990234375,7460.16796875,-40.60064764179152,-71.01463392186801,-72.86187435248367
1753094701.948495,282.3249816894531,92.64962005615234,633.3244018554688,nan,nan,nan,-2731.054443359375,1203.529296875,7354.9560546875,-30.45699251955429,-63.681485949775535,-76.03921517040786
1753094702.0074897,286.6761169433594,96.9571533203125,637.5725708007812,nan,nan,nan,-2776.982666015625,1215.6658935546875,7517.66064453125,-33.828444154428794,-63.30043895716419,nan
1753094702.0600111,286.349609375,97.65546417236328,634.1286010742188,nan,nan,nan,-2856.545654296875,1146.1773681640625,7733.0478515625,-3.7473252159031674,-57.443131593422564,-77.56083517197354
1753094702.114031,286.56842041015625,96.50709533691406,634.6130981445312,nan,nan,nan,-3267.813720703125,1263.9130859375,8755.0546875,29.80006538289635,-47.60476702473499,-75.98711948225152
1753094702.1645525,285.97882080078125,94.2699203491211,636.0217895507812,nan,nan,nan,nan,nan,nan,nan,nan,nan
1753094702.2085533,289.29736328125,96.19149017333984,640.6564331054688,-33.874151767001976,-92.19244918846347,11.68084344264485,-2814.4541015625,1106.2041015625,7463.35546875,-38.497000723582694,-67.28045451634668,-73.54255237288199
1753094702.26463,293.188720703125,98.30963134765625,638.3764038085938,-33.79531251782917,-87.3688999168214,-2.740807734777252,-2827.005615234375,1105.488037109375,7458.52392578125,-31.23087886612345,-64.0922964503878,nan
1753094702.3106315,299.8797912597656,102.1843032836914,639.5277709960938,-25.62248569188549,-83.12529936857413,-10.943720086154867,-2712.47119140625,1090.9796142578125,7084.3076171875,-72.0819767440828,-99.4157127944506,nan
1753094702.3541512,306.73138427734375,107.78946685791016,643.5599365234375,-15.646773599658186,-84.23672284384614,-6.293622471852694,-2653.364501953125,1080.561279296875,6929.935546875,-75.94659965972058,-121.43045597244202,nan
1753094702.3991504,307.4696960449219,107.55262756347656,634.8414306640625,-22.394886287301908,-72.80186270903718,-20.62976773414333,-2708.393798828125,1124.5750732421875,7038.23388671875,-77.35831110671009,-132.3445668628237,nan
1753094702.4446669,315.6429138183594,108.22261047363281,631.6113891601562,-22.849988780624884,-72.31623718172091,-46.74097360029026,-2763.359619140625,1182.9901123046875,7145.2880859375,-77.20493719080726,-135.42203678933953,nan
1753094702.4896622,318.75274658203125,109.25411987304688,630.5397338867188,-24.16238459805166,-72.32027010064687,-72.95481450364363,-2712.389404296875,1188.2017822265625,7013.49365234375,-77.98975586419101,-126.80360941727798,nan
1753094702.5369608,321.6478271484375,109.41222381591797,631.4522094726562,-21.56373255699589,-74.69771773738566,-78.02873126025129,-2739.164306640625,1205.9400634765625,7118.1962890625,-79.23741505377316,-128.38606364978307,-149.83786277950304
1753094702.5839667,317.9891662597656,108.99239349365234,629.0292358398438,-18.786329628899015,-80.098227560115,-32.08940371258768,-2754.523193359375,1218.8056640625,7194.13671875,-79.80268121375009,-145.49737656234169,nan
1753094702.630072,319.2272644042969,114.28451538085938,631.4783325195312,-14.475085888200766,-85.11530967107751,-22.56145126840911,-2679.371826171875,1185.5531005859375,6997.85986328125,-79.58380993820418,-118.48887444461204,nan
1753094702.673078,320.1793212890625,115.84593963623047,633.3616943359375,-13.248801620228612,-87.44430928436417,-26.443752314110192,-2659.517822265625,1208.4005126953125,7052.49609375,-77.11152636463646,-104.27404589196632,160.85075008336503
1753094702.7190776,318.5788269042969,115.70796203613281,632.6072998046875,-11.719030760831224,-89.18537952490018,-26.78686409543241,-2698.972900390625,1259.4287109375,7268.5576171875,-76.53848816041798,-104.45024972740555,166.74184340244952
1753094702.765355,319.48175048828125,117.70890808105469,636.8372192382812,-9.889064579239225,-93.54675734137889,-17.670068359289264,-2627.6748046875,1252.800048828125,7150.76953125,-73.02863633059,-87.34903132522096,nan
1753094702.8143616,315.4173278808594,113.54569244384766,641.0481567382812,-8.409075142407985,-95.87054888862849,-17.16077414224871,nan,nan,nan,nan,nan,nan
1753094702.8598733,312.7492980957031,114.83407592773438,648.322021484375,-5.202067762114355,-99.02300797692533,-22.082986090369577,-2645.724365234375,1295.66552734375,7314.97607421875,-64.14280978744642,-70.81900944361388,nan
1753094702.90887,302.69342041015625,114.81107330322266,648.192138671875,-5.969470972406369,-98.1160237268206,-22.594111061446224,-2169.852294921875,1068.3133544921875,6031.4072265625,-81.46194319670977,-140.55535318202075,-125.00751545223913
1753094702.9533935,294.06201171875,114.85507202148438,648.4405517578125,-6.4344349269961345,-98.00109598679941,-28.807937361832796,-2415.946533203125,1189.476318359375,6715.46044921875,-80.64397502564444,-119.71796692627795,-144.77151815166795
1753094702.9973931,285.69512939453125,113.26089477539062,646.4739379882812,-7.685944510670775,-97.56100311410626,-11.441353518320408,-2745.13037109375,1294.403076171875,7470.4052734375,-70.74455704778761,-95.33638691300412,nan
1753094703.0449111,276.8516845703125,113.72230529785156,649.1076049804688,-5.027336819293925,-98.8769594653586,-8.308702970813695,-2799.448486328125,1334.69677734375,7618.22265625,-61.40291722669806,-83.07902051278076,-63.465585112881634
1753094703.0929163,273.01031494140625,114.4118423461914,645.938232421875,nan,nan,nan,-2681.5625,1271.8223876953125,7259.345703125,-73.53468843679178,-108.55315070971797,-40.12993616972492
1753094703.141438,262.0466613769531,116.72541046142578,631.5162353515625,-9.896262772121931,-105.36058345937103,-59.728190246114444,nan,nan,nan,nan,nan,nan
1753094703.190434,253.93429565429688,125.47410583496094,620.6127319335938,nan,nan,nan,nan,nan,nan,nan,nan,nan
1753094703.2369647,nan,nan,nan,nan,nan,nan,nan,nan,nan,nan,nan,nan
1753094703.2839692,176.295166015625,156.98519897460938,490.9886169433594,-68.13285278319323,37.227716171701594,131.340649603904,nan,nan,nan,nan,nan,nan
1753094703.3304806,182.4770050048828,198.3854217529297,497.524169921875,-51.311492506981615,-14.230421129863748,-49.66112191748278,-456.79443359375,257.33526611328125,934.37548828125,-61.212160260295626,161.9533356481774,nan
1753094703.378482,1347.02197265625,1407.6285400390625,2155.21484375,-4.41173781257343,17.96284625130117,-80.03686246314761,-439.56951904296875,235.66065979003906,779.330322265625,-55.53912560871589,159.40235109331857,-137.86708573604471
1753094703.4214885,1737.0634765625,1902.17822265625,2895.331787109375,52.116277456245015,-12.544948382539028,-13.416022397437436,-462.20379638671875,255.75440979003906,771.9822998046875,nan,nan,nan
1753094703.4650047,3897.732666015625,4764.92578125,6966.66357421875,54.03488423309778,-125.58835064396138,-30.051444525591474,-498.23065185546875,337.6626281738281,826.8323974609375,49.66750110281108,-80.69314840409733,-90.39544854534935
1753094703.5120072,1835.7557373046875,2971.132080078125,4190.5146484375,17.857519602870585,-13.204273983816476,-127.42070441760708,-479.8539123535156,379.8800048828125,788.7677001953125,29.81027583028835,-105.64886148513408,-145.05670144344842
1753094703.556523,nan,nan,nan,nan,nan,nan,-480.57098388671875,368.7660827636719,765.691162109375,48.88628495566081,-88.12471561662456,-154.1909691179791
1753094703.6075258,nan,nan,nan,nan,nan,nan,-481.2147216796875,390.225341796875,764.369873046875,43.30088994773164,-110.95070622501345,-147.73969711300202
1753094703.665072,802.7913208007812,1371.712646484375,1934.6773681640625,-46.70506539445873,48.809173945386064,-147.50439019128015,-487.4632263183594,374.321044921875,735.9949951171875,55.494108258696095,-83.07283346968386,-104.09151386261905
1753094703.72408,4888.42236328125,7741.53076171875,10918.732421875,53.768240171633735,-104.62052518066768,-11.882827705987225,-482.12115478515625,383.6741638183594,732.1901245117188,56.787395564557535,-87.70143053080578,-98.54945173082346
1753094703.7782214,nan,nan,nan,nan,nan,nan,-466.3155517578125,384.430908203125,722.9984741210938,54.41851223738103,-105.66436465379805,-137.99535887069632
1753094703.8284788,1073.6968994140625,1494.500732421875,2107.85888671875,54.590330170442506,-85.80675813888634,3.418621293930355,-470.86981201171875,389.59234619140625,730.0595703125,55.86708990631004,-99.84211780470439,-133.73308395535133
1753094703.880478,3602.396728515625,5071.81494140625,7153.3388671875,51.865213294785406,-115.43021155904557,-20.505599321570003,-477.4173583984375,396.67742919921875,738.006103515625,54.50288730359467,-83.31395994050666,-128.80679454208777
1753094703.9264846,1022.3763427734375,1444.933349609375,2037.948486328125,12.025729390615968,-8.687132253906785,53.74604896140623,-530.1484985351562,440.7571105957031,817.08544921875,56.52823501543874,-60.846659001430844,-90.15246981152127
1753094703.9740272,1112.177490234375,1559.86572265625,2200.05029296875,-28.730600757241675,22.871518784295144,nan,-487.511962890625,404.1094665527344,749.147216796875,53.62359954204326,-87.82437898427452,-133.15964744165007
1753094704.020014,inf,inf,inf,nan,nan,nan,-502.5738220214844,413.6179504394531,772.2923583984375,54.245575535001954,-76.01592539345467,-127.02208294972526
1753094704.0665317,1075.6475830078125,1485.9722900390625,2095.830322265625,-38.24129430941435,33.9705465217003,42.573170918375936,-479.39495849609375,393.63006591796875,732.3365478515625,48.941130364243584,-103.67330099902097,-144.98514074998937
1753094704.1105287,1013.960205078125,1406.03271484375,1983.0826416015625,14.230249530629722,-10.358551338343968,53.36634699309578,-472.13934326171875,379.57781982421875,708.73388671875,44.49274841768364,-118.14101274073194,-166.78314917529187
1753094704.155641,1005.12548828125,1465.59228515625,2067.086181640625,-21.825986962194197,16.496573216165817,51.459865429913975,-473.19561767578125,383.164794921875,710.3194580078125,45.364261255848255,-120.825619971794,-170.0800366694713
1753094704.201649,994.1326293945312,1443.841064453125,2036.4080810546875,-21.330632175693648,16.07351457710662,-128.3735698931338,-480.9329528808594,389.6939392089844,719.8516845703125,54.42678871124989,-118.41676428745636,-87.12906075481806
1753094704.245163,3447.970703125,4968.47705078125,7007.58984375,-42.64643319680637,40.77062127571251,38.15548665478409,-478.6750183105469,391.755859375,718.544677734375,49.41719674636076,-132.63388220762303,nan
1753094704.289161,5664.47705078125,8162.4306640625,11512.375,52.30697401380874,-66.5757404556263,18.92296358255077,-479.2503967285156,394.7550964355469,721.4955444335938,46.5963865156521,-137.25470294303568,171.0306292813373
1753094704.3346913,7552.2177734375,10840.1806640625,15289.1005859375,51.453492998524666,-117.14325682583737,-21.84932589271885,-482.4038391113281,401.3160400390625,728.3560791015625,53.367267654038265,-122.04591424265328,nan
1753094704.3776922,5294.6767578125,7599.78857421875,10718.818359375,51.87028674868199,-115.40824182400092,-20.488044377749524,-481.99072265625,404.95550537109375,729.85595703125,49.75073731952161,-135.40778904367082,nan
1753094704.423696,1367.4146728515625,1955.1102294921875,2757.507080078125,51.11948044001894,-118.441721992739,-22.862646764183406,-472.8939208984375,409.63568115234375,733.1978759765625,35.598959877531975,-153.6549905797066,nan
1753094704.4701028,nan,nan,nan,nan,nan,nan,-476.4367980957031,412.7046203613281,738.69091796875,nan,nan,nan
1753094704.5121028,1354.3502197265625,1921.49609375,2710.097412109375,-43.143233158527956,41.64302021039226,37.56216654890228,-476.402099609375,412.6745910644531,738.6371459960938,45.53201122595312,-145.30758303420947,nan
1753094704.5596333,nan,nan,nan,nan,nan,nan,-479.6182556152344,422.1103210449219,750.3495483398438,40.100740208111255,-148.84935115277676,nan
1753094704.60263,nan,nan,nan,nan,nan,nan,-471.1068115234375,420.9653625488281,748.3142700195312,46.63304832078042,-140.27726023347265,nan
1753094704.6511502,nan,nan,nan,nan,nan,nan,-468.6924133300781,417.52984619140625,742.2072143554688,32.797403899584275,-145.05547905562148,nan
1753094704.6951556,nan,nan,nan,nan,nan,nan,-467.4333801269531,413.7192077636719,737.96142578125,38.36382280085775,-136.90247438900158,nan
1753094704.7452052,239.10626220703125,559.1812133789062,788.6747436523438,nan,nan,nan,-467.2138671875,413.5249328613281,737.6148681640625,31.11055993623293,-148.01275847655762,nan
1753094704.7912047,nan,nan,nan,nan,nan,nan,-469.3398132324219,415.40655517578125,740.97119140625,32.79423340856766,-145.17638403603877,nan
1753094704.8375351,71.9530258178711,203.13465881347656,286.503173828125,0.0,0.0,0.0,-464.4889221191406,411.11309814453125,733.3128051757812,36.16626089858696,-149.97296430081988,nan
1753094704.883537,184.35342407226562,593.301513671875,836.7984008789062,48.49377928276545,-126.75332715814227,nan,-466.5219421386719,415.4404296875,741.0316162109375,25.517323715812438,-126.80314278166001,-128.46261781836165
1753094704.926543,240.08238220214844,793.4757080078125,1119.1260986328125,-6.85916352641974,175.1074588338546,125.63109555778499,-469.35931396484375,416.5303649902344,745.5385131835938,21.340730706044447,-123.9435665624058,-122.44396064146527
1753094704.9820657,222.8975372314453,629.2745971679688,887.5352783203125,36.60338713072953,-148.22234415966622,-43.90629391316469,-467.16094970703125,410.4629211425781,739.7820434570312,22.76156215671148,-127.5707415183984,-164.24641139297128
1753094705.0345826,85.0580825805664,243.87501525878906,343.9637756347656,10.724077879579566,-172.2831347533667,-53.93235161272947,-463.0722961425781,405.4573059082031,733.307373046875,25.526147113478736,-122.95992131939911,-135.8922402035163
1753094705.089868,198.4433135986328,551.7686157226562,778.219970703125,0.0,0.0,0.0,-459.0280456542969,397.9002990722656,724.6914672851562,14.199728800033393,-138.45607564711779,-150.65080329986824
1753094705.1416953,223.141357421875,593.5276489257812,837.1173706054688,24.86816382175657,-160.8140809105726,-50.3934659152282,-461.1535949707031,398.3397521972656,728.0471801757812,15.547449526547918,-139.13260109308393,-129.82676914312088
1753094705.2016943,240.21827697753906,625.3861083984375,882.0508422851562,50.06999018217163,-122.10568695570186,-25.69414998125883,-452.7655334472656,391.0942077636719,714.8045043945312,19.655045570026036,-138.30800994723634,-68.38589113359352
1753094705.2572398,nan,nan,nan,nan,nan,nan,-471.1496276855469,405.5407409667969,743.8284301757812,34.92226169402423,-123.96692644031991,-144.80785102049492
1753094705.310244,208.84149169921875,536.1122436523438,756.1381225585938,7.557686709107837,-174.6022048997679,-54.30599992407418,-465.36761474609375,399.3489074707031,732.4715576171875,22.69172640006278,-138.222199883197,-160.45295666199198
1753094705.3588045,234.14337158203125,596.8993530273438,841.872802734375,17.17774465402971,-167.339361832735,-52.741039572688535,-470.6698303222656,402.47125244140625,740.8170166015625,40.97980030393579,-122.29537248600957,-98.3770336363932
1753094705.4027972,nan,nan,nan,nan,nan,nan,-482.3072509765625,413.8854064941406,759.1339111328125,41.29233739111126,-122.46090076321347,179.66252484739678
1753094705.4477353,583.1826782226562,1176.834716796875,1659.8194580078125,23.71145616244127,-161.85612396801685,nan,-472.81451416015625,399.67779541015625,733.0747680664062,46.92152991663657,-133.406961123266,nan
1753094705.4927351,292.1812744140625,606.2334594726562,855.0377807617188,-54.64788977794164,91.90362343347519,178.44735879407764,-472.7438049316406,398.4275207519531,730.7816162109375,45.94896290827605,-141.72147812812403,-131.14028624927658
1753094705.5355756,nan,nan,nan,nan,nan,nan,-468.64849853515625,394.9760437011719,724.4509887695312,36.46282805782314,-152.62551507463172,nan
1753094705.5835645,267.4920654296875,519.8278198242188,733.1703491210938,40.07104235550288,-143.38489231432348,nan,-474.8061218261719,389.8621826171875,725.3265380859375,44.22625438223754,-148.45457506316734,-111.73507395164661
1753094705.6315525,299.6328430175781,573.205078125,808.4541625976562,44.50586523079821,-135.82187399468262,-35.805959118956174,-483.4384765625,381.15838623046875,719.4513549804688,55.01412674224782,-133.55788921502835,-53.2451064837434
1753094705.6795592,nan,nan,nan,nan,nan,nan,-499.0479431152344,368.94488525390625,719.9681396484375,39.82714333471736,-129.96994550046418,-66.8642304275476
1753094705.726741,413.4161071777344,744.4258422851562,1049.9456787109375,-31.802153831001444,26.080638496977947,-132.8860929425049,-513.7909545898438,350.9249267578125,711.5629272460938,44.26403217229145,-123.5043335760918,-103.38188710318258
1753094705.772442,nan,nan,nan,nan,nan,nan,-518.5496215820312,331.4881591796875,699.4845581054688,44.47325961478215,-128.47250221644128,177.71903549663932
1753094705.8207114,265.08563232421875,550.013916015625,775.7452392578125,nan,nan,nan,-525.2279663085938,320.3700866699219,695.8311157226562,38.85652579271056,-136.90497352562934,-151.8687847011739
1753094705.863262,307.3144226074219,600.387451171875,846.79248046875,nan,nan,nan,-526.0952758789062,317.4023742675781,695.2052001953125,32.15623330794684,-148.89109126983507,-157.8168608061654
1753094705.9072652,286.3872985839844,618.6334838867188,872.5269165039062,-46.8087214960039,130.95247802564464,147.67809942447477,nan,nan,nan,nan,nan,nan
1753094705.9532287,205.01962280273438,526.3012084960938,742.3005981445312,-15.077034527444312,168.9886850234789,126.7997462161941,-502.3455505371094,357.0972595214844,778.8611450195312,18.4411312762192,-152.16156183493314,174.2032413939915
1753094705.998233,215.76422119140625,528.0903930664062,744.8240356445312,6.652709350584069,-175.2564301892628,-54.38695132630222,-499.2635192871094,351.5867919921875,760.4495849609375,-9.25707117443224,-170.7042883299932,-173.2702802959456
1753094706.0440757,221.91021728515625,532.5054321289062,751.0510864257812,-9.792691997096268,172.97067569897192,-54.06067191452758,-502.69256591796875,352.3741455078125,758.9889526367188,19.495391925041723,-153.47042294527017,169.2266420371939
1753094706.0910928,221.66482543945312,525.0672607421875,740.5601806640625,-6.9795935971373035,175.02036596306618,-54.360729086711004,-504.9483642578125,349.8832092285156,753.6236572265625,7.9320473956907,-164.38562030480034,-143.02471007625982
1753094706.1367543,224.6753387451172,568.8211059570312,802.2710571289062,31.332299647953576,-154.4286986262988,-47.38126206713329,-515.3995361328125,336.7831115722656,725.406982421875,45.590908347474276,-148.88976633099512,-174.29163632179691
1753094706.1887724,208.1670379638672,516.3663330078125,728.2882690429688,-19.872971512165417,165.15051566771277,127.95309917862897,-527.2855834960938,339.9397888183594,732.2061767578125,nan,nan,nan
1753094706.2377527,nan,nan,nan,nan,nan,nan,-525.6121215820312,343.5126037597656,733.809814453125,61.692538271808246,-144.601370786567,-174.76933393742627
