timestamp,left_x,left_y,left_z,left_pitch,left_yaw,left_roll,right_x,right_y,right_z,right_pitch,right_yaw,right_roll
1753091479.8034499,nan,nan,nan,nan,nan,nan,nan,nan,nan,nan,nan,nan
1753091479.9307313,nan,nan,nan,nan,nan,nan,nan,nan,nan,nan,nan,nan
1753091479.9757469,nan,nan,nan,nan,nan,nan,nan,nan,nan,nan,nan,nan
1753091480.0207372,nan,nan,nan,nan,nan,nan,nan,nan,nan,nan,nan,nan
1753091480.0608437,nan,nan,nan,nan,nan,nan,nan,nan,nan,nan,nan,nan
1753091480.1028342,nan,nan,nan,nan,nan,nan,nan,nan,nan,nan,nan,nan
1753091480.1428788,nan,nan,nan,nan,nan,nan,nan,nan,nan,nan,nan,nan
1753091480.1828778,nan,nan,nan,nan,nan,nan,nan,nan,nan,nan,nan,nan
1753091480.220882,nan,nan,nan,nan,nan,nan,nan,nan,nan,nan,nan,nan
1753091480.2602675,nan,nan,nan,nan,nan,nan,nan,nan,nan,nan,nan,nan
1753091480.3032646,nan,nan,nan,nan,nan,nan,nan,nan,nan,nan,nan,nan
1753091480.3479478,nan,nan,nan,nan,nan,nan,nan,nan,nan,nan,nan,nan
1753091480.394947,nan,nan,nan,nan,nan,nan,nan,nan,nan,nan,nan,nan
1753091480.4331374,nan,nan,nan,nan,nan,nan,nan,nan,nan,nan,nan,nan
1753091480.4721358,nan,nan,nan,nan,nan,nan,nan,nan,nan,nan,nan,nan
1753091480.5121472,nan,nan,nan,nan,nan,nan,nan,nan,nan,nan,nan,nan
1753091480.5508726,nan,nan,nan,nan,nan,nan,nan,nan,nan,nan,nan,nan
1753091480.5898688,nan,nan,nan,nan,nan,nan,nan,nan,nan,nan,nan,nan
1753091480.6295326,nan,nan,nan,nan,nan,nan,nan,nan,nan,nan,nan,nan
1753091480.6675327,nan,nan,nan,nan,nan,nan,nan,nan,nan,nan,nan,nan
1753091480.7065327,nan,nan,nan,nan,nan,nan,nan,nan,nan,nan,nan,nan
1753091480.743059,nan,nan,nan,nan,nan,nan,nan,nan,nan,nan,nan,nan
1753091480.780055,nan,nan,nan,nan,nan,nan,nan,nan,nan,nan,nan,nan
1753091480.8160594,nan,nan,nan,nan,nan,nan,nan,nan,nan,nan,nan,nan
1753091480.8523967,nan,nan,nan,nan,nan,nan,nan,nan,nan,nan,nan,nan
1753091480.8903995,nan,nan,nan,nan,nan,nan,nan,nan,nan,nan,nan,nan
1753091480.9275582,nan,nan,nan,nan,nan,nan,nan,nan,nan,nan,nan,nan
1753091480.9656546,nan,nan,nan,nan,nan,nan,nan,nan,nan,nan,nan,nan
1753091481.0006523,nan,nan,nan,nan,nan,nan,nan,nan,nan,nan,nan,nan
1753091481.0369964,nan,nan,nan,nan,nan,nan,nan,nan,nan,nan,nan,nan
1753091481.0769966,nan,nan,nan,nan,nan,nan,nan,nan,nan,nan,nan,nan
1753091481.111993,nan,nan,nan,nan,nan,nan,nan,nan,nan,nan,nan,nan
1753091481.1481333,nan,nan,nan,nan,nan,nan,nan,nan,nan,nan,nan,nan
1753091481.1811335,nan,nan,nan,nan,nan,nan,nan,nan,nan,nan,nan,nan
1753091481.2171597,nan,nan,nan,nan,nan,nan,nan,nan,nan,nan,nan,nan
1753091481.2536747,nan,nan,nan,nan,nan,nan,nan,nan,nan,nan,nan,nan
1753091481.2926733,nan,nan,nan,nan,nan,nan,nan,nan,nan,nan,nan,nan
1753091481.3322377,nan,nan,nan,nan,nan,nan,nan,nan,nan,nan,nan,nan
1753091481.3672426,nan,nan,nan,nan,nan,nan,nan,nan,nan,nan,nan,nan
1753091481.4012392,nan,nan,nan,nan,nan,nan,nan,nan,nan,nan,nan,nan
1753091481.436786,nan,nan,nan,nan,nan,nan,nan,nan,nan,nan,nan,nan
1753091481.470786,nan,nan,nan,nan,nan,nan,nan,nan,nan,nan,nan,nan
1753091481.5058043,nan,nan,nan,nan,nan,nan,nan,nan,nan,nan,nan,nan
1753091481.5393066,nan,nan,nan,nan,nan,nan,nan,nan,nan,nan,nan,nan
1753091481.5763085,nan,nan,nan,nan,nan,nan,nan,nan,nan,nan,nan,nan
1753091481.6143343,nan,nan,nan,nan,nan,nan,nan,nan,nan,nan,nan,nan
1753091481.6533632,nan,nan,nan,nan,nan,nan,nan,nan,nan,nan,nan,nan
1753091481.6873586,nan,nan,nan,nan,nan,nan,nan,nan,nan,nan,nan,nan
1753091481.7263696,nan,nan,nan,nan,nan,nan,nan,nan,nan,nan,nan,nan
1753091481.7695668,nan,nan,nan,nan,nan,nan,nan,nan,nan,nan,nan,nan
1753091481.8105645,nan,nan,nan,nan,nan,nan,nan,nan,nan,nan,nan,nan
1753091481.851119,nan,nan,nan,nan,nan,nan,nan,nan,nan,nan,nan,nan
1753091481.8921204,nan,nan,nan,nan,nan,nan,nan,nan,nan,nan,nan,nan
1753091481.931651,nan,nan,nan,nan,nan,nan,nan,nan,nan,nan,nan,nan
1753091481.9706419,nan,nan,nan,nan,nan,nan,nan,nan,nan,nan,nan,nan
1753091482.0076425,nan,nan,nan,nan,nan,nan,nan,nan,nan,nan,nan,nan
1753091482.0471632,nan,nan,nan,nan,nan,nan,nan,nan,nan,nan,nan,nan
1753091482.0851607,nan,nan,nan,nan,nan,nan,nan,nan,nan,nan,nan,nan
1753091482.1241672,nan,nan,nan,nan,nan,nan,nan,nan,nan,nan,nan,nan
1753091482.1637216,nan,nan,nan,nan,nan,nan,nan,nan,nan,nan,nan,nan
1753091482.2047231,nan,nan,nan,nan,nan,nan,nan,nan,nan,nan,nan,nan
1753091482.2432473,nan,nan,nan,nan,nan,nan,nan,nan,nan,nan,nan,nan
1753091482.2852478,nan,nan,nan,nan,nan,nan,nan,nan,nan,nan,nan,nan
1753091482.3253255,nan,nan,nan,nan,nan,nan,nan,nan,nan,nan,nan,nan
1753091482.3655303,nan,nan,nan,nan,nan,nan,nan,nan,nan,nan,nan,nan
1753091482.4065335,nan,nan,nan,nan,nan,nan,nan,nan,nan,nan,nan,nan
1753091482.4458678,nan,nan,nan,nan,nan,nan,nan,nan,nan,nan,nan,nan
1753091482.4888608,nan,nan,nan,nan,nan,nan,nan,nan,nan,nan,nan,nan
1753091482.5294123,nan,nan,nan,nan,nan,nan,nan,nan,nan,nan,nan,nan
1753091482.5674264,nan,nan,nan,nan,nan,nan,nan,nan,nan,nan,nan,nan
1753091482.6024227,nan,nan,nan,nan,nan,nan,nan,nan,nan,nan,nan,nan
1753091482.638598,nan,nan,nan,nan,nan,nan,nan,nan,nan,nan,nan,nan
1753091482.6726038,nan,nan,nan,nan,nan,nan,nan,nan,nan,nan,nan,nan
1753091482.7055988,nan,nan,nan,nan,nan,nan,nan,nan,nan,nan,nan,nan
1753091482.7402742,nan,nan,nan,nan,nan,nan,nan,nan,nan,nan,nan,nan
1753091482.7752724,nan,nan,nan,nan,nan,nan,nan,nan,nan,nan,nan,nan
1753091482.8132665,nan,nan,nan,nan,nan,nan,nan,nan,nan,nan,nan,nan
1753091482.8517942,nan,nan,nan,nan,nan,nan,nan,nan,nan,nan,nan,nan
1753091482.8877938,nan,nan,nan,nan,nan,nan,nan,nan,nan,nan,nan,nan
1753091482.9258158,nan,nan,nan,nan,nan,nan,nan,nan,nan,nan,nan,nan
1753091482.964395,nan,nan,nan,nan,nan,nan,nan,nan,nan,nan,nan,nan
1753091482.9993887,nan,nan,nan,nan,nan,nan,nan,nan,nan,nan,nan,nan
1753091483.0399678,nan,nan,nan,nan,nan,nan,nan,nan,nan,nan,nan,nan
1753091483.075971,nan,nan,nan,nan,nan,nan,nan,nan,nan,nan,nan,nan
1753091483.1129682,nan,nan,nan,nan,nan,nan,nan,nan,nan,nan,nan,nan
1753091483.1494954,nan,nan,nan,nan,nan,nan,nan,nan,nan,nan,nan,nan
1753091483.186489,nan,nan,nan,nan,nan,nan,nan,nan,nan,nan,nan,nan
1753091483.2255,nan,nan,nan,nan,nan,nan,nan,nan,nan,nan,nan,nan
1753091483.2652242,nan,nan,nan,nan,nan,nan,nan,nan,nan,nan,nan,nan
1753091483.305222,nan,nan,nan,nan,nan,nan,nan,nan,nan,nan,nan,nan
1753091483.3448029,nan,nan,nan,nan,nan,nan,nan,nan,nan,nan,nan,nan
1753091483.3848042,nan,nan,nan,nan,nan,nan,nan,nan,nan,nan,nan,nan
1753091483.4258296,nan,nan,nan,nan,nan,nan,nan,nan,nan,nan,nan,nan
1753091483.4665408,nan,nan,nan,nan,nan,nan,nan,nan,nan,nan,nan,nan
1753091483.5125372,nan,nan,nan,nan,nan,nan,nan,nan,nan,nan,nan,nan
1753091483.551133,nan,nan,nan,nan,nan,nan,nan,nan,nan,nan,nan,nan
1753091483.588132,nan,nan,nan,nan,nan,nan,nan,nan,nan,nan,nan,nan
1753091483.628149,nan,nan,nan,nan,nan,nan,nan,nan,nan,nan,nan,nan
1753091483.6696784,nan,nan,nan,nan,nan,nan,nan,nan,nan,nan,nan,nan
1753091483.713669,nan,nan,nan,nan,nan,nan,nan,nan,nan,nan,nan,nan
1753091483.7782266,nan,nan,nan,nan,nan,nan,nan,nan,nan,nan,nan,nan
1753091483.8717782,nan,nan,nan,nan,nan,nan,nan,nan,nan,nan,nan,nan
1753091483.9157805,nan,nan,nan,nan,nan,nan,nan,nan,nan,nan,nan,nan
1753091483.9565284,nan,nan,nan,nan,nan,nan,nan,nan,nan,nan,nan,nan
1753091483.9965303,nan,nan,nan,nan,nan,nan,nan,nan,nan,nan,nan,nan
1753091484.0360909,nan,nan,nan,nan,nan,nan,nan,nan,nan,nan,nan,nan
1753091484.078093,nan,nan,nan,nan,nan,nan,nan,nan,nan,nan,nan,nan
1753091484.1230986,nan,nan,nan,nan,nan,nan,nan,nan,nan,nan,nan,nan
1753091484.1634479,nan,nan,nan,nan,nan,nan,nan,nan,nan,nan,nan,nan
1753091484.204364,nan,nan,nan,nan,nan,nan,nan,nan,nan,nan,nan,nan
1753091484.2449145,nan,nan,nan,nan,nan,nan,nan,nan,nan,nan,nan,nan
1753091484.3029156,nan,nan,nan,nan,nan,nan,nan,nan,nan,nan,nan,nan
1753091484.354723,nan,nan,nan,nan,nan,nan,nan,nan,nan,nan,nan,nan
1753091484.404719,nan,nan,nan,nan,nan,nan,nan,nan,nan,nan,nan,nan
1753091484.4393106,nan,nan,nan,nan,nan,nan,nan,nan,nan,nan,nan,nan
1753091484.49031,nan,nan,nan,nan,nan,nan,nan,nan,nan,nan,nan,nan
1753091484.5273867,nan,nan,nan,nan,nan,nan,nan,nan,nan,nan,nan,nan
1753091484.580043,nan,nan,nan,nan,nan,nan,nan,nan,nan,nan,nan,nan
1753091484.615044,nan,nan,nan,nan,nan,nan,nan,nan,nan,nan,nan,nan
1753091484.6515672,nan,nan,nan,nan,nan,nan,nan,nan,nan,nan,nan,nan
1753091484.6845691,nan,nan,nan,nan,nan,nan,nan,nan,nan,nan,nan,nan
1753091484.7175977,nan,nan,nan,nan,nan,nan,nan,nan,nan,nan,nan,nan
1753091484.7561502,nan,nan,nan,nan,nan,nan,nan,nan,nan,nan,nan,nan
1753091484.792151,nan,nan,nan,nan,nan,nan,nan,nan,nan,nan,nan,nan
1753091484.828174,nan,nan,nan,nan,nan,nan,nan,nan,nan,nan,nan,nan
1753091484.8627236,nan,nan,nan,nan,nan,nan,nan,nan,nan,nan,nan,nan
1753091484.8957248,-189.55641174316406,121.23744201660156,480.6034240722656,6.2779786354816665,-75.35156939670436,179.9719044766889,nan,nan,nan,nan,nan,nan
1753091484.9494872,-174.14859008789062,129.83929443359375,471.4837951660156,-58.086701456092946,-103.09435037319177,-94.2389515850232,nan,nan,nan,nan,nan,nan
1753091485.0044882,-146.14761352539062,132.23667907714844,457.76727294921875,-60.06270000965655,-89.80743488566502,-110.36370088823577,nan,nan,nan,nan,nan,nan
1753091485.0590694,-910.151123046875,996.3550415039062,3381.440185546875,63.402240075003675,-52.01780327082582,nan,nan,nan,nan,nan,nan,nan
1753091485.1150713,-101.21288299560547,133.18771362304688,458.0043029785156,-60.3269270476318,-80.27085832110023,nan,nan,nan,nan,nan,nan,nan
1753091485.1706588,-92.25740051269531,129.4751739501953,457.36029052734375,-60.77142849016449,-77.275625997413,nan,nan,nan,nan,nan,nan,nan
1753091485.2248218,nan,nan,nan,nan,nan,nan,nan,nan,nan,nan,nan,nan
1753091485.2763789,-81.09626770019531,118.45036315917969,459.0356140136719,-60.0931043166395,-75.94822981723121,145.38140508454774,nan,nan,nan,nan,nan,nan
1753091485.3283913,nan,nan,nan,nan,nan,nan,nan,nan,nan,nan,nan,nan
1753091485.380144,-132.49209594726562,185.16294860839844,696.7571411132812,-19.012549132563716,-69.12931465932172,nan,nan,nan,nan,nan,nan,nan
1753091485.4323332,nan,nan,nan,nan,nan,nan,nan,nan,nan,nan,nan,nan
1753091485.4840887,nan,nan,nan,nan,nan,nan,nan,nan,nan,nan,nan,nan
1753091485.536655,-98.9795150756836,126.65741729736328,459.9294738769531,-58.09186173401679,-77.624628661145,nan,nan,nan,nan,nan,nan,nan
1753091485.5876575,-106.62300872802734,123.4730453491211,454.7298889160156,-58.561436163476756,-79.38544198229243,nan,nan,nan,nan,nan,nan,nan
1753091485.641781,-112.90794372558594,123.63861846923828,455.3396911621094,-58.33131132568397,-82.05104397179852,nan,nan,nan,nan,nan,nan,nan
1753091485.6987855,-114.36995697021484,122.3863296508789,450.72772216796875,-58.54810990232318,-82.83976218804254,-112.99560203640533,nan,nan,nan,nan,nan,nan
1753091485.751353,-119.66552734375,123.39601135253906,457.6943054199219,-57.88459721253349,-83.6935070468678,126.25051722461552,nan,nan,nan,nan,nan,nan
1753091485.8033574,-115.84087371826172,119.4521255493164,443.06585693359375,-58.89821699050804,-85.40626656169377,nan,nan,nan,nan,nan,nan,nan
1753091485.8582196,-111.99557495117188,114.68132019042969,431.5389709472656,-59.067829924104714,-85.62951746109097,nan,nan,nan,nan,nan,nan,nan
1753091485.9112167,-106.84584045410156,114.27839660644531,417.90191650390625,-58.8876781561497,-86.94739659319735,-109.25983566318843,nan,nan,nan,nan,nan,nan
1753091485.9647493,-101.78620147705078,112.78543090820312,401.1356506347656,-60.56312480178922,-87.17082863234873,nan,nan,nan,nan,nan,nan,nan
1753091486.023758,-95.57514190673828,112.34645080566406,391.5244445800781,-60.733594387933934,-85.06788888882505,-112.13384828320297,nan,nan,nan,nan,nan,nan
1753091486.0812805,-88.50823211669922,113.82223510742188,383.78125,-60.692571470758,-83.52482875586811,-114.8061992324897,193.90475463867188,86.45335388183594,325.3188171386719,nan,nan,nan
1753091486.159565,-84.55294799804688,114.95105743408203,382.615478515625,-60.68626508341288,-83.34610472144904,nan,202.786376953125,87.54026794433594,309.2287292480469,-10.471047730090183,-119.57143728791134,nan
1753091486.210553,-84.56222534179688,113.96987915039062,379.349609375,-60.67048606733027,-83.65761132786511,nan,209.0962371826172,95.33260345458984,303.6808166503906,-6.4314800296397605,-118.34779922205571,54.0152857687066
1753091486.2597857,-83.52153015136719,113.54883575439453,377.9481506347656,-60.65533370337413,-83.58707228869338,-115.97099090494878,213.69631958007812,99.62418365478516,306.0787353515625,-3.9784064636512952,-118.83509947879143,53.59375602985674
1753091486.3117814,-82.38316345214844,115.45135498046875,379.4136657714844,-60.29053924149556,-82.40016626053301,nan,214.0597381591797,98.61199188232422,306.5992736816406,-3.5806729818142853,-119.07086235031738,53.60136991689412
1753091486.3653562,-79.47866821289062,116.94298553466797,379.5090637207031,-60.72278042339913,-81.32446230992745,126.41435637808075,209.81576538085938,97.1068115234375,305.5810241699219,-4.092540785478703,-118.3360554028211,53.910472047721434
1753091486.4233575,nan,nan,nan,nan,nan,nan,206.39862060546875,94.70771026611328,309.2841796875,-67.1423407787027,-22.059349575865316,-148.19015729257984
1753091486.4808686,-72.20553588867188,119.68382263183594,383.60601806640625,-61.97073986919259,-75.10160784042887,nan,203.79747009277344,91.03480529785156,308.9548645019531,-6.340598723425025,-119.33750356305643,55.37037042028893
1753091486.5384388,nan,nan,nan,nan,nan,nan,208.44308471679688,91.76956176757812,311.448486328125,nan,nan,nan
1753091486.5934439,nan,nan,nan,nan,nan,nan,204.66195678710938,91.35684967041016,312.08880615234375,nan,nan,nan
1753091486.646015,-985.40234375,1623.25927734375,5235.14208984375,66.58893544498055,-60.51751399355349,-145.5481097041768,205.2462921142578,92.22078704833984,312.9798583984375,-7.6212229735238335,-119.64090870300934,nan
1753091486.6960151,-116.54947662353516,190.04708862304688,612.9171752929688,-25.658428152094952,-72.09755024529143,nan,205.16769409179688,93.94329833984375,314.7095031738281,nan,nan,nan
1753091486.7471366,-80.77117919921875,129.57496643066406,420.50299072265625,-58.14364032163367,-77.4601599432142,nan,209.38406372070312,94.1419677734375,317.4241027832031,nan,nan,nan
1753091486.7961311,-78.98174285888672,126.70429992675781,411.18695068359375,-58.97915441356869,-78.0910238957699,nan,208.4552764892578,97.01034545898438,318.8100280761719,-7.108110084091618,-119.34717644835156,nan
1753091486.846814,nan,nan,nan,nan,nan,nan,210.570068359375,96.85279083251953,318.292236328125,nan,nan,nan
1753091486.8938107,nan,nan,nan,nan,nan,nan,212.00497436523438,95.66023254394531,320.4612121582031,nan,nan,nan
1753091486.944359,-886.1986083984375,1462.569091796875,4806.51513671875,66.66391279815345,-60.79948801917697,nan,208.14166259765625,99.58507537841797,321.169921875,-7.507162098958776,-118.09541612968872,-8.968190096364738
1753091486.991358,nan,nan,nan,nan,nan,nan,209.9749298095703,97.09874725341797,321.1341857910156,-7.745500976765181,-119.26765174267963,nan
1753091487.04049,nan,nan,nan,nan,nan,nan,211.66761779785156,94.82736206054688,321.8260803222656,nan,nan,nan
1753091487.0924892,-112.03741455078125,182.12457275390625,614.080322265625,-25.388530609281286,-72.47011105152706,nan,210.44859313964844,95.73930358886719,322.8099365234375,nan,nan,nan
1753091487.1445653,-944.9332885742188,1500.2490234375,5125.0771484375,67.44249290304238,-59.94365060822536,nan,208.11705017089844,93.32136535644531,323.0530700683594,nan,nan,nan
1753091487.1975627,-1154.671875,1821.1783447265625,6262.64599609375,68.22006202373898,-59.42697867237658,nan,207.98487854003906,92.63998413085938,322.847900390625,-7.725851297670654,-118.9396764114323,56.17276922486225
1753091487.253861,-73.49128723144531,115.14427947998047,398.5980224609375,-60.4475527094089,-78.32281823782036,124.2411171946542,206.8887939453125,91.18685150146484,322.1099853515625,-8.070672755299938,-118.25528388712847,nan
1753091487.3118603,nan,nan,nan,nan,nan,nan,208.27456665039062,89.38673400878906,322.33343505859375,-8.21564225012965,-118.7121237230416,nan
1753091487.3608363,-72.29936218261719,112.18236541748047,396.2748718261719,-60.11708200420061,-78.22943353362542,nan,204.60452270507812,89.06065368652344,323.4048156738281,nan,nan,nan
1753091487.4108388,-73.04278564453125,111.0215072631836,400.349609375,-59.827744077636616,-78.33122683765865,nan,204.193115234375,88.17483520507812,324.7326965332031,nan,nan,nan
1753091487.458181,-74.27163696289062,108.60450744628906,402.83038330078125,-59.26930194071159,-78.06862573129055,nan,203.56825256347656,86.29796600341797,324.7341003417969,nan,nan,nan
1753091487.5071807,-74.40811920166016,106.80972290039062,407.8330383300781,-57.77553445313027,-78.68864325009608,nan,201.642822265625,84.66322326660156,325.66693115234375,nan,nan,nan
1753091487.5587704,-73.40447998046875,94.29450225830078,398.1271667480469,-58.47919058004405,-79.85799735470339,nan,198.6890106201172,78.3274917602539,328.0428161621094,nan,nan,nan
1753091487.6097713,-73.81027221679688,84.78736114501953,400.3280944824219,-57.80925911345829,-80.9654827686288,126.22056469986627,194.43067932128906,72.93795776367188,329.3958740234375,nan,nan,nan
1753091487.6594577,-74.09168243408203,82.78754425048828,401.8543701171875,-57.95979318509117,-81.42971757540786,126.36531633053869,192.79493713378906,70.49720001220703,329.8551940917969,nan,nan,nan
1753091487.7104664,-75.52072143554688,80.33716583251953,401.21856689453125,-57.69295820346791,-80.9019401427386,nan,192.8075408935547,69.69000244140625,332.0663146972656,-11.188262598353775,-114.87628695452018,55.18684903386685
1753091487.7588696,-75.65618133544922,80.48126220703125,401.938232421875,-57.67621403881955,-81.24353052310853,-119.62635452295385,194.40611267089844,71.55817413330078,334.8194885253906,nan,nan,nan
1753091487.8108747,-77.72804260253906,81.0262680053711,404.66009521484375,-57.657008400462054,-81.46364138745628,128.64184849075986,193.5435028076172,71.88297271728516,333.3338317871094,-10.371429114872086,-115.45736971087383,nan
1753091487.864705,-77.74617767333984,80.26522827148438,404.7545166015625,nan,nan,nan,195.2708740234375,72.04632568359375,334.09130859375,-10.265881516643185,-116.08974084726404,nan
1753091487.9167137,-79.746826171875,81.51295471191406,411.0464782714844,-56.556195534320906,-82.03784024778344,128.77298920271247,194.0533905029297,70.7843246459961,334.2120056152344,-10.391923149785802,-116.08691548762623,55.49653614526081
1753091487.9672399,nan,nan,nan,nan,nan,nan,194.4150390625,70.50502014160156,335.9497985839844,nan,nan,nan
1753091488.0212395,-81.42074584960938,80.79786682128906,419.6745300292969,-58.50839894639268,-82.70222918923669,-116.12756274929065,211.292724609375,75.01461791992188,367.5622863769531,0.42834725733966916,-119.83251549703543,55.81844710909274
1753091488.0728054,-79.93727111816406,77.73780822753906,412.0281066894531,nan,nan,nan,198.7485809326172,69.6959228515625,348.0742492675781,-6.28841592584386,-117.06572123616893,55.79498799543248
1753091488.1228044,-81.77536010742188,77.1799545288086,413.2924499511719,-56.84569899292527,-82.47226964552854,nan,199.72833251953125,67.35120391845703,353.36767578125,nan,nan,nan
1753091488.1743755,-82.73772430419922,75.8059310913086,410.1670837402344,-56.93305239292231,-83.11817010180629,nan,194.83091735839844,64.3653564453125,348.26495361328125,nan,nan,nan
1753091488.2313843,-85.65963745117188,77.09201049804688,412.8215026855469,-57.361973039885605,-83.98944782690532,nan,191.2467498779297,64.506591796875,345.4276123046875,-68.22758433147787,-43.12612615821193,-43.90521675859929
1753091488.288918,-91.41293334960938,81.86431884765625,421.0000915527344,-56.963844353445175,-84.06026107526259,nan,191.1177978515625,65.79345703125,345.1947326660156,nan,nan,nan
1753091488.3484337,-91.89202880859375,80.95358276367188,412.23138427734375,-56.927339218362135,-84.71001404861168,nan,190.74488830566406,66.56062316894531,345.7244567871094,nan,nan,nan
1753091488.3994343,-92.14234924316406,80.4784164428711,409.811767578125,-57.53082496192064,-85.54442759345332,nan,192.84280395507812,67.26146697998047,345.9026184082031,nan,nan,nan
1753091488.44998,-91.13919830322266,80.29036712646484,408.85418701171875,-58.25752477052883,-85.53757603524163,nan,194.3945770263672,67.7718734741211,345.1075439453125,nan,nan,nan
1753091488.500974,-91.45751953125,81.36139678955078,410.2821960449219,-57.61929237053903,-85.13251663670815,-114.66271008653744,194.74440002441406,66.97732543945312,341.0616149902344,nan,nan,nan
1753091488.5495474,-88.43556213378906,81.49079895019531,410.9347229003906,-58.30843711376441,-84.92914975417696,-115.02989080486697,201.29237365722656,70.11471557617188,350.1658020019531,nan,nan,nan
1753091488.5985448,-87.1538314819336,81.77413940429688,412.3635559082031,-57.86166950459034,-84.35408619942322,nan,197.59857177734375,71.47757720947266,343.7401123046875,nan,nan,nan
1753091488.6470008,-79.7936782836914,83.17955017089844,415.41400146484375,-58.13288493497925,-83.53704019168615,-115.91261751892074,192.11151123046875,72.31849670410156,344.59088134765625,nan,nan,nan
1753091488.6950004,-72.85685729980469,84.1648941040039,412.3974609375,-57.627932154729756,-81.3914351444302,-120.2202729612534,184.1025848388672,70.21517944335938,340.82757568359375,nan,nan,nan
1753091488.7435632,-58.647579193115234,89.49568176269531,418.7488098144531,nan,nan,nan,167.34423828125,68.91657257080078,344.18206787109375,-72.32497334519837,-46.05619406592553,-39.53036437186307
1753091488.7945623,-50.582706451416016,89.68634796142578,412.20782470703125,-57.043211577247725,-74.74986423766406,-124.44228056704772,nan,nan,nan,nan,nan,nan
1753091488.8490803,-41.72230529785156,89.42272186279297,410.99615478515625,-58.77696296143605,-71.33839694223946,118.53316132756811,nan,nan,nan,nan,nan,nan
1753091488.8990824,-41.991172790527344,89.99898529052734,413.64471435546875,nan,nan,nan,nan,nan,nan,nan,nan,nan
1753091488.9523215,nan,nan,nan,nan,nan,nan,nan,nan,nan,nan,nan,nan
1753091489.004322,-71.51884460449219,96.20524597167969,438.28765869140625,-53.40554286424382,-75.04900259439596,-118.1745591939624,313.6231994628906,151.07672119140625,700.5690307617188,-72.33220662670429,-48.94574620679057,-42.46847562450754
1753091489.054166,-95.37994384765625,91.54627990722656,417.0625305175781,-56.88437694357072,-82.78008735959631,-114.22102792002498,184.57196044921875,67.162353515625,345.3929443359375,-69.36978315984469,-43.17065943376195,-39.61627418076999
1753091489.111163,-112.35877990722656,87.95680236816406,411.54840087890625,nan,nan,nan,201.74325561523438,73.34591674804688,346.30670166015625,nan,nan,nan
1753091489.1646795,-124.00934600830078,85.65374755859375,408.132080078125,2.170965683629468,-75.30945568546286,177.68362642081476,211.01702880859375,73.82183074951172,351.7541198730469,-5.064107302599388,-115.58086996157617,54.50777297330967
1753091489.215682,-133.48031616210938,84.39124298095703,405.84271240234375,1.6500653560201,-76.5340193358988,176.79498743168395,224.52207946777344,74.70567321777344,359.26422119140625,nan,nan,nan
1753091489.2672148,-135.4951934814453,85.45760345458984,407.1974792480469,nan,nan,nan,224.9443359375,71.19373321533203,355.55462646484375,-5.82206210606269,-112.71037218363087,nan
1753091489.318214,-131.4532470703125,85.89276123046875,409.2709655761719,3.7209081678242564,-76.30475905511611,177.15820521177164,221.72640991210938,73.77422332763672,358.1033020019531,nan,nan,nan
1753091489.366753,-123.33599090576172,85.97084045410156,405.91595458984375,2.899444550734738,-77.3884228369644,nan,216.88034057617188,75.83888244628906,358.0773620605469,nan,nan,nan
1753091489.4157555,-108.2392349243164,89.55208587646484,407.97747802734375,nan,nan,nan,205.21591186523438,75.60882568359375,356.99114990234375,nan,nan,nan
1753091489.4659772,-98.08082580566406,91.91893768310547,411.53472900390625,-57.38994210623701,-92.30602095687867,-111.08028881526225,196.27430725097656,73.03361511230469,354.50836181640625,nan,nan,nan
1753091489.511977,-76.4940414428711,95.2615966796875,419.26605224609375,-56.90782244009169,-86.10663370786547,nan,182.14601135253906,68.33326721191406,354.93182373046875,nan,nan,nan
1753091489.5636342,-66.26644897460938,96.10488891601562,415.9226989746094,-56.73935563246334,-80.50066634342588,-120.8544209897076,172.3543243408203,65.25657653808594,353.08709716796875,-70.62060052284323,-45.73392049986485,nan
1753091489.6136339,-53.54302215576172,95.48184204101562,416.7013854980469,nan,nan,nan,162.8047637939453,64.56660461425781,353.0346984863281,-71.61265403505543,-46.62228257745092,-41.153760583852396
1753091489.6652226,nan,nan,nan,nan,nan,nan,165.0723876953125,63.29298400878906,353.5203552246094,nan,nan,nan
1753091489.7142217,-59.73936462402344,93.51992797851562,415.1212158203125,-58.82408701463371,-75.12048711335079,nan,171.5318145751953,62.48326110839844,352.7947998046875,-70.75321820048613,-47.25320050917105,-38.71779806348129
1753091489.7660606,nan,nan,nan,nan,nan,nan,179.9645538330078,63.259708404541016,353.33447265625,-69.56468054581683,-46.204848206789855,nan
1753091489.8150697,-87.17554473876953,92.92181396484375,412.4662780761719,-57.65305091327569,-83.9407382565224,-115.57673591337762,204.13943481445312,70.68559265136719,359.94482421875,nan,nan,nan
1753091489.8676484,-102.33333587646484,92.09832763671875,415.9261779785156,-57.84754137970471,-87.1193648599546,-111.58729916569708,209.4562530517578,73.13681030273438,358.3612365722656,nan,nan,nan
1753091489.918645,-119.7781753540039,90.7418441772461,409.8001708984375,nan,nan,nan,229.9229736328125,76.2776107788086,356.90167236328125,-5.082447990134616,-113.59118108513317,nan
1753091489.969164,-130.71669006347656,90.11687469482422,406.9777526855469,nan,nan,nan,236.65650939941406,77.14264678955078,357.7238464355469,nan,nan,nan
1753091490.0181634,-146.1484832763672,91.0393295288086,404.1102294921875,nan,nan,nan,244.7388916015625,77.5534896850586,356.4439392089844,nan,nan,nan
1753091490.0697472,-151.9398956298828,91.40233612060547,409.2218322753906,5.352331280268852,-77.65747632829581,177.79882298189162,246.6837921142578,76.1944580078125,353.3269348144531,-5.056428540967144,-111.00137024166018,50.88758846590417
1753091490.1258621,-153.6130828857422,89.74848175048828,405.3140563964844,4.2173597308342305,-78.69504307040656,nan,248.44317626953125,74.95274353027344,353.8934020996094,nan,nan,nan
1753091490.1757166,-154.0445098876953,90.00054931640625,406.452392578125,5.29630530660587,-77.7890541114187,nan,256.9960632324219,77.7464599609375,367.0841064453125,-0.5523973916382842,-113.07095880288522,50.520216783309415
1753091490.2327404,-145.12969970703125,88.85816192626953,401.2932434082031,3.778621986187335,-78.56722923236188,nan,245.78111267089844,75.54869842529297,359.9824523925781,-3.398377214291296,-111.84119941402533,50.95222664334529
1753091490.309281,-127.83184051513672,90.75080871582031,402.8294982910156,3.5148683174778785,-79.1040097734733,nan,229.38278198242188,77.93688201904297,358.2060546875,nan,nan,nan
1753091490.3622699,-123.78778839111328,91.9828109741211,404.83544921875,4.359471378212328,-77.12653652050054,175.27937419143421,222.20089721679688,77.8390121459961,357.7562255859375,nan,nan,nan
1753091490.4202724,-104.9582748413086,92.08033752441406,398.5052490234375,nan,nan,nan,207.82232666015625,77.87591552734375,357.9258117675781,nan,nan,nan
1753091490.471845,-98.30787658691406,96.12361907958984,409.1790771484375,-57.972666780363774,-93.621168794205,nan,199.8280792236328,75.39282989501953,355.9713439941406,nan,nan,nan
1753091490.5208359,-80.33633422851562,97.89960479736328,410.0126647949219,-58.356803401556135,-86.29188627760344,-116.19639917202973,184.05499267578125,69.38945007324219,353.3445739746094,nan,nan,nan
1753091490.5703964,-84.24351501464844,111.42779541015625,466.66998291015625,-51.45557264286835,-81.84401212684465,-111.1640744320544,176.0198974609375,66.0358657836914,353.61676025390625,nan,nan,nan
1753091490.618406,-69.09847259521484,96.86174774169922,408.96649169921875,-58.34450727240382,-80.01515247601996,nan,166.18362426757812,66.59842681884766,352.98681640625,-71.0525306699943,-45.11774848392057,-40.19552698471812
1753091490.666182,-68.85807800292969,97.3100814819336,407.5436706542969,-58.12509296515328,-80.37539864582718,nan,166.09959411621094,66.9704818725586,351.3701477050781,-71.47692816296087,-45.41414805404467,-40.500614569573195
1753091490.7161815,-82.77294921875,97.18746185302734,410.3417053222656,-58.350615293602395,-83.43131064351165,nan,176.94705200195312,64.69689178466797,350.0588073730469,-70.28705857471803,-45.989905675360795,-36.98877081256841
1753091490.7687995,-97.13400268554688,97.31893920898438,417.6935119628906,-57.469208929739985,-84.76273463097301,-114.499967035498,186.61351013183594,67.2323226928711,349.2133483886719,-69.1616689058309,-41.548581814793835,-41.15399424447779
1753091490.8226986,-111.5669174194336,92.33312225341797,402.959716796875,nan,nan,nan,204.2208709716797,74.92220306396484,350.5597229003906,-6.089063210776194,-115.97687002487102,55.72149304084641
1753091490.8722937,-127.31515502929688,91.49517059326172,406.1336364746094,4.5919690121983265,-75.37318687042391,176.50162580138203,219.76210021972656,81.22393798828125,360.5411376953125,nan,nan,nan
1753091490.9232945,-153.03915405273438,93.3037109375,403.79974365234375,nan,nan,nan,241.96682739257812,82.8232421875,358.4424133300781,nan,nan,nan
1753091490.9798667,-170.6055450439453,91.20890808105469,404.86297607421875,4.748251688166378,-79.71863928463198,nan,261.20135498046875,81.40904235839844,358.298095703125,-1.0145527164476489,-112.57994490703899,49.51074800425643
1753091491.0299506,-173.1516876220703,87.0154800415039,399.9322204589844,nan,nan,nan,266.0098876953125,79.19866943359375,354.5841979980469,-2.680733679652149,-111.13332872444204,48.32604288458233
1753091491.0766456,-178.87127685546875,85.26174926757812,398.93829345703125,nan,nan,nan,279.941162109375,79.0650863647461,360.2012634277344,-1.6096525576221379,-110.09446185652179,47.47190365084793
1753091491.127655,-179.91864013671875,84.62405395507812,399.5570373535156,-64.86678593337147,-148.5607281170015,-148.52080991442114,282.7233581542969,76.47804260253906,361.09521484375,nan,nan,nan
1753091491.1782155,-178.20445251464844,84.13532257080078,400.8969421386719,nan,nan,nan,283.85125732421875,73.62637329101562,360.7600402832031,nan,nan,nan
1753091491.2272234,-177.94606018066406,83.24193572998047,400.3156433105469,nan,nan,nan,280.8834228515625,71.83260345458984,358.7452697753906,nan,nan,nan
1753091491.276734,-176.32772827148438,82.43522644042969,400.14422607421875,nan,nan,nan,277.3045654296875,69.89643859863281,355.92626953125,nan,nan,nan
1753091491.3257313,-176.49575805664062,81.74198150634766,400.5255126953125,-65.3289081043311,-146.76499230898304,nan,277.5705261230469,68.07230377197266,357.1510009765625,nan,nan,nan
1753091491.373568,-176.53199768066406,80.98680877685547,400.6077575683594,-65.1849245933039,-146.71572395130835,nan,277.8240966796875,68.64508819580078,360.1562194824219,nan,nan,nan
1753091491.422571,-176.94720458984375,79.28305053710938,399.80169677734375,-65.14291939215244,-146.51091064305896,nan,274.1481628417969,68.07695007324219,357.1753845214844,nan,nan,nan
1753091491.4721324,-177.78514099121094,80.08386993408203,399.95361328125,nan,nan,nan,276.2386779785156,69.2895736694336,359.89898681640625,nan,nan,nan
1753091491.5231311,-178.89036560058594,78.68963623046875,400.7029724121094,-64.74911783849755,-146.70457406108477,nan,276.9410705566406,71.0346450805664,361.7222595214844,nan,nan,nan
1753091491.5786924,-180.3321075439453,79.4166259765625,400.4752502441406,nan,nan,nan,277.35845947265625,72.53784942626953,362.26739501953125,nan,nan,nan
1753091491.638703,-179.5498046875,80.18359375,400.4516296386719,nan,nan,nan,275.62200927734375,72.59471893310547,359.0955810546875,nan,nan,nan
1753091491.6962225,-179.8179168701172,79.53050994873047,401.049560546875,nan,nan,nan,nan,nan,nan,nan,nan,nan
1753091491.7458158,-173.7561492919922,71.53397369384766,399.550048828125,-65.11637607299454,-143.73972409397462,nan,266.5893249511719,59.593780517578125,359.9797668457031,-4.706968695651203,-109.16530991444135,48.337529051671495
1753091491.7978253,-174.09263610839844,63.1870002746582,400.32379150390625,-65.12812402152802,-140.65874432474445,nan,262.7257995605469,51.05815887451172,358.4939880371094,-6.511904519092996,-108.7622198597514,48.70537844273622
1753091491.8504436,-169.17918395996094,43.62934494018555,397.8395690917969,-64.29727865239079,-134.6417006682145,nan,256.6287841796875,32.685707092285156,361.5833740234375,nan,nan,nan
1753091491.900445,-167.33665466308594,32.51681900024414,402.6290588378906,-63.78103992667559,-132.11011898337605,-164.23692308336481,nan,nan,nan,nan,nan,nan
1753091491.9511352,-166.6080780029297,14.955058097839355,410.3898620605469,-63.02881819737232,-127.34384066514053,-168.05241600732566,266.2989807128906,8.177538871765137,388.9361572265625,nan,nan,nan
1753091492.0031335,-169.7487030029297,11.315825462341309,422.1332092285156,-62.98978757537879,-127.0608128252971,-167.17349655228838,270.3233642578125,6.798671722412109,395.9281921386719,nan,nan,nan
1753091492.0546765,-168.76968383789062,11.414657592773438,425.82012939453125,-63.08411847694273,-126.6433363397211,-169.03023076999256,262.04376220703125,9.5757474899292,384.8877258300781,nan,nan,nan
1753091492.1076806,-172.08973693847656,16.740684509277344,436.3182373046875,-63.730195149625644,-127.30303960502123,nan,271.0942077636719,19.006242752075195,395.939697265625,-4.350783612742926,-113.98820586921434,nan
1753091492.1656916,-173.99188232421875,40.073177337646484,443.3067626953125,-65.76866940134734,-131.54463120060635,nan,280.8535461425781,43.459835052490234,403.3818359375,nan,nan,nan
1753091492.2166991,-180.19589233398438,70.05866241455078,443.8594665527344,nan,nan,nan,276.6536560058594,72.2713394165039,395.162353515625,nan,nan,nan
1753091492.2645538,-175.2020263671875,94.34439849853516,433.6166687011719,nan,nan,nan,279.3813171386719,91.96463012695312,394.7127685546875,nan,nan,nan
1753091492.3145542,-172.76280212402344,118.72874450683594,413.76654052734375,nan,nan,nan,nan,nan,nan,nan,nan,nan
1753091492.3630965,-170.92996215820312,132.45738220214844,409.3769226074219,nan,nan,nan,267.8060302734375,113.14911651611328,356.0638427734375,nan,nan,nan
1753091492.4161775,nan,nan,nan,nan,nan,nan,267.206787109375,116.49419403076172,351.6632385253906,nan,nan,nan
1753091492.4658594,nan,nan,nan,nan,nan,nan,266.42626953125,114.12693786621094,350.63604736328125,-7.428242406806834,-110.77682639239649,50.26757573320191
1753091492.5158556,-168.11033630371094,125.23722076416016,398.9416198730469,nan,nan,nan,266.9306335449219,101.15331268310547,354.8999328613281,nan,nan,nan
1753091492.5684302,-171.2340545654297,113.99102783203125,408.2212219238281,nan,nan,nan,260.7713928222656,87.47865295410156,357.7082824707031,-60.71933561462548,-21.325787947963565,-58.038752142461185
1753091492.6184301,-167.0216064453125,89.51242065429688,411.408447265625,nan,nan,nan,254.29544067382812,68.34226989746094,362.2296447753906,nan,nan,nan
1753091492.6684306,-171.602294921875,67.85411834716797,424.70751953125,nan,nan,nan,253.82794189453125,49.11290740966797,364.5657653808594,nan,nan,nan
1753091492.716351,-165.418701171875,43.18351745605469,423.54296875,-65.85543569769945,-130.7158458440632,nan,252.7235565185547,26.964656829833984,369.1089172363281,-12.838947158958769,-109.9508852197101,nan
1753091492.766513,-163.31341552734375,27.8745174407959,426.57110595703125,-65.58399591405637,-128.05643224690397,-164.48983141808918,255.01553344726562,16.536640167236328,374.5647277832031,nan,nan,nan
1753091492.8144352,-163.86801147460938,18.348901748657227,434.5816650390625,-64.87935042596388,-125.18389630449835,-171.4652718247016,252.03192138671875,9.36899185180664,376.577392578125,nan,nan,nan
1753091492.865868,-167.61465454101562,18.673002243041992,442.25775146484375,-65.03330135471386,-125.10625277454267,-168.4976532469251,258.3714599609375,11.124493598937988,387.1644592285156,nan,nan,nan
1753091492.9218755,-172.3801727294922,31.314899444580078,452.53094482421875,-66.14841608520476,-127.66402928773356,-163.53293104080572,270.6316833496094,27.12478256225586,403.2076110839844,nan,nan,nan
1753091492.9754388,-175.85211181640625,56.59800338745117,452.4894714355469,-67.65734116054439,-133.47890539565583,nan,274.2635498046875,53.167476654052734,406.2857971191406,nan,nan,nan
1753091493.0294404,-175.68431091308594,77.55239868164062,447.6188659667969,nan,nan,nan,282.0962829589844,70.98316192626953,409.7023620605469,nan,nan,nan
1753091493.0800261,-171.54747009277344,104.00421905517578,428.6605224609375,nan,nan,nan,270.7133483886719,98.22276306152344,383.5106506347656,nan,nan,nan
1753091493.1340363,-167.57208251953125,121.98533630371094,416.7203369140625,nan,nan,nan,268.2364196777344,110.12660217285156,368.9234619140625,-7.203839393919544,-111.26175389683293,51.89202837192547
1753091493.1850991,nan,nan,nan,nan,nan,nan,269.3035583496094,116.54165649414062,358.05487060546875,nan,nan,nan
1753091493.2331045,-170.62615966796875,148.451416015625,414.38653564453125,nan,nan,nan,268.16864013671875,118.1116714477539,356.5459289550781,nan,nan,nan
1753091493.286675,nan,nan,nan,nan,nan,nan,267.2549133300781,114.57923126220703,356.2437744140625,nan,nan,nan
1753091493.3366983,-166.26316833496094,137.24525451660156,409.540283203125,nan,nan,nan,265.6797180175781,112.03755950927734,356.8942565917969,-6.139810382509922,-111.53997541041197,50.55930111432404
1753091493.3902524,-165.6982879638672,115.06311798095703,412.0605773925781,nan,nan,nan,260.8483581542969,95.22006225585938,363.5801086425781,nan,nan,nan
1753091493.440261,-167.6982879638672,91.17334747314453,419.0422058105469,nan,nan,nan,257.30157470703125,74.20240020751953,370.5804443359375,nan,nan,nan
1753091493.4898276,-165.22601318359375,71.772216796875,418.9158630371094,nan,nan,nan,251.67861938476562,58.0191650390625,367.582763671875,nan,nan,nan
1753091493.538834,-165.3701629638672,58.144142150878906,425.5181579589844,-67.3466040146565,-133.73730199646664,nan,254.14393615722656,44.78654861450195,375.40960693359375,nan,nan,nan
1753091493.5893884,-163.2501220703125,38.54539489746094,426.40576171875,-66.63021864749844,-130.77155223208456,-160.12652835059635,252.98562622070312,28.424591064453125,379.0938720703125,nan,nan,nan
1753091493.639396,-165.37481689453125,34.05289077758789,431.9554443359375,-66.25565686686313,-129.40613672600816,nan,256.4109191894531,25.035205841064453,383.120361328125,nan,nan,nan
1753091493.692221,-168.03309631347656,31.217302322387695,438.8988037109375,-66.09284215074064,-128.65789263066392,-164.15336287988526,256.26519775390625,24.494714736938477,386.2388000488281,-12.038771847650128,-111.75950710270422,50.68066511303032
1753091493.7432227,-172.44056701660156,43.10220718383789,448.1553649902344,nan,nan,nan,265.07843017578125,39.42365646362305,401.8561706542969,-5.853511103276933,-113.95109188622837,51.5027325555638
1753091493.7928824,-173.4980926513672,55.25407791137695,448.65692138671875,-67.59584589111158,-133.5145357396192,nan,269.67059326171875,50.69124984741211,405.26617431640625,nan,nan,nan
1753091493.8438926,-178.94760131835938,83.90702056884766,449.3153381347656,nan,nan,nan,280.12689208984375,79.7811050415039,410.2868347167969,nan,nan,nan
1753091493.8921766,-175.8830108642578,104.595703125,441.62054443359375,nan,nan,nan,272.7348327636719,96.32980346679688,393.9014892578125,nan,nan,nan
1753091493.9411752,-172.1964569091797,129.47129821777344,420.16656494140625,nan,nan,nan,260.915283203125,111.56551361083984,359.80780029296875,nan,nan,nan
1753091493.9886863,nan,nan,nan,nan,nan,nan,262.8639221191406,115.53084564208984,354.9493103027344,-8.745636347129576,-110.75451773527092,50.996704256968144
1753091494.0437253,-173.70664978027344,159.39476013183594,417.9559326171875,6.073788233114229,-76.55775656331338,119.52501097645398,nan,nan,nan,nan,nan,nan
1753091494.0935469,-167.44229125976562,153.51739501953125,406.65411376953125,nan,nan,nan,2856.228515625,1328.619384765625,3897.374267578125,nan,nan,nan
1753091494.1490636,-165.443359375,140.61276245117188,405.59576416015625,nan,nan,nan,260.22259521484375,115.26976013183594,354.1471862792969,-2.4927656945418066,-113.31414297675163,50.84323771806955
1753091494.2020838,-163.62451171875,131.0291748046875,404.9628601074219,nan,nan,nan,258.58905029296875,110.08784484863281,352.849365234375,-3.9900457992771616,-112.86002456936791,51.03608952851023
1753091494.2511473,-161.8310089111328,108.50909423828125,408.3132629394531,nan,nan,nan,251.39683532714844,94.9046401977539,357.1204833984375,nan,nan,nan
1753091494.3001475,-163.60736083984375,92.99589538574219,412.7951354980469,nan,nan,nan,246.8745880126953,83.08019256591797,359.554443359375,nan,nan,nan
1753091494.3507178,-161.8945770263672,72.08600616455078,420.7474060058594,nan,nan,nan,242.4156494140625,63.30146789550781,365.364990234375,nan,nan,nan
1753091494.400724,-161.68821716308594,60.14939498901367,422.3261413574219,nan,nan,nan,242.87449645996094,51.17033767700195,369.27398681640625,nan,nan,nan
1753091494.4495354,-156.72354125976562,42.443870544433594,424.30780029296875,-67.23368004679601,-129.78649317161225,nan,238.31813049316406,34.15334701538086,369.9331970214844,nan,nan,nan
1753091494.5015473,-161.32870483398438,37.4091682434082,432.26544189453125,-67.01400504404708,-128.18708461404853,nan,242.55587768554688,31.954143524169922,377.6408996582031,nan,nan,nan
1753091494.554108,-161.35055541992188,33.42143249511719,434.56768798828125,-66.53785707049101,-127.07427746018186,-165.45115367984505,241.12832641601562,30.687511444091797,379.9782409667969,nan,nan,nan
1753091494.607108,-164.82130432128906,36.517051696777344,441.6235046386719,-67.04392530001681,-127.79496634160489,-162.5612519289471,245.82598876953125,37.25711441040039,387.3809814453125,nan,nan,nan
1753091494.6618829,-168.17201232910156,42.25102996826172,448.2868957519531,nan,nan,nan,248.84109497070312,44.51469802856445,392.13226318359375,-6.341402703327549,-112.92167350892909,52.05254033601306
1753091494.712032,-169.38119506835938,55.60546112060547,451.5101318359375,-68.18730643617708,-132.27755247287246,nan,256.04644775390625,59.84927749633789,398.6446838378906,nan,nan,nan
1753091494.7636292,-173.362060546875,66.57234954833984,455.10858154296875,3.6470077613459697,-74.67693542102472,nan,253.60215759277344,65.56134796142578,396.0272216796875,nan,nan,nan
1753091494.8146133,-172.71890258789062,76.81005859375,453.4201965332031,2.494918847513933,-75.2100617855739,nan,257.5425720214844,74.97738647460938,397.3972473144531,nan,nan,nan
1753091494.8656723,-171.8754425048828,78.64549255371094,448.9349060058594,2.8109796456062606,-75.03835140782758,nan,256.648681640625,76.2433853149414,396.0179748535156,nan,nan,nan
1753091494.9156733,-168.92608642578125,79.79972076416016,445.7180480957031,nan,nan,nan,254.60186767578125,76.31607818603516,396.39556884765625,nan,nan,nan
1753091494.9662552,-166.5003204345703,77.75132751464844,443.8307189941406,nan,nan,nan,250.1541290283203,73.48189544677734,389.4707946777344,nan,nan,nan
1753091495.0222564,-159.5102996826172,72.62886810302734,438.718994140625,nan,nan,nan,247.35006713867188,69.89958190917969,386.263916015625,-63.10518471434718,-29.150763626273214,-50.84725919391731
1753091495.0741315,-158.34469604492188,70.79491424560547,437.8335876464844,nan,nan,nan,244.63880920410156,66.38854217529297,383.18304443359375,-63.286604083835265,-28.815632522532297,-49.58615334764338
1753091495.1381514,-156.6114959716797,69.9307632446289,437.70550537109375,nan,nan,nan,240.5467071533203,63.56650924682617,388.4993591308594,-63.54055774460455,-24.71980430060219,-55.47070414116392
1753091495.1936631,-153.94497680664062,62.2846794128418,437.318603515625,-4.087961971543992,-67.60841311058796,nan,237.07504272460938,61.55659866333008,385.2905578613281,nan,nan,nan
1753091495.2427824,-154.43841552734375,62.48432159423828,438.7203674316406,-3.905219669943231,-71.40043481685012,-173.87924469096717,232.2034912109375,57.55702590942383,383.3764343261719,nan,nan,nan
1753091495.2954397,-153.0631103515625,59.741302490234375,437.20672607421875,nan,nan,nan,229.44705200195312,54.47377014160156,382.4759826660156,nan,nan,nan
1753091495.3518095,-152.71998596191406,57.40155029296875,438.6409912109375,nan,nan,nan,230.25437927246094,55.37696075439453,388.8175048828125,-65.14068447678497,-25.167931739567003,-60.21580627840893
1753091495.4088078,-154.33636474609375,56.840301513671875,440.8436279296875,nan,nan,nan,233.72557067871094,52.65564727783203,390.8635559082031,-65.18915779594369,-33.73304610890558,-44.691344790292604
1753091495.467357,-154.6920928955078,59.52565383911133,441.8597106933594,-5.905912998891372,-71.4311726600645,nan,232.59837341308594,55.00484848022461,391.5017395019531,nan,nan,nan
1753091495.5283606,-157.16310119628906,58.10675048828125,444.02984619140625,nan,nan,nan,231.4350128173828,56.78352355957031,393.3712158203125,-65.76607396132859,-37.52663843061918,nan
1753091495.5779579,-157.9702911376953,60.12522888183594,446.31036376953125,nan,nan,nan,235.46009826660156,59.119850158691406,398.9061279296875,-65.57274867597658,-37.0775931519804,nan
1753091495.6269557,-160.3129119873047,61.22301483154297,448.0504150390625,nan,nan,nan,235.15701293945312,60.579124450683594,398.39263916015625,nan,nan,nan
1753091495.677519,-163.6476287841797,64.10481262207031,450.09832763671875,nan,nan,nan,237.7630157470703,62.59849548339844,401.4969177246094,nan,nan,nan
1753091495.7315176,-165.28208923339844,66.14646911621094,452.1971130371094,nan,nan,nan,239.41424560546875,63.812278747558594,404.2852478027344,nan,nan,nan
1753091495.7851236,-170.51730346679688,71.37761688232422,452.21575927734375,-3.2177137265212945,-71.97686051485084,nan,241.00621032714844,64.60039520263672,404.34210205078125,nan,nan,nan
1753091495.8361983,-171.7064208984375,72.38294982910156,453.0540466308594,nan,nan,nan,241.0934295654297,65.40321350097656,404.4884338378906,nan,nan,nan
1753091495.885906,-175.62081909179688,73.93923950195312,451.8943786621094,-2.636083005867264,-71.72300520259078,nan,240.11549377441406,65.7017822265625,401.5495300292969,nan,nan,nan
1753091495.9359019,-175.2025604248047,73.2576675415039,453.0645751953125,nan,nan,nan,242.32839965820312,66.30728912353516,405.2502136230469,nan,nan,nan
1753091495.9844267,-173.12445068359375,68.7605972290039,452.197265625,nan,nan,nan,240.2324981689453,65.1696548461914,403.04400634765625,nan,nan,nan
1753091496.0333164,-170.77442932128906,67.99437713623047,452.8976135253906,-0.9168533569740354,-71.46466820520249,-175.98803050380522,240.5017852783203,65.66730499267578,406.1217041015625,nan,nan,nan
1753091496.0849082,-166.02366638183594,65.56798553466797,454.2260437011719,-1.3765829983856943,-70.52661205706278,nan,238.001220703125,64.41971588134766,403.211181640625,nan,nan,nan
1753091496.134908,-165.98724365234375,66.42868041992188,454.12640380859375,-2.1685068818000097,-70.8627796898812,nan,237.79054260253906,64.3626937866211,402.8542785644531,nan,nan,nan
1753091496.1894803,-166.43728637695312,67.48624420166016,455.357666015625,-1.2295489164575029,-70.0139800415713,nan,237.11376953125,64.17951202392578,401.70770263671875,nan,nan,nan
1753091496.241492,-168.48147583007812,67.6023178100586,456.1408386230469,-1.3144764600686327,-69.7592772664258,nan,236.20828247070312,63.93442153930664,400.1736755371094,nan,nan,nan
1753091496.2890007,-168.15554809570312,69.22607421875,455.2584228515625,-1.236232214076422,-69.84084639829686,-176.13191937583056,237.9865264892578,64.41574096679688,403.186279296875,nan,nan,nan
1753091496.3371506,-167.3083038330078,68.87727355957031,452.964599609375,-2.566933585414382,-70.51538444308967,-177.33955360431045,238.29522705078125,64.49929809570312,403.70928955078125,nan,nan,nan
1753091496.3857033,-167.58717346191406,68.47501373291016,456.0990905761719,-1.5103048822608884,-70.0974993101817,nan,238.58152770996094,65.35565185546875,404.1943054199219,nan,nan,nan
1753091496.4317045,-166.34939575195312,69.20459747314453,455.1172180175781,-2.134429657277574,-70.56119180500593,nan,238.89048767089844,65.44029235839844,404.7177429199219,nan,nan,nan
1753091496.479306,-165.6848602294922,67.89706420898438,458.1296081542969,nan,nan,nan,240.04527282714844,65.54266357421875,405.350830078125,nan,nan,nan
1753091496.530307,-165.5799560546875,68.37201690673828,455.4129943847656,-1.8985039370503791,-69.63531973547798,nan,237.34091186523438,65.7906265258789,402.092529296875,nan,nan,nan
1753091496.57924,-163.9805145263672,67.55858612060547,455.8457946777344,-2.1017833999906057,-69.8638950681349,nan,240.32069396972656,65.83207702636719,407.1407470703125,nan,nan,nan
1753091496.6262453,-163.63421630859375,68.29246520996094,454.8831481933594,-2.6342978902385226,-70.40747270422517,nan,239.89405822753906,65.9304428100586,407.7490539550781,nan,nan,nan
1753091496.6757877,-162.766845703125,70.42878723144531,457.3719787597656,nan,nan,nan,236.16490173339844,64.69365692138672,400.10015869140625,nan,nan,nan
1753091496.7237878,-161.0204620361328,70.05245208740234,454.927978515625,nan,nan,nan,236.59353637695312,65.23701477050781,403.4606018066406,-65.91807497790109,-28.956447042397674,-54.36924347631913
1753091496.7745297,-158.31796264648438,66.51542663574219,454.7194519042969,-6.901927353192311,-64.89730531115845,-176.22816964389844,231.0565643310547,63.789485931396484,399.2664794921875,-6.86826617663727,-116.48054608088032,-21.104953785882902
1753091496.825527,-157.8129425048828,68.42884063720703,455.7915344238281,-3.5426548295024367,-61.81429704434253,-179.21475411090222,233.0428924560547,64.9870376586914,406.76214599609375,nan,nan,nan
1753091496.8733492,-157.43336486816406,71.28955841064453,457.239990234375,-0.014503308830145395,-56.46687212918302,177.79412063263806,230.7502899169922,67.35566711425781,406.86590576171875,5.69303697310296,-122.87010818253192,-11.22935773234666
1753091496.924345,-157.4812469482422,73.95529174804688,457.3790283203125,2.1649546508954605,-55.04415946759675,175.9305540095515,232.55799865722656,68.44094848632812,408.664794921875,8.321637545044934,-127.85051256379512,-10.039605420330275
1753091496.9738927,-155.63595581054688,71.27340698242188,457.1364440917969,2.493466120982996,-52.928942003769066,174.6853866192708,232.33888244628906,68.14571380615234,406.90191650390625,8.170884023306389,-129.0565295202504,-8.473337248982515
1753091497.0258837,-155.63987731933594,72.56683349609375,459.7501525878906,4.109551121914388,-53.77852351330972,176.42401664940397,231.67539978027344,67.06641387939453,409.8897399902344,10.275236941213983,-130.65807370240358,-10.302947832065875
1753091497.074427,-156.48751831054688,72.96204376220703,462.2539978027344,5.611500225831905,-54.5212638055697,177.9972570201995,226.01119995117188,63.3310432434082,401.2363586425781,5.188392135489691,-130.25182372840484,-3.016241096838056
1753091497.1244254,-156.00057983398438,70.95906829833984,460.8156433105469,5.150160518118177,-54.43755513408519,176.55108762955652,228.03292846679688,60.985843658447266,406.2151184082031,8.675133882965005,-132.9630532870459,-5.686511933602949
1753091497.173805,-155.78488159179688,72.15843200683594,462.8128662109375,6.3792219473815255,-54.02072360096081,178.47747224188578,226.22056579589844,58.94805908203125,402.98663330078125,6.330526640717496,-133.03272453645016,-4.466088184799172
1753091497.226781,-153.1696319580078,70.4736557006836,457.6633605957031,3.5180805943013405,-53.89112382444499,174.05539239197935,227.28720092773438,59.22600173950195,404.88671875,7.768746498762967,-133.90537095034037,-5.9652047401780965
1753091497.27816,-154.7964324951172,73.00468444824219,462.5241394042969,5.907783258770808,-58.46229663952242,177.43810650893408,226.1005859375,59.324073791503906,405.5571594238281,7.81854531411945,-135.1861289679448,-6.045039298885939
1753091497.3281674,-150.68800354003906,67.41400146484375,460.8623352050781,5.715733262162704,-56.72112875539488,176.38060019129543,224.5928192138672,58.556976318359375,405.6568908691406,7.152082950943761,-132.1249304599914,-7.281196253509533
1753091497.3767488,-151.11138916015625,67.60340881347656,462.1571960449219,nan,nan,nan,223.81533813476562,57.57529067993164,404.2526550292969,-68.02973648809756,-23.16924931838499,nan
1753091497.4237506,-152.53048706054688,67.83848571777344,463.76422119140625,-59.43208033967732,-87.54396891743173,nan,225.00662231445312,56.70390701293945,403.5949401855469,-68.10702474085365,-31.425018430773353,-53.040829623347264
1753091497.4735656,-153.06373596191406,70.35379791259766,462.6748046875,nan,nan,nan,222.53416442871094,57.04716491699219,400.5445251464844,-12.908845418413039,-117.47551680949095,nan
1753091497.5255754,-155.731689453125,73.91683197021484,462.65484619140625,nan,nan,nan,227.39724731445312,62.591854095458984,406.4780578613281,nan,nan,nan
1753091497.577144,-156.85971069335938,76.70704650878906,463.35345458984375,nan,nan,nan,226.39576721191406,64.43370819091797,403.2987365722656,nan,nan,nan
1753091497.6271455,-157.74375915527344,78.48838806152344,463.3275451660156,nan,nan,nan,228.66802978515625,66.42227935791016,405.9530029296875,nan,nan,nan
1753091497.6770945,-158.75340270996094,79.43965911865234,463.66876220703125,nan,nan,nan,226.29583740234375,67.28150177001953,401.7416687011719,nan,nan,nan
1753091497.7271812,-158.3771209716797,80.1427230834961,462.56976318359375,nan,nan,nan,226.41416931152344,68.560302734375,404.72076416015625,-9.971745708242382,-117.4813778511576,56.8834615906913
1753091497.7776551,-158.7610321044922,79.4434814453125,463.6910705566406,nan,nan,nan,226.1171112060547,68.4703598022461,404.1897888183594,-10.320523042857914,-117.4862983275112,56.82891619896411
1753091497.8326557,-158.47210693359375,77.51512908935547,462.8471984863281,nan,nan,nan,225.60598754882812,68.85550689697266,401.8918151855469,nan,nan,nan
1753091497.892227,-158.18141174316406,77.37293243408203,461.9981384277344,-2.6925964547065333,-66.75858315602048,-170.54671329171677,224.8914794921875,67.86546325683594,400.6189880371094,-11.147535486431922,-117.22608105080695,56.563211868160586
1753091497.946251,-158.6871337890625,77.18589782714844,460.88134765625,nan,nan,nan,227.6332550048828,68.45785522460938,404.115966796875,nan,nan,nan
1753091497.9960523,-159.82655334472656,76.41795349121094,461.6072082519531,nan,nan,nan,227.79574584960938,68.27315521240234,403.02569580078125,nan,nan,nan
1753091498.0462234,-163.36627197265625,76.40940856933594,461.5555725097656,nan,nan,nan,227.30960083007812,69.13812255859375,403.5413818359375,nan,nan,nan
1753091498.0947888,-164.64491271972656,78.37348937988281,462.6492919921875,nan,nan,nan,226.3881378173828,69.09422302246094,403.2851257324219,nan,nan,nan
1753091498.144792,-168.7154541015625,79.97306823730469,461.59051513671875,nan,nan,nan,223.00450134277344,69.54318237304688,401.3910827636719,nan,nan,nan
1753091498.1984766,-169.0190887451172,80.58322143554688,459.9961242675781,-2.630168899186,-70.32913632975452,-173.6595247947091,222.43763732910156,69.60783386230469,401.7642517089844,nan,nan,nan
1753091498.2494795,-168.77171325683594,81.35037231445312,459.3228759765625,-3.040280675757449,-69.9442411141672,nan,218.9020233154297,69.22422790527344,399.55010986328125,-10.857154150723204,-117.54794083887235,57.06056083068282
1753091498.2986076,-168.08370971679688,81.44588470458984,459.86212158203125,-2.841564746719419,-69.70836883235893,nan,219.43138122558594,69.39163208007812,400.5163269042969,-10.459722003241993,-117.46372036924754,57.0374808678887
1753091498.3526158,-162.49163818359375,79.97427368164062,461.5975036621094,nan,nan,nan,219.21640014648438,68.02083587646484,401.5362243652344,nan,nan,nan
1753091498.4028323,-161.05633544921875,77.04472351074219,460.0384216308594,nan,nan,nan,218.05447387695312,60.948631286621094,400.8226623535156,nan,nan,nan
1753091498.4518368,-157.7546844482422,70.06139373779297,460.7518615722656,nan,nan,nan,214.82777404785156,59.0181999206543,403.46612548828125,-11.430211018661163,-115.57493807902047,58.145306441643974
1753091498.5043945,-154.0540008544922,65.55860137939453,460.3057861328125,nan,nan,nan,216.9760284423828,59.82488250732422,408.9808349609375,-68.21461334053866,-18.834635304884483,-78.05116608128039
1753091498.558001,-155.3492889404297,62.174049377441406,461.5187683105469,nan,nan,nan,213.0683135986328,54.700096130371094,406.0395202636719,nan,nan,nan
1753091498.6080031,-157.5487823486328,60.00505065917969,465.3888854980469,nan,nan,nan,209.0590057373047,52.3294677734375,412.0160217285156,nan,nan,nan
1753091498.659783,-156.35403442382812,58.43528366088867,467.17816162109375,-67.38627373660984,-87.77517165275039,-103.37131103338878,207.82041931152344,53.44007873535156,420.7604064941406,nan,nan,nan
1753091498.7097805,-152.74349975585938,54.830902099609375,467.1488342285156,-63.96011614651565,-86.23942846298198,nan,208.5270233154297,51.78173828125,434.0446472167969,-71.16017159553705,-22.493314888365354,nan
1753091498.7593284,-149.01663208007812,56.02207565307617,469.5880126953125,nan,nan,nan,200.9268341064453,48.44835662841797,426.7840576171875,-70.00509262423598,-25.346896378815526,-159.96873075913444
1753091498.8223312,-152.78538513183594,55.24790954589844,478.55828857421875,nan,nan,nan,nan,nan,nan,nan,nan,nan
1753091498.8818626,-154.2729949951172,55.7082633972168,474.623779296875,nan,nan,nan,207.60641479492188,46.54225158691406,417.0727844238281,-62.20760445548955,-30.1612376656389,nan
1753091498.9418614,nan,nan,nan,nan,nan,nan,213.54507446289062,51.80642318725586,427.34893798828125,-60.14558050331823,-28.15447518604679,nan
1753091499.0009618,nan,nan,nan,nan,nan,nan,222.64828491210938,55.72996139526367,432.23199462890625,-57.51147785739161,-25.2012582836347,nan
1753091499.0509632,nan,nan,nan,nan,nan,nan,224.9163360595703,55.45628356933594,436.635009765625,-55.579000582557725,-23.66777860918804,nan
1753091499.1123693,-149.1419677734375,38.62748336791992,467.1462707519531,-65.53636804051641,-142.2752597560017,166.25877985494395,219.2179412841797,49.31537628173828,427.17059326171875,-54.816254964420246,-24.029078878180798,nan
1753091499.1839128,-159.13731384277344,43.1536865234375,467.42071533203125,-67.42335895597449,-134.6538679710941,nan,nan,nan,nan,nan,nan,nan
1753091499.2764378,-163.1264190673828,51.04385757446289,473.7745361328125,-70.93792638846189,-130.72285183213188,nan,nan,nan,nan,nan,nan,nan
1753091499.3619816,-161.1465301513672,54.95446014404297,476.0164489746094,nan,nan,nan,nan,nan,nan,nan,nan,nan
1753091499.452989,-167.10621643066406,59.703739166259766,477.3191833496094,nan,nan,nan,nan,nan,nan,nan,nan,nan
1753091499.5678234,-172.60479736328125,64.63955688476562,479.82025146484375,-55.75044694760606,-87.6125861500372,nan,nan,nan,nan,nan,nan,nan
1753091499.6558375,-174.0929718017578,66.00135040283203,476.3029479980469,nan,nan,nan,nan,nan,nan,nan,nan,nan
1753091499.7473738,-175.1445770263672,71.21988677978516,486.88055419921875,nan,nan,nan,nan,nan,nan,nan,nan,nan
1753091499.8239043,-173.3859100341797,66.2155532836914,484.58746337890625,nan,nan,nan,nan,nan,nan,nan,nan,nan
1753091499.8984392,-171.33702087402344,58.97385787963867,478.8611145019531,nan,nan,nan,nan,nan,nan,nan,nan,nan
1753091499.9649663,-170.3938751220703,57.121524810791016,478.8038024902344,nan,nan,nan,nan,nan,nan,nan,nan,nan
1753091500.0329683,-166.2096405029297,59.3834114074707,474.75823974609375,nan,nan,nan,nan,nan,nan,nan,nan,nan
1753091500.1045477,-165.5446319580078,64.41077423095703,478.1220397949219,nan,nan,nan,nan,nan,nan,nan,nan,nan
1753091500.1790762,nan,nan,nan,nan,nan,nan,nan,nan,nan,nan,nan,nan
1753091500.2470834,nan,nan,nan,nan,nan,nan,nan,nan,nan,nan,nan,nan
1753091500.3096225,nan,nan,nan,nan,nan,nan,nan,nan,nan,nan,nan,nan
1753091500.3732097,nan,nan,nan,nan,nan,nan,nan,nan,nan,nan,nan,nan
1753091500.4332085,nan,nan,nan,nan,nan,nan,nan,nan,nan,nan,nan,nan
1753091500.493672,-155.82272338867188,56.60343551635742,482.25048828125,-70.6742795581603,-148.02932798220434,nan,nan,nan,nan,nan,nan,nan
1753091500.55068,nan,nan,nan,nan,nan,nan,nan,nan,nan,nan,nan,nan
1753091500.6111853,-144.42808532714844,45.427974700927734,472.3374938964844,-67.71378817524499,-142.43676866510205,nan,nan,nan,nan,nan,nan,nan
1753091500.6697354,-148.8574676513672,47.4999885559082,474.85333251953125,-67.57306976689883,-139.8887311625213,-59.07390589486911,nan,nan,nan,nan,nan,nan
1753091500.7277353,-154.05152893066406,55.628292083740234,473.94244384765625,nan,nan,nan,nan,nan,nan,nan,nan,nan
1753091500.7862518,-158.08250427246094,65.67683410644531,480.6449279785156,nan,nan,nan,nan,nan,nan,nan,nan,nan
1753091500.842251,-159.36386108398438,68.21098327636719,478.92889404296875,nan,nan,nan,nan,nan,nan,nan,nan,nan
1753091500.8985968,-160.98727416992188,69.4360122680664,481.0220642089844,nan,nan,nan,nan,nan,nan,nan,nan,nan
1753091500.9546053,-161.54234313964844,70.32098388671875,474.4848327636719,nan,nan,nan,nan,nan,nan,nan,nan,nan
1753091501.011727,-164.9432373046875,72.03764343261719,473.74847412109375,nan,nan,nan,nan,nan,nan,nan,nan,nan
1753091501.0650444,-167.16729736328125,72.20968627929688,474.8798828125,nan,nan,nan,nan,nan,nan,nan,nan,nan
1753091501.1230438,-170.22898864746094,74.98541259765625,480.9446716308594,nan,nan,nan,nan,nan,nan,nan,nan,nan
1753091501.17536,nan,nan,nan,nan,nan,nan,nan,nan,nan,nan,nan,nan
1753091501.2303565,-169.005126953125,74.04319763183594,474.90142822265625,nan,nan,nan,nan,nan,nan,nan,nan,nan
1753091501.2860405,nan,nan,nan,nan,nan,nan,nan,nan,nan,nan,nan,nan
1753091501.338043,-165.42686462402344,64.7645263671875,467.3773193359375,nan,nan,nan,nan,nan,nan,nan,nan,nan
1753091501.3926163,-167.2541961669922,61.8376579284668,472.5400390625,nan,nan,nan,nan,nan,nan,nan,nan,nan
1753091501.4457257,-164.99462890625,68.56163024902344,468.7078857421875,-69.76336602956634,-90.37899722492811,145.30787208895458,nan,nan,nan,nan,nan,nan
1753091501.4994564,-165.8313751220703,68.0015640258789,471.0848388671875,nan,nan,nan,nan,nan,nan,nan,nan,nan
1753091501.5554593,-153.31521606445312,61.539161682128906,463.4349365234375,nan,nan,nan,nan,nan,nan,nan,nan,nan
1753091501.6090117,-146.6901397705078,59.069129943847656,465.0807189941406,nan,nan,nan,nan,nan,nan,nan,nan,nan
1753091501.6625948,nan,nan,nan,nan,nan,nan,nan,nan,nan,nan,nan,nan
1753091501.7145956,nan,nan,nan,nan,nan,nan,nan,nan,nan,nan,nan,nan
1753091501.7687006,nan,nan,nan,nan,nan,nan,nan,nan,nan,nan,nan,nan
1753091501.8206975,nan,nan,nan,nan,nan,nan,nan,nan,nan,nan,nan,nan
1753091501.8738,nan,nan,nan,nan,nan,nan,nan,nan,nan,nan,nan,nan
1753091501.9278002,nan,nan,nan,nan,nan,nan,nan,nan,nan,nan,nan,nan
1753091501.9830408,-239.44775390625,100.2308349609375,813.8631591796875,-67.24543541443195,-138.80488071546077,nan,nan,nan,nan,nan,nan,nan
1753091502.0470533,-136.48060607910156,61.19828414916992,460.86785888671875,-69.88564590558808,-141.2802277324881,178.06894160621079,nan,nan,nan,nan,nan,nan
1753091502.108095,nan,nan,nan,nan,nan,nan,nan,nan,nan,nan,nan,nan
1753091502.165651,-146.38609313964844,73.25684356689453,469.8578796386719,nan,nan,nan,nan,nan,nan,nan,nan,nan
1753091502.2206714,-150.37535095214844,76.15924835205078,471.0094909667969,nan,nan,nan,nan,nan,nan,nan,nan,nan
1753091502.2731745,-151.36817932128906,76.65040588378906,468.4642639160156,nan,nan,nan,nan,nan,nan,nan,nan,nan
1753091502.3261735,-152.3486328125,77.59272003173828,468.7033996582031,nan,nan,nan,nan,nan,nan,nan,nan,nan
1753091502.3807373,-148.9964141845703,77.25946807861328,466.6903991699219,nan,nan,nan,nan,nan,nan,nan,nan,nan
1753091502.4367366,-149.1526336669922,76.44023132324219,467.1797180175781,nan,nan,nan,nan,nan,nan,nan,nan,nan
1753091502.491287,-145.61964416503906,76.95186614990234,470.306640625,-56.69880781386206,-87.41520353927315,nan,nan,nan,nan,nan,nan,nan
1753091502.543283,-139.990966796875,74.13188171386719,469.6655578613281,nan,nan,nan,nan,nan,nan,nan,nan,nan
1753091502.5953317,-138.06817626953125,70.4542465209961,469.2823791503906,-56.99098326495868,-83.72939455946022,nan,nan,nan,nan,nan,nan,nan
1753091502.6483407,-132.09515380859375,65.65541076660156,473.80645751953125,nan,nan,nan,nan,nan,nan,nan,nan,nan
1753091502.6996083,-129.17388916015625,61.43794631958008,476.50213623046875,nan,nan,nan,nan,nan,nan,nan,nan,nan
1753091502.7486155,-124.34291076660156,56.65613555908203,482.699462890625,nan,nan,nan,nan,nan,nan,nan,nan,nan
1753091502.7997067,-123.54105377197266,54.7469367980957,490.5963134765625,nan,nan,nan,nan,nan,nan,nan,nan,nan
1753091502.854722,-119.48429107666016,50.70566177368164,497.3199768066406,nan,nan,nan,nan,nan,nan,nan,nan,nan
1753091502.9090235,-112.99394226074219,49.30222702026367,502.5511779785156,nan,nan,nan,nan,nan,nan,nan,nan,nan
1753091502.9635475,-111.61982727050781,50.4315299987793,514.0624389648438,nan,nan,nan,nan,nan,nan,nan,nan,nan
1753091503.0165465,-104.89557647705078,53.530784606933594,525.0287475585938,nan,nan,nan,nan,nan,nan,nan,nan,nan
1753091503.067084,-100.25021362304688,54.76823043823242,527.20166015625,nan,nan,nan,nan,nan,nan,nan,nan,nan
1753091503.1210904,-91.62808990478516,55.081398010253906,530.2162475585938,nan,nan,nan,nan,nan,nan,nan,nan,nan
1753091503.17418,-81.47237396240234,55.1229133605957,530.6158447265625,nan,nan,nan,nan,nan,nan,nan,nan,nan
1753091503.2291684,-76.77413940429688,56.44990158081055,533.4937133789062,nan,nan,nan,nan,nan,nan,nan,nan,nan
1753091503.2813773,-66.86327362060547,58.8309326171875,536.4571533203125,nan,nan,nan,nan,nan,nan,nan,nan,nan
1753091503.334379,-62.58496856689453,59.72783279418945,535.23095703125,-77.60911843583011,-76.78988951402658,160.5888934795256,nan,nan,nan,nan,nan,nan
1753091503.3906202,-56.33761215209961,63.78636169433594,534.6697387695312,nan,nan,nan,nan,nan,nan,nan,nan,nan
1753091503.441613,nan,nan,nan,nan,nan,nan,nan,nan,nan,nan,nan,nan
1753091503.4954653,-53.06848907470703,72.81436920166016,532.8797607421875,nan,nan,nan,nan,nan,nan,nan,nan,nan
1753091503.5464616,-51.25209045410156,80.37434387207031,535.3582763671875,-57.02816938636799,-62.770570237778514,110.78575903742816,nan,nan,nan,nan,nan,nan
1753091503.6006112,-51.72173309326172,81.55150604248047,529.60400390625,nan,nan,nan,nan,nan,nan,nan,nan,nan
1753091503.651645,nan,nan,nan,nan,nan,nan,nan,nan,nan,nan,nan,nan
1753091503.7039092,-58.57293701171875,84.19265747070312,526.9725341796875,nan,nan,nan,nan,nan,nan,nan,nan,nan
1753091503.7538068,nan,nan,nan,nan,nan,nan,nan,nan,nan,nan,nan,nan
1753091503.81093,-73.14295959472656,88.68325805664062,529.5327758789062,nan,nan,nan,nan,nan,nan,nan,nan,nan
1753091503.8680904,nan,nan,nan,nan,nan,nan,nan,nan,nan,nan,nan,nan
1753091503.9290907,-87.53478240966797,94.92094421386719,530.177001953125,-60.56208993503537,-70.1004602930405,nan,nan,nan,nan,nan,nan,nan
1753091503.9885318,nan,nan,nan,nan,nan,nan,nan,nan,nan,nan,nan,nan
1753091504.046529,-1548.5296630859375,1472.383544921875,5836.7490234375,nan,nan,nan,nan,nan,nan,nan,nan,nan
1753091504.1010823,nan,nan,nan,nan,nan,nan,nan,nan,nan,nan,nan,nan
1753091504.1612751,nan,nan,nan,nan,nan,nan,nan,nan,nan,nan,nan,nan
1753091504.195791,nan,nan,nan,nan,nan,nan,nan,nan,nan,nan,nan,nan
1753091504.2307894,nan,nan,nan,nan,nan,nan,nan,nan,nan,nan,nan,nan
1753091504.2934601,nan,nan,nan,nan,nan,nan,nan,nan,nan,nan,nan,nan
1753091504.332459,nan,nan,nan,nan,nan,nan,nan,nan,nan,nan,nan,nan
1753091504.3680391,nan,nan,nan,nan,nan,nan,nan,nan,nan,nan,nan,nan
1753091504.4000373,nan,nan,nan,nan,nan,nan,nan,nan,nan,nan,nan,nan
1753091504.4330366,nan,nan,nan,nan,nan,nan,nan,nan,nan,nan,nan,nan
1753091504.470647,nan,nan,nan,nan,nan,nan,nan,nan,nan,nan,nan,nan
1753091504.5066385,nan,nan,nan,nan,nan,nan,nan,nan,nan,nan,nan,nan
1753091504.5426402,nan,nan,nan,nan,nan,nan,nan,nan,nan,nan,nan,nan
1753091504.5777957,nan,nan,nan,nan,nan,nan,nan,nan,nan,nan,nan,nan
1753091504.6107965,nan,nan,nan,nan,nan,nan,nan,nan,nan,nan,nan,nan
1753091504.6427958,nan,nan,nan,nan,nan,nan,nan,nan,nan,nan,nan,nan
1753091504.6762836,nan,nan,nan,nan,nan,nan,nan,nan,nan,nan,nan,nan
1753091504.711282,nan,nan,nan,nan,nan,nan,nan,nan,nan,nan,nan,nan
1753091504.7493072,nan,nan,nan,nan,nan,nan,nan,nan,nan,nan,nan,nan
1753091504.7838705,nan,nan,nan,nan,nan,nan,nan,nan,nan,nan,nan,nan
1753091504.8168702,nan,nan,nan,nan,nan,nan,nan,nan,nan,nan,nan,nan
1753091504.8518968,nan,nan,nan,nan,nan,nan,nan,nan,nan,nan,nan,nan
1753091504.8854578,nan,nan,nan,nan,nan,nan,nan,nan,nan,nan,nan,nan
1753091504.9194617,nan,nan,nan,nan,nan,nan,nan,nan,nan,nan,nan,nan
1753091504.953472,nan,nan,nan,nan,nan,nan,nan,nan,nan,nan,nan,nan
1753091504.9862888,nan,nan,nan,nan,nan,nan,nan,nan,nan,nan,nan,nan
1753091505.0202775,nan,nan,nan,nan,nan,nan,nan,nan,nan,nan,nan,nan
1753091505.0543063,nan,nan,nan,nan,nan,nan,nan,nan,nan,nan,nan,nan
1753091505.0928686,nan,nan,nan,nan,nan,nan,nan,nan,nan,nan,nan,nan
1753091505.1328664,nan,nan,nan,nan,nan,nan,nan,nan,nan,nan,nan,nan
1753091505.1674383,nan,nan,nan,nan,nan,nan,nan,nan,nan,nan,nan,nan
1753091505.204441,nan,nan,nan,nan,nan,nan,nan,nan,nan,nan,nan,nan
1753091505.2394388,nan,nan,nan,nan,nan,nan,nan,nan,nan,nan,nan,nan
1753091505.2740114,nan,nan,nan,nan,nan,nan,nan,nan,nan,nan,nan,nan
1753091505.3090112,nan,nan,nan,nan,nan,nan,nan,nan,nan,nan,nan,nan
1753091505.3460095,nan,nan,nan,nan,nan,nan,nan,nan,nan,nan,nan,nan
1753091505.3826008,nan,nan,nan,nan,nan,nan,nan,nan,nan,nan,nan,nan
1753091505.4156005,nan,nan,nan,nan,nan,nan,nan,nan,nan,nan,nan,nan
1753091505.4506056,nan,nan,nan,nan,nan,nan,nan,nan,nan,nan,nan,nan
1753091505.4843633,nan,nan,nan,nan,nan,nan,nan,nan,nan,nan,nan,nan
1753091505.5243719,nan,nan,nan,nan,nan,nan,nan,nan,nan,nan,nan,nan
1753091505.5643709,nan,nan,nan,nan,nan,nan,nan,nan,nan,nan,nan,nan
1753091505.607922,nan,nan,nan,nan,nan,nan,nan,nan,nan,nan,nan,nan
1753091505.6489224,nan,nan,nan,nan,nan,nan,nan,nan,nan,nan,nan,nan
1753091505.6874702,nan,nan,nan,nan,nan,nan,nan,nan,nan,nan,nan,nan
1753091505.7214687,nan,nan,nan,nan,nan,nan,nan,nan,nan,nan,nan,nan
1753091505.7565055,nan,nan,nan,nan,nan,nan,nan,nan,nan,nan,nan,nan
1753091505.7910733,nan,nan,nan,nan,nan,nan,nan,nan,nan,nan,nan,nan
1753091505.8260736,nan,nan,nan,nan,nan,nan,nan,nan,nan,nan,nan,nan
1753091505.8630917,nan,nan,nan,nan,nan,nan,nan,nan,nan,nan,nan,nan
1753091505.8966281,nan,nan,nan,nan,nan,nan,nan,nan,nan,nan,nan,nan
1753091505.929625,nan,nan,nan,nan,nan,nan,nan,nan,nan,nan,nan,nan
1753091505.962634,nan,nan,nan,nan,nan,nan,nan,nan,nan,nan,nan,nan
1753091505.9969492,nan,nan,nan,nan,nan,nan,nan,nan,nan,nan,nan,nan
1753091506.030944,nan,nan,nan,nan,nan,nan,nan,nan,nan,nan,nan,nan
1753091506.0649714,nan,nan,nan,nan,nan,nan,nan,nan,nan,nan,nan,nan
1753091506.099207,nan,nan,nan,nan,nan,nan,nan,nan,nan,nan,nan,nan
1753091506.1372101,nan,nan,nan,nan,nan,nan,nan,nan,nan,nan,nan,nan
1753091506.172085,nan,nan,nan,nan,nan,nan,nan,nan,nan,nan,nan,nan
1753091506.2070835,nan,nan,nan,nan,nan,nan,nan,nan,nan,nan,nan,nan
1753091506.2460794,nan,nan,nan,nan,nan,nan,nan,nan,nan,nan,nan,nan
1753091506.2847536,nan,nan,nan,nan,nan,nan,nan,nan,nan,nan,nan,nan
1753091506.3187532,nan,nan,nan,nan,nan,nan,nan,nan,nan,nan,nan,nan
1753091506.3557708,nan,nan,nan,nan,nan,nan,nan,nan,nan,nan,nan,nan
1753091506.3884168,nan,nan,nan,nan,nan,nan,nan,nan,nan,nan,nan,nan
1753091506.426417,nan,nan,nan,nan,nan,nan,nan,nan,nan,nan,nan,nan
1753091506.460426,nan,nan,nan,nan,nan,nan,nan,nan,nan,nan,nan,nan
1753091506.495981,nan,nan,nan,nan,nan,nan,nan,nan,nan,nan,nan,nan
1753091506.5299804,nan,nan,nan,nan,nan,nan,nan,nan,nan,nan,nan,nan
1753091506.5649855,nan,nan,nan,nan,nan,nan,nan,nan,nan,nan,nan,nan
1753091506.6017559,nan,nan,nan,nan,nan,nan,nan,nan,nan,nan,nan,nan
1753091506.6387434,nan,nan,nan,nan,nan,nan,nan,nan,nan,nan,nan,nan
1753091506.673383,nan,nan,nan,nan,nan,nan,nan,nan,nan,nan,nan,nan
1753091506.7093828,nan,nan,nan,nan,nan,nan,nan,nan,nan,nan,nan,nan
1753091506.7453866,nan,nan,nan,nan,nan,nan,nan,nan,nan,nan,nan,nan
1753091506.7789047,nan,nan,nan,nan,nan,nan,nan,nan,nan,nan,nan,nan
1753091506.8159053,nan,nan,nan,nan,nan,nan,nan,nan,nan,nan,nan,nan
1753091506.8529115,nan,nan,nan,nan,nan,nan,nan,nan,nan,nan,nan,nan
1753091506.8864524,nan,nan,nan,nan,nan,nan,nan,nan,nan,nan,nan,nan
1753091506.9214547,nan,nan,nan,nan,nan,nan,nan,nan,nan,nan,nan,nan
1753091506.956462,nan,nan,nan,nan,nan,nan,nan,nan,nan,nan,nan,nan
1753091506.993857,nan,nan,nan,nan,nan,nan,nan,nan,nan,nan,nan,nan
1753091507.0428574,nan,nan,nan,nan,nan,nan,nan,nan,nan,nan,nan,nan
1753091507.085416,nan,nan,nan,nan,nan,nan,nan,nan,nan,nan,nan,nan
1753091507.1264174,nan,nan,nan,nan,nan,nan,nan,nan,nan,nan,nan,nan
1753091507.1634274,nan,nan,nan,nan,nan,nan,nan,nan,nan,nan,nan,nan
1753091507.199961,nan,nan,nan,nan,nan,nan,nan,nan,nan,nan,nan,nan
1753091507.2349565,nan,nan,nan,nan,nan,nan,nan,nan,nan,nan,nan,nan
1753091507.2695284,nan,nan,nan,nan,nan,nan,nan,nan,nan,nan,nan,nan
1753091507.3045273,nan,nan,nan,nan,nan,nan,nan,nan,nan,nan,nan,nan
1753091507.3415284,nan,nan,nan,nan,nan,nan,nan,nan,nan,nan,nan,nan
1753091507.3780682,nan,nan,nan,nan,nan,nan,nan,nan,nan,nan,nan,nan
1753091507.4120677,nan,nan,nan,nan,nan,nan,nan,nan,nan,nan,nan,nan
1753091507.4470675,nan,nan,nan,nan,nan,nan,nan,nan,nan,nan,nan,nan
1753091507.4806128,nan,nan,nan,nan,nan,nan,nan,nan,nan,nan,nan,nan
1753091507.5146127,nan,nan,nan,nan,nan,nan,nan,nan,nan,nan,nan,nan
1753091507.5466182,nan,nan,nan,nan,nan,nan,nan,nan,nan,nan,nan,nan
1753091507.5801537,nan,nan,nan,nan,nan,nan,nan,nan,nan,nan,nan,nan
1753091507.6171575,nan,nan,nan,nan,nan,nan,nan,nan,nan,nan,nan,nan
1753091507.6531584,nan,nan,nan,nan,nan,nan,nan,nan,nan,nan,nan,nan
1753091507.6873517,nan,nan,nan,nan,nan,nan,nan,nan,nan,nan,nan,nan
1753091507.7203526,nan,nan,nan,nan,nan,nan,nan,nan,nan,nan,nan,nan
1753091507.7553732,nan,nan,nan,nan,nan,nan,nan,nan,nan,nan,nan,nan
1753091507.7885423,nan,nan,nan,nan,nan,nan,nan,nan,nan,nan,nan,nan
1753091507.8225424,nan,nan,nan,nan,nan,nan,nan,nan,nan,nan,nan,nan
1753091507.8565707,nan,nan,nan,nan,nan,nan,nan,nan,nan,nan,nan,nan
1753091507.8927088,nan,nan,nan,nan,nan,nan,nan,nan,nan,nan,nan,nan
1753091507.9317338,nan,nan,nan,nan,nan,nan,nan,nan,nan,nan,nan,nan
1753091507.968857,nan,nan,nan,nan,nan,nan,nan,nan,nan,nan,nan,nan
1753091508.0043912,nan,nan,nan,nan,nan,nan,nan,nan,nan,nan,nan,nan
1753091508.039385,nan,nan,nan,nan,nan,nan,nan,nan,nan,nan,nan,nan
1753091508.0729022,nan,nan,nan,nan,nan,nan,nan,nan,nan,nan,nan,nan
1753091508.1089032,nan,nan,nan,nan,nan,nan,nan,nan,nan,nan,nan,nan
1753091508.1459017,nan,nan,nan,nan,nan,nan,nan,nan,nan,nan,nan,nan
1753091508.1812122,nan,nan,nan,nan,nan,nan,nan,nan,nan,nan,nan,nan
1753091508.2162461,nan,nan,nan,nan,nan,nan,nan,nan,nan,nan,nan,nan
1753091508.2542157,nan,nan,nan,nan,nan,nan,nan,nan,nan,nan,nan,nan
1753091508.2876964,nan,nan,nan,nan,nan,nan,nan,nan,nan,nan,nan,nan
1753091508.3216968,nan,nan,nan,nan,nan,nan,nan,nan,nan,nan,nan,nan
1753091508.3547063,nan,nan,nan,nan,nan,nan,nan,nan,nan,nan,nan,nan
1753091508.392237,nan,nan,nan,nan,nan,nan,nan,nan,nan,nan,nan,nan
1753091508.4252334,nan,nan,nan,nan,nan,nan,nan,nan,nan,nan,nan,nan
1753091508.4622703,nan,nan,nan,nan,nan,nan,nan,nan,nan,nan,nan,nan
1753091508.4956324,nan,nan,nan,nan,nan,nan,nan,nan,nan,nan,nan,nan
1753091508.528627,nan,nan,nan,nan,nan,nan,nan,nan,nan,nan,nan,nan
1753091508.5656564,nan,nan,nan,nan,nan,nan,nan,nan,nan,nan,nan,nan
1753091508.603175,nan,nan,nan,nan,nan,nan,nan,nan,nan,nan,nan,nan
1753091508.6421702,nan,nan,nan,nan,nan,nan,nan,nan,nan,nan,nan,nan
1753091508.684726,nan,nan,nan,nan,nan,nan,nan,nan,nan,nan,nan,nan
1753091508.723727,nan,nan,nan,nan,nan,nan,nan,nan,nan,nan,nan,nan
1753091508.761733,nan,nan,nan,nan,nan,nan,nan,nan,nan,nan,nan,nan
1753091508.7942498,nan,nan,nan,nan,nan,nan,nan,nan,nan,nan,nan,nan
1753091508.8282514,nan,nan,nan,nan,nan,nan,nan,nan,nan,nan,nan,nan
1753091508.8602664,nan,nan,nan,nan,nan,nan,nan,nan,nan,nan,nan,nan
1753091508.895395,nan,nan,nan,nan,nan,nan,nan,nan,nan,nan,nan,nan
1753091508.9313948,nan,nan,nan,nan,nan,nan,nan,nan,nan,nan,nan,nan
1753091508.966402,nan,nan,nan,nan,nan,nan,nan,nan,nan,nan,nan,nan
1753091509.0036006,nan,nan,nan,nan,nan,nan,nan,nan,nan,nan,nan,nan
1753091509.0375974,nan,nan,nan,nan,nan,nan,nan,nan,nan,nan,nan,nan
1753091509.07081,nan,nan,nan,nan,nan,nan,nan,nan,nan,nan,nan,nan
1753091509.1068063,nan,nan,nan,nan,nan,nan,nan,nan,nan,nan,nan,nan
1753091509.1428063,nan,nan,nan,nan,nan,nan,nan,nan,nan,nan,nan,nan
1753091509.1785357,nan,nan,nan,nan,nan,nan,nan,nan,nan,nan,nan,nan
1753091509.211536,nan,nan,nan,nan,nan,nan,nan,nan,nan,nan,nan,nan
1753091509.2455401,nan,nan,nan,nan,nan,nan,nan,nan,nan,nan,nan,nan
1753091509.281058,nan,nan,nan,nan,nan,nan,nan,nan,nan,nan,nan,nan
1753091509.3150594,nan,nan,nan,nan,nan,nan,nan,nan,nan,nan,nan,nan
1753091509.3490584,nan,nan,nan,nan,nan,nan,nan,nan,nan,nan,nan,nan
1753091509.3845482,nan,nan,nan,nan,nan,nan,nan,nan,nan,nan,nan,nan
1753091509.4215484,nan,nan,nan,nan,nan,nan,nan,nan,nan,nan,nan,nan
1753091509.4615617,nan,nan,nan,nan,nan,nan,nan,nan,nan,nan,nan,nan
1753091509.499081,nan,nan,nan,nan,nan,nan,nan,nan,nan,nan,nan,nan
1753091509.53808,nan,nan,nan,nan,nan,nan,nan,nan,nan,nan,nan,nan
1753091509.5747836,nan,nan,nan,nan,nan,nan,nan,nan,nan,nan,nan,nan
1753091509.6097848,nan,nan,nan,nan,nan,nan,nan,nan,nan,nan,nan,nan
1753091509.643782,nan,nan,nan,nan,nan,nan,nan,nan,nan,nan,nan,nan
1753091509.677822,nan,nan,nan,nan,nan,nan,nan,nan,nan,nan,nan,nan
1753091509.7138326,nan,nan,nan,nan,nan,nan,nan,nan,nan,nan,nan,nan
1753091509.7488227,nan,nan,nan,nan,nan,nan,nan,nan,nan,nan,nan,nan
1753091509.783113,nan,nan,nan,nan,nan,nan,nan,nan,nan,nan,nan,nan
1753091509.8151116,nan,nan,nan,nan,nan,nan,nan,nan,nan,nan,nan,nan
1753091509.849113,nan,nan,nan,nan,nan,nan,nan,nan,nan,nan,nan,nan
1753091509.8822231,nan,nan,nan,nan,nan,nan,nan,nan,nan,nan,nan,nan
1753091509.916224,nan,nan,nan,nan,nan,nan,nan,nan,nan,nan,nan,nan
1753091509.949224,nan,nan,nan,nan,nan,nan,nan,nan,nan,nan,nan,nan
1753091509.9843702,nan,nan,nan,nan,nan,nan,nan,nan,nan,nan,nan,nan
1753091510.0203674,nan,nan,nan,nan,nan,nan,nan,nan,nan,nan,nan,nan
1753091510.0533676,nan,nan,nan,nan,nan,nan,nan,nan,nan,nan,nan,nan
1753091510.087456,nan,nan,nan,nan,nan,nan,nan,nan,nan,nan,nan,nan
1753091510.121456,nan,nan,nan,nan,nan,nan,nan,nan,nan,nan,nan,nan
1753091510.1544576,nan,nan,nan,nan,nan,nan,nan,nan,nan,nan,nan,nan
1753091510.188555,nan,nan,nan,nan,nan,nan,nan,nan,nan,nan,nan,nan
1753091510.223555,nan,nan,nan,nan,nan,nan,nan,nan,nan,nan,nan,nan
1753091510.2575638,nan,nan,nan,nan,nan,nan,nan,nan,nan,nan,nan,nan
1753091510.2928379,nan,nan,nan,nan,nan,nan,nan,nan,nan,nan,nan,nan
1753091510.326836,nan,nan,nan,nan,nan,nan,nan,nan,nan,nan,nan,nan
1753091510.361871,nan,nan,nan,nan,nan,nan,nan,nan,nan,nan,nan,nan
1753091510.3962455,nan,nan,nan,nan,nan,nan,nan,nan,nan,nan,nan,nan
1753091510.4332461,nan,nan,nan,nan,nan,nan,nan,nan,nan,nan,nan,nan
1753091510.4682527,nan,nan,nan,nan,nan,nan,nan,nan,nan,nan,nan,nan
1753091510.5044472,nan,nan,nan,nan,nan,nan,nan,nan,nan,nan,nan,nan
1753091510.5384512,nan,nan,nan,nan,nan,nan,nan,nan,nan,nan,nan,nan
1753091510.57372,nan,nan,nan,nan,nan,nan,nan,nan,nan,nan,nan,nan
1753091510.6077225,nan,nan,nan,nan,nan,nan,nan,nan,nan,nan,nan,nan
1753091510.6427252,nan,nan,nan,nan,nan,nan,nan,nan,nan,nan,nan,nan
1753091510.6752892,nan,nan,nan,nan,nan,nan,nan,nan,nan,nan,nan,nan
1753091510.7113123,nan,nan,nan,nan,nan,nan,nan,nan,nan,nan,nan,nan
1753091510.7452877,nan,nan,nan,nan,nan,nan,nan,nan,nan,nan,nan,nan
1753091510.7808037,nan,nan,nan,nan,nan,nan,nan,nan,nan,nan,nan,nan
1753091510.8138018,nan,nan,nan,nan,nan,nan,nan,nan,nan,nan,nan,nan
1753091510.8478053,nan,nan,nan,nan,nan,nan,nan,nan,nan,nan,nan,nan
1753091510.8820353,nan,nan,nan,nan,nan,nan,nan,nan,nan,nan,nan,nan
1753091510.916013,nan,nan,nan,nan,nan,nan,nan,nan,nan,nan,nan,nan
1753091510.950012,nan,nan,nan,nan,nan,nan,nan,nan,nan,nan,nan,nan
1753091510.9845555,nan,nan,nan,nan,nan,nan,nan,nan,nan,nan,nan,nan
1753091511.0185628,nan,nan,nan,nan,nan,nan,nan,nan,nan,nan,nan,nan
1753091511.0575566,nan,nan,nan,nan,nan,nan,nan,nan,nan,nan,nan,nan
1753091511.0900753,nan,nan,nan,nan,nan,nan,nan,nan,nan,nan,nan,nan
1753091511.1250734,nan,nan,nan,nan,nan,nan,nan,nan,nan,nan,nan,nan
1753091511.1580737,nan,nan,nan,nan,nan,nan,nan,nan,nan,nan,nan,nan
1753091511.1926086,nan,nan,nan,nan,nan,nan,nan,nan,nan,nan,nan,nan
1753091511.2255957,nan,nan,nan,nan,nan,nan,nan,nan,nan,nan,nan,nan
1753091511.2596085,nan,nan,nan,nan,nan,nan,nan,nan,nan,nan,nan,nan
1753091511.2987654,nan,nan,nan,nan,nan,nan,nan,nan,nan,nan,nan,nan
1753091511.3377652,nan,nan,nan,nan,nan,nan,nan,nan,nan,nan,nan,nan
1753091511.3738132,nan,nan,nan,nan,nan,nan,nan,nan,nan,nan,nan,nan
1753091511.4083686,nan,nan,nan,nan,nan,nan,nan,nan,nan,nan,nan,nan
1753091511.445366,nan,nan,nan,nan,nan,nan,nan,nan,nan,nan,nan,nan
1753091511.4789476,nan,nan,nan,nan,nan,nan,nan,nan,nan,nan,nan,nan
1753091511.5129466,nan,nan,nan,nan,nan,nan,nan,nan,nan,nan,nan,nan
1753091511.5479522,nan,nan,nan,nan,nan,nan,nan,nan,nan,nan,nan,nan
1753091511.5812025,nan,nan,nan,nan,nan,nan,nan,nan,nan,nan,nan,nan
1753091511.6162004,nan,nan,nan,nan,nan,nan,nan,nan,nan,nan,nan,nan
1753091511.6512034,nan,nan,nan,nan,nan,nan,nan,nan,nan,nan,nan,nan
1753091511.6849022,nan,nan,nan,nan,nan,nan,nan,nan,nan,nan,nan,nan
1753091511.7179008,nan,nan,nan,nan,nan,nan,nan,nan,nan,nan,nan,nan
1753091511.7509053,nan,nan,nan,nan,nan,nan,nan,nan,nan,nan,nan,nan
1753091511.7866006,nan,nan,nan,nan,nan,nan,nan,nan,nan,nan,nan,nan
1753091511.8235996,nan,nan,nan,nan,nan,nan,nan,nan,nan,nan,nan,nan
1753091511.8586025,nan,nan,nan,nan,nan,nan,nan,nan,nan,nan,nan,nan
1753091511.893415,nan,nan,nan,nan,nan,nan,nan,nan,nan,nan,nan,nan
1753091511.92741,nan,nan,nan,nan,nan,nan,nan,nan,nan,nan,nan,nan
1753091511.9624438,nan,nan,nan,nan,nan,nan,nan,nan,nan,nan,nan,nan
1753091511.9978802,nan,nan,nan,nan,nan,nan,nan,nan,nan,nan,nan,nan
1753091512.0318835,nan,nan,nan,nan,nan,nan,nan,nan,nan,nan,nan,nan
1753091512.070905,nan,nan,nan,nan,nan,nan,nan,nan,nan,nan,nan,nan
1753091512.1096737,nan,nan,nan,nan,nan,nan,nan,nan,nan,nan,nan,nan
1753091512.144672,nan,nan,nan,nan,nan,nan,nan,nan,nan,nan,nan,nan
1753091512.180133,nan,nan,nan,nan,nan,nan,nan,nan,nan,nan,nan,nan
1753091512.2151318,nan,nan,nan,nan,nan,nan,nan,nan,nan,nan,nan,nan
1753091512.2501323,nan,nan,nan,nan,nan,nan,nan,nan,nan,nan,nan,nan
1753091512.287735,nan,nan,nan,nan,nan,nan,nan,nan,nan,nan,nan,nan
1753091512.3207355,nan,nan,nan,nan,nan,nan,nan,nan,nan,nan,nan,nan
1753091512.354738,nan,nan,nan,nan,nan,nan,nan,nan,nan,nan,nan,nan
1753091512.390362,nan,nan,nan,nan,nan,nan,nan,nan,nan,nan,nan,nan
1753091512.4223335,nan,nan,nan,nan,nan,nan,nan,nan,nan,nan,nan,nan
1753091512.4573333,nan,nan,nan,nan,nan,nan,nan,nan,nan,nan,nan,nan
1753091512.493891,nan,nan,nan,nan,nan,nan,nan,nan,nan,nan,nan,nan
1753091512.5268915,nan,nan,nan,nan,nan,nan,nan,nan,nan,nan,nan,nan
1753091512.5609212,nan,nan,nan,nan,nan,nan,nan,nan,nan,nan,nan,nan
1753091512.5964897,nan,nan,nan,nan,nan,nan,nan,nan,nan,nan,nan,nan
1753091512.6324894,nan,nan,nan,nan,nan,nan,nan,nan,nan,nan,nan,nan
1753091512.6695206,nan,nan,nan,nan,nan,nan,nan,nan,nan,nan,nan,nan
1753091512.7020078,nan,nan,nan,nan,nan,nan,nan,nan,nan,nan,nan,nan
1753091512.7360106,nan,nan,nan,nan,nan,nan,nan,nan,nan,nan,nan,nan
1753091512.7700112,nan,nan,nan,nan,nan,nan,nan,nan,nan,nan,nan,nan
1753091512.8035765,nan,nan,nan,nan,nan,nan,nan,nan,nan,nan,nan,nan
1753091512.8375769,nan,nan,nan,nan,nan,nan,nan,nan,nan,nan,nan,nan
1753091512.8725924,nan,nan,nan,nan,nan,nan,nan,nan,nan,nan,nan,nan
1753091512.9073057,nan,nan,nan,nan,nan,nan,nan,nan,nan,nan,nan,nan
1753091512.9423091,nan,nan,nan,nan,nan,nan,nan,nan,nan,nan,nan,nan
1753091512.9788451,nan,nan,nan,nan,nan,nan,nan,nan,nan,nan,nan,nan
1753091513.0128448,nan,nan,nan,nan,nan,nan,nan,nan,nan,nan,nan,nan
1753091513.04785,nan,nan,nan,nan,nan,nan,nan,nan,nan,nan,nan,nan
1753091513.0823812,nan,nan,nan,nan,nan,nan,nan,nan,nan,nan,nan,nan
1753091513.1173873,nan,nan,nan,nan,nan,nan,nan,nan,nan,nan,nan,nan
1753091513.1553867,nan,nan,nan,nan,nan,nan,nan,nan,nan,nan,nan,nan
1753091513.1901665,nan,nan,nan,nan,nan,nan,nan,nan,nan,nan,nan,nan
1753091513.2291625,nan,nan,nan,nan,nan,nan,nan,nan,nan,nan,nan,nan
1753091513.2631905,nan,nan,nan,nan,nan,nan,nan,nan,nan,nan,nan,nan
1753091513.2977524,nan,nan,nan,nan,nan,nan,nan,nan,nan,nan,nan,nan
1753091513.3317487,nan,nan,nan,nan,nan,nan,nan,nan,nan,nan,nan,nan
1753091513.3667552,nan,nan,nan,nan,nan,nan,nan,nan,nan,nan,nan,nan
1753091513.4005747,nan,nan,nan,nan,nan,nan,nan,nan,nan,nan,nan,nan
1753091513.4345727,nan,nan,nan,nan,nan,nan,nan,nan,nan,nan,nan,nan
1753091513.4706619,nan,nan,nan,nan,nan,nan,nan,nan,nan,nan,nan,nan
1753091513.5039644,nan,nan,nan,nan,nan,nan,nan,nan,nan,nan,nan,nan
1753091513.5389643,nan,nan,nan,nan,nan,nan,nan,nan,nan,nan,nan,nan
1753091513.5740714,nan,nan,nan,nan,nan,nan,nan,nan,nan,nan,nan,nan
1753091513.6102245,nan,nan,nan,nan,nan,nan,nan,nan,nan,nan,nan,nan
1753091513.6482208,nan,nan,nan,nan,nan,nan,nan,nan,nan,nan,nan,nan
1753091513.6837988,nan,nan,nan,nan,nan,nan,nan,nan,nan,nan,nan,nan
1753091513.7168012,nan,nan,nan,nan,nan,nan,nan,nan,nan,nan,nan,nan
1753091513.752799,nan,nan,nan,nan,nan,nan,nan,nan,nan,nan,nan,nan
1753091513.7913647,nan,nan,nan,nan,nan,nan,nan,nan,nan,nan,nan,nan
1753091513.8263717,nan,nan,nan,nan,nan,nan,nan,nan,nan,nan,nan,nan
1753091513.8635452,nan,nan,nan,nan,nan,nan,nan,nan,nan,nan,nan,nan
1753091513.8981106,nan,nan,nan,nan,nan,nan,nan,nan,nan,nan,nan,nan
1753091513.9321134,nan,nan,nan,nan,nan,nan,nan,nan,nan,nan,nan,nan
1753091513.9671192,nan,nan,nan,nan,nan,nan,nan,nan,nan,nan,nan,nan
1753091514.001636,nan,nan,nan,nan,nan,nan,nan,nan,nan,nan,nan,nan
1753091514.0366366,nan,nan,nan,nan,nan,nan,nan,nan,nan,nan,nan,nan
1753091514.0706723,nan,nan,nan,nan,nan,nan,nan,nan,nan,nan,nan,nan
1753091514.1054513,nan,nan,nan,nan,nan,nan,nan,nan,nan,nan,nan,nan
1753091514.1414516,nan,nan,nan,nan,nan,nan,nan,nan,nan,nan,nan,nan
1753091514.1755571,nan,nan,nan,nan,nan,nan,nan,nan,nan,nan,nan,nan
1753091514.212234,nan,nan,nan,nan,nan,nan,nan,nan,nan,nan,nan,nan
1753091514.2472384,nan,nan,nan,nan,nan,nan,nan,nan,nan,nan,nan,nan
1753091514.2819104,nan,nan,nan,nan,nan,nan,nan,nan,nan,nan,nan,nan
1753091514.3189108,nan,nan,nan,nan,nan,nan,nan,nan,nan,nan,nan,nan
1753091514.3529167,nan,nan,nan,nan,nan,nan,nan,nan,nan,nan,nan,nan
1753091514.3864517,nan,nan,nan,nan,nan,nan,nan,nan,nan,nan,nan,nan
1753091514.4194496,nan,nan,nan,nan,nan,nan,nan,nan,nan,nan,nan,nan
1753091514.4534516,nan,nan,nan,nan,nan,nan,nan,nan,nan,nan,nan,nan
1753091514.4916086,nan,nan,nan,nan,nan,nan,nan,nan,nan,nan,nan,nan
1753091514.5246072,nan,nan,nan,nan,nan,nan,nan,nan,nan,nan,nan,nan
1753091514.5586102,nan,nan,nan,nan,nan,nan,nan,nan,nan,nan,nan,nan
1753091514.591782,nan,nan,nan,nan,nan,nan,nan,nan,nan,nan,nan,nan
1753091514.6257827,nan,nan,nan,nan,nan,nan,nan,nan,nan,nan,nan,nan
1753091514.6607883,nan,nan,nan,nan,nan,nan,nan,nan,nan,nan,nan,nan
1753091514.6956935,nan,nan,nan,nan,nan,nan,nan,nan,nan,nan,nan,nan
1753091514.731687,nan,nan,nan,nan,nan,nan,nan,nan,nan,nan,nan,nan
1753091514.7676952,nan,nan,nan,nan,nan,nan,nan,nan,nan,nan,nan,nan
1753091514.8042614,nan,nan,nan,nan,nan,nan,nan,nan,nan,nan,nan,nan
1753091514.8392608,nan,nan,nan,nan,nan,nan,nan,nan,nan,nan,nan,nan
1753091514.8752756,nan,nan,nan,nan,nan,nan,nan,nan,nan,nan,nan,nan
1753091514.9078927,nan,nan,nan,nan,nan,nan,nan,nan,nan,nan,nan,nan
1753091514.9398923,nan,nan,nan,nan,nan,nan,nan,nan,nan,nan,nan,nan
1753091514.9738998,nan,nan,nan,nan,nan,nan,nan,nan,nan,nan,nan,nan
1753091515.0064666,nan,nan,nan,nan,nan,nan,nan,nan,nan,nan,nan,nan
1753091515.0404665,nan,nan,nan,nan,nan,nan,nan,nan,nan,nan,nan,nan
1753091515.074477,nan,nan,nan,nan,nan,nan,nan,nan,nan,nan,nan,nan
1753091515.1090205,nan,nan,nan,nan,nan,nan,nan,nan,nan,nan,nan,nan
1753091515.1440163,nan,nan,nan,nan,nan,nan,nan,nan,nan,nan,nan,nan
1753091515.178566,nan,nan,nan,nan,nan,nan,nan,nan,nan,nan,nan,nan
1753091515.2115762,nan,nan,nan,nan,nan,nan,nan,nan,nan,nan,nan,nan
1753091515.2485757,nan,nan,nan,nan,nan,nan,nan,nan,nan,nan,nan,nan
1753091515.2831173,nan,nan,nan,nan,nan,nan,nan,nan,nan,nan,nan,nan
1753091515.3191168,nan,nan,nan,nan,nan,nan,nan,nan,nan,nan,nan,nan
1753091515.3521187,nan,nan,nan,nan,nan,nan,nan,nan,nan,nan,nan,nan
1753091515.3853297,nan,nan,nan,nan,nan,nan,nan,nan,nan,nan,nan,nan
1753091515.421338,nan,nan,nan,nan,nan,nan,nan,nan,nan,nan,nan,nan
1753091515.4543304,nan,nan,nan,nan,nan,nan,nan,nan,nan,nan,nan,nan
1753091515.4878623,nan,nan,nan,nan,nan,nan,nan,nan,nan,nan,nan,nan
1753091515.5238655,nan,nan,nan,nan,nan,nan,nan,nan,nan,nan,nan,nan
1753091515.5578594,nan,nan,nan,nan,nan,nan,nan,nan,nan,nan,nan,nan
1753091515.5924206,nan,nan,nan,nan,nan,nan,nan,nan,nan,nan,nan,nan
1753091515.6284204,nan,nan,nan,nan,nan,nan,nan,nan,nan,nan,nan,nan
1753091515.662422,nan,nan,nan,nan,nan,nan,nan,nan,nan,nan,nan,nan
1753091515.6969595,nan,nan,nan,nan,nan,nan,nan,nan,nan,nan,nan,nan
1753091515.7309613,nan,nan,nan,nan,nan,nan,nan,nan,nan,nan,nan,nan
1753091515.7679684,nan,nan,nan,nan,nan,nan,nan,nan,nan,nan,nan,nan
1753091515.799499,nan,nan,nan,nan,nan,nan,nan,nan,nan,nan,nan,nan
1753091515.8365338,nan,nan,nan,nan,nan,nan,nan,nan,nan,nan,nan,nan
1753091515.8706398,nan,nan,nan,nan,nan,nan,nan,nan,nan,nan,nan,nan
1753091515.9047296,nan,nan,nan,nan,nan,nan,nan,nan,nan,nan,nan,nan
1753091515.9427369,nan,nan,nan,nan,nan,nan,nan,nan,nan,nan,nan,nan
1753091515.9767396,nan,nan,nan,nan,nan,nan,nan,nan,nan,nan,nan,nan
1753091516.0121589,nan,nan,nan,nan,nan,nan,nan,nan,nan,nan,nan,nan
1753091516.0471587,nan,nan,nan,nan,nan,nan,nan,nan,nan,nan,nan,nan
1753091516.0817554,nan,nan,nan,nan,nan,nan,nan,nan,nan,nan,nan,nan
1753091516.1147509,nan,nan,nan,nan,nan,nan,nan,nan,nan,nan,nan,nan
1753091516.147753,nan,nan,nan,nan,nan,nan,nan,nan,nan,nan,nan,nan
1753091516.1822903,nan,nan,nan,nan,nan,nan,nan,nan,nan,nan,nan,nan
1753091516.2172868,nan,nan,nan,nan,nan,nan,nan,nan,nan,nan,nan,nan
1753091516.2532926,nan,nan,nan,nan,nan,nan,nan,nan,nan,nan,nan,nan
1753091516.2878287,nan,nan,nan,nan,nan,nan,nan,nan,nan,nan,nan,nan
1753091516.3238277,nan,nan,nan,nan,nan,nan,nan,nan,nan,nan,nan,nan
1753091516.3588288,nan,nan,nan,nan,nan,nan,nan,nan,nan,nan,nan,nan
1753091516.3973515,nan,nan,nan,nan,nan,nan,nan,nan,nan,nan,nan,nan
1753091516.4363534,nan,nan,nan,nan,nan,nan,nan,nan,nan,nan,nan,nan
1753091516.4773617,nan,nan,nan,nan,nan,nan,nan,nan,nan,nan,nan,nan
1753091516.5184073,nan,nan,nan,nan,nan,nan,nan,nan,nan,nan,nan,nan
1753091516.5564022,nan,nan,nan,nan,nan,nan,nan,nan,nan,nan,nan,nan
1753091516.5895562,nan,nan,nan,nan,nan,nan,nan,nan,nan,nan,nan,nan
1753091516.6215549,nan,nan,nan,nan,nan,nan,nan,nan,nan,nan,nan,nan
1753091516.6565561,nan,nan,nan,nan,nan,nan,nan,nan,nan,nan,nan,nan
1753091516.690129,nan,nan,nan,nan,nan,nan,nan,nan,nan,nan,nan,nan
1753091516.7241306,nan,nan,nan,nan,nan,nan,nan,nan,nan,nan,nan,nan
1753091516.7591362,nan,nan,nan,nan,nan,nan,nan,nan,nan,nan,nan,nan
1753091516.7926917,nan,nan,nan,nan,nan,nan,nan,nan,nan,nan,nan,nan
1753091516.829691,nan,nan,nan,nan,nan,nan,nan,nan,nan,nan,nan,nan
1753091516.862699,nan,nan,nan,nan,nan,nan,nan,nan,nan,nan,nan,nan
1753091516.897327,nan,nan,nan,nan,nan,nan,nan,nan,nan,nan,nan,nan
1753091516.9333317,nan,nan,nan,nan,nan,nan,nan,nan,nan,nan,nan,nan
1753091516.9743528,nan,nan,nan,nan,nan,nan,nan,nan,nan,nan,nan,nan
1753091517.0069132,nan,nan,nan,nan,nan,nan,nan,nan,nan,nan,nan,nan
1753091517.0409088,nan,nan,nan,nan,nan,nan,nan,nan,nan,nan,nan,nan
1753091517.074915,nan,nan,nan,nan,nan,nan,nan,nan,nan,nan,nan,nan
1753091517.1074836,nan,nan,nan,nan,nan,nan,nan,nan,nan,nan,nan,nan
1753091517.1424787,nan,nan,nan,nan,nan,nan,nan,nan,nan,nan,nan,nan
1753091517.177509,nan,nan,nan,nan,nan,nan,nan,nan,nan,nan,nan,nan
1753091517.2120216,nan,nan,nan,nan,nan,nan,nan,nan,nan,nan,nan,nan
1753091517.2480218,nan,nan,nan,nan,nan,nan,nan,nan,nan,nan,nan,nan
1753091517.2835398,nan,nan,nan,nan,nan,nan,nan,nan,nan,nan,nan,nan
1753091517.3185432,nan,nan,nan,nan,nan,nan,nan,nan,nan,nan,nan,nan
1753091517.3535388,nan,nan,nan,nan,nan,nan,nan,nan,nan,nan,nan,nan
1753091517.4050956,nan,nan,nan,nan,nan,nan,nan,nan,nan,nan,nan,nan
1753091517.4390955,nan,nan,nan,nan,nan,nan,nan,nan,nan,nan,nan,nan
1753091517.489344,nan,nan,nan,nan,nan,nan,nan,nan,nan,nan,nan,nan
1753091517.5303452,nan,nan,nan,nan,nan,nan,nan,nan,nan,nan,nan,nan
1753091517.5703676,nan,nan,nan,nan,nan,nan,nan,nan,nan,nan,nan,nan
1753091517.6047857,nan,nan,nan,nan,nan,nan,nan,nan,nan,nan,nan,nan
1753091517.638783,nan,nan,nan,nan,nan,nan,nan,nan,nan,nan,nan,nan
1753091517.67279,nan,nan,nan,nan,nan,nan,nan,nan,nan,nan,nan,nan
1753091517.7071495,nan,nan,nan,nan,nan,nan,nan,nan,nan,nan,nan,nan
1753091517.7421467,nan,nan,nan,nan,nan,nan,nan,nan,nan,nan,nan,nan
1753091517.7771573,nan,nan,nan,nan,nan,nan,nan,nan,nan,nan,nan,nan
1753091517.8093586,nan,nan,nan,nan,nan,nan,nan,nan,nan,nan,nan,nan
1753091517.8443575,nan,nan,nan,nan,nan,nan,nan,nan,nan,nan,nan,nan
1753091517.8810468,nan,nan,nan,nan,nan,nan,nan,nan,nan,nan,nan,nan
1753091517.913057,nan,nan,nan,nan,nan,nan,nan,nan,nan,nan,nan,nan
1753091517.948059,nan,nan,nan,nan,nan,nan,nan,nan,nan,nan,nan,nan
1753091517.9838057,nan,nan,nan,nan,nan,nan,nan,nan,nan,nan,nan,nan
1753091518.0197997,nan,nan,nan,nan,nan,nan,nan,nan,nan,nan,nan,nan
1753091518.0538008,nan,nan,nan,nan,nan,nan,nan,nan,nan,nan,nan,nan
1753091518.088341,nan,nan,nan,nan,nan,nan,nan,nan,nan,nan,nan,nan
1753091518.1223428,nan,nan,nan,nan,nan,nan,nan,nan,nan,nan,nan,nan
1753091518.1563413,nan,nan,nan,nan,nan,nan,nan,nan,nan,nan,nan,nan
1753091518.1955476,nan,nan,nan,nan,nan,nan,nan,nan,nan,nan,nan,nan
1753091518.2335474,nan,nan,nan,nan,nan,nan,nan,nan,nan,nan,nan,nan
1753091518.2715604,nan,nan,nan,nan,nan,nan,nan,nan,nan,nan,nan,nan
1753091518.3078592,nan,nan,nan,nan,nan,nan,nan,nan,nan,nan,nan,nan
1753091518.3478582,nan,nan,nan,nan,nan,nan,nan,nan,nan,nan,nan,nan
1753091518.3835616,nan,nan,nan,nan,nan,nan,nan,nan,nan,nan,nan,nan
1753091518.4195673,nan,nan,nan,nan,nan,nan,nan,nan,nan,nan,nan,nan
1753091518.4555676,nan,nan,nan,nan,nan,nan,nan,nan,nan,nan,nan,nan
1753091518.4887254,nan,nan,nan,nan,nan,nan,nan,nan,nan,nan,nan,nan
1753091518.5227258,nan,nan,nan,nan,nan,nan,nan,nan,nan,nan,nan,nan
1753091518.5567293,nan,nan,nan,nan,nan,nan,nan,nan,nan,nan,nan,nan
1753091518.591249,nan,nan,nan,nan,nan,nan,nan,nan,nan,nan,nan,nan
1753091518.6242478,nan,nan,nan,nan,nan,nan,nan,nan,nan,nan,nan,nan
1753091518.6582563,nan,nan,nan,nan,nan,nan,nan,nan,nan,nan,nan,nan
1753091518.6928298,nan,nan,nan,nan,nan,nan,nan,nan,nan,nan,nan,nan
1753091518.724832,nan,nan,nan,nan,nan,nan,nan,nan,nan,nan,nan,nan
1753091518.7588353,nan,nan,nan,nan,nan,nan,nan,nan,nan,nan,nan,nan
1753091518.795423,nan,nan,nan,nan,nan,nan,nan,nan,nan,nan,nan,nan
1753091518.8314235,nan,nan,nan,nan,nan,nan,nan,nan,nan,nan,nan,nan
1753091518.8654304,nan,nan,nan,nan,nan,nan,nan,nan,nan,nan,nan,nan
1753091518.8990233,nan,nan,nan,nan,nan,nan,nan,nan,nan,nan,nan,nan
1753091518.9350226,nan,nan,nan,nan,nan,nan,nan,nan,nan,nan,nan,nan
1753091518.9730477,nan,nan,nan,nan,nan,nan,nan,nan,nan,nan,nan,nan
1753091519.007619,nan,nan,nan,nan,nan,nan,nan,nan,nan,nan,nan,nan
1753091519.0436316,nan,nan,nan,nan,nan,nan,nan,nan,nan,nan,nan,nan
1753091519.078645,nan,nan,nan,nan,nan,nan,nan,nan,nan,nan,nan,nan
1753091519.1153686,nan,nan,nan,nan,nan,nan,nan,nan,nan,nan,nan,nan
1753091519.1483693,nan,nan,nan,nan,nan,nan,nan,nan,nan,nan,nan,nan
1753091519.1828816,nan,nan,nan,nan,nan,nan,nan,nan,nan,nan,nan,nan
1753091519.21989,nan,nan,nan,nan,nan,nan,nan,nan,nan,nan,nan,nan
1753091519.2568905,nan,nan,nan,nan,nan,nan,nan,nan,nan,nan,nan,nan
1753091519.2934332,nan,nan,nan,nan,nan,nan,nan,nan,nan,nan,nan,nan
1753091519.328435,nan,nan,nan,nan,nan,nan,nan,nan,nan,nan,nan,nan
1753091519.3644316,nan,nan,nan,nan,nan,nan,nan,nan,nan,nan,nan,nan
1753091519.3960023,nan,nan,nan,nan,nan,nan,nan,nan,nan,nan,nan,nan
1753091519.4310017,nan,nan,nan,nan,nan,nan,nan,nan,nan,nan,nan,nan
1753091519.4650033,nan,nan,nan,nan,nan,nan,nan,nan,nan,nan,nan,nan
1753091519.501838,nan,nan,nan,nan,nan,nan,nan,nan,nan,nan,nan,nan
1753091519.5358362,nan,nan,nan,nan,nan,nan,nan,nan,nan,nan,nan,nan
1753091519.569851,nan,nan,nan,nan,nan,nan,nan,nan,nan,nan,nan,nan
1753091519.6034086,nan,nan,nan,nan,nan,nan,nan,nan,nan,nan,nan,nan
1753091519.6374073,nan,nan,nan,nan,nan,nan,nan,nan,nan,nan,nan,nan
1753091519.6734366,nan,nan,nan,nan,nan,nan,nan,nan,nan,nan,nan,nan
1753091519.7229931,nan,nan,nan,nan,nan,nan,nan,nan,nan,nan,nan,nan
1753091519.7589955,nan,nan,nan,nan,nan,nan,nan,nan,nan,nan,nan,nan
1753091519.7945223,nan,nan,nan,nan,nan,nan,nan,nan,nan,nan,nan,nan
1753091519.8285184,nan,nan,nan,nan,nan,nan,nan,nan,nan,nan,nan,nan
1753091519.8645198,nan,nan,nan,nan,nan,nan,nan,nan,nan,nan,nan,nan
1753091519.8995652,nan,nan,nan,nan,nan,nan,nan,nan,nan,nan,nan,nan
1753091519.9345634,nan,nan,nan,nan,nan,nan,210.7864532470703,97.19458770751953,298.6142272949219,3.4987226824127546,-100.52511713595186,-8.572325620526476
1753091519.9898446,nan,nan,nan,nan,nan,nan,nan,nan,nan,nan,nan,nan
1753091520.0488448,nan,nan,nan,nan,nan,nan,266.6813049316406,85.41922760009766,326.15740966796875,nan,nan,nan
1753091520.1013792,nan,nan,nan,nan,nan,nan,293.2052917480469,84.33567810058594,356.079345703125,nan,nan,nan
1753091520.1533666,nan,nan,nan,nan,nan,nan,278.15289306640625,66.52056884765625,335.44415283203125,nan,nan,nan
1753091520.2032979,nan,nan,nan,nan,nan,nan,nan,nan,nan,nan,nan,nan
1753091520.255298,nan,nan,nan,nan,nan,nan,290.4117431640625,62.47201919555664,364.6330261230469,0.7511747204904361,-108.75053861234622,45.335061765268826
1753091520.3068237,nan,nan,nan,nan,nan,nan,285.34466552734375,59.19336700439453,361.7720642089844,nan,nan,nan
1753091520.357818,nan,nan,nan,nan,nan,nan,276.80596923828125,56.7629280090332,355.2863464355469,nan,nan,nan
1753091520.4093344,nan,nan,nan,nan,nan,nan,279.5502624511719,59.3999137878418,358.8087158203125,nan,nan,nan
1753091520.4623358,nan,nan,nan,nan,nan,nan,284.93359375,63.36268615722656,365.71832275390625,nan,nan,nan
1753091520.5144536,nan,nan,nan,nan,nan,nan,289.3202209472656,68.12612915039062,368.6135559082031,1.1084750561823464,-109.54427023884729,nan
1753091520.5684533,nan,nan,nan,nan,nan,nan,289.6917724609375,70.52039337158203,369.99530029296875,1.7654039693968062,-109.70952898207744,45.575719423504204
1753091520.6217992,nan,nan,nan,nan,nan,nan,287.7347412109375,73.58474731445312,367.49578857421875,1.6069708781673036,-109.66453315640724,45.544469122873096
1753091520.6748242,nan,nan,nan,nan,nan,nan,286.168701171875,74.07084655761719,366.3973693847656,nan,nan,nan
1753091520.7243898,nan,nan,nan,nan,nan,nan,281.7703857421875,73.6593246459961,364.36175537109375,nan,nan,nan
1753091520.778425,nan,nan,nan,nan,nan,nan,274.978271484375,70.86654663085938,357.35968017578125,nan,nan,nan
1753091520.8299348,nan,nan,nan,nan,nan,nan,276.1652526855469,70.48088073730469,358.90234375,nan,nan,nan
1753091520.8839452,nan,nan,nan,nan,nan,nan,277.2933349609375,69.37993621826172,360.36834716796875,2.519065055373786,-111.07207324286813,46.26783466988343
1753091520.935413,nan,nan,nan,nan,nan,nan,278.3980712890625,69.48234558105469,360.9002685546875,3.025351487190793,-111.14162313863658,-13.432359933956434
1753091520.9879913,nan,nan,nan,nan,nan,nan,279.48541259765625,71.6691665649414,361.40704345703125,3.186117355251403,-110.70940026199246,45.9797165442581
1753091521.0410557,nan,nan,nan,nan,nan,nan,279.1025390625,74.86176300048828,360.01483154296875,2.8934050167323977,-110.03928335001913,nan
1753091521.0926144,nan,nan,nan,nan,nan,nan,269.0395202636719,73.68321990966797,347.8992919921875,-55.96711963608431,-27.272905155565322,-139.33588760685097
1753091521.1466146,nan,nan,nan,nan,nan,nan,257.9107971191406,74.88536071777344,341.159423828125,nan,nan,nan
1753091521.1978662,nan,nan,nan,nan,nan,nan,254.13502502441406,75.85803985595703,339.627685546875,nan,nan,nan
1753091521.24986,nan,nan,nan,nan,nan,nan,263.4131774902344,86.48369598388672,368.1438293457031,nan,nan,nan
1753091521.3001177,nan,nan,nan,nan,nan,nan,258.84234619140625,89.21292877197266,367.69720458984375,nan,nan,nan
1753091521.3531163,nan,nan,nan,nan,nan,nan,240.25515747070312,90.64810180664062,362.1087341308594,nan,nan,nan
1753091521.4073477,nan,nan,nan,nan,nan,nan,226.71701049804688,90.00374603271484,348.7952575683594,nan,nan,nan
1753091521.4618652,nan,nan,nan,nan,nan,nan,222.03712463378906,92.0304183959961,348.83441162109375,-63.23236404343928,-30.681076182681046,-47.38827113585239
1753091521.5134282,nan,nan,nan,nan,nan,nan,223.03286743164062,90.94198608398438,347.24505615234375,nan,nan,nan
1753091521.566428,nan,nan,nan,nan,nan,nan,224.95803833007812,91.45260620117188,349.19476318359375,-62.98170244194931,-30.306115557757867,nan
1753091521.631816,nan,nan,nan,nan,nan,nan,231.10711669921875,92.56798553466797,353.45361328125,nan,nan,nan
1753091521.6923938,nan,nan,nan,nan,nan,nan,226.84381103515625,88.8821029663086,341.8953552246094,-61.903243244163654,-28.865264392817867,-48.06447765920812
1753091521.762393,nan,nan,nan,nan,nan,nan,233.8628387451172,90.32072448730469,347.4291687011719,nan,nan,nan
1753091521.8159595,nan,nan,nan,nan,nan,nan,230.3450164794922,87.9549331665039,338.3288879394531,-0.6440353007020813,-109.903049657498,-10.314625354372756
1753091521.8689556,nan,nan,nan,nan,nan,nan,231.94178771972656,87.90817260742188,340.6741943359375,-0.2764833906534873,-109.97740981112061,-10.724922003829754
1753091521.9223547,nan,nan,nan,nan,nan,nan,237.3157501220703,89.94496154785156,348.56744384765625,nan,nan,nan
1753091521.9733765,nan,nan,nan,nan,nan,nan,230.23561096191406,87.10293579101562,340.09332275390625,nan,nan,nan
1753091522.0258887,nan,nan,nan,nan,nan,nan,229.3535614013672,87.01692962646484,339.75750732421875,nan,nan,nan
1753091522.078902,nan,nan,nan,nan,nan,nan,231.03965759277344,87.9075698852539,343.2350158691406,nan,nan,nan
1753091522.1381018,nan,nan,nan,nan,nan,nan,226.4457550048828,85.75689697265625,337.3760681152344,nan,nan,nan
1753091522.1896994,nan,nan,nan,nan,nan,nan,230.92543029785156,86.54196166992188,343.0653076171875,nan,nan,nan
1753091522.2406976,nan,nan,nan,nan,nan,nan,227.50914001464844,85.01828002929688,337.02520751953125,nan,nan,nan
1753091522.295256,nan,nan,nan,nan,nan,nan,226.9746856689453,85.71113586425781,337.196044921875,nan,nan,nan
1753091522.3462503,nan,nan,nan,nan,nan,nan,225.42153930664062,85.61482238769531,336.8171081542969,nan,nan,nan
1753091522.4001775,nan,nan,nan,nan,nan,nan,226.0293731689453,86.7462158203125,338.70050048828125,nan,nan,nan
1753091522.4681783,nan,nan,nan,nan,nan,nan,224.45928955078125,87.94779968261719,338.30145263671875,nan,nan,nan
1753091522.520063,nan,nan,nan,nan,nan,nan,223.13148498535156,89.24198913574219,338.2650451660156,-61.793554736561,-28.966526036837358,nan
1753091522.5906286,nan,nan,nan,nan,nan,nan,222.4580078125,88.97262573242188,337.2440490722656,nan,nan,nan
1753091522.6426265,nan,nan,nan,nan,nan,nan,222.78013610839844,88.70980834960938,338.7218933105469,-0.31454190214520694,-109.61604741470578,nan
1753091522.6991627,nan,nan,nan,nan,nan,nan,221.73692321777344,88.29440307617188,337.1357421875,nan,nan,nan
1753091522.7521684,nan,nan,nan,nan,nan,nan,221.1346893310547,88.05459594726562,336.2200927734375,nan,nan,nan
1753091522.8056777,nan,nan,nan,nan,nan,nan,220.781005859375,87.01199340820312,334.7017517089844,nan,nan,nan
1753091522.8566802,nan,nan,nan,nan,nan,nan,220.50326538085938,86.90253448486328,334.28070068359375,nan,nan,nan
1753091522.9112246,nan,nan,nan,nan,nan,nan,221.8877716064453,89.26609802246094,338.3564453125,nan,nan,nan
1753091522.9692247,nan,nan,nan,nan,nan,nan,219.4054718017578,89.1741943359375,335.55718994140625,nan,nan,nan
1753091523.0227458,nan,nan,nan,nan,nan,nan,219.60086059570312,91.19515991210938,335.85601806640625,nan,nan,nan
1753091523.0787754,nan,nan,nan,nan,nan,nan,nan,nan,nan,nan,nan,nan
1753091523.1353228,nan,nan,nan,nan,nan,nan,218.99002075195312,93.42831420898438,336.9075927734375,nan,nan,nan
1753091523.188326,nan,nan,nan,nan,nan,nan,nan,nan,nan,nan,nan,nan
1753091523.2415378,nan,nan,nan,nan,nan,nan,nan,nan,nan,nan,nan,nan
1753091523.2928355,nan,nan,nan,nan,nan,nan,217.9929656982422,93.09720611572266,333.39691162109375,nan,nan,nan
1753091523.3448346,nan,nan,nan,nan,nan,nan,214.6468505859375,92.93336486816406,328.2793884277344,-60.91216490976859,-28.104972876833628,nan
1753091523.401386,nan,nan,nan,nan,nan,nan,213.35972595214844,93.00487518310547,326.31085205078125,0.5202591090673121,-106.88365797067462,49.69232325307288
1753091523.4533846,nan,nan,nan,nan,nan,nan,211.05889892578125,95.96038055419922,325.67132568359375,nan,nan,nan
1753091523.5039387,nan,nan,nan,nan,nan,nan,211.09471130371094,95.3489990234375,325.7265930175781,nan,nan,nan
1753091523.5529265,nan,nan,nan,nan,nan,nan,209.071533203125,100.30304718017578,325.5083312988281,nan,nan,nan
1753091523.6032436,nan,nan,nan,nan,nan,nan,207.78697204589844,100.61201477050781,324.48187255859375,nan,nan,nan
1753091523.6612387,nan,nan,nan,nan,nan,nan,207.0114288330078,104.28789520263672,324.2464904785156,nan,nan,nan
1753091523.7158203,nan,nan,nan,nan,nan,nan,204.94935607910156,104.80255126953125,321.9884338378906,nan,nan,nan
1753091523.7858326,nan,nan,nan,nan,nan,nan,204.77749633789062,105.97627258300781,323.67822265625,nan,nan,nan
1753091523.8390396,nan,nan,nan,nan,nan,nan,202.88607788085938,105.93805694580078,321.6683349609375,-62.470118176962885,-27.356553197884672,-137.38463011455565
1753091523.8925009,nan,nan,nan,nan,nan,nan,201.64666748046875,106.55802917480469,321.66876220703125,-62.668668398923955,-27.311062605868198,nan
1753091523.9415004,nan,nan,nan,nan,nan,nan,198.0112762451172,105.28422546386719,317.823486328125,1.2757093721442052,-107.13254662327175,nan
1753091523.994017,nan,nan,nan,nan,nan,nan,198.26608276367188,105.13165283203125,319.21978759765625,nan,nan,nan
1753091524.0630186,nan,nan,nan,nan,nan,nan,197.23114013671875,105.56542205810547,320.5368957519531,nan,nan,nan
1753091524.1175969,nan,nan,nan,nan,nan,nan,nan,nan,nan,nan,nan,nan
1753091524.1836007,nan,nan,nan,nan,nan,nan,193.99461364746094,103.59130096435547,318.2670593261719,nan,nan,nan
1753091524.2501569,nan,nan,nan,nan,nan,nan,194.4170684814453,103.81689453125,318.96014404296875,-63.82058475448964,-28.695870231384674,-48.69733157449631
1753091524.3177288,nan,nan,nan,nan,nan,nan,194.08067321777344,103.35043334960938,319.4180603027344,nan,nan,nan
1753091524.383735,nan,nan,nan,nan,nan,nan,192.7528533935547,103.58314514160156,318.24200439453125,-63.64456442606426,-28.114149508548618,-137.7933348939977
1753091524.4522896,nan,nan,nan,nan,nan,nan,190.61209106445312,105.25662231445312,317.74017333984375,-63.95921662202329,-26.488594267415404,nan
1753091524.5043485,nan,nan,nan,nan,nan,nan,189.39889526367188,104.92372131347656,316.7352294921875,nan,nan,nan
1753091524.5733497,nan,nan,nan,nan,nan,nan,187.0374298095703,107.57854461669922,313.7973327636719,3.0737915388631203,-108.28018026740385,nan
1753091524.6427715,nan,nan,nan,nan,nan,nan,185.27987670898438,107.07331848144531,308.8516540527344,nan,nan,nan
1753091524.7096472,nan,nan,nan,nan,nan,nan,184.98843383789062,107.15491485595703,307.3785095214844,2.0451464103952626,-107.2198856698561,-3.414787859642819
1753091524.7777886,nan,nan,nan,nan,nan,nan,185.01353454589844,108.00839233398438,306.43902587890625,-63.905846318188765,-27.171927351189936,-137.34100570106787
1753091524.8443089,nan,nan,nan,nan,nan,nan,184.50559997558594,107.46598815917969,306.5762023925781,nan,nan,nan
1753091524.9101083,nan,nan,nan,nan,nan,nan,181.21331787109375,105.49665069580078,306.004638671875,2.9651582243142176,-107.24969360379951,-3.5495823870385226
1753091524.981115,nan,nan,nan,nan,nan,nan,177.07861328125,103.47846221923828,307.01470947265625,-64.67020365195226,-27.555363232115837,nan
1753091525.0469398,nan,nan,nan,nan,nan,nan,nan,nan,nan,nan,nan,nan
1753091525.1141543,nan,nan,nan,nan,nan,nan,186.5550079345703,106.98088073730469,334.6241760253906,nan,nan,nan
1753091525.1661544,nan,nan,nan,nan,nan,nan,185.9463653564453,105.98914337158203,333.5324401855469,nan,nan,nan
1753091525.2183473,nan,nan,nan,nan,nan,nan,191.33006286621094,109.05784606933594,343.189208984375,-66.79477437399741,-23.308527179594353,-143.7631159545622
1753091525.2733486,nan,nan,nan,nan,nan,nan,194.08778381347656,109.9588851928711,348.1357116699219,nan,nan,nan
1753091525.3275986,nan,nan,nan,nan,nan,nan,198.52552795410156,111.4018325805664,354.869140625,-67.03623017853499,-22.659916111332517,nan
1753091525.3876066,nan,nan,nan,nan,nan,nan,201.18321228027344,113.37173461914062,363.374755859375,nan,nan,nan
1753091525.4496994,nan,nan,nan,nan,nan,nan,202.7262420654297,114.42308807373047,371.33135986328125,nan,nan,nan
1753091525.5078557,nan,nan,nan,nan,nan,nan,206.05062866210938,118.3887710571289,384.20098876953125,nan,nan,nan
1753091525.5598555,nan,nan,nan,nan,nan,nan,207.5609588623047,119.04823303222656,391.2342529296875,nan,nan,nan
1753091525.6111808,nan,nan,nan,nan,nan,nan,206.83335876464844,120.82518768310547,397.0739440917969,nan,nan,nan
1753091525.6621795,nan,nan,nan,nan,nan,nan,207.872314453125,121.11115264892578,400.55029296875,-1.9462249164773804,-108.24511194814829,nan
1753091525.7141078,nan,nan,nan,nan,nan,nan,210.05613708496094,122.51334381103516,407.7865905761719,nan,nan,nan
1753091525.7691028,nan,nan,nan,nan,nan,nan,212.38015747070312,123.07432556152344,412.29827880859375,nan,nan,nan
1753091525.839222,nan,nan,nan,nan,nan,nan,215.92115783691406,124.07743835449219,412.9927062988281,-68.43215371491591,-15.481260218754317,nan
1753091525.893143,nan,nan,nan,nan,nan,nan,221.1431427001953,125.92365264892578,413.82928466796875,2.4087597585837393,-109.5055634290552,-2.728031729107084
1753091525.9431212,nan,nan,nan,nan,nan,nan,224.17079162597656,126.62952423095703,413.5303039550781,nan,nan,nan
1753091525.99666,nan,nan,nan,nan,nan,nan,225.1435546875,126.72853088378906,413.8536376953125,nan,nan,nan
1753091526.0466642,nan,nan,nan,nan,nan,nan,225.69769287109375,126.94062042236328,411.9538879394531,nan,nan,nan
1753091526.0992076,nan,nan,nan,nan,nan,nan,224.0844268798828,126.47810363769531,410.4529113769531,nan,nan,nan
1753091526.1522043,nan,nan,nan,nan,nan,nan,219.97503662109375,125.14916229248047,408.6959228515625,nan,nan,nan
1753091526.204334,nan,nan,nan,nan,nan,nan,219.642578125,126.19817352294922,409.5444641113281,nan,nan,nan
1753091526.255333,nan,nan,nan,nan,nan,nan,216.33364868164062,124.86563873291016,407.77001953125,nan,nan,nan
1753091526.3105967,nan,nan,nan,nan,nan,nan,213.73501586914062,123.03629302978516,404.3404235839844,2.098285707574583,-108.8917057901376,-2.4121288759570496
1753091526.3615973,nan,nan,nan,nan,nan,nan,211.70611572265625,122.76341247558594,403.4436340332031,nan,nan,nan
1753091526.4118304,nan,nan,nan,nan,nan,nan,206.4638671875,121.96288299560547,400.8128356933594,-68.12145528616038,-19.967746747495553,nan
1753091526.463832,nan,nan,nan,nan,nan,nan,200.76882934570312,121.32177734375,398.7059326171875,nan,nan,nan
1753091526.5151045,nan,nan,nan,nan,nan,nan,190.20628356933594,122.7105941772461,400.73236083984375,nan,nan,nan
1753091526.5651083,nan,nan,nan,nan,nan,nan,181.0162811279297,124.0213623046875,397.508544921875,-71.11927805719097,-25.803716835343064,nan
1753091526.6133413,nan,nan,nan,nan,nan,nan,169.2051239013672,125.88409423828125,398.5557556152344,-73.12497750314513,-30.298666114394187,-44.56522704044807
1753091526.666343,nan,nan,nan,nan,nan,nan,158.5818634033203,124.93834686279297,393.162841796875,nan,nan,nan
1753091526.720946,nan,nan,nan,nan,nan,nan,150.00582885742188,124.11102294921875,390.55938720703125,-75.05262365717867,-31.633159989230336,nan
1753091526.7729456,nan,nan,nan,nan,nan,nan,147.04864501953125,122.02544403076172,388.7105407714844,-75.62770354671244,-28.03681783104102,-51.255402955403376
1753091526.8252544,nan,nan,nan,nan,nan,nan,148.9038848876953,123.19930267333984,387.6903076171875,-75.39986875282263,-29.713624325281067,nan
1753091526.878283,nan,nan,nan,nan,nan,nan,160.40284729003906,124.00334167480469,390.22052001953125,nan,nan,nan
1753091526.9308062,nan,nan,nan,nan,nan,nan,171.13099670410156,126.21001434326172,392.4056091308594,-73.14153701296404,-23.383419120376146,-57.776292855906554
1753091526.9808123,nan,nan,nan,nan,nan,nan,188.15786743164062,126.7362289428711,396.41668701171875,nan,nan,nan
1753091527.0313716,nan,nan,nan,nan,nan,nan,197.07273864746094,127.38389587402344,391.3658752441406,nan,nan,nan
1753091527.0823975,nan,nan,nan,nan,nan,nan,215.81304931640625,128.97166442871094,393.9119567871094,nan,nan,nan
1753091527.1359549,nan,nan,nan,nan,nan,nan,220.69830322265625,127.84427642822266,390.4686279296875,nan,nan,nan
1753091527.188982,nan,nan,nan,nan,nan,nan,233.8878173828125,131.1688995361328,393.6720886230469,nan,nan,nan
1753091527.260176,nan,nan,nan,nan,nan,nan,238.70790100097656,128.1667022705078,389.1629943847656,nan,nan,nan
1753091527.3253396,nan,nan,nan,nan,nan,nan,239.0544891357422,126.05877685546875,387.2946472167969,nan,nan,nan
1753091527.3793445,nan,nan,nan,nan,nan,nan,239.15184020996094,124.61689758300781,387.4523620605469,nan,nan,nan
1753091527.4468706,nan,nan,nan,nan,nan,nan,234.08352661132812,121.6537094116211,382.8265686035156,nan,nan,nan
1753091527.512381,nan,nan,nan,nan,nan,nan,235.35406494140625,121.98388671875,388.5781555175781,nan,nan,nan
1753091527.5653841,nan,nan,nan,nan,nan,nan,233.47531127929688,121.7529296875,385.47625732421875,nan,nan,nan
1753091527.6173766,nan,nan,nan,nan,nan,nan,234.10302734375,121.33547973632812,386.5126647949219,nan,nan,nan
1753091527.6843817,nan,nan,nan,nan,nan,nan,234.4812774658203,122.27751922607422,387.13714599609375,4.488842224634331,-106.4503128953086,nan
1753091527.735567,nan,nan,nan,nan,nan,nan,233.57432556152344,121.06144714355469,385.6397399902344,3.962418041058463,-106.24049586411994,nan
1753091527.803044,nan,nan,nan,nan,nan,nan,235.32212829589844,123.46468353271484,388.5254211425781,nan,nan,nan
1753091527.854044,nan,nan,nan,nan,nan,nan,232.50830078125,123.91075134277344,387.57891845703125,4.475527644606149,-105.9533904695995,-2.4757669283361383
1753091527.9215815,nan,nan,nan,nan,nan,nan,232.0270538330078,124.80046081542969,388.0230712890625,4.489420348381898,-106.18056149653417,-2.7163657960907637
1753091527.9895854,nan,nan,nan,nan,nan,nan,231.99334716796875,125.18574523925781,389.2209777832031,5.118122008317472,-106.20474334283612,-2.6494580765598776
1753091528.0550978,nan,nan,nan,nan,nan,nan,230.96774291992188,123.8856201171875,387.50030517578125,nan,nan,nan
1753091528.1052299,nan,nan,nan,nan,nan,nan,231.5592498779297,123.05644989013672,387.24078369140625,nan,nan,nan
1753091528.1532292,nan,nan,nan,nan,nan,nan,229.36778259277344,121.54438781738281,384.8160095214844,nan,nan,nan
1753091528.2073047,nan,nan,nan,nan,nan,nan,229.99449157714844,122.62004089355469,385.8674621582031,nan,nan,nan
1753091528.2593076,nan,nan,nan,nan,nan,nan,228.21218872070312,122.06444549560547,384.11907958984375,nan,nan,nan
1753091528.3088295,nan,nan,nan,nan,nan,nan,230.48135375976562,124.77323913574219,387.9384460449219,nan,nan,nan
1753091528.3578436,nan,nan,nan,nan,nan,nan,230.11483764648438,124.98018646240234,388.5818786621094,nan,nan,nan
1753091528.4253874,nan,nan,nan,nan,nan,nan,229.3833465576172,123.83649444580078,387.3466491699219,nan,nan,nan
1753091528.4753869,nan,nan,nan,nan,nan,nan,228.22622680664062,124.0188980102539,387.9172058105469,nan,nan,nan
1753091528.5279064,nan,nan,nan,nan,nan,nan,226.53857421875,122.35985565185547,385.0487060546875,nan,nan,nan
1753091528.594907,nan,nan,nan,nan,nan,nan,225.00958251953125,121.19398498535156,383.70660400390625,nan,nan,nan
1753091528.6462262,nan,nan,nan,nan,nan,nan,225.33984375,121.37185668945312,384.269775390625,3.323417116301646,-105.7322390861525,nan
1753091528.70731,nan,nan,nan,nan,nan,nan,226.573486328125,122.03632354736328,386.3735046386719,nan,nan,nan
1753091528.77131,nan,nan,nan,nan,nan,nan,225.9813690185547,121.71739196777344,385.36376953125,nan,nan,nan
1753091528.8258681,nan,nan,nan,nan,nan,nan,224.58621215820312,119.88389587402344,384.2472839355469,nan,nan,nan
1753091528.8859127,nan,nan,nan,nan,nan,nan,222.9457244873047,115.00047302246094,385.25091552734375,5.491845561171933,-105.2064269097831,-9.034822516333936
1753091528.93845,nan,nan,nan,nan,nan,nan,221.26744079589844,109.70796203613281,384.9142150878906,nan,nan,nan
1753091528.9944813,nan,nan,nan,nan,nan,nan,213.6647491455078,92.2481689453125,383.2509765625,-61.483229254859474,-9.509341012115597,-66.73272176300802
1753091529.0470104,nan,nan,nan,nan,nan,nan,213.71510314941406,77.69780731201172,380.70953369140625,-61.37449885229267,-2.317824214020688,-82.76375563024499
1753091529.10155,nan,nan,nan,nan,nan,nan,215.4595489501953,74.12510681152344,381.20001220703125,nan,nan,nan
1753091529.1585474,nan,nan,nan,nan,nan,nan,215.58297729492188,71.96263885498047,381.41839599609375,nan,nan,nan
1753091529.2320645,nan,nan,nan,nan,nan,nan,213.8968505859375,65.50672149658203,382.34576416015625,nan,nan,nan
1753091529.2850826,nan,nan,nan,nan,nan,nan,213.23431396484375,64.50137329101562,385.1413269042969,nan,nan,nan
1753091529.3421967,nan,nan,nan,nan,nan,nan,217.4315643310547,66.52775573730469,392.7223205566406,-64.27001950225626,-0.476842079352297,-83.2979696606475
1753091529.403585,nan,nan,nan,nan,nan,nan,220.19647216796875,69.43124389648438,396.33685302734375,nan,nan,nan
1753091529.4745889,nan,nan,nan,nan,nan,nan,nan,nan,nan,nan,nan,nan
1753091529.5316179,nan,nan,nan,nan,nan,nan,nan,nan,nan,nan,nan,nan
1753091529.5836325,nan,nan,nan,nan,nan,nan,nan,nan,nan,nan,nan,nan
1753091529.6351738,nan,nan,nan,nan,nan,nan,212.1047821044922,82.70333099365234,394.0736083984375,-63.42198354323487,-7.838416998558837,-54.21665413807054
1753091529.6871805,nan,nan,nan,nan,nan,nan,nan,nan,nan,nan,nan,nan
1753091529.743711,nan,nan,nan,nan,nan,nan,nan,nan,nan,nan,nan,nan
1753091529.7972443,nan,nan,nan,nan,nan,nan,nan,nan,nan,nan,nan,nan
1753091529.8472543,nan,nan,nan,nan,nan,nan,nan,nan,nan,nan,nan,nan
1753091529.89779,nan,nan,nan,nan,nan,nan,nan,nan,nan,nan,nan,nan
1753091529.945788,nan,nan,nan,nan,nan,nan,nan,nan,nan,nan,nan,nan
1753091529.9967973,nan,nan,nan,nan,nan,nan,nan,nan,nan,nan,nan,nan
1753091530.047921,nan,nan,nan,nan,nan,nan,nan,nan,nan,nan,nan,nan
1753091530.097127,nan,nan,nan,nan,nan,nan,nan,nan,nan,nan,nan,nan
1753091530.150759,nan,nan,nan,nan,nan,nan,nan,nan,nan,nan,nan,nan
1753091530.2033193,nan,nan,nan,nan,nan,nan,nan,nan,nan,nan,nan,nan
1753091530.254318,nan,nan,nan,nan,nan,nan,nan,nan,nan,nan,nan,nan
1753091530.305988,nan,nan,nan,nan,nan,nan,nan,nan,nan,nan,nan,nan
1753091530.3569813,nan,nan,nan,nan,nan,nan,233.3650360107422,112.90489196777344,412.879150390625,nan,nan,nan
1753091530.40572,nan,nan,nan,nan,nan,nan,221.14036560058594,108.14612579345703,387.2896423339844,-62.20045906299289,-8.89509362404383,-70.7149571829359
1753091530.459723,nan,nan,nan,nan,nan,nan,244.96072387695312,125.10657501220703,419.1062927246094,-61.80529123895246,-9.886966870157266,-67.91592668414752
1753091530.513079,nan,nan,nan,nan,nan,nan,nan,nan,nan,nan,nan,nan
1753091530.5650773,nan,nan,nan,nan,nan,nan,241.0665283203125,127.37612915039062,405.75506591796875,-61.50261618972856,-9.916160560776856,-67.74661019702313
1753091530.6128654,nan,nan,nan,nan,nan,nan,nan,nan,nan,nan,nan,nan
1753091530.662866,nan,nan,nan,nan,nan,nan,nan,nan,nan,nan,nan,nan
1753091530.715043,nan,nan,nan,nan,nan,nan,nan,nan,nan,nan,nan,nan
1753091530.766044,nan,nan,nan,nan,nan,nan,nan,nan,nan,nan,nan,nan
1753091530.8181462,nan,nan,nan,nan,nan,nan,nan,nan,nan,nan,nan,nan
1753091530.869148,nan,nan,nan,nan,nan,nan,nan,nan,nan,nan,nan,nan
1753091530.9267166,nan,nan,nan,nan,nan,nan,nan,nan,nan,nan,nan,nan
1753091530.9797184,nan,nan,nan,nan,nan,nan,nan,nan,nan,nan,nan,nan
1753091531.0282798,nan,nan,nan,nan,nan,nan,nan,nan,nan,nan,nan,nan
1753091531.082282,nan,nan,nan,nan,nan,nan,251.4219970703125,119.79560089111328,396.1993713378906,23.165219752434794,-111.28635473175449,nan
1753091531.1344075,nan,nan,nan,nan,nan,nan,249.06396484375,119.03350830078125,393.6789245605469,22.982763738888263,-110.71125717918544,nan
1753091531.1844347,nan,nan,nan,nan,nan,nan,nan,nan,nan,nan,nan,nan
1753091531.2357898,nan,nan,nan,nan,nan,nan,nan,nan,nan,nan,nan,nan
1753091531.2898228,nan,nan,nan,nan,nan,nan,nan,nan,nan,nan,nan,nan
1753091531.3403351,nan,nan,nan,nan,nan,nan,nan,nan,nan,nan,nan,nan
1753091531.392339,nan,nan,nan,nan,nan,nan,nan,nan,nan,nan,nan,nan
1753091531.4480467,nan,nan,nan,nan,nan,nan,nan,nan,nan,nan,nan,nan
1753091531.517651,nan,nan,nan,nan,nan,nan,nan,nan,nan,nan,nan,nan
1753091531.5686545,nan,nan,nan,nan,nan,nan,218.71714782714844,108.49005889892578,361.1099853515625,nan,nan,nan
1753091531.6193564,nan,nan,nan,nan,nan,nan,nan,nan,nan,nan,nan,nan
1753091531.669363,nan,nan,nan,nan,nan,nan,nan,nan,nan,nan,nan,nan
1753091531.721024,nan,nan,nan,nan,nan,nan,nan,nan,nan,nan,nan,nan
1753091531.7730248,nan,nan,nan,nan,nan,nan,nan,nan,nan,nan,nan,nan
1753091531.8275814,nan,nan,nan,nan,nan,nan,nan,nan,nan,nan,nan,nan
1753091531.8785803,nan,nan,nan,nan,nan,nan,nan,nan,nan,nan,nan,nan
1753091531.9281723,nan,nan,nan,nan,nan,nan,nan,nan,nan,nan,nan,nan
1753091531.980174,nan,nan,nan,nan,nan,nan,nan,nan,nan,nan,nan,nan
1753091532.0411978,nan,nan,nan,nan,nan,nan,nan,nan,nan,nan,nan,nan
1753091532.104343,nan,nan,nan,nan,nan,nan,nan,nan,nan,nan,nan,nan
1753091532.1653469,nan,nan,nan,nan,nan,nan,nan,nan,nan,nan,nan,nan
1753091532.218933,nan,nan,nan,nan,nan,nan,nan,nan,nan,nan,nan,nan
1753091532.268933,nan,nan,nan,nan,nan,nan,nan,nan,nan,nan,nan,nan
1753091532.3214915,nan,nan,nan,nan,nan,nan,247.09820556640625,127.12542724609375,390.57177734375,nan,nan,nan
1753091532.376491,nan,nan,nan,nan,nan,nan,nan,nan,nan,nan,nan,nan
1753091532.4297411,nan,nan,nan,nan,nan,nan,nan,nan,nan,nan,nan,nan
1753091532.4857397,nan,nan,nan,nan,nan,nan,nan,nan,nan,nan,nan,nan
1753091532.539645,nan,nan,nan,nan,nan,nan,nan,nan,nan,nan,nan,nan
1753091532.5926077,nan,nan,nan,nan,nan,nan,nan,nan,nan,nan,nan,nan
1753091532.6471786,nan,nan,nan,nan,nan,nan,nan,nan,nan,nan,nan,nan
1753091532.7020626,nan,nan,nan,nan,nan,nan,nan,nan,nan,nan,nan,nan
1753091532.7530603,nan,nan,nan,nan,nan,nan,nan,nan,nan,nan,nan,nan
1753091532.8081138,nan,nan,nan,nan,nan,nan,nan,nan,nan,nan,nan,nan
1753091532.8621154,nan,nan,nan,nan,nan,nan,nan,nan,nan,nan,nan,nan
1753091532.9145384,nan,nan,nan,nan,nan,nan,nan,nan,nan,nan,nan,nan
1753091532.967538,nan,nan,nan,nan,nan,nan,nan,nan,nan,nan,nan,nan
1753091533.0211308,nan,nan,nan,nan,nan,nan,220.5143585205078,115.62725067138672,359.5022277832031,nan,nan,nan
1753091533.0781372,nan,nan,nan,nan,nan,nan,nan,nan,nan,nan,nan,nan
1753091533.1327128,nan,nan,nan,nan,nan,nan,218.3352813720703,115.57389068603516,359.3363037109375,-60.512669076899776,-11.277662008522324,nan
1753091533.1877253,nan,nan,nan,nan,nan,nan,nan,nan,nan,nan,nan,nan
1753091533.2392924,nan,nan,nan,nan,nan,nan,216.13662719726562,114.77403259277344,356.8494567871094,nan,nan,nan
1753091533.2942936,nan,nan,nan,nan,nan,nan,216.64862060546875,112.9781265258789,357.6947937011719,nan,nan,nan
1753091533.3458202,nan,nan,nan,nan,nan,nan,215.46774291992188,111.3455581665039,356.8805236816406,nan,nan,nan
1753091533.3968322,nan,nan,nan,nan,nan,nan,213.1060791015625,110.14808654785156,355.2364501953125,nan,nan,nan
1753091533.4539752,nan,nan,nan,nan,nan,nan,210.29925537109375,109.42779541015625,355.12042236328125,nan,nan,nan
1753091533.5062544,nan,nan,nan,nan,nan,nan,nan,nan,nan,nan,nan,nan
1753091533.5612564,nan,nan,nan,nan,nan,nan,208.53236389160156,111.63382720947266,355.608154296875,nan,nan,nan
1753091533.6117911,nan,nan,nan,nan,nan,nan,nan,nan,nan,nan,nan,nan
1753091533.666791,nan,nan,nan,nan,nan,nan,nan,nan,nan,nan,nan,nan
1753091533.7204704,nan,nan,nan,nan,nan,nan,nan,nan,nan,nan,nan,nan
1753091533.7734733,nan,nan,nan,nan,nan,nan,nan,nan,nan,nan,nan,nan
1753091533.8270662,nan,nan,nan,nan,nan,nan,nan,nan,nan,nan,nan,nan
1753091533.8840666,nan,nan,nan,nan,nan,nan,nan,nan,nan,nan,nan,nan
1753091533.949593,nan,nan,nan,nan,nan,nan,nan,nan,nan,nan,nan,nan
1753091534.0128212,nan,nan,nan,nan,nan,nan,nan,nan,nan,nan,nan,nan
1753091534.0688214,nan,nan,nan,nan,nan,nan,217.64596557617188,116.58948516845703,358.2018127441406,nan,nan,nan
1753091534.1223629,nan,nan,nan,nan,nan,nan,214.1817169189453,113.45597839355469,357.02947998046875,nan,nan,nan
1753091534.1733632,nan,nan,nan,nan,nan,nan,212.74122619628906,113.09943389892578,358.078857421875,nan,nan,nan
1753091534.227964,nan,nan,nan,nan,nan,nan,210.2061767578125,110.78433227539062,357.2884216308594,nan,nan,nan
1753091534.282961,nan,nan,nan,nan,nan,nan,209.91357421875,109.9754867553711,359.1436767578125,nan,nan,nan
1753091534.3365135,nan,nan,nan,nan,nan,nan,209.66835021972656,109.48605346679688,357.54534912109375,-63.56880280272283,-19.127710054501176,-142.60698345034822
1753091534.390514,nan,nan,nan,nan,nan,nan,210.52272033691406,110.58895874023438,356.6583251953125,nan,nan,nan
1753091534.4460409,nan,nan,nan,nan,nan,nan,213.103515625,115.36558532714844,358.68865966796875,-64.48911277390734,-21.004848166866545,-144.57129731105994
1753091534.4990764,nan,nan,nan,nan,nan,nan,212.0974884033203,116.19679260253906,356.9953308105469,4.623920408333001,-109.27523009540288,-11.6695800681655
1753091534.5508573,nan,nan,nan,nan,nan,nan,213.79525756835938,119.8167953491211,357.5337219238281,nan,nan,nan
1753091534.6066885,nan,nan,nan,nan,nan,nan,210.00767517089844,117.39569091796875,352.3350830078125,nan,nan,nan
1753091534.678692,nan,nan,nan,nan,nan,nan,205.28662109375,119.78958129882812,345.5315246582031,nan,nan,nan
1753091534.7493641,nan,nan,nan,nan,nan,nan,193.41943359375,116.77059936523438,333.12017822265625,-64.48439488649998,-22.245025822851208,nan
1753091534.8171723,nan,nan,nan,nan,nan,nan,185.64620971679688,115.22195434570312,325.1276550292969,8.732108871631754,-108.57183842675872,1.0660266304410473
1753091534.8891764,nan,nan,nan,nan,nan,nan,183.3518524169922,118.86332702636719,330.01934814453125,14.224035008715182,-110.39649707937009,nan
1753091534.9437492,nan,nan,nan,nan,nan,nan,172.4287567138672,118.0478286743164,319.2159118652344,nan,nan,nan
1753091534.9988246,nan,nan,nan,nan,nan,nan,163.502197265625,114.14866638183594,307.072021484375,11.357236983563103,-107.60848497756365,-1.8157801216181817
1753091535.075295,nan,nan,nan,nan,nan,nan,nan,nan,nan,nan,nan,nan
1753091535.1477826,nan,nan,nan,nan,nan,nan,157.2534637451172,111.49343872070312,295.3363342285156,nan,nan,nan
1753091535.2183387,nan,nan,nan,nan,nan,nan,nan,nan,nan,nan,nan,nan
1753091535.2903342,nan,nan,nan,nan,nan,nan,163.44252014160156,114.57086944580078,290.1585388183594,nan,nan,nan
1753091535.344617,nan,nan,nan,nan,nan,nan,171.95887756347656,118.0477523803711,293.23974609375,-63.61918621513212,-25.821785175225862,-137.0809596371434
1753091535.3986373,nan,nan,nan,nan,nan,nan,171.06817626953125,117.02241516113281,287.9361877441406,nan,nan,nan
1753091535.4537258,nan,nan,nan,nan,nan,nan,nan,nan,nan,nan,nan,nan
1753091535.507992,nan,nan,nan,nan,nan,nan,171.3042449951172,117.74109649658203,274.10882568359375,6.980839422615124,-105.64726472970753,nan
1753091535.5749893,nan,nan,nan,nan,nan,nan,171.1093292236328,118.45940399169922,272.11883544921875,6.515465319022994,-105.08660702114689,-6.73008624743552
1753091535.641357,nan,nan,nan,nan,nan,nan,nan,nan,nan,nan,nan,nan
1753091535.7048886,nan,nan,nan,nan,nan,nan,172.1322021484375,117.20337677001953,270.4306335449219,5.423258295150769,-102.75313631391013,-7.878768393587994
1753091535.7629364,nan,nan,nan,nan,nan,nan,172.72801208496094,112.72117614746094,272.1907043457031,5.349901260530364,-101.47087600516276,-7.307852631976389
1753091535.8180923,nan,nan,nan,nan,nan,nan,175.05508422851562,107.57289123535156,279.2496032714844,7.104619572387654,-102.88225153271699,-7.458121046067522
1753091535.8711042,nan,nan,nan,nan,nan,nan,178.2594451904297,106.13713836669922,287.0079345703125,nan,nan,nan
1753091535.9262025,nan,nan,nan,nan,nan,nan,180.63267517089844,103.966064453125,298.23114013671875,8.354247253221185,-102.84662678126006,-6.517428133678101
1753091535.9792118,nan,nan,nan,nan,nan,nan,183.38365173339844,104.21033477783203,305.6907653808594,7.550662783921194,-101.49932292999755,-5.973362813292328
1753091536.0307524,nan,nan,nan,nan,nan,nan,188.38877868652344,106.44943237304688,314.0340270996094,8.368965760928475,-102.03843876536803,-6.05255928879408
1753091536.0827532,nan,nan,nan,nan,nan,nan,2235.912109375,1284.0286865234375,3787.983642578125,54.72300504734681,-147.30533635996838,nan
1753091536.1373138,nan,nan,nan,nan,nan,nan,2420.006591796875,1389.749755859375,4099.86865234375,54.802408253416424,-147.52268460135164,1.9246569252026882
1753091536.1893137,nan,nan,nan,nan,nan,nan,2308.114501953125,1322.2745361328125,3923.11328125,nan,nan,nan
1753091536.239857,nan,nan,nan,nan,nan,nan,nan,nan,nan,nan,nan,nan
1753091536.2948868,nan,nan,nan,nan,nan,nan,nan,nan,nan,nan,nan,nan
1753091536.3494034,nan,nan,nan,nan,nan,nan,nan,nan,nan,nan,nan,nan
1753091536.4044046,nan,nan,nan,nan,nan,nan,nan,nan,nan,nan,nan,nan
1753091536.455911,nan,nan,nan,nan,nan,nan,nan,nan,nan,nan,nan,nan
1753091536.5134687,nan,nan,nan,nan,nan,nan,nan,nan,nan,nan,nan,nan
1753091536.564459,nan,nan,nan,nan,nan,nan,nan,nan,nan,nan,nan,nan
1753091536.618201,nan,nan,nan,nan,nan,nan,229.95703125,230.62069702148438,581.2261352539062,-70.00236919416955,13.587829087326133,-92.3509315302297
1753091536.6712,nan,nan,nan,nan,nan,nan,nan,nan,nan,nan,nan,nan
1753091536.7248073,nan,nan,nan,nan,nan,nan,nan,nan,nan,nan,nan,nan
1753091536.7758057,nan,nan,nan,nan,nan,nan,nan,nan,nan,nan,nan,nan
1753091536.8134663,nan,nan,nan,nan,nan,nan,nan,nan,nan,nan,nan,nan
1753091536.8504717,nan,nan,nan,nan,nan,nan,nan,nan,nan,nan,nan,nan
1753091536.8854692,nan,nan,nan,nan,nan,nan,nan,nan,nan,nan,nan,nan
1753091536.9194381,nan,nan,nan,nan,nan,nan,nan,nan,nan,nan,nan,nan
1753091536.9564297,nan,nan,nan,nan,nan,nan,nan,nan,nan,nan,nan,nan
1753091536.996438,nan,nan,nan,nan,nan,nan,nan,nan,nan,nan,nan,nan
1753091537.0352867,nan,nan,nan,nan,nan,nan,nan,nan,nan,nan,nan,nan
1753091537.0762932,nan,nan,nan,nan,nan,nan,nan,nan,nan,nan,nan,nan
1753091537.1178355,nan,nan,nan,nan,nan,nan,nan,nan,nan,nan,nan,nan
1753091537.1558323,nan,nan,nan,nan,nan,nan,nan,nan,nan,nan,nan,nan
1753091537.189835,nan,nan,nan,nan,nan,nan,nan,nan,nan,nan,nan,nan
1753091537.2273612,nan,nan,nan,nan,nan,nan,nan,nan,nan,nan,nan,nan
1753091537.2633643,nan,nan,nan,nan,nan,nan,nan,nan,nan,nan,nan,nan
1753091537.301534,nan,nan,nan,nan,nan,nan,nan,nan,nan,nan,nan,nan
1753091537.3373365,nan,nan,nan,nan,nan,nan,nan,nan,nan,nan,nan,nan
1753091537.3743541,nan,nan,nan,nan,nan,nan,nan,nan,nan,nan,nan,nan
1753091537.4108753,nan,nan,nan,nan,nan,nan,nan,nan,nan,nan,nan,nan
1753091537.4478767,nan,nan,nan,nan,nan,nan,nan,nan,nan,nan,nan,nan
1753091537.4818785,nan,nan,nan,nan,nan,nan,nan,nan,nan,nan,nan,nan
1753091537.5185707,nan,nan,nan,nan,nan,nan,nan,nan,nan,nan,nan,nan
1753091537.555566,nan,nan,nan,nan,nan,nan,nan,nan,nan,nan,nan,nan
1753091537.5906024,nan,nan,nan,nan,nan,nan,nan,nan,nan,nan,nan,nan
1753091537.626128,nan,nan,nan,nan,nan,nan,nan,nan,nan,nan,nan,nan
1753091537.6621408,nan,nan,nan,nan,nan,nan,nan,nan,nan,nan,nan,nan
1753091537.6972187,nan,nan,nan,nan,nan,nan,nan,nan,nan,nan,nan,nan
1753091537.734012,nan,nan,nan,nan,nan,nan,nan,nan,nan,nan,nan,nan
1753091537.769002,nan,nan,nan,nan,nan,nan,nan,nan,nan,nan,nan,nan
1753091537.8030078,nan,nan,nan,nan,nan,nan,nan,nan,nan,nan,nan,nan
1753091537.8385308,nan,nan,nan,nan,nan,nan,nan,nan,nan,nan,nan,nan
1753091537.8755338,nan,nan,nan,nan,nan,nan,nan,nan,nan,nan,nan,nan
1753091537.9157045,nan,nan,nan,nan,nan,nan,nan,nan,nan,nan,nan,nan
1753091537.9507036,nan,nan,nan,nan,nan,nan,nan,nan,nan,nan,nan,nan
1753091537.989706,nan,nan,nan,nan,nan,nan,nan,nan,nan,nan,nan,nan
1753091538.0267532,nan,nan,nan,nan,nan,nan,nan,nan,nan,nan,nan,nan
1753091538.0587556,nan,nan,nan,nan,nan,nan,nan,nan,nan,nan,nan,nan
1753091538.0927527,nan,nan,nan,nan,nan,nan,nan,nan,nan,nan,nan,nan
1753091538.131925,nan,nan,nan,nan,nan,nan,nan,nan,nan,nan,nan,nan
1753091538.1829278,nan,nan,nan,nan,nan,nan,nan,nan,nan,nan,nan,nan
1753091538.2340767,nan,nan,nan,nan,nan,nan,nan,nan,nan,nan,nan,nan
1753091538.2690766,nan,nan,nan,nan,nan,nan,nan,nan,nan,nan,nan,nan
1753091538.3030822,nan,nan,nan,nan,nan,nan,nan,nan,nan,nan,nan,nan
1753091538.3378372,nan,nan,nan,nan,nan,nan,nan,nan,nan,nan,nan,nan
1753091538.3728356,nan,nan,nan,nan,nan,nan,nan,nan,nan,nan,nan,nan
1753091538.4078445,nan,nan,nan,nan,nan,nan,nan,nan,nan,nan,nan,nan
1753091538.4433622,nan,nan,nan,nan,nan,nan,nan,nan,nan,nan,nan,nan
1753091538.4963734,nan,nan,nan,nan,nan,nan,nan,nan,nan,nan,nan,nan
1753091538.5515137,-106.90535736083984,97.27659606933594,424.53399658203125,-75.36943306200293,-157.72245080971328,-55.95198982336607,nan,nan,nan,nan,nan,nan
1753091538.6055384,-106.02227783203125,113.13451385498047,448.482177734375,-5.532263362276428,-82.03625914838614,nan,nan,nan,nan,nan,nan,nan
1753091538.6644824,-103.32740783691406,133.86154174804688,507.39215087890625,nan,nan,nan,nan,nan,nan,nan,nan,nan
1753091538.7418535,-91.6603775024414,154.75970458984375,582.3515625,nan,nan,nan,nan,nan,nan,nan,nan,nan
1753091538.7928574,-93.49405670166016,160.64453125,608.9110107421875,nan,nan,nan,nan,nan,nan,nan,nan,nan
1753091538.844474,-97.4666519165039,166.24717712402344,634.7838745117188,nan,nan,nan,nan,nan,nan,nan,nan,nan
1753091538.8974998,-103.01786041259766,167.62965393066406,654.509765625,nan,nan,nan,nan,nan,nan,nan,nan,nan
1753091538.951026,-113.47748565673828,165.54295349121094,671.6282958984375,nan,nan,nan,nan,nan,nan,nan,nan,nan
1753091539.006037,-116.8472900390625,164.5839080810547,683.7744750976562,nan,nan,nan,nan,nan,nan,nan,nan,nan
1753091539.0595782,-126.60397338867188,161.3107452392578,686.6676635742188,nan,nan,nan,nan,nan,nan,nan,nan,nan
1753091539.115166,-126.06781768798828,157.99246215820312,683.7597045898438,nan,nan,nan,nan,nan,nan,nan,nan,nan
1753091539.1671631,-126.31481170654297,156.98182678222656,685.0993041992188,nan,nan,nan,nan,nan,nan,nan,nan,nan
1753091539.2217166,-122.3119125366211,155.25228881835938,677.55126953125,nan,nan,nan,nan,nan,nan,nan,nan,nan
1753091539.275715,-120.47299194335938,154.56805419921875,674.5651245117188,nan,nan,nan,nan,nan,nan,nan,nan,nan
1753091539.3292706,-118.58446502685547,153.8045654296875,671.2330932617188,nan,nan,nan,nan,nan,nan,nan,nan,nan
1753091539.382268,-113.49742126464844,150.9066619873047,664.1715087890625,nan,nan,nan,nan,nan,nan,nan,nan,nan
1753091539.4343357,-110.63135528564453,147.5117950439453,654.783203125,nan,nan,nan,nan,nan,nan,nan,nan,nan
1753091539.4953356,-102.49249267578125,147.4031982421875,643.2962646484375,nan,nan,nan,nan,nan,nan,nan,nan,nan
1753091539.5568573,-87.36715698242188,145.74098205566406,615.3427734375,nan,nan,nan,nan,nan,nan,nan,nan,nan
1753091539.6104002,-73.27383422851562,147.1688995361328,587.8903198242188,nan,nan,nan,nan,nan,nan,nan,nan,nan
1753091539.6654115,-67.35172271728516,147.52125549316406,575.99658203125,nan,nan,nan,nan,nan,nan,nan,nan,nan
1753091539.7189853,-61.98075485229492,148.61801147460938,567.47021484375,nan,nan,nan,nan,nan,nan,nan,nan,nan
1753091539.7709846,-63.46749496459961,149.1593017578125,561.2775268554688,nan,nan,nan,nan,nan,nan,nan,nan,nan
1753091539.8225253,-67.2176513671875,151.10890197753906,556.5079956054688,nan,nan,nan,nan,nan,nan,nan,nan,nan
1753091539.8755257,-69.5302734375,150.22703552246094,549.3616333007812,nan,nan,nan,nan,nan,nan,nan,nan,nan
1753091539.9290774,-67.48741912841797,148.0675811767578,541.4647216796875,nan,nan,nan,nan,nan,nan,nan,nan,nan
1753091539.9830785,-63.627079010009766,148.45071411132812,535.3213500976562,nan,nan,nan,nan,nan,nan,nan,nan,nan
1753091540.039624,-57.65420913696289,146.38108825683594,527.858154296875,nan,nan,nan,nan,nan,nan,nan,nan,nan
1753091540.0906255,-52.279178619384766,150.63357543945312,524.9540405273438,nan,nan,nan,nan,nan,nan,nan,nan,nan
1753091540.1476383,-48.70639419555664,153.9901885986328,519.2179565429688,-61.66765671175753,-79.79170452802515,110.9386435852234,nan,nan,nan,nan,nan,nan
1753091540.1986403,-55.48013687133789,155.34762573242188,517.0757446289062,-61.692225281117004,-79.79849592130918,nan,nan,nan,nan,nan,nan,nan
1753091540.2524319,-67.08712768554688,152.5597686767578,514.3948974609375,nan,nan,nan,nan,nan,nan,nan,nan,nan
1753091540.3229837,-86.76698303222656,148.3477783203125,513.5394287109375,nan,nan,nan,nan,nan,nan,nan,nan,nan
1753091540.3889828,-109.11275482177734,148.49822998046875,521.01123046875,nan,nan,nan,nan,nan,nan,nan,nan,nan
1753091540.4585657,-121.86376190185547,141.79623413085938,511.3249206542969,nan,nan,nan,nan,nan,nan,nan,nan,nan
1753091540.510573,-129.64837646484375,137.6900177001953,507.08856201171875,nan,nan,nan,nan,nan,nan,nan,nan,nan
1753091540.5651429,-128.33741760253906,136.35818481445312,505.77294921875,-75.9790043911946,-160.57634514725754,nan,nan,nan,nan,nan,nan,nan
1753091540.6177263,-118.41240692138672,134.20616149902344,505.009765625,nan,nan,nan,nan,nan,nan,nan,nan,nan
1753091540.667728,-110.93185424804688,132.6239776611328,506.3999328613281,-77.69678759737772,-152.8015250348882,nan,nan,nan,nan,nan,nan,nan
1753091540.7172544,-85.27264404296875,130.75108337402344,510.5174255371094,nan,nan,nan,nan,nan,nan,nan,nan,nan
1753091540.7672534,-70.40974426269531,130.55328369140625,509.7451171875,nan,nan,nan,nan,nan,nan,nan,nan,nan
1753091540.8187835,-47.72937774658203,131.29237365722656,508.8028259277344,nan,nan,nan,nan,nan,nan,nan,nan,nan
1753091540.8717844,-33.44858932495117,130.1155242919922,500.5045166015625,-63.04292700034474,-85.966543808013,nan,nan,nan,nan,nan,nan,nan
1753091540.924621,-18.094457626342773,131.64105224609375,502.6468505859375,-61.63705288948349,-78.1328224673662,nan,nan,nan,nan,nan,nan,nan
1753091540.9766214,-16.037906646728516,131.62977600097656,498.9327697753906,-61.292729770191244,-75.23979385404927,nan,nan,nan,nan,nan,nan,nan
1753091541.0332508,-22.694910049438477,130.24957275390625,497.333740234375,-61.060181952373014,-77.62332466601109,108.77352165491185,nan,nan,nan,nan,nan,nan
1753091541.0892537,-38.84166717529297,130.7196502685547,495.4830322265625,-65.11935751637989,-81.89871991958698,115.30448545831162,nan,nan,nan,nan,nan,nan
1753091541.14318,-60.51274490356445,135.07052612304688,500.9967956542969,nan,nan,nan,nan,nan,nan,nan,nan,nan
1753091541.194172,-71.46762084960938,135.70748901367188,503.35943603515625,nan,nan,nan,nan,nan,nan,nan,nan,nan
1753091541.245803,-86.49036407470703,136.3062286376953,494.9670715332031,nan,nan,nan,nan,nan,nan,nan,nan,nan
1753091541.3007493,-95.15287780761719,139.72962951660156,500.3955078125,nan,nan,nan,nan,nan,nan,nan,nan,nan
1753091541.3739815,-104.66590118408203,144.964599609375,495.220947265625,nan,nan,nan,nan,nan,nan,nan,nan,nan
1753091541.4270983,-104.3541030883789,144.1697235107422,489.2846984863281,-79.66673006348262,-155.5562342146968,nan,nan,nan,nan,nan,nan,nan
1753091541.4800882,-103.90483856201172,146.36538696289062,487.1782531738281,nan,nan,nan,nan,nan,nan,nan,nan,nan
1753091541.548637,-101.75873565673828,146.9164276123047,485.89593505859375,nan,nan,nan,nan,nan,nan,nan,nan,nan
1753091541.6203246,-99.32809448242188,144.2334747314453,483.18133544921875,nan,nan,nan,nan,nan,nan,nan,nan,nan
1753091541.673319,-97.2895278930664,143.97242736816406,482.3067626953125,nan,nan,nan,nan,nan,nan,nan,nan,nan
1753091541.7244713,-96.0390853881836,140.71385192871094,480.6997985839844,nan,nan,nan,nan,nan,nan,nan,nan,nan
1753091541.7764778,-91.99613952636719,135.58457946777344,478.9412841796875,nan,nan,nan,nan,nan,nan,nan,nan,nan
1753091541.8268073,-90.05680847167969,132.67807006835938,478.4443664550781,nan,nan,nan,nan,nan,nan,nan,nan,nan
1753091541.878798,-86.2596664428711,128.82696533203125,477.8385314941406,nan,nan,nan,nan,nan,nan,nan,nan,nan
1753091541.9299655,-83.46450805664062,125.09466552734375,477.65069580078125,nan,nan,nan,nan,nan,nan,nan,nan,nan
1753091541.9829643,-80.58787536621094,121.23941040039062,476.9677429199219,nan,nan,nan,nan,nan,nan,nan,nan,nan
1753091542.037556,-79.76102447509766,119.53945922851562,477.52001953125,nan,nan,nan,nan,nan,nan,nan,nan,nan
1753091542.091556,-81.3318862915039,117.31047058105469,475.9431457519531,nan,nan,nan,nan,nan,nan,nan,nan,nan
1753091542.1481082,-82.99507904052734,117.06917572021484,474.9642028808594,nan,nan,nan,nan,nan,nan,nan,nan,nan
1753091542.1981125,-84.61595916748047,116.77992248535156,473.7906494140625,nan,nan,nan,nan,nan,nan,nan,nan,nan
1753091542.2500093,-87.23445129394531,117.53063201904297,473.1374206542969,-5.898877619067877,-81.47760289354154,108.5775987764993,nan,nan,nan,nan,nan,nan
1753091542.300012,-87.81584930419922,117.99848937988281,471.3643493652344,nan,nan,nan,nan,nan,nan,nan,nan,nan
1753091542.3485281,-88.6463394165039,117.89500427246094,470.95098876953125,-6.140237800517343,-81.58540346311555,nan,nan,nan,nan,nan,nan,nan
1753091542.3975196,-88.42938232421875,116.70117950439453,469.79833984375,-6.009835664797,-81.2013030785763,nan,nan,nan,nan,nan,nan,nan
1753091542.448032,-88.06487274169922,116.22012329101562,467.8617858886719,nan,nan,nan,nan,nan,nan,nan,nan,nan
1753091542.4990325,-86.88819122314453,115.85328674316406,466.385009765625,nan,nan,nan,nan,nan,nan,nan,nan,nan
1753091542.5515594,-81.86902618408203,115.11420440673828,463.40972900390625,nan,nan,nan,nan,nan,nan,nan,nan,nan
1753091542.6036103,-79.95804595947266,115.82606506347656,462.6862487792969,nan,nan,nan,nan,nan,nan,nan,nan,nan
1753091542.6541328,-74.11621856689453,115.06170654296875,459.6329040527344,nan,nan,nan,nan,nan,nan,nan,nan,nan
1753091542.7071414,-73.0501708984375,115.6618423461914,458.50091552734375,nan,nan,nan,nan,nan,nan,nan,nan,nan
1753091542.7566838,-71.70894622802734,114.92827606201172,455.5929260253906,nan,nan,nan,nan,nan,nan,nan,nan,nan
1753091542.8096957,-71.29730224609375,114.26851654052734,452.9775390625,nan,nan,nan,nan,nan,nan,nan,nan,nan
1753091542.859229,-72.68199157714844,114.5722427368164,450.73846435546875,nan,nan,nan,nan,nan,nan,nan,nan,nan
1753091542.910235,-72.86648559570312,115.22762298583984,446.54638671875,-63.90647486702424,-90.86558043624143,128.2789352951475,nan,nan,nan,nan,nan,nan
1753091542.967805,-70.78892517089844,114.12592315673828,438.9986267089844,nan,nan,nan,nan,nan,nan,nan,nan,nan
1753091543.0193784,-70.23707580566406,114.07556915283203,435.57635498046875,nan,nan,nan,nan,nan,nan,nan,nan,nan
1753091543.070377,-68.66010284423828,115.08538055419922,436.2225036621094,nan,nan,nan,nan,nan,nan,nan,nan,nan
1753091543.12405,-65.7088851928711,116.84346008300781,433.389892578125,nan,nan,nan,nan,nan,nan,nan,nan,nan
1753091543.1740515,-64.09196472167969,117.7765884399414,433.7508544921875,nan,nan,nan,nan,nan,nan,nan,nan,nan
1753091543.2286437,-60.50298309326172,118.13268280029297,431.9965515136719,nan,nan,nan,nan,nan,nan,nan,nan,nan
1753091543.2796628,-57.217647552490234,119.05757904052734,432.332275390625,nan,nan,nan,nan,nan,nan,nan,nan,nan
1753091543.3322794,-54.74897766113281,119.12413787841797,432.573974609375,nan,nan,nan,nan,nan,nan,nan,nan,nan
1753091543.3822815,-54.47654724121094,118.53138732910156,430.4215087890625,nan,nan,nan,nan,nan,nan,nan,nan,nan
1753091543.43281,-55.45280075073242,119.6777114868164,431.5643310546875,nan,nan,nan,nan,nan,nan,nan,nan,nan
1753091543.4908113,-57.64447021484375,117.39710235595703,429.3066101074219,-65.17819535787362,-89.13704991664078,125.86736823576486,nan,nan,nan,nan,nan,nan
1753091543.5433502,-60.82684326171875,116.3276138305664,428.4145202636719,nan,nan,nan,nan,nan,nan,nan,nan,nan
1753091543.5993528,-62.43247985839844,116.24301147460938,428.1029357910156,nan,nan,nan,nan,nan,nan,nan,nan,nan
1753091543.6558766,-64.85023498535156,115.31661224365234,427.7265930175781,nan,nan,nan,nan,nan,nan,nan,nan,nan
1753091543.7098906,-63.127323150634766,114.35746765136719,427.2225036621094,nan,nan,nan,nan,nan,nan,nan,nan,nan
1753091543.7601054,-62.37998962402344,113.67254638671875,427.7430114746094,nan,nan,nan,nan,nan,nan,nan,nan,nan
1753091543.813342,-59.32792282104492,114.97140502929688,429.51611328125,-65.54500267414916,-88.17195343088842,126.7309921792747,nan,nan,nan,nan,nan,nan
1753091543.8722894,-56.04532241821289,114.20088958740234,429.73114013671875,-65.13282432524937,-87.72385177293093,125.31954364015914,218.7336883544922,92.5709228515625,338.5203552246094,nan,nan,nan
1753091543.9428084,-52.085060119628906,114.59717559814453,431.22235107421875,nan,nan,nan,nan,nan,nan,nan,nan,nan
1753091544.0008078,-51.37905502319336,114.87653350830078,432.2735595703125,-64.58120212596471,-87.21522162104122,123.16235550178433,193.99639892578125,78.18260955810547,386.7365417480469,8.207414566403116,-91.44403157581941,nan
1753091544.0580738,-52.03218078613281,115.3109359741211,430.7845458984375,nan,nan,nan,nan,nan,nan,nan,nan,nan
1753091544.1170871,-54.4981575012207,116.08920288085938,430.5922546386719,-64.8313671161896,-86.8570925855388,124.22925108514461,158.2443389892578,124.52398681640625,422.61077880859375,-70.85105801973903,-32.927762940156114,nan
1753091544.176618,-55.29689025878906,116.8534164428711,430.3509521484375,-65.34222157584713,-87.71476028419023,125.21039177525404,152.9635467529297,141.07151794433594,428.3469543457031,nan,nan,nan
1753091544.2361574,-59.36127471923828,117.5204086303711,429.7575378417969,-64.85317052640305,-88.35897119228473,125.25870804314647,150.75186157226562,161.57545471191406,413.234130859375,nan,nan,nan
1753091544.294156,-62.54517364501953,118.10568237304688,428.87567138671875,nan,nan,nan,191.13897705078125,185.19798278808594,416.21533203125,nan,nan,nan
1753091544.3532045,-64.18050384521484,118.07344055175781,428.7585754394531,-8.253678880388701,-79.16665367681395,106.60680823474809,201.9810333251953,180.91099548339844,384.9107666015625,-65.64350996707732,4.82488049634171,-79.15177439591722
1753091544.4062197,-64.97954559326172,118.02411651611328,428.5794677734375,nan,nan,nan,212.94923400878906,176.58352661132812,381.9675598144531,nan,nan,nan
1753091544.4559548,-63.48703384399414,118.3208236694336,429.6568908691406,-8.040380721384789,-79.60428420478328,106.51043546036884,nan,nan,nan,nan,nan,nan
1753091544.5069551,-61.73670196533203,118.14004516601562,429.0004577636719,-64.04050202492256,-89.27470473922267,nan,nan,nan,nan,nan,nan,nan
1753091544.5614734,-58.692962646484375,119.50206756591797,430.9309387207031,-64.94492255683208,-89.3732714723747,126.07438832895001,243.52142333984375,121.95647430419922,403.34600830078125,nan,nan,nan
1753091544.6104739,-55.653690338134766,120.94589233398438,433.1277770996094,nan,nan,nan,224.1474151611328,92.76680755615234,404.8524169921875,nan,nan,nan
1753091544.6583154,-54.63654708862305,120.54320526123047,431.6856689453125,nan,nan,nan,218.2309112548828,86.79666900634766,417.41058349609375,nan,nan,nan
1753091544.7062275,-53.75791931152344,121.26950073242188,431.310302734375,nan,nan,nan,203.4340057373047,79.12081146240234,415.11859130859375,nan,nan,nan
1753091544.7537775,-54.49893569946289,121.89908599853516,430.598388671875,nan,nan,nan,nan,nan,nan,nan,nan,nan
1753091544.8058038,-54.51750564575195,121.94062042236328,430.7451171875,-66.6424279059122,-89.37014585635903,126.7688341478117,178.19178771972656,106.84664916992188,443.9012756347656,-69.19502049355322,-33.7002182024128,nan
1753091544.8563547,-57.876976013183594,122.85417938232422,431.0381774902344,nan,nan,nan,163.33645629882812,129.01837158203125,440.7462158203125,nan,nan,nan
1753091544.9073741,-58.50201416015625,121.5963363647461,429.5289611816406,nan,nan,nan,159.86117553710938,138.74172973632812,431.3685607910156,-76.15356839130764,-22.207504326929936,nan
1753091544.9550679,-62.52363586425781,121.36959075927734,428.7279968261719,nan,nan,nan,171.4932861328125,159.45941162109375,433.45654296875,-75.82390019399188,-10.160327860174625,nan
1753091545.0050611,-63.37291717529297,121.4139175415039,428.88458251953125,nan,nan,nan,183.65127563476562,167.47378540039062,432.5830993652344,nan,nan,nan
1753091545.0546372,-65.75454711914062,121.23377990722656,428.2482604980469,-8.12927782528186,-79.82046763721085,106.9285570262848,200.5442657470703,167.3704376220703,415.7611083984375,nan,nan,nan
1753091545.1056511,-66.54106140136719,121.16329956054688,427.9992980957031,nan,nan,nan,193.88330078125,151.12667846679688,386.5110778808594,nan,nan,nan
1753091545.160172,-65.79806518554688,119.66249084472656,428.5317077636719,nan,nan,nan,207.80149841308594,140.28160095214844,383.33367919921875,nan,nan,nan
1753091545.2101793,-64.18226623535156,118.90290832519531,428.7703552246094,-6.684178319916773,-80.29799544090955,nan,211.02804565429688,121.85743713378906,381.1563720703125,nan,nan,nan
1753091545.2587538,-62.42213439941406,117.87334442138672,428.031982421875,nan,nan,nan,206.8282012939453,114.95401000976562,380.1867980957031,nan,nan,nan
1753091545.3117726,-61.05841827392578,117.59917449951172,430.0455627441406,-65.03960517743907,-90.68573413718907,127.58277383787065,199.88482666015625,106.36638641357422,380.91607666015625,nan,nan,nan
1753091545.3633344,-61.091148376464844,117.6622085571289,430.27606201171875,-64.38383980202877,-89.89471156316378,127.00280126107641,197.43397521972656,105.55015563964844,383.2829284667969,nan,nan,nan
1753091545.4143426,-59.31060028076172,118.24751281738281,429.39068603515625,-64.8780196586011,-90.17376345050211,nan,191.3585968017578,109.67878723144531,387.43121337890625,nan,nan,nan
1753091545.4669046,-60.05784606933594,118.08987426757812,428.8182373046875,-64.55540585415845,-90.2510235571553,nan,193.40533447265625,115.0735855102539,393.1087646484375,nan,nan,nan
1753091545.5169158,-61.055992126464844,118.42315673828125,430.0284729003906,nan,nan,nan,194.25279235839844,122.42523956298828,394.831298828125,nan,nan,nan
1753091545.568472,-61.65393829345703,118.8072280883789,428.4253234863281,nan,nan,nan,196.62911987304688,125.25215148925781,396.55499267578125,nan,nan,nan
1753091545.6185012,-63.590030670166016,119.342041015625,430.3539123535156,nan,nan,nan,200.25320434570312,127.90706634521484,397.6819763183594,nan,nan,nan
1753091545.6650636,-63.37837219238281,118.11831665039062,428.9215393066406,nan,nan,nan,nan,nan,nan,nan,nan,nan
1753091545.7130587,-63.26900100708008,117.91448211669922,428.18133544921875,-64.32123658081538,-90.88756726845605,126.86473902538259,200.64227294921875,122.14645385742188,393.9321594238281,5.239891229347989,-101.5991022979088,nan
1753091545.763579,-64.07942199707031,117.06258392333984,428.08331298828125,-63.75891920052764,-90.03923613059729,nan,199.04856872558594,119.36866760253906,392.2873229980469,nan,nan,nan
1753091545.813576,-65.77909851074219,117.15141296386719,428.40814208984375,nan,nan,nan,199.1877899169922,116.11084747314453,394.0581970214844,nan,nan,nan
1753091545.8680954,-67.38381958007812,117.07093048095703,428.11383056640625,-64.29471033888194,-90.76628085829478,nan,198.1831512451172,114.01422119140625,392.0707092285156,nan,nan,nan
1753091545.917102,-69.91412353515625,117.16381072998047,428.4534912109375,nan,nan,nan,192.16461181640625,113.27374267578125,392.12274169921875,nan,nan,nan
1753091545.9666245,-73.86377716064453,117.70510864257812,427.42108154296875,nan,nan,nan,190.91758728027344,116.16104125976562,394.2285461425781,nan,nan,nan
1753091546.0166388,-80.5282211303711,120.28868103027344,427.8218688964844,nan,nan,nan,184.72804260253906,121.38311767578125,398.9075012207031,nan,nan,nan
1753091546.0661485,-83.98486328125,122.1688461303711,428.6336669921875,nan,nan,nan,186.36964416503906,123.2373046875,402.4524230957031,-69.00390299938971,-20.034486393164766,nan
1753091546.1186712,-94.2813949584961,125.9871597290039,430.39117431640625,nan,nan,nan,189.87069702148438,124.80659484863281,400.02532958984375,nan,nan,nan
1753091546.169682,-100.74461364746094,126.60092163085938,429.65948486328125,nan,nan,nan,nan,nan,nan,nan,nan,nan
1753091546.2192109,-112.51567840576172,130.25148010253906,433.54302978515625,-0.06637655487098128,-83.76863904829212,nan,226.85687255859375,126.7947006225586,414.0696716308594,nan,nan,nan
1753091546.2692268,-115.43574523925781,132.2746124267578,431.9653015136719,nan,nan,nan,236.78724670410156,122.57625579833984,413.2976989746094,nan,nan,nan
1753091546.3192282,-119.0130844116211,131.6280975341797,429.85394287109375,-1.6884208561531144,-86.50519733121314,nan,253.6772003173828,124.25006866455078,413.5672912597656,nan,nan,nan
1753091546.3757706,-115.92439270019531,131.77011108398438,427.6268005371094,nan,nan,nan,252.72268676757812,121.86829376220703,405.6395263671875,nan,nan,nan
1753091546.433322,-110.24579620361328,131.05255126953125,427.97442626953125,nan,nan,nan,252.03775024414062,124.22759246826172,413.49249267578125,nan,nan,nan
1753091546.492321,-91.35083770751953,130.33189392089844,428.31634521484375,nan,nan,nan,232.13465881347656,119.78990936279297,406.54425048828125,nan,nan,nan
1753091546.5518003,-71.95759582519531,131.08819580078125,430.8017883300781,nan,nan,nan,nan,nan,nan,nan,nan,nan
1753091546.6027398,-63.573123931884766,129.2589874267578,430.239501953125,-5.546230289262155,-81.790130548735,nan,197.67437744140625,123.51698303222656,403.3657531738281,nan,nan,nan
1753091546.6522758,-44.710933685302734,127.35884857177734,432.23175048828125,-64.93231872360711,-87.66066376843642,121.47644265939263,177.70074462890625,127.12932586669922,407.4700927734375,nan,nan,nan
1753091546.703273,-39.96011734008789,127.31143951416016,434.9151306152344,-64.94606352438437,-82.69983956511639,118.29624076912691,166.92593383789062,126.50914764404297,408.0022277832031,nan,nan,nan
1753091546.7558162,-31.534717559814453,125.4572982788086,434.29888916015625,-64.15923789962673,-77.37449741922964,113.8098307315815,154.90037536621094,126.31956481933594,407.3907775878906,-72.56953302679278,-25.388540803212152,-45.58652710349065
1753091546.804814,-30.68378257751465,125.39984893798828,434.1000061035156,-64.66100032353668,-76.0147915135644,113.76590208329881,156.10736083984375,126.02645874023438,406.44549560546875,-72.7979014248521,-24.263199864550046,-48.3527802962081
1753091546.85641,-40.61728286743164,125.0782470703125,432.9867248535156,-64.26794140840025,-73.97844937825694,nan,169.18153381347656,128.6008758544922,409.656494140625,nan,nan,nan
1753091546.9074063,-59.48556137084961,124.40535736083984,430.6573486328125,-65.87030672398797,-92.52240418368346,124.12049889207842,186.24356079101562,125.75043487548828,405.5552978515625,nan,nan,nan
1753091546.9599624,-73.26298522949219,123.84716033935547,428.72503662109375,nan,nan,nan,200.77850341796875,123.69436645507812,406.5030822753906,nan,nan,nan
1753091547.0129838,-96.46205139160156,122.88040924072266,425.37841796875,-4.699115560625229,-79.69815133216402,nan,235.17208862304688,125.74995422363281,413.2584533691406,-61.846105431123426,-18.094450930370343,nan
1753091547.0635555,-107.41856384277344,124.86917877197266,426.5719909667969,nan,nan,nan,245.8717803955078,124.73751068115234,415.1897277832031,nan,nan,nan
1753091547.1135657,-115.4664535522461,126.32498931884766,425.9375305175781,nan,nan,nan,254.9147491455078,125.66826629638672,412.9900207519531,9.571437926184986,-97.66144494095514,nan
1753091547.1651282,-114.62144470214844,127.93946075439453,425.84747314453125,-3.9789586654123266,-84.65809902947638,nan,256.9145202636719,127.85533905029297,417.53338623046875,nan,nan,nan
1753091547.2171595,-106.49932861328125,132.9676513671875,426.1828308105469,-3.803481818440893,-84.63304319895285,nan,240.70065307617188,125.27903747558594,409.12005615234375,nan,nan,nan
1753091547.26673,-95.45716094970703,136.08023071289062,428.2247314453125,-3.139049526018243,-84.18321567769878,nan,236.02589416503906,129.04110717773438,416.1679992675781,nan,nan,nan
1753091547.3223526,-71.28913116455078,140.5384521484375,431.7810363769531,nan,nan,nan,nan,nan,nan,nan,nan,nan
1753091547.3723433,-56.9800910949707,142.6225128173828,430.53729248046875,-65.79531069620593,-94.01736679866087,nan,204.351806640625,144.42440795898438,423.65478515625,nan,nan,nan
1753091547.4267945,-33.6385383605957,142.97637939453125,429.1094055175781,-65.80421862986105,-73.77970973589018,nan,186.377685546875,151.454345703125,427.366455078125,-70.12323675122171,-14.719172357789965,nan
1753091547.4767914,-22.32275390625,141.3180389404297,434.1761779785156,-65.02928828673457,-67.0489382998655,nan,169.88320922851562,148.6537322998047,417.19537353515625,-72.6979881068716,-13.876826965764451,-138.22687479004597
1753091547.528342,-19.807037353515625,139.6039276123047,434.0492248535156,-64.96456433166385,-66.70395845814996,nan,166.67352294921875,146.728271484375,407.38525390625,nan,nan,nan
1753091547.5813525,-30.47821044921875,136.1921844482422,431.1916809082031,-65.97786016060235,-70.04625159141447,nan,179.2802276611328,146.33338928222656,412.9163818359375,nan,nan,nan
1753091547.6340194,-41.981685638427734,135.77500915527344,429.87091064453125,-65.21578916060007,-72.66763892810583,-127.61459513275113,190.83148193359375,149.3190460205078,419.06256103515625,nan,nan,nan
1753091547.6820312,-63.94021987915039,134.09356689453125,427.15338134765625,-66.31235137543186,-90.38227273578251,-111.9268125413647,213.81948852539062,142.83645629882812,412.0099182128906,-65.70111459283764,-12.18598798348694,nan
1753091547.7326057,-77.15335083007812,134.16903686523438,427.393798828125,-2.6866288726913603,-77.26715138730174,nan,nan,nan,nan,nan,nan,nan
1753091547.7836046,-99.87654876708984,135.3596954345703,425.95733642578125,nan,nan,nan,250.04429626464844,135.97633361816406,398.8731689453125,nan,nan,nan
1753091547.8331978,-107.14649200439453,136.03160095214844,425.4915771484375,nan,nan,nan,254.9500732421875,132.95608520507812,392.230712890625,nan,nan,nan
1753091547.8822014,-110.96537780761719,138.95977783203125,424.41815185546875,nan,nan,nan,261.23663330078125,133.83489990234375,392.59149169921875,nan,nan,nan
1753091547.9337482,-106.35679626464844,140.17092895507812,425.6124267578125,nan,nan,nan,264.1023864746094,138.84303283691406,402.7294616699219,10.796395621580734,-94.78990331582955,45.48054469966776
1753091547.985765,-88.47727966308594,144.538818359375,426.400634765625,-1.6817925762200867,-82.56608427446928,nan,nan,nan,nan,nan,nan,nan
1753091548.0407114,-77.77401733398438,144.4984893798828,426.2816467285156,nan,nan,nan,nan,nan,nan,nan,nan,nan
1753091548.0886045,-54.10628128051758,147.38140869140625,427.4960021972656,-65.73872747426371,-90.94688306050075,-114.77073565877689,224.62979125976562,165.9428253173828,426.5057678222656,nan,nan,nan
1753091548.1441536,-31.837400436401367,143.9636993408203,427.1321105957031,-65.08450899646259,-73.98342003408115,nan,199.7352752685547,169.02825927734375,425.9966735839844,-68.16115597901172,-7.496749446449444,-63.866957742624976
1753091548.198151,-25.26328468322754,144.0231170654297,427.30841064453125,-65.67717593558969,-71.07630409979531,nan,178.55104064941406,155.0800323486328,400.5701599121094,nan,nan,nan
1753091548.2576785,-25.132125854492188,138.36061096191406,425.0899963378906,-66.24855007143496,-68.77831767396651,nan,168.32998657226562,149.93247985839844,391.1679992675781,-71.55606135222679,-8.25538489717495,-64.14913812309135
1753091548.3146834,-40.63433074951172,136.516357421875,424.4495544433594,-66.16837639093258,-68.88468083267522,nan,185.5906982421875,154.7728271484375,405.8365783691406,nan,nan,nan
1753091548.372226,-53.02840042114258,136.0206298828125,425.4572448730469,-66.40423163407007,-86.32834870965287,120.42890347662602,188.56329345703125,150.89353942871094,395.66455078125,nan,nan,nan
1753091548.4308438,-79.62639617919922,132.79937744140625,423.0307922363281,-3.868495364054556,-76.44494893814483,-173.4889711390512,nan,nan,nan,nan,nan,nan
1753091548.4848459,-103.37348937988281,132.93740844726562,423.4704284667969,-2.207271715522169,-80.40242736102829,nan,nan,nan,nan,nan,nan,nan
1753091548.5364237,-113.93455505371094,131.25112915039062,423.2955017089844,nan,nan,nan,247.7459259033203,148.27279663085938,405.1704406738281,nan,nan,nan
1753091548.5884476,-120.48750305175781,132.0970001220703,423.3923034667969,nan,nan,nan,254.88946533203125,144.3317413330078,402.88690185546875,nan,nan,nan
1753091548.6382623,-117.85299682617188,131.88784790039062,422.72186279296875,-3.157951664367378,-84.52248209767214,nan,254.30999755859375,143.3275604248047,404.4346618652344,nan,nan,nan
1753091548.6861885,-106.52894592285156,133.8260955810547,426.3013610839844,nan,nan,nan,nan,nan,nan,nan,nan,nan
1753091548.7356904,-94.01243591308594,134.3695526123047,425.4211730957031,-2.2419998531217518,-82.7842541074657,nan,224.60069274902344,137.589599609375,394.6817321777344,nan,nan,nan
1753091548.7856925,-71.87552642822266,139.23060607910156,430.3104553222656,nan,nan,nan,201.37619018554688,144.47216796875,396.8746337890625,nan,nan,nan
1753091548.8382447,-58.527618408203125,139.8666229248047,429.7169494628906,nan,nan,nan,nan,nan,nan,nan,nan,nan
1753091548.8892388,-41.38264083862305,142.36224365234375,432.2660827636719,-65.36406134080907,-75.67407879301867,115.0311921070936,172.8658447265625,144.93382263183594,398.142822265625,nan,nan,nan
1753091548.9398458,-36.314334869384766,142.08624267578125,431.42803955078125,-65.67904638617837,-72.57161822969908,nan,172.35292053222656,148.23712158203125,411.57452392578125,-72.7903523653899,-8.654563607106475,-67.40400902175234
1753091548.991855,-40.412681579589844,140.22097778320312,430.8056335449219,-65.90940859243396,-71.52880252043197,nan,174.7051544189453,146.755126953125,409.6515197753906,nan,nan,nan
1753091549.0414283,-46.915504455566406,139.80870056152344,429.53900146484375,-65.8644631994438,-71.49447131774845,nan,181.2764892578125,146.32481384277344,408.4503173828125,nan,nan,nan
1753091549.092428,-62.43281555175781,136.04225158691406,428.105224609375,-66.84729900716309,-89.36413970793866,nan,200.68115234375,146.64041137695312,416.044921875,nan,nan,nan
1753091549.1422534,-86.12445831298828,134.03179931640625,426.95660400390625,nan,nan,nan,223.85166931152344,140.4759063720703,414.41473388671875,nan,nan,nan
1753091549.1932461,-94.7743148803711,131.01043701171875,425.16143798828125,nan,nan,nan,234.73126220703125,136.64199829101562,412.4837951660156,9.515240916937096,-102.59775014659874,50.70596908598227
1753091549.2458162,-106.05753326416016,127.5090560913086,424.4148864746094,-2.8942130232005243,-81.72697852271399,nan,250.88235473632812,133.59805297851562,412.90228271484375,nan,nan,nan
1753091549.2988176,-107.0303726196289,126.87498474121094,425.0304260253906,-2.772340374202339,-81.46877810454733,nan,254.78932189941406,133.1810302734375,414.07952880859375,9.630024991225417,-99.50152097948407,nan
1753091549.3507135,-106.14148712158203,124.33607482910156,424.7508239746094,-3.253492832066243,-81.75832396645079,nan,256.5975646972656,130.09706115722656,414.4225769042969,nan,nan,nan
1753091549.4007003,-104.74104309082031,123.7971420288086,425.7121276855469,nan,nan,nan,251.7747344970703,127.66290283203125,409.1802673339844,nan,nan,nan
1753091549.4532635,-100.1668472290039,122.58209991455078,427.1954040527344,-3.5633483276666436,-80.90763110363214,nan,249.8590087890625,127.13102722167969,415.16802978515625,nan,nan,nan
1753091549.5063002,-99.2501220703125,121.64427947998047,426.793212890625,-4.080775118868458,-80.02775211856854,nan,245.30918884277344,126.02659606933594,411.5613098144531,6.513027750085958,-97.97930282416921,nan
1753091549.5540197,-98.39100646972656,120.77680969238281,426.6340637207031,-3.8546805413723306,-78.77256225239252,nan,246.54306030273438,128.70582580566406,417.6824035644531,8.466916197332784,-100.29087394436782,49.559046412875695
1753091549.6050153,-98.3135986328125,120.6817855834961,426.29840087890625,nan,nan,nan,245.04556274414062,126.32412719726562,415.1453857421875,7.734304058852316,-100.67567276560956,nan
1753091549.655569,-99.30770111083984,120.06906127929688,427.0408020019531,nan,nan,nan,242.6018829345703,125.9166488647461,416.4434814453125,nan,nan,nan
1753091549.7055724,-99.3755874633789,119.32769775390625,427.3327331542969,-4.108773059252932,-78.99499216900989,110.97665220663824,245.75497436523438,127.55316925048828,421.85595703125,-60.968405313748285,-11.118186427939039,nan
1753091549.7531898,-97.67155456542969,119.2579345703125,427.0829162597656,nan,nan,nan,240.5299530029297,125.2889175415039,417.0251159667969,-62.21675897538054,-7.172330895730998,-62.79246122957914
1753091549.8011825,-97.90841674804688,119.54714965820312,428.11865234375,-2.9112376528592963,-77.15198494298977,nan,238.2120819091797,121.71144104003906,415.78466796875,nan,nan,nan
1753091549.8507037,-97.26821899414062,120.6012191772461,428.9334716796875,nan,nan,nan,231.66934204101562,115.23971557617188,412.6929931640625,nan,nan,nan
1753091549.9017017,-97.63848114013672,118.57124328613281,430.5662536621094,nan,nan,nan,230.0501708984375,115.22534942626953,412.64154052734375,-65.5739046073418,-3.4347902410673203,-156.98363879887103
1753091549.953307,-93.72001647949219,116.36770629882812,431.6252746582031,nan,nan,nan,227.027099609375,110.919921875,414.38037109375,-66.26974169772652,-5.993721288664891,nan
1753091550.004305,-93.2955551147461,115.20718383789062,433.51776123046875,nan,nan,nan,226.5949249267578,108.2825698852539,416.5215148925781,-67.0907394510896,-8.685613498306289,nan
1753091550.057873,-90.19281005859375,112.16259002685547,434.6683349609375,nan,nan,nan,226.34629821777344,106.13448333740234,417.5434875488281,-67.80183400832271,-5.953896500448435,-80.73770530269373
1753091550.109876,-89.49232482910156,110.65694427490234,435.3352966308594,-71.51126833642863,-78.24838030478895,nan,226.80825805664062,105.48859405517578,421.3915100097656,nan,nan,nan
1753091550.161389,-90.65962219238281,110.21733093261719,436.91802978515625,-69.56244950309244,-76.60144448043613,nan,228.90106201171875,105.26558685302734,423.76263427734375,nan,nan,nan
1753091550.2123942,-95.21208953857422,109.77067565917969,438.49700927734375,nan,nan,nan,229.79949951171875,106.87981414794922,426.948974609375,nan,nan,nan
1753091550.262957,-97.46981811523438,109.45940399169922,437.2535705566406,nan,nan,nan,231.26510620117188,107.61885070800781,426.61724853515625,nan,nan,nan
1753091550.3129513,-98.99497985839844,111.06781005859375,440.2894592285156,nan,nan,nan,230.45237731933594,108.83357238769531,428.1619567871094,nan,nan,nan
1753091550.3635278,-99.52386474609375,112.51416015625,442.6417541503906,nan,nan,nan,229.8636932373047,108.94560241699219,428.6026916503906,nan,nan,nan
1753091550.415533,-96.15984344482422,112.57009887695312,442.8618469238281,nan,nan,nan,227.2216033935547,108.8668441772461,428.2928466796875,nan,nan,nan
1753091550.4632127,-95.1549301147461,115.98572540283203,446.152587890625,nan,nan,nan,226.39723205566406,108.4372787475586,429.86163330078125,nan,nan,nan
1753091550.511213,-96.00993347167969,115.98002624511719,446.13067626953125,nan,nan,nan,221.11585998535156,106.63045501708984,429.257080078125,nan,nan,nan
1753091550.5607278,-96.2888412475586,114.59260559082031,447.42669677734375,-71.88355494303548,-71.40990102937336,121.23433488190622,220.2633514404297,104.52947235107422,430.8254089355469,nan,nan,nan
1753091550.612753,-94.7535171508789,113.95775604248047,448.3210144042969,-69.54222610158861,-72.25372545067161,119.71941702659885,218.9906005859375,102.21985626220703,431.5893249511719,nan,nan,nan
1753091550.6612778,-92.94695281982422,112.13494110107422,447.9414367675781,nan,nan,nan,224.17422485351562,102.2350845336914,435.1943664550781,nan,nan,nan
1753091550.7112837,-95.57915496826172,110.45795440673828,448.14166259765625,nan,nan,nan,221.75897216796875,100.60350036621094,435.39178466796875,nan,nan,nan
1753091550.763858,-96.81539916992188,110.88481140136719,449.8734436035156,-66.43430612325594,-78.12326874000682,126.5586601791719,221.27523803710938,102.83647918701172,437.7543640136719,nan,nan,nan
1753091550.8148754,-97.15548706054688,108.66451263427734,451.4537353515625,nan,nan,nan,222.20033264160156,103.26641082763672,439.5845031738281,nan,nan,nan
1753091550.8626707,-97.20698547363281,107.85172271728516,451.69305419921875,nan,nan,nan,223.0368194580078,103.65516662597656,441.2393493652344,nan,nan,nan
1753091550.9116957,-99.07429504394531,107.11811828613281,452.2705993652344,nan,nan,nan,221.8679656982422,102.19955444335938,442.2991943359375,nan,nan,nan
1753091550.9602802,-99.23892974853516,107.2961196899414,453.02215576171875,nan,nan,nan,221.85829162597656,102.19509887695312,442.2799072265625,nan,nan,nan
1753091551.0092642,-98.36947631835938,108.17292785644531,453.03826904296875,nan,nan,nan,222.01759338378906,102.26847839355469,442.59747314453125,nan,nan,nan
1753091551.059819,-97.685302734375,107.50773620605469,453.9156494140625,nan,nan,nan,222.36012268066406,102.42626190185547,443.28033447265625,nan,nan,nan
1753091551.114837,-97.77269744873047,108.4793701171875,454.32171630859375,nan,nan,nan,221.77786254882812,102.552001953125,443.82452392578125,nan,nan,nan
1753091551.1636386,-98.31246948242188,109.07826232910156,456.82989501953125,nan,nan,nan,222.76124572753906,102.61103057861328,444.0799865722656,nan,nan,nan
1753091551.2137847,-98.3712387084961,110.90510559082031,457.1029968261719,nan,nan,nan,223.21202087402344,104.07594299316406,446.694580078125,nan,nan,nan
1753091551.2673204,-97.40160369873047,110.80406188964844,456.6865539550781,-65.22038676639978,-79.5770718425347,nan,222.99188232421875,103.9732894897461,446.2540283203125,nan,nan,nan
1753091551.3183177,-96.66985321044922,110.97427368164062,457.3880920410156,nan,nan,nan,221.99197387695312,103.90776062011719,445.9727783203125,nan,nan,nan
1753091551.3688862,-95.81432342529297,111.88581848144531,457.511474609375,nan,nan,nan,220.81529235839844,104.16346740722656,447.07025146484375,nan,nan,nan
1753091551.418896,-96.24505615234375,115.93108367919922,459.5682067871094,nan,nan,nan,219.5826873779297,106.9868392944336,448.07086181640625,nan,nan,nan
1753091551.4684324,-96.0540542602539,113.04957580566406,458.65618896484375,nan,nan,nan,219.5275421142578,105.64900207519531,449.7267150878906,nan,nan,nan
1753091551.521464,-97.19938659667969,112.4683609008789,459.8935241699219,nan,nan,nan,218.15728759765625,108.86238098144531,452.2757873535156,nan,nan,nan
1753091551.571122,-96.84580993652344,112.05924987792969,458.2206115722656,nan,nan,nan,218.61068725585938,107.3575439453125,449.6233825683594,nan,nan,nan
1753091551.6316755,-92.64110565185547,110.54407501220703,459.2624816894531,nan,nan,nan,215.4239044189453,105.33741760253906,448.4003601074219,nan,nan,nan
1753091551.6906583,-95.51721954345703,115.2358169555664,460.3283996582031,nan,nan,nan,210.75962829589844,112.58672332763672,453.2349548339844,nan,nan,nan
1753091551.74741,-94.5777816772461,120.7364730834961,464.4268798828125,nan,nan,nan,nan,nan,nan,nan,nan,nan
1753091551.7984037,-93.42967224121094,125.17601776123047,467.6390380859375,nan,nan,nan,nan,nan,nan,nan,nan,nan
1753091551.849966,-104.52606201171875,136.27845764160156,481.3923034667969,nan,nan,nan,205.68118286132812,160.39564514160156,495.7237854003906,-73.02755202917777,-9.012626549551415,-39.78768059127267
1753091551.897963,-112.79608917236328,150.0723419189453,506.0079040527344,nan,nan,nan,198.9044189453125,174.41001892089844,500.3026428222656,-75.86395101137727,3.318196502187692,164.53232731307398
1753091551.9495294,-133.8214874267578,178.43136596679688,535.51904296875,nan,nan,nan,nan,nan,nan,nan,nan,nan
1753091552.0005133,-150.99118041992188,201.68214416503906,556.9826049804688,nan,nan,nan,nan,nan,nan,nan,nan,nan
1753091552.051339,nan,nan,nan,nan,nan,nan,nan,nan,nan,nan,nan,nan
1753091552.1212451,nan,nan,nan,nan,nan,nan,nan,nan,nan,nan,nan,nan
1753091552.1757607,nan,nan,nan,nan,nan,nan,nan,nan,nan,nan,nan,nan
1753091552.2257845,nan,nan,nan,nan,nan,nan,nan,nan,nan,nan,nan,nan
1753091552.2783031,nan,nan,nan,nan,nan,nan,nan,nan,nan,nan,nan,nan
1753091552.3318412,nan,nan,nan,nan,nan,nan,nan,nan,nan,nan,nan,nan
1753091552.3848612,nan,nan,nan,nan,nan,nan,nan,nan,nan,nan,nan,nan
1753091552.4375029,nan,nan,nan,nan,nan,nan,nan,nan,nan,nan,nan,nan
1753091552.4895,nan,nan,nan,nan,nan,nan,nan,nan,nan,nan,nan,nan
1753091552.5450537,nan,nan,nan,nan,nan,nan,nan,nan,nan,nan,nan,nan
1753091552.5930524,nan,nan,nan,nan,nan,nan,nan,nan,nan,nan,nan,nan
1753091552.6457357,nan,nan,nan,nan,nan,nan,nan,nan,nan,nan,nan,nan
1753091552.6967268,nan,nan,nan,nan,nan,nan,nan,nan,nan,nan,nan,nan
1753091552.7462687,nan,nan,nan,nan,nan,nan,nan,nan,nan,nan,nan,nan
1753091552.7812562,nan,nan,nan,nan,nan,nan,nan,nan,nan,nan,nan,nan
1753091552.81729,nan,nan,nan,nan,nan,nan,nan,nan,nan,nan,nan,nan
1753091552.867837,nan,nan,nan,nan,nan,nan,nan,nan,nan,nan,nan,nan
1753091552.9038413,nan,nan,nan,nan,nan,nan,nan,nan,nan,nan,nan,nan
1753091552.9593995,nan,nan,nan,nan,nan,nan,nan,nan,nan,nan,nan,nan
1753091553.0123947,nan,nan,nan,nan,nan,nan,nan,nan,nan,nan,nan,nan
1753091553.062216,nan,nan,nan,nan,nan,nan,nan,nan,nan,nan,nan,nan
1753091553.1298728,nan,nan,nan,nan,nan,nan,nan,nan,nan,nan,nan,nan
1753091553.1958835,nan,nan,nan,nan,nan,nan,nan,nan,nan,nan,nan,nan
1753091553.2623963,nan,nan,nan,nan,nan,nan,nan,nan,nan,nan,nan,nan
1753091553.3284326,nan,nan,nan,nan,nan,nan,nan,nan,nan,nan,nan,nan
1753091553.377955,nan,nan,nan,nan,nan,nan,nan,nan,nan,nan,nan,nan
1753091553.4454682,nan,nan,nan,nan,nan,nan,nan,nan,nan,nan,nan,nan
1753091553.49647,nan,nan,nan,nan,nan,nan,nan,nan,nan,nan,nan,nan
1753091553.5500114,nan,nan,nan,nan,nan,nan,nan,nan,nan,nan,nan,nan
1753091553.6019983,nan,nan,nan,nan,nan,nan,nan,nan,nan,nan,nan,nan
1753091553.6536634,nan,nan,nan,nan,nan,nan,nan,nan,nan,nan,nan,nan
1753091553.705673,nan,nan,nan,nan,nan,nan,nan,nan,nan,nan,nan,nan
1753091553.7544065,nan,nan,nan,nan,nan,nan,nan,nan,nan,nan,nan,nan
1753091672.205921,nan,nan,nan,nan,nan,nan,nan,nan,nan,nan,nan,nan
1753091672.3213613,nan,nan,nan,nan,nan,nan,nan,nan,nan,nan,nan,nan
1753091672.4068794,nan,nan,nan,nan,nan,nan,nan,nan,nan,nan,nan,nan
1753091672.4689956,nan,nan,nan,nan,nan,nan,nan,nan,nan,nan,nan,nan
1753091672.530999,nan,nan,nan,nan,nan,nan,nan,nan,nan,nan,nan,nan
1753091672.5861733,nan,nan,nan,nan,nan,nan,nan,nan,nan,nan,nan,nan
1753091672.6421738,nan,nan,nan,nan,nan,nan,nan,nan,nan,nan,nan,nan
1753091672.6977012,nan,nan,nan,nan,nan,nan,nan,nan,nan,nan,nan,nan
1753091672.7516947,nan,nan,nan,nan,nan,nan,nan,nan,nan,nan,nan,nan
1753091672.8062065,nan,nan,nan,nan,nan,nan,nan,nan,nan,nan,nan,nan
1753091672.865721,nan,nan,nan,nan,nan,nan,nan,nan,nan,nan,nan,nan
1753091672.921725,nan,nan,nan,nan,nan,nan,nan,nan,nan,nan,nan,nan
1753091673.0010238,nan,nan,nan,nan,nan,nan,nan,nan,nan,nan,nan,nan
1753091673.0615408,nan,nan,nan,nan,nan,nan,nan,nan,nan,nan,nan,nan
1753091673.152564,nan,nan,nan,nan,nan,nan,nan,nan,nan,nan,nan,nan
1753091673.238079,nan,nan,nan,nan,nan,nan,nan,nan,nan,nan,nan,nan
1753091673.3201752,nan,nan,nan,nan,nan,nan,nan,nan,nan,nan,nan,nan
1753091673.3842983,nan,nan,nan,nan,nan,nan,nan,nan,nan,nan,nan,nan
1753091673.4663987,nan,nan,nan,nan,nan,nan,nan,nan,nan,nan,nan,nan
1753091673.5534077,nan,nan,nan,nan,nan,nan,nan,nan,nan,nan,nan,nan
1753091673.6355479,nan,nan,nan,nan,nan,nan,nan,nan,nan,nan,nan,nan
1753091673.7210686,nan,nan,nan,nan,nan,nan,nan,nan,nan,nan,nan,nan
1753091673.8045876,nan,nan,nan,nan,nan,nan,nan,nan,nan,nan,nan,nan
1753091673.8791165,nan,nan,nan,nan,nan,nan,nan,nan,nan,nan,nan,nan
1753091673.953126,nan,nan,nan,nan,nan,nan,nan,nan,nan,nan,nan,nan
1753091674.0296323,nan,nan,nan,nan,nan,nan,nan,nan,nan,nan,nan,nan
1753091674.1051583,nan,nan,nan,nan,nan,nan,nan,nan,nan,nan,nan,nan
1753091674.1886692,nan,nan,nan,nan,nan,nan,nan,nan,nan,nan,nan,nan
1753091674.2818,nan,nan,nan,nan,nan,nan,nan,nan,nan,nan,nan,nan
1753091674.3623254,nan,nan,nan,nan,nan,nan,nan,nan,nan,nan,nan,nan
1753091674.436339,nan,nan,nan,nan,nan,nan,nan,nan,nan,nan,nan,nan
1753091674.5088565,nan,nan,nan,nan,nan,nan,nan,nan,nan,nan,nan,nan
1753091674.5823858,nan,nan,nan,nan,nan,nan,nan,nan,nan,nan,nan,nan
1753091674.6523862,nan,nan,nan,nan,nan,nan,nan,nan,nan,nan,nan,nan
1753091674.7198987,nan,nan,nan,nan,nan,nan,nan,nan,nan,nan,nan,nan
1753091674.7904153,nan,nan,nan,nan,nan,nan,nan,nan,nan,nan,nan,nan
1753091674.8554192,nan,nan,nan,nan,nan,nan,nan,nan,nan,nan,nan,nan
1753091674.9194927,nan,nan,nan,nan,nan,nan,nan,nan,nan,nan,nan,nan
1753091674.9850073,nan,nan,nan,nan,nan,nan,nan,nan,nan,nan,nan,nan
1753091675.041007,nan,nan,nan,nan,nan,nan,nan,nan,nan,nan,nan,nan
1753091675.0925307,nan,nan,nan,nan,nan,nan,nan,nan,nan,nan,nan,nan
1753091675.144523,nan,nan,nan,nan,nan,nan,nan,nan,nan,nan,nan,nan
1753091675.1776383,nan,nan,nan,nan,nan,nan,nan,nan,nan,nan,nan,nan
1753091675.2116423,nan,nan,nan,nan,nan,nan,nan,nan,nan,nan,nan,nan
1753091675.2446396,nan,nan,nan,nan,nan,nan,nan,nan,nan,nan,nan,nan
1753091675.2789493,nan,nan,nan,nan,nan,nan,nan,nan,nan,nan,nan,nan
1753091675.3109517,nan,nan,nan,nan,nan,nan,nan,nan,nan,nan,nan,nan
1753091675.342954,nan,nan,nan,nan,nan,nan,nan,nan,nan,nan,nan,nan
1753091675.377399,nan,nan,nan,nan,nan,nan,nan,nan,nan,nan,nan,nan
1753091675.4354,nan,nan,nan,nan,nan,nan,nan,nan,nan,nan,nan,nan
1753091675.4989214,nan,nan,nan,nan,nan,nan,nan,nan,nan,nan,nan,nan
1753091675.5559325,nan,nan,nan,nan,nan,nan,nan,nan,nan,nan,nan,nan
1753091675.6070673,nan,nan,nan,nan,nan,nan,nan,nan,nan,nan,nan,nan
1753091675.6560724,nan,nan,nan,nan,nan,nan,nan,nan,nan,nan,nan,nan
1753091675.7042928,nan,nan,nan,nan,nan,nan,nan,nan,nan,nan,nan,nan
1753091675.7533007,nan,nan,nan,nan,nan,nan,nan,nan,nan,nan,nan,nan
1753091675.8058145,nan,nan,nan,nan,nan,nan,nan,nan,nan,nan,nan,nan
1753091675.8608148,nan,nan,nan,nan,nan,nan,nan,nan,nan,nan,nan,nan
1753091675.8949194,nan,nan,nan,nan,nan,nan,nan,nan,nan,nan,nan,nan
1753091675.9439187,nan,nan,nan,nan,nan,nan,nan,nan,nan,nan,nan,nan
1753091675.9954422,nan,nan,nan,nan,nan,nan,nan,nan,nan,nan,nan,nan
1753091676.048441,nan,nan,nan,nan,nan,nan,nan,nan,nan,nan,nan,nan
1753091676.0979638,nan,nan,nan,nan,nan,nan,nan,nan,nan,nan,nan,nan
1753091676.147961,nan,nan,nan,nan,nan,nan,nan,nan,nan,nan,nan,nan
1753091676.2001774,nan,nan,nan,nan,nan,nan,nan,nan,nan,nan,nan,nan
1753091676.2501755,nan,nan,nan,nan,nan,nan,nan,nan,nan,nan,nan,nan
1753091676.303418,nan,nan,nan,nan,nan,nan,nan,nan,nan,nan,nan,nan
1753091676.3514225,nan,nan,nan,nan,nan,nan,nan,nan,nan,nan,nan,nan
1753091676.4016762,nan,nan,nan,nan,nan,nan,nan,nan,nan,nan,nan,nan
1753091676.4536767,nan,nan,nan,nan,nan,nan,nan,nan,nan,nan,nan,nan
1753091676.5027246,nan,nan,nan,nan,nan,nan,nan,nan,nan,nan,nan,nan
1753091676.5527296,nan,nan,nan,nan,nan,nan,nan,nan,nan,nan,nan,nan
1753091676.6048746,nan,nan,nan,nan,nan,nan,nan,nan,nan,nan,nan,nan
1753091676.6548774,nan,nan,nan,nan,nan,nan,nan,nan,nan,nan,nan,nan
1753091676.7019193,nan,nan,nan,nan,nan,nan,nan,nan,nan,nan,nan,nan
1753091676.7509198,nan,nan,nan,nan,nan,nan,nan,nan,nan,nan,nan,nan
1753091676.8024397,nan,nan,nan,nan,nan,nan,nan,nan,nan,nan,nan,nan
1753091676.8514445,nan,nan,nan,nan,nan,nan,nan,nan,nan,nan,nan,nan
1753091676.903952,nan,nan,nan,nan,nan,nan,nan,nan,nan,nan,nan,nan
1753091676.9549704,nan,nan,nan,nan,nan,nan,nan,nan,nan,nan,nan,nan
1753091677.0070899,nan,nan,nan,nan,nan,nan,nan,nan,nan,nan,nan,nan
1753091677.0591092,nan,nan,nan,nan,nan,nan,nan,nan,nan,nan,nan,nan
1753091677.1096282,nan,nan,nan,nan,nan,nan,nan,nan,nan,nan,nan,nan
1753091677.1576395,nan,nan,nan,nan,nan,nan,nan,nan,nan,nan,nan,nan
1753091677.2071552,nan,nan,nan,nan,nan,nan,nan,nan,nan,nan,nan,nan
1753091677.2571595,nan,nan,nan,nan,nan,nan,nan,nan,nan,nan,nan,nan
1753091677.3042984,nan,nan,nan,nan,nan,nan,nan,nan,nan,nan,nan,nan
1753091677.3523006,nan,nan,nan,nan,nan,nan,nan,nan,nan,nan,nan,nan
1753091677.4023502,nan,nan,nan,nan,nan,nan,nan,nan,nan,nan,nan,nan
1753091677.4353495,nan,nan,nan,nan,nan,nan,nan,nan,nan,nan,nan,nan
1753091677.4868648,nan,nan,nan,nan,nan,nan,nan,nan,nan,nan,nan,nan
1753091677.5378635,nan,nan,nan,nan,nan,nan,nan,nan,nan,nan,nan,nan
1753091677.5883787,nan,nan,nan,nan,nan,nan,nan,nan,nan,nan,nan,nan
1753091677.6383793,nan,nan,nan,nan,nan,nan,nan,nan,nan,nan,nan,nan
1753091677.6894507,nan,nan,nan,nan,nan,nan,nan,nan,nan,nan,nan,nan
1753091677.739452,nan,nan,nan,nan,nan,nan,nan,nan,nan,nan,nan,nan
1753091677.790532,nan,nan,nan,nan,nan,nan,nan,nan,nan,nan,nan,nan
1753091677.8255324,nan,nan,nan,nan,nan,nan,nan,nan,nan,nan,nan,nan
1753091677.8595393,nan,nan,nan,nan,nan,nan,nan,nan,nan,nan,nan,nan
1753091677.895055,nan,nan,nan,nan,nan,nan,nan,nan,nan,nan,nan,nan
1753091677.9280608,nan,nan,nan,nan,nan,nan,nan,nan,nan,nan,nan,nan
1753091677.9875848,nan,nan,nan,nan,nan,nan,nan,nan,nan,nan,nan,nan
1753091678.0395982,nan,nan,nan,nan,nan,nan,nan,nan,nan,nan,nan,nan
1753091678.0896692,nan,nan,nan,nan,nan,nan,nan,nan,nan,nan,nan,nan
1753091678.1276681,nan,nan,nan,nan,nan,nan,nan,nan,nan,nan,nan,nan
1753091678.1606734,nan,nan,nan,nan,nan,nan,nan,nan,nan,nan,nan,nan
1753091678.1958935,nan,nan,nan,nan,nan,nan,nan,nan,nan,nan,nan,nan
1753091678.230895,nan,nan,nan,nan,nan,nan,nan,nan,nan,nan,nan,nan
1753091678.2658994,nan,nan,nan,nan,nan,nan,nan,nan,nan,nan,nan,nan
1753091678.2984133,nan,nan,nan,nan,nan,nan,nan,nan,nan,nan,nan,nan
1753091678.3314161,nan,nan,nan,nan,nan,nan,nan,nan,nan,nan,nan,nan
1753091678.3654242,nan,nan,nan,nan,nan,nan,nan,nan,nan,nan,nan,nan
1753091678.3999505,nan,nan,nan,nan,nan,nan,nan,nan,nan,nan,nan,nan
1753091678.4349673,nan,nan,nan,nan,nan,nan,nan,nan,nan,nan,nan,nan
1753091678.4732287,nan,nan,nan,nan,nan,nan,nan,nan,nan,nan,nan,nan
1753091678.50823,nan,nan,nan,nan,nan,nan,nan,nan,nan,nan,nan,nan
1753091678.5432281,nan,nan,nan,nan,nan,nan,nan,nan,nan,nan,nan,nan
1753091678.581767,nan,nan,nan,nan,nan,nan,nan,nan,nan,nan,nan,nan
1753091678.613764,nan,nan,nan,nan,nan,nan,nan,nan,nan,nan,nan,nan
1753091678.6487644,nan,nan,nan,nan,nan,nan,nan,nan,nan,nan,nan,nan
1753091678.6832979,nan,nan,nan,nan,nan,nan,nan,nan,nan,nan,nan,nan
1753091678.7152894,nan,nan,nan,nan,nan,nan,nan,nan,nan,nan,nan,nan
1753091678.7512898,nan,nan,nan,nan,nan,nan,nan,nan,nan,nan,nan,nan
1753091678.784807,nan,nan,nan,nan,nan,nan,nan,nan,nan,nan,nan,nan
1753091678.8188064,nan,nan,nan,nan,nan,nan,nan,nan,nan,nan,nan,nan
1753091678.8538156,nan,nan,nan,nan,nan,nan,nan,nan,nan,nan,nan,nan
1753091678.8898656,nan,nan,nan,nan,nan,nan,nan,nan,nan,nan,nan,nan
1753091678.9228663,nan,nan,nan,nan,nan,nan,nan,nan,nan,nan,nan,nan
1753091678.9568768,nan,nan,nan,nan,nan,nan,nan,nan,nan,nan,nan,nan
1753091678.9943886,nan,nan,nan,nan,nan,nan,nan,nan,nan,nan,nan,nan
1753091679.0313885,nan,nan,nan,nan,nan,nan,nan,nan,nan,nan,nan,nan
1753091679.0664022,nan,nan,nan,nan,nan,nan,nan,nan,nan,nan,nan,nan
1753091679.1019242,nan,nan,nan,nan,nan,nan,nan,nan,nan,nan,nan,nan
1753091679.1379192,nan,nan,nan,nan,nan,nan,nan,nan,nan,nan,nan,nan
1753091679.1734505,nan,nan,nan,nan,nan,nan,nan,nan,nan,nan,nan,nan
1753091679.2094495,nan,nan,nan,nan,nan,nan,nan,nan,nan,nan,nan,nan
1753091679.2464488,nan,nan,nan,nan,nan,nan,nan,nan,nan,nan,nan,nan
1753091679.2809827,nan,nan,nan,nan,nan,nan,nan,nan,nan,nan,nan,nan
1753091679.3139825,nan,nan,nan,nan,nan,nan,nan,nan,nan,nan,nan,nan
1753091679.3479803,nan,nan,nan,nan,nan,nan,nan,nan,nan,nan,nan,nan
1753091679.3825026,nan,nan,nan,nan,nan,nan,nan,nan,nan,nan,nan,nan
1753091679.4195032,nan,nan,nan,nan,nan,nan,nan,nan,nan,nan,nan,nan
1753091679.4575183,nan,nan,nan,nan,nan,nan,nan,nan,nan,nan,nan,nan
1753091679.4980311,nan,nan,nan,nan,nan,nan,nan,nan,nan,nan,nan,nan
1753091679.5390348,nan,nan,nan,nan,nan,nan,nan,nan,nan,nan,nan,nan
1753091679.5825734,nan,nan,nan,nan,nan,nan,nan,nan,nan,nan,nan,nan
1753091679.617567,nan,nan,nan,nan,nan,nan,nan,nan,nan,nan,nan,nan
1753091679.6515665,nan,nan,nan,nan,nan,nan,nan,nan,nan,nan,nan,nan
1753091679.686084,nan,nan,nan,nan,nan,nan,nan,nan,nan,nan,nan,nan
1753091679.7200809,nan,nan,nan,nan,nan,nan,nan,nan,nan,nan,nan,nan
1753091679.7550955,nan,nan,nan,nan,nan,nan,nan,nan,nan,nan,nan,nan
1753091679.7892797,nan,nan,nan,nan,nan,nan,nan,nan,nan,nan,nan,nan
1753091679.8222797,nan,nan,nan,nan,nan,nan,nan,nan,nan,nan,nan,nan
1753091679.8583014,nan,nan,nan,nan,nan,nan,nan,nan,nan,nan,nan,nan
1753091679.8943357,nan,nan,nan,nan,nan,nan,nan,nan,nan,nan,nan,nan
1753091679.9273407,nan,nan,nan,nan,nan,nan,nan,nan,nan,nan,nan,nan
1753091679.961339,nan,nan,nan,nan,nan,nan,nan,nan,nan,nan,nan,nan
1753091679.9963639,nan,nan,nan,nan,nan,nan,nan,nan,nan,nan,nan,nan
1753091680.0293639,nan,nan,nan,nan,nan,nan,nan,nan,nan,nan,nan,nan
1753091680.067373,nan,nan,nan,nan,nan,nan,nan,nan,nan,nan,nan,nan
1753091680.102508,nan,nan,nan,nan,nan,nan,nan,nan,nan,nan,nan,nan
1753091680.1355038,nan,nan,nan,nan,nan,nan,nan,nan,nan,nan,nan,nan
1753091680.170024,nan,nan,nan,nan,nan,nan,nan,nan,nan,nan,nan,nan
1753091680.204024,nan,nan,nan,nan,nan,nan,nan,nan,nan,nan,nan,nan
1753091680.2390218,nan,nan,nan,nan,nan,nan,nan,nan,nan,nan,nan,nan
1753091680.276552,nan,nan,nan,nan,nan,nan,nan,nan,nan,nan,nan,nan
1753091680.3145578,nan,nan,nan,nan,nan,nan,nan,nan,nan,nan,nan,nan
1753091680.3515518,nan,nan,nan,nan,nan,nan,nan,nan,nan,nan,nan,nan
1753091680.3850763,nan,nan,nan,nan,nan,nan,nan,nan,nan,nan,nan,nan
1753091680.4190757,nan,nan,nan,nan,nan,nan,nan,nan,nan,nan,nan,nan
1753091680.4540849,nan,nan,nan,nan,nan,nan,nan,nan,nan,nan,nan,nan
1753091680.4876142,nan,nan,nan,nan,nan,nan,nan,nan,nan,nan,nan,nan
1753091680.5206199,nan,nan,nan,nan,nan,nan,nan,nan,nan,nan,nan,nan
1753091680.5566182,nan,nan,nan,nan,nan,nan,nan,nan,nan,nan,nan,nan
1753091680.5917196,nan,nan,nan,nan,nan,nan,nan,nan,nan,nan,nan,nan
1753091680.6257207,nan,nan,nan,nan,nan,nan,nan,nan,nan,nan,nan,nan
1753091680.6597247,nan,nan,nan,nan,nan,nan,nan,nan,nan,nan,nan,nan
1753091680.6952379,nan,nan,nan,nan,nan,nan,nan,nan,nan,nan,nan,nan
1753091680.7282434,nan,nan,nan,nan,nan,nan,nan,nan,nan,nan,nan,nan
1753091680.7652433,nan,nan,nan,nan,nan,nan,nan,nan,nan,nan,nan,nan
1753091680.7997572,nan,nan,nan,nan,nan,nan,nan,nan,nan,nan,nan,nan
1753091680.834758,nan,nan,nan,nan,nan,nan,nan,nan,nan,nan,nan,nan
1753091680.8677692,nan,nan,nan,nan,nan,nan,nan,nan,nan,nan,nan,nan
1753091680.9008994,nan,nan,nan,nan,nan,nan,nan,nan,nan,nan,nan,nan
1753091680.937902,nan,nan,nan,nan,nan,nan,nan,nan,nan,nan,nan,nan
1753091680.9712377,nan,nan,nan,nan,nan,nan,nan,nan,nan,nan,nan,nan
1753091681.0052366,nan,nan,nan,nan,nan,nan,nan,nan,nan,nan,nan,nan
1753091681.039239,nan,nan,nan,nan,nan,nan,nan,nan,nan,nan,nan,nan
1753091681.0727806,nan,nan,nan,nan,nan,nan,nan,nan,nan,nan,nan,nan
1753091681.109782,nan,nan,nan,nan,nan,nan,nan,nan,nan,nan,nan,nan
1753091681.1457818,nan,nan,nan,nan,nan,nan,nan,nan,nan,nan,nan,nan
1753091681.1813216,nan,nan,nan,nan,nan,nan,nan,nan,nan,nan,nan,nan
1753091681.2153177,nan,nan,nan,nan,nan,nan,nan,nan,nan,nan,nan,nan
1753091681.2503192,nan,nan,nan,nan,nan,nan,nan,nan,nan,nan,nan,nan
1753091681.2898765,nan,nan,nan,nan,nan,nan,nan,nan,nan,nan,nan,nan
1753091681.3218744,nan,nan,nan,nan,nan,nan,nan,nan,nan,nan,nan,nan
1753091681.355887,nan,nan,nan,nan,nan,nan,nan,nan,nan,nan,nan,nan
1753091681.388405,nan,nan,nan,nan,nan,nan,nan,nan,nan,nan,nan,nan
1753091681.4214034,nan,nan,nan,nan,nan,nan,nan,nan,nan,nan,nan,nan
1753091681.4544017,nan,nan,nan,nan,nan,nan,nan,nan,nan,nan,nan,nan
1753091681.489924,nan,nan,nan,nan,nan,nan,nan,nan,nan,nan,nan,nan
1753091681.526928,nan,nan,nan,nan,nan,nan,nan,nan,nan,nan,nan,nan
1753091681.5619316,nan,nan,nan,nan,nan,nan,nan,nan,nan,nan,nan,nan
1753091681.5974457,nan,nan,nan,nan,nan,nan,nan,nan,nan,nan,nan,nan
1753091681.6304452,nan,nan,nan,nan,nan,nan,nan,nan,nan,nan,nan,nan
1753091681.667462,nan,nan,nan,nan,nan,nan,nan,nan,nan,nan,nan,nan
1753091681.700975,nan,nan,nan,nan,nan,nan,nan,nan,nan,nan,nan,nan
1753091681.734983,nan,nan,nan,nan,nan,nan,nan,nan,nan,nan,nan,nan
1753091681.767982,nan,nan,nan,nan,nan,nan,nan,nan,nan,nan,nan,nan
1753091681.8030846,nan,nan,nan,nan,nan,nan,nan,nan,nan,nan,nan,nan
1753091681.8390834,nan,nan,nan,nan,nan,nan,nan,nan,nan,nan,nan,nan
1753091681.8736694,nan,nan,nan,nan,nan,nan,nan,nan,nan,nan,nan,nan
1753091681.9076695,nan,nan,nan,nan,nan,nan,nan,nan,nan,nan,nan,nan
1753091681.942667,nan,nan,nan,nan,nan,nan,nan,nan,nan,nan,nan,nan
1753091681.9751918,nan,nan,nan,nan,nan,nan,nan,nan,nan,nan,nan,nan
1753091682.011188,nan,nan,nan,nan,nan,nan,nan,nan,nan,nan,nan,nan
1753091682.0471902,nan,nan,nan,nan,nan,nan,nan,nan,nan,nan,nan,nan
1753091682.0887082,nan,nan,nan,nan,nan,nan,nan,nan,nan,nan,nan,nan
1753091682.1317098,nan,nan,nan,nan,nan,nan,nan,nan,nan,nan,nan,nan
1753091682.1722353,nan,nan,nan,nan,nan,nan,nan,nan,nan,nan,nan,nan
1753091682.2162333,nan,nan,nan,nan,nan,nan,nan,nan,nan,nan,nan,nan
1753091682.251233,nan,nan,nan,nan,nan,nan,nan,nan,nan,nan,nan,nan
1753091682.2867572,nan,nan,nan,nan,nan,nan,nan,nan,nan,nan,nan,nan
1753091682.3207555,nan,nan,nan,nan,nan,nan,nan,nan,nan,nan,nan,nan
1753091682.3557622,nan,nan,nan,nan,nan,nan,nan,nan,nan,nan,nan,nan
1753091682.3902729,nan,nan,nan,nan,nan,nan,nan,nan,nan,nan,nan,nan
1753091682.4242742,nan,nan,nan,nan,nan,nan,nan,nan,nan,nan,nan,nan
1753091682.4572814,nan,nan,nan,nan,nan,nan,nan,nan,nan,nan,nan,nan
1753091682.490793,nan,nan,nan,nan,nan,nan,nan,nan,nan,nan,nan,nan
1753091682.5377936,nan,nan,nan,nan,nan,nan,nan,nan,nan,nan,nan,nan
1753091682.5903432,nan,nan,nan,nan,nan,nan,nan,nan,nan,nan,nan,nan
1753091682.6243446,nan,nan,nan,nan,nan,nan,nan,nan,nan,nan,nan,nan
1753091682.6583483,nan,nan,nan,nan,nan,nan,nan,nan,nan,nan,nan,nan
1753091682.6919196,nan,nan,nan,nan,nan,nan,nan,nan,nan,nan,nan,nan
1753091682.7259254,nan,nan,nan,nan,nan,nan,nan,nan,nan,nan,nan,nan
1753091682.7609267,nan,nan,nan,nan,nan,nan,nan,nan,nan,nan,nan,nan
1753091682.7954392,nan,nan,nan,nan,nan,nan,nan,nan,nan,nan,nan,nan
1753091682.8294394,nan,nan,nan,nan,nan,nan,nan,nan,nan,nan,nan,nan
1753091682.863449,nan,nan,nan,nan,nan,nan,nan,nan,nan,nan,nan,nan
1753091682.897728,nan,nan,nan,nan,nan,nan,nan,nan,nan,nan,nan,nan
1753091682.9327283,nan,nan,nan,nan,nan,nan,nan,nan,nan,nan,nan,nan
1753091682.9712458,nan,nan,nan,nan,nan,nan,nan,nan,nan,nan,nan,nan
1753091683.0072632,nan,nan,nan,nan,nan,nan,nan,nan,nan,nan,nan,nan
1753091683.0452547,nan,nan,nan,nan,nan,nan,nan,nan,nan,nan,nan,nan
1753091683.0797722,nan,nan,nan,nan,nan,nan,nan,nan,nan,nan,nan,nan
1753091683.116769,nan,nan,nan,nan,nan,nan,nan,nan,nan,nan,nan,nan
1753091683.1527672,nan,nan,nan,nan,nan,nan,nan,nan,nan,nan,nan,nan
1753091683.1863284,nan,nan,nan,nan,nan,nan,nan,nan,nan,nan,nan,nan
1753091683.2233307,nan,nan,nan,nan,nan,nan,nan,nan,nan,nan,nan,nan
1753091683.2583416,nan,nan,nan,nan,nan,nan,nan,nan,nan,nan,nan,nan
1753091683.2928977,nan,nan,nan,nan,nan,nan,nan,nan,nan,nan,nan,nan
1753091683.3248918,nan,nan,nan,nan,nan,nan,nan,nan,nan,nan,nan,nan
1753091683.3619044,nan,nan,nan,nan,nan,nan,nan,nan,nan,nan,nan,nan
1753091683.3994155,nan,nan,nan,nan,nan,nan,nan,nan,nan,nan,nan,nan
1753091683.4324155,nan,nan,nan,nan,nan,nan,nan,nan,nan,nan,nan,nan
1753091683.4664197,nan,nan,nan,nan,nan,nan,nan,nan,nan,nan,nan,nan
1753091683.502937,nan,nan,nan,nan,nan,nan,nan,nan,nan,nan,nan,nan
1753091683.5379515,nan,nan,nan,nan,nan,nan,nan,nan,nan,nan,nan,nan
1753091683.575488,nan,nan,nan,nan,nan,nan,nan,nan,nan,nan,nan,nan
1753091683.6134834,nan,nan,nan,nan,nan,nan,nan,nan,nan,nan,nan,nan
1753091683.6464856,nan,nan,nan,nan,nan,nan,nan,nan,nan,nan,nan,nan
1753091683.6830015,nan,nan,nan,nan,nan,nan,nan,nan,nan,nan,nan,nan
1753091683.7160058,nan,nan,nan,nan,nan,nan,nan,nan,nan,nan,nan,nan
1753091683.7510028,nan,nan,nan,nan,nan,nan,nan,nan,nan,nan,nan,nan
1753091683.7875245,nan,nan,nan,nan,nan,nan,nan,nan,nan,nan,nan,nan
1753091683.8205235,nan,nan,nan,nan,nan,nan,nan,nan,nan,nan,nan,nan
1753091683.8695376,nan,nan,nan,nan,nan,nan,nan,nan,nan,nan,nan,nan
1753091683.9040473,nan,nan,nan,nan,nan,nan,nan,nan,nan,nan,nan,nan
1753091683.9400458,nan,nan,nan,nan,nan,nan,nan,nan,nan,nan,nan,nan
1753091683.9795911,nan,nan,nan,nan,nan,nan,nan,nan,nan,nan,nan,nan
1753091684.0195925,nan,nan,nan,nan,nan,nan,nan,nan,nan,nan,nan,nan
1753091684.0771148,nan,nan,nan,nan,nan,nan,nan,nan,nan,nan,nan,nan
1753091684.1371083,nan,nan,nan,nan,nan,nan,nan,nan,nan,nan,nan,nan
1753091684.187646,nan,nan,nan,nan,nan,nan,nan,nan,nan,nan,nan,nan
1753091684.2246451,nan,nan,nan,nan,nan,nan,nan,nan,nan,nan,nan,nan
1753091684.2596548,nan,nan,nan,nan,nan,nan,nan,nan,nan,nan,nan,nan
1753091684.3004055,nan,nan,nan,nan,nan,nan,nan,nan,nan,nan,nan,nan
1753091684.3354049,nan,nan,nan,nan,nan,nan,nan,nan,nan,nan,nan,nan
1753091684.3719187,nan,nan,nan,nan,nan,nan,nan,nan,nan,nan,nan,nan
1753091684.408931,nan,nan,nan,nan,nan,nan,nan,nan,nan,nan,nan,nan
1753091684.4479291,nan,nan,nan,nan,nan,nan,nan,nan,nan,nan,nan,nan
1753091684.4826381,nan,nan,nan,nan,nan,nan,nan,nan,nan,nan,nan,nan
1753091684.5186355,nan,nan,nan,nan,nan,nan,nan,nan,nan,nan,nan,nan
1753091684.5516338,nan,nan,nan,nan,nan,nan,nan,nan,nan,nan,nan,nan
1753091684.5851583,nan,nan,nan,nan,nan,nan,nan,nan,nan,nan,nan,nan
1753091684.6191585,nan,nan,nan,nan,nan,nan,nan,nan,nan,nan,nan,nan
1753091684.6511579,nan,nan,nan,nan,nan,nan,nan,nan,nan,nan,nan,nan
1753091684.6853547,nan,nan,nan,nan,nan,nan,nan,nan,nan,nan,nan,nan
1753091684.7183547,nan,nan,nan,nan,nan,nan,nan,nan,nan,nan,nan,nan
1753091684.752357,nan,nan,nan,nan,nan,nan,nan,nan,nan,nan,nan,nan
1753091684.7858827,nan,nan,nan,nan,nan,nan,nan,nan,nan,nan,nan,nan
1753091684.8198774,nan,nan,nan,nan,nan,nan,nan,nan,nan,nan,nan,nan
1753091684.853878,nan,nan,nan,nan,nan,nan,nan,nan,nan,nan,nan,nan
1753091684.902421,nan,nan,nan,nan,nan,nan,nan,nan,nan,nan,nan,nan
1753091684.953423,nan,nan,nan,nan,nan,nan,nan,nan,nan,nan,nan,nan
1753091685.0009434,nan,nan,nan,nan,nan,nan,nan,nan,nan,nan,nan,nan
1753091685.052939,nan,nan,nan,nan,nan,nan,nan,nan,nan,nan,nan,nan
1753091685.1024716,nan,nan,nan,nan,nan,nan,nan,nan,nan,nan,nan,nan
1753091685.1584854,nan,nan,nan,nan,nan,nan,nan,nan,nan,nan,nan,nan
1753091685.1960337,nan,nan,nan,nan,nan,nan,nan,nan,nan,nan,nan,nan
1753091685.2300398,nan,nan,nan,nan,nan,nan,nan,nan,nan,nan,nan,nan
1753091685.2620378,nan,nan,nan,nan,nan,nan,nan,nan,nan,nan,nan,nan
1753091685.2956069,nan,nan,nan,nan,nan,nan,nan,nan,nan,nan,nan,nan
1753091685.3296041,nan,nan,nan,nan,nan,nan,nan,nan,nan,nan,nan,nan
1753091685.36662,nan,nan,nan,nan,nan,nan,nan,nan,nan,nan,nan,nan
1753091685.4051285,nan,nan,nan,nan,nan,nan,nan,nan,nan,nan,nan,nan
1753091685.4381282,nan,nan,nan,nan,nan,nan,nan,nan,nan,nan,nan,nan
1753091685.4721384,nan,nan,nan,nan,nan,nan,nan,nan,nan,nan,nan,nan
1753091685.5102785,nan,nan,nan,nan,nan,nan,nan,nan,nan,nan,nan,nan
1753091685.5432773,nan,nan,nan,nan,nan,nan,nan,nan,nan,nan,nan,nan
1753091685.5797997,nan,nan,nan,nan,nan,nan,nan,nan,nan,nan,nan,nan
1753091685.6197972,nan,nan,nan,nan,nan,nan,nan,nan,nan,nan,nan,nan
1753091685.6577976,nan,nan,nan,nan,nan,nan,nan,nan,nan,nan,nan,nan
1753091685.6973312,nan,nan,nan,nan,nan,nan,nan,nan,nan,nan,nan,nan
1753091685.735331,nan,nan,nan,nan,nan,nan,nan,nan,nan,nan,nan,nan
1753091685.7748604,nan,nan,nan,nan,nan,nan,nan,nan,nan,nan,nan,nan
1753091685.809854,nan,nan,nan,nan,nan,nan,nan,nan,nan,nan,nan,nan
1753091685.8458574,nan,nan,nan,nan,nan,nan,nan,nan,nan,nan,nan,nan
1753091685.8793736,nan,nan,nan,nan,nan,nan,nan,nan,nan,nan,nan,nan
1753091685.91137,nan,nan,nan,nan,nan,nan,nan,nan,nan,nan,nan,nan
1753091685.9453716,nan,nan,nan,nan,nan,nan,nan,nan,nan,nan,nan,nan
1753091685.980619,nan,nan,nan,nan,nan,nan,nan,nan,nan,nan,nan,nan
1753091686.0156176,nan,nan,nan,nan,nan,nan,nan,nan,nan,nan,nan,nan
1753091686.0506194,nan,nan,nan,nan,nan,nan,nan,nan,nan,nan,nan,nan
1753091686.0841393,nan,nan,nan,nan,nan,nan,nan,nan,nan,nan,nan,nan
1753091686.11814,nan,nan,nan,nan,nan,nan,nan,nan,nan,nan,nan,nan
1753091686.1501427,nan,nan,nan,nan,nan,nan,nan,nan,nan,nan,nan,nan
1753091686.198673,nan,nan,nan,nan,nan,nan,nan,nan,nan,nan,nan,nan
1753091686.249669,nan,nan,nan,nan,nan,nan,nan,nan,nan,nan,nan,nan
1753091686.2828245,nan,nan,nan,nan,nan,nan,154.3074493408203,86.89717102050781,222.2444305419922,nan,nan,nan
1753091686.332824,nan,nan,nan,nan,nan,nan,152.22547912597656,98.55034637451172,229.43386840820312,nan,nan,nan
1753091686.3860505,143.10247802734375,88.17765045166016,234.775634765625,nan,nan,nan,150.12049865722656,107.34435272216797,235.13909912109375,-17.97610259192207,-121.16149387239253,nan
1753091686.4540484,nan,nan,nan,nan,nan,nan,151.3396759033203,112.32713317871094,237.04872131347656,nan,nan,nan
1753091686.4883,nan,nan,nan,nan,nan,nan,152.0337677001953,113.19397735595703,235.9989776611328,-69.88206345990383,-79.5148387113352,-97.81956736777083
1753091686.5403,nan,nan,nan,nan,nan,nan,155.119140625,113.81904602050781,234.47616577148438,nan,nan,nan
1753091686.5918145,nan,nan,nan,nan,nan,nan,160.7489013671875,114.80673217773438,232.8141326904297,nan,nan,nan
1753091686.6428163,nan,nan,nan,nan,nan,nan,163.26461791992188,114.5026626586914,231.293701171875,nan,nan,nan
1753091686.695348,nan,nan,nan,nan,nan,nan,163.56405639648438,113.3033676147461,227.98373413085938,-69.5379351572699,-29.0595228231497,-58.78141042964544
1753091686.7443526,nan,nan,nan,nan,nan,nan,165.12648010253906,114.21563720703125,228.93173217773438,-69.228639031073,-28.670898024366934,-58.70130640325184
1753091686.793863,nan,nan,nan,nan,nan,nan,165.4718475341797,115.03133392333984,228.79930114746094,-68.64595054061388,-28.574146077081203,-58.040091387234355
1753091686.8458624,nan,nan,nan,nan,nan,nan,163.80191040039062,114.17464447021484,227.0953369140625,-68.46744070054218,-29.006037001155374,-56.437112994327194
1753091686.8943784,nan,nan,nan,nan,nan,nan,163.87457275390625,115.10089111328125,227.1960906982422,-68.55127160960546,-28.97776945231077,-56.2881079100568
1753091686.9473839,nan,nan,nan,nan,nan,nan,163.85397338867188,115.524169921875,227.16754150390625,-68.01812173267759,-28.851151596976425,-55.81901040409284
1753091686.9968915,nan,nan,nan,nan,nan,nan,164.54974365234375,116.63790130615234,229.35760498046875,-67.91150062076245,-29.579115155254367,-54.45728446463883
1753091687.0528908,nan,nan,nan,nan,nan,nan,161.2628173828125,113.8749008178711,224.776123046875,-67.34240647396838,-29.40123834339946,-142.01584196441345
1753091687.1134374,nan,nan,nan,nan,nan,nan,161.5770263671875,111.76053619384766,224.01075744628906,nan,nan,nan
1753091687.177953,nan,nan,nan,nan,nan,nan,161.74354553222656,108.56099700927734,223.64418029785156,nan,nan,nan
1753091687.2299562,nan,nan,nan,nan,nan,nan,162.0540008544922,103.46845245361328,222.88571166992188,-65.54633120003305,-32.134883087971,nan
1753091687.282021,nan,nan,nan,nan,nan,nan,163.22702026367188,99.10347747802734,222.72817993164062,-64.83282391157351,-32.53593121149786,-48.55358462940052
1753091687.3360224,nan,nan,nan,nan,nan,nan,162.0765838623047,94.71338653564453,223.50914001464844,-63.946756274356936,-35.10142222316104,-45.68584373672747
1753091687.3881688,nan,nan,nan,nan,nan,nan,163.36741638183594,91.94025421142578,224.09825134277344,-62.99096148806297,-36.5413701178044,nan
1753091687.4381678,nan,nan,nan,nan,nan,nan,163.8368377685547,90.47216796875,224.74215698242188,-62.96526584660789,-35.92860887598967,-132.2667384827234
1753091687.4916823,nan,nan,nan,nan,nan,nan,164.52613830566406,91.91451263427734,225.09271240234375,-6.946636325648447,-110.58701441576437,nan
1753091687.5426857,nan,nan,nan,nan,nan,nan,165.1505889892578,92.8892593383789,225.3529510498047,-62.91738067718051,-35.24522326465619,nan
1753091687.5942295,nan,nan,nan,nan,nan,nan,167.2103729248047,94.37419891357422,225.78887939453125,-62.52645953897061,-34.804241375568324,-42.42377038759397
1753091687.664238,nan,nan,nan,nan,nan,nan,168.51535034179688,94.3740463256836,225.78851318359375,-61.89500658906924,-33.248379707685146,-45.093170581311234
1753091687.7277453,nan,nan,nan,nan,nan,nan,170.8299560546875,93.81926727294922,226.5500946044922,-61.071081026836076,-32.99927313706139,-41.39976567201121
1753091687.791922,nan,nan,nan,nan,nan,nan,173.00563049316406,92.70844268798828,225.9706573486328,nan,nan,nan
1753091687.842923,nan,nan,nan,nan,nan,nan,175.53610229492188,92.89541625976562,226.4263916015625,-59.97406621230561,-31.731221395359235,-44.73792039487021
1753091687.8941526,nan,nan,nan,nan,nan,nan,179.93780517578125,93.99658966064453,225.92703247070312,nan,nan,nan
1753091687.9581547,nan,nan,nan,nan,nan,nan,181.1239471435547,95.21722412109375,224.6981201171875,-58.78464349933133,-30.568598634755997,-44.704661119713045
1753091688.0073724,nan,nan,nan,nan,nan,nan,181.75584411621094,97.25688934326172,224.4091339111328,-4.801944056965864,-108.12443205790912,44.468637095816284
1753091688.0593734,nan,nan,nan,nan,nan,nan,181.79734802246094,102.09009552001953,225.53353881835938,nan,nan,nan
1753091688.1098907,nan,nan,nan,nan,nan,nan,181.7288360595703,103.35488891601562,225.4485321044922,-4.295727073521879,-108.35459061259498,44.42269090276505
1753091688.1618986,nan,nan,nan,nan,nan,nan,178.5464324951172,103.81813049316406,223.63897705078125,-4.988799482692575,-107.70294892669358,44.64561498816399
1753091688.2114038,nan,nan,nan,nan,nan,nan,179.40939331054688,103.81875610351562,223.64031982421875,-4.709060203506025,-108.38798830996645,44.8055701788566
1753091688.263412,nan,nan,nan,nan,nan,nan,178.2858123779297,103.41698455810547,222.77484130859375,-5.088299198462533,-108.31823730674691,45.06217362356631
1753091688.312673,nan,nan,nan,nan,nan,nan,178.47628784179688,102.66800689697266,223.01284790039062,-59.82596506138438,-29.738509656820707,-45.405496688892725
1753091688.362679,nan,nan,nan,nan,nan,nan,174.55953979492188,102.38712310791016,222.40272521972656,-5.460858630929982,-107.71945991431551,45.065512274763876
1753091688.4139264,nan,nan,nan,nan,nan,nan,172.28993225097656,100.1012191772461,221.13980102539062,-60.334035438269915,-30.455297586076448,-46.221039200991704
1753091688.4629345,nan,nan,nan,nan,nan,nan,169.18524169921875,100.9632339477539,222.09866333007812,-61.26932074514707,-31.04430633938775,-46.653039431350436
1753091688.5151727,nan,nan,nan,nan,nan,nan,166.76727294921875,101.31427764892578,222.87088012695312,-61.67102455755178,-31.410301939489294,-44.70018789842847
1753091688.5681849,nan,nan,nan,nan,nan,nan,164.42684936523438,99.81671142578125,221.4539794921875,-61.72677923402715,-31.24887794720631,-43.21589111974144
1753091688.6176941,nan,nan,nan,nan,nan,nan,162.2174835205078,99.60550689697266,221.9342041015625,-62.18382832765897,-31.436645379846013,nan
1753091688.6757038,nan,nan,nan,nan,nan,nan,163.4493408203125,99.76309204101562,224.2106170654297,-62.16192833118315,-31.96280928625892,nan
1753091688.752284,nan,nan,nan,nan,nan,nan,163.40066528320312,97.06070709228516,222.9651336669922,-62.40861647507166,-31.035859472695794,-46.437257656933355
1753091688.8174238,nan,nan,nan,nan,nan,nan,164.46835327148438,97.87003326416016,223.83348083496094,-62.10505504258291,-31.08127912217438,nan
1753091688.8826811,nan,nan,nan,nan,nan,nan,169.875244140625,99.37248229980469,225.28399658203125,-61.573740502683656,-31.185950073294467,-43.56804707611274
1753091688.9486814,nan,nan,nan,nan,nan,nan,172.94552612304688,102.17340087890625,224.7607879638672,-60.95903380136373,-29.893241788770496,-45.74174587923821
1753091689.012924,nan,nan,nan,nan,nan,nan,174.01100158691406,102.90132141113281,224.4591522216797,-60.64058831639175,-28.667914758867415,-47.77708574758098
1753091689.0629218,nan,nan,nan,nan,nan,nan,176.22479248046875,106.99501037597656,223.97451782226562,-60.38818071954887,-27.61965232060298,-49.84641072266398
1753091689.1314156,nan,nan,nan,nan,nan,nan,175.17921447753906,107.91153717041016,223.19224548339844,-60.45495840363309,-26.97567322404729,-50.58786927381932
1753091689.180934,nan,nan,nan,nan,nan,nan,176.64700317382812,108.98182678222656,224.51112365722656,-60.40138608180628,-26.39630533708176,-51.7292283574293
1753091689.235934,nan,nan,nan,nan,nan,nan,174.27391052246094,109.1734848022461,223.13441467285156,-60.67015020598845,-25.804995607607577,-52.815842625499215
1753091689.2891214,nan,nan,nan,nan,nan,nan,174.67108154296875,110.51292419433594,225.8720245361328,-60.91377811797734,-25.824244931969876,-52.7955887596751
1753091689.339117,nan,nan,nan,nan,nan,nan,174.8040008544922,111.46815490722656,226.0438995361328,-61.1354896521367,-25.91270068193317,-51.85163435896176
1753091689.3901932,nan,nan,nan,nan,nan,nan,173.0721435546875,110.7254409790039,227.20120239257812,-61.36110346279933,-26.095441479786487,-51.837601697442125
1753091689.4531949,nan,nan,nan,nan,nan,nan,172.03175354003906,111.21150207519531,226.4081573486328,-61.60152093656251,-26.20198511640632,-51.23452672635865
1753091689.505295,nan,nan,nan,nan,nan,nan,172.0672149658203,111.64749145507812,228.19091796875,-61.75630537253258,-26.30264647956226,-51.038926869574894
1753091689.5643005,nan,nan,nan,nan,nan,nan,167.92787170410156,110.37188720703125,225.58377075195312,-61.95587619960845,-27.09351133728278,-49.36740200034731
1753091689.6233974,nan,nan,nan,nan,nan,nan,168.41604614257812,111.99842834472656,228.01019287109375,-62.293268682775626,-27.541945528058825,-48.51346892410484
1753091689.6784053,nan,nan,nan,nan,nan,nan,167.48892211914062,112.84455871582031,227.94435119628906,-62.308058285940746,-27.05014912086108,-49.5334444170371
1753091689.7307913,nan,nan,nan,nan,nan,nan,163.48251342773438,113.64840698242188,226.04864501953125,-62.82029913968926,-27.211188563296492,-49.19540945215859
1753091689.780296,nan,nan,nan,nan,nan,nan,161.86341857910156,114.1709213256836,226.2208709716797,-63.13310605385358,-27.556879326929085,-49.48756222311945
1753091689.8342993,nan,nan,nan,nan,nan,nan,159.50039672851562,115.10360717773438,227.20144653320312,nan,nan,nan
1753091689.8838234,nan,nan,nan,nan,nan,nan,158.7118682861328,114.84981536865234,226.7004852294922,-4.97811225462502,-108.11615985449305,nan
1753091689.936822,nan,nan,nan,nan,nan,nan,159.62942504882812,114.13201141357422,226.14378356933594,nan,nan,nan
1753091689.9853392,nan,nan,nan,nan,nan,nan,162.42869567871094,114.00179290771484,227.6239471435547,-63.77461982905549,-25.335191370496407,nan
1753091690.0353386,nan,nan,nan,nan,nan,nan,162.95297241210938,113.88716125488281,226.52352905273438,-63.43301768834079,-26.063925811997585,nan
1753091690.0878663,nan,nan,nan,nan,nan,nan,165.8657684326172,113.07555389404297,227.52532958984375,-62.50916062520178,-26.501863015438538,-49.852594850728025
1753091690.1398582,nan,nan,nan,nan,nan,nan,166.904052734375,111.28326416015625,226.55422973632812,-62.51212051076127,-26.17318018601438,nan
1753091690.1900399,nan,nan,nan,nan,nan,nan,167.6455841064453,111.48606872558594,226.9671173095703,-62.0258739499658,-26.1855961826719,-49.541244053805656
1753091690.239042,nan,nan,nan,nan,nan,nan,166.9173583984375,111.58399200439453,227.16647338867188,-62.24067617894453,-25.711516511650114,-51.54979647881461
1753091690.291545,nan,nan,nan,nan,nan,nan,166.15956115722656,112.83663940429688,227.92835998535156,-62.59336416592191,-26.58219808562231,-50.22061771591682
1753091690.3405445,nan,nan,nan,nan,nan,nan,166.0265350341797,114.36515045166016,228.3494415283203,-62.87319205979942,-26.646318745908737,-50.87415125603303
1753091690.3910658,nan,nan,nan,nan,nan,nan,161.61256408691406,114.0448989868164,227.71002197265625,-63.646782624011934,-25.46075527203837,nan
1753091690.443066,nan,nan,nan,nan,nan,nan,160.74008178710938,114.04851531982422,227.71722412109375,-63.9323517448163,-25.462362536385758,nan
1753091690.49329,nan,nan,nan,nan,nan,nan,156.8333740234375,115.60430145263672,229.06101989746094,-64.87291389058423,-26.261483477542136,-53.59780604516497
1753091690.5422897,nan,nan,nan,nan,nan,nan,155.2576446533203,115.7458267211914,229.3414306640625,-65.26272764073133,-25.588205061516835,nan
1753091690.591605,nan,nan,nan,nan,nan,nan,153.045654296875,114.08885192871094,228.67759704589844,-65.9375241284238,-26.62167553947741,nan
1753091690.6446064,nan,nan,nan,nan,nan,nan,153.92333984375,114.2999496459961,229.989013671875,-66.02848273417524,-25.473410936908653,nan
1753091690.6981225,nan,nan,nan,nan,nan,nan,154.04273986816406,113.05805206298828,230.1674041748047,-66.02411505270634,-27.326449964932905,nan
1753091690.751123,nan,nan,nan,nan,nan,nan,154.65963745117188,111.15910339355469,231.75645446777344,-65.90542753543538,-26.286580713092583,-54.21190719909058
1753091690.8022025,nan,nan,nan,nan,nan,nan,155.76512145996094,110.7343521118164,232.740966796875,-65.85650921944993,-26.813573731066,nan
1753091690.8552048,nan,nan,nan,nan,nan,nan,156.73330688476562,108.85289764404297,233.5152587890625,-65.53676197255346,-26.63126457176891,-139.64421241415582
1753091690.9053414,nan,nan,nan,nan,nan,nan,158.04168701171875,109.76158142089844,235.464599609375,-65.45440126488499,-26.498418050346643,nan
1753091690.9563482,nan,nan,nan,nan,nan,nan,157.43385314941406,111.06687927246094,237.28390502929688,nan,nan,nan
1753091691.0106742,nan,nan,nan,nan,nan,nan,158.4250030517578,111.63021850585938,239.4732666015625,-65.47477175782109,-26.069571463601566,-140.76102349876646
1753091691.0636814,nan,nan,nan,nan,nan,nan,157.74807739257812,112.13308715820312,240.5520477294922,-65.99673858495744,-25.839646171458938,nan
1753091691.1191957,nan,nan,nan,nan,nan,nan,159.6951141357422,114.12026977539062,242.8076171875,-66.2065323710379,-25.199608304319483,nan
1753091691.1682036,nan,nan,nan,nan,nan,nan,161.37112426757812,115.79076385498047,245.3559112548828,-65.91961070859858,-24.68983242232066,nan
1753091691.2187293,nan,nan,nan,nan,nan,nan,165.63613891601562,117.75171661376953,247.4900360107422,-65.27270927806916,-24.204377732942003,-143.4506627011692
1753091691.274734,nan,nan,nan,nan,nan,nan,163.99700927734375,118.3437271118164,245.74844360351562,-65.18171553637232,-24.140570154270016,-142.40705091851208
1753091691.3269286,nan,nan,nan,nan,nan,nan,165.99069213867188,120.31001281738281,245.89584350585938,-64.58433089908034,-22.74911544184922,-143.87110583259232
1753091691.3834548,nan,nan,nan,nan,nan,nan,172.24327087402344,120.51726531982422,245.35313415527344,-63.55123276662931,-22.776538609789135,-144.66382579843776
1753091691.439455,nan,nan,nan,nan,nan,nan,175.12229919433594,121.63663482666016,244.7515411376953,nan,nan,nan
1753091691.4879718,nan,nan,nan,nan,nan,nan,184.00025939941406,126.26829528808594,242.775390625,nan,nan,nan
1753091691.5369754,nan,nan,nan,nan,nan,nan,190.22781372070312,126.98908233642578,242.36534118652344,nan,nan,nan
1753091691.5880773,nan,nan,nan,nan,nan,nan,195.60263061523438,128.25506591796875,240.36167907714844,nan,nan,nan
1753091691.640078,nan,nan,nan,nan,nan,nan,192.83163452148438,124.61172485351562,236.95660400390625,-3.57575863959406,-104.5113802477745,44.78085686638138
1753091691.6921718,nan,nan,nan,nan,nan,nan,196.0352783203125,122.90591430664062,238.0746612548828,-3.2625899234927576,-104.91975348474475,44.34384873782486
1753091691.743172,nan,nan,nan,nan,nan,nan,196.2320556640625,120.90947723388672,237.7572479248047,nan,nan,nan
1753091691.810685,nan,nan,nan,nan,nan,nan,197.40892028808594,118.95783996582031,237.51953125,-56.80145387463251,-18.286823821811705,-54.87743454580584
1753091691.8616831,nan,nan,nan,nan,nan,nan,197.30514526367188,119.61579895019531,235.21334838867188,-56.54838911256017,-19.189313748595108,nan
1753091691.9102035,nan,nan,nan,nan,nan,nan,197.08502197265625,119.3865737915039,233.8764190673828,-2.0675485074638638,-106.04192927271667,-4.446470459511222
1753091691.9602056,nan,nan,nan,nan,nan,nan,189.85755920410156,117.46652221679688,232.7508544921875,-57.88815941239256,-22.006335008813448,-144.8917396681645
1753091692.010414,nan,nan,nan,nan,nan,nan,185.03404235839844,116.07579803466797,231.76504516601562,nan,nan,nan
1753091692.061416,nan,nan,nan,nan,nan,nan,176.52883911132812,111.47982788085938,230.57247924804688,-59.852868660028754,-22.875194581767005,-144.18548713657913
1753091692.1296704,nan,nan,nan,nan,nan,nan,170.60003662109375,108.83908081054688,231.5711212158203,-61.17075007687539,-25.81433378248231,nan
1753091692.192917,nan,nan,nan,nan,nan,nan,167.8163299560547,107.55801391601562,232.66094970703125,-61.69299099067735,-28.02391611942085,-139.4854331918361
1753091692.2589173,nan,nan,nan,nan,nan,nan,165.72483825683594,106.46978759765625,232.24307250976562,-62.39078075654202,-29.35171002130845,-138.08690905198512
1753091692.323167,nan,nan,nan,nan,nan,nan,166.21046447753906,106.78177642822266,232.92361450195312,-62.73991891208292,-29.624435489233075,-139.1346804009911
1753091692.3741813,nan,nan,nan,nan,nan,nan,164.52525329589844,106.87628173828125,231.18629455566406,-62.706572483219624,-29.228571117708714,-139.23489113548962
1753091692.4244127,nan,nan,nan,nan,nan,nan,163.6973114013672,107.95087432861328,232.54148864746094,-63.007253295919355,-29.22591561279758,nan
1753091692.4744184,nan,nan,nan,nan,nan,nan,nan,nan,nan,nan,nan,nan
1753091692.5229335,nan,nan,nan,nan,nan,nan,161.48484802246094,111.07831573486328,230.66134643554688,-63.02312463858618,-28.092539638081874,nan
1753091692.5729396,nan,nan,nan,nan,nan,nan,nan,nan,nan,nan,nan,nan
1753091692.6254485,nan,nan,nan,nan,nan,nan,163.8150177001953,116.61678314208984,230.18829345703125,-63.017112611753156,-24.783821778736403,-141.76984664230383
1753091692.6744537,nan,nan,nan,nan,nan,nan,166.53550720214844,119.83465576171875,232.12548828125,-62.89261978920042,-23.659963187813513,-142.9763262729608
1753091692.729678,nan,nan,nan,nan,nan,nan,nan,nan,nan,nan,nan,nan
1753091692.7826862,nan,nan,nan,nan,nan,nan,nan,nan,nan,nan,nan,nan
1753091692.834179,nan,nan,nan,nan,nan,nan,179.37290954589844,118.70660400390625,230.8018798828125,nan,nan,nan
1753091692.8856893,nan,nan,nan,nan,nan,nan,183.63465881347656,118.11111450195312,232.25453186035156,-4.596658334130934,-105.77011056917011,45.7448523156464
1753091692.9386902,nan,nan,nan,nan,nan,nan,184.3799285888672,116.1104736328125,230.9457244873047,-59.19343232547762,-20.447918882651702,-55.622868537645935
1753091692.9912164,nan,nan,nan,nan,nan,nan,186.1265106201172,115.47576141357422,231.45748901367188,-58.60433732926462,-22.228339347020146,-52.12334106138319
1753091693.0412178,nan,nan,nan,nan,nan,nan,188.43685913085938,115.25209045410156,231.00918579101562,nan,nan,nan
1753091693.089732,nan,nan,nan,nan,nan,nan,189.32980346679688,115.4274673461914,230.47055053710938,-5.58488090853212,-103.71802073950536,44.53696037654205
1753091693.141734,nan,nan,nan,nan,nan,nan,192.04446411132812,115.63430786132812,229.9986114501953,-57.07921241819066,-20.18864309386161,-53.327282713806525
1753091693.190247,nan,nan,nan,nan,nan,nan,192.6102294921875,116.23548126220703,228.56626892089844,nan,nan,nan
1753091693.2422466,nan,nan,nan,nan,nan,nan,192.22178649902344,116.78559875488281,227.06686401367188,-4.203832047399124,-104.45698038850331,nan
1753091693.2943149,nan,nan,nan,nan,nan,nan,189.6447296142578,115.76951599121094,227.64999389648438,nan,nan,nan
1753091693.3443174,nan,nan,nan,nan,nan,nan,187.99020385742188,115.2928695678711,226.71270751953125,-57.289805989050194,-21.72387262772123,-50.294439770083756
1753091693.3934543,nan,nan,nan,nan,nan,nan,184.1568603515625,114.04322814941406,226.8339385986328,-58.067931677836924,-22.742261589284382,nan
1753091693.4434552,nan,nan,nan,nan,nan,nan,183.30471801757812,114.05694580078125,226.86122131347656,-58.28840997401392,-22.290553253234023,-51.66230586350612
1753091693.4939795,nan,nan,nan,nan,nan,nan,182.08639526367188,113.95164489746094,227.52381896972656,-58.66065460965051,-21.967013579859564,-51.34008925436862
1753091693.5439806,nan,nan,nan,nan,nan,nan,182.328857421875,113.66437530517578,227.8267822265625,-5.748991967165041,-104.60799785774108,nan
1753091693.5935023,nan,nan,nan,nan,nan,nan,181.482666015625,115.2386474609375,230.09353637695312,-4.519232947740152,-104.76174933064783,-0.6596473137165376
1753091693.6595018,nan,nan,nan,nan,nan,nan,177.70973205566406,115.1174087524414,228.09628295898438,nan,nan,nan
1753091693.7266252,nan,nan,nan,nan,nan,nan,172.6427459716797,117.45613098144531,228.37057495117188,nan,nan,nan
1753091693.781641,nan,nan,nan,nan,nan,nan,170.2110137939453,118.34719848632812,229.24420166015625,-60.189705635798056,-20.300052247134584,-148.3425473663143
1753091693.8357973,nan,nan,nan,nan,nan,nan,168.04855346679688,121.10249328613281,231.1304931640625,nan,nan,nan
1753091693.8900428,nan,nan,nan,nan,nan,nan,166.88157653808594,120.779541015625,231.36500549316406,nan,nan,nan
1753091693.9410436,nan,nan,nan,nan,nan,nan,168.48532104492188,119.76026153564453,231.1186981201172,-5.851592856573524,-104.4491143838033,-2.6152189860888537
1753091693.9911916,nan,nan,nan,nan,nan,nan,169.91273498535156,118.7994613647461,231.85105895996094,nan,nan,nan
1753091694.0411851,nan,nan,nan,nan,nan,nan,172.1964874267578,119.14313507080078,232.5217742919922,nan,nan,nan
1753091694.0892992,nan,nan,nan,nan,nan,nan,173.15834045410156,120.25918579101562,233.82057189941406,-3.5199717511827533,-101.8656918463612,-0.2380533349102214
1753091694.142304,nan,nan,nan,nan,nan,nan,171.9879608154297,118.86061096191406,232.84605407714844,-3.715929118288989,-101.51680312167707,0.0579950212201347
1753091694.1934688,nan,nan,nan,nan,nan,nan,175.7655792236328,119.45462036132812,234.8964080810547,-58.89948062772253,-21.453705732383842,-146.76817804308442
1753091694.2424707,nan,nan,nan,nan,nan,nan,173.07362365722656,119.13006591796875,232.49627685546875,-58.89402579993229,-21.402600182400572,-146.92295899665103
1753091694.2930062,nan,nan,nan,nan,nan,nan,171.9026336669922,118.49250793457031,232.1249542236328,-3.1138653536537135,-102.14416214362751,1.1209438627749622
1753091694.3450027,nan,nan,nan,nan,nan,nan,172.32289123535156,117.88542938232422,232.69244384765625,-59.005787809883735,-21.541006138519194,-146.282780117271
1753091694.3935208,nan,nan,nan,nan,nan,nan,178.5264434814453,118.88180541992188,233.77001953125,nan,nan,nan
1753091694.4445214,nan,nan,nan,nan,nan,nan,179.9785614013672,120.15069580078125,234.4881591796875,nan,nan,nan
1753091694.492772,nan,nan,nan,nan,nan,nan,nan,nan,nan,nan,nan,nan
1753091694.5427673,nan,nan,nan,nan,nan,nan,185.4928436279297,123.52689361572266,232.3397216796875,-3.793050079633728,-102.73498049061118,46.086572339266986
1753091694.5928652,nan,nan,nan,nan,nan,nan,189.57315063476562,125.65341186523438,231.30935668945312,-3.8766830181416054,-102.8779839125346,-5.612464178478798
1753091694.644864,nan,nan,nan,nan,nan,nan,nan,nan,nan,nan,nan,nan
1753091694.6940842,nan,nan,nan,nan,nan,nan,nan,nan,nan,nan,nan,nan
1753091694.7470853,nan,nan,nan,nan,nan,nan,nan,nan,nan,nan,nan,nan
1753091694.7976074,nan,nan,nan,nan,nan,nan,nan,nan,nan,nan,nan,nan
1753091694.8676107,nan,nan,nan,nan,nan,nan,nan,nan,nan,nan,nan,nan
1753091694.9162345,nan,nan,nan,nan,nan,nan,nan,nan,nan,nan,nan,nan
1753091694.9502344,nan,nan,nan,nan,nan,nan,nan,nan,nan,nan,nan,nan
1753091694.9852445,nan,nan,nan,nan,nan,nan,nan,nan,nan,nan,nan,nan
1753091695.0203068,nan,nan,nan,nan,nan,nan,nan,nan,nan,nan,nan,nan
1753091695.0543065,nan,nan,nan,nan,nan,nan,nan,nan,nan,nan,nan,nan
1753091695.088842,nan,nan,nan,nan,nan,nan,nan,nan,nan,nan,nan,nan
1753091695.1248436,nan,nan,nan,nan,nan,nan,nan,nan,nan,nan,nan,nan
1753091695.1588483,nan,nan,nan,nan,nan,nan,nan,nan,nan,nan,nan,nan
1753091695.1923976,nan,nan,nan,nan,nan,nan,nan,nan,nan,nan,nan,nan
1753091695.240397,nan,nan,nan,nan,nan,nan,nan,nan,nan,nan,nan,nan
1753091695.2895384,nan,nan,nan,nan,nan,nan,nan,nan,nan,nan,nan,nan
1753091695.340539,nan,nan,nan,nan,nan,nan,nan,nan,nan,nan,nan,nan
1753091695.3745482,nan,nan,nan,nan,nan,nan,nan,nan,nan,nan,nan,nan
1753091695.4090557,nan,nan,nan,nan,nan,nan,nan,nan,nan,nan,nan,nan
1753091695.4440546,nan,nan,nan,nan,nan,nan,nan,nan,nan,nan,nan,nan
1753091695.4760616,nan,nan,nan,nan,nan,nan,nan,nan,nan,nan,nan,nan
1753091695.5085769,nan,nan,nan,nan,nan,nan,nan,nan,nan,nan,nan,nan
1753091695.5425801,nan,nan,nan,nan,nan,nan,nan,nan,nan,nan,nan,nan
1753091695.574581,nan,nan,nan,nan,nan,nan,nan,nan,nan,nan,nan,nan
1753091695.6088107,nan,nan,nan,nan,nan,nan,nan,nan,nan,nan,nan,nan
1753091695.6438031,nan,nan,nan,nan,nan,nan,nan,nan,nan,nan,nan,nan
1753091695.6768012,nan,nan,nan,nan,nan,nan,nan,nan,nan,nan,nan,nan
1753091695.7113185,nan,nan,nan,nan,nan,nan,nan,nan,nan,nan,nan,nan
1753091695.7453153,nan,nan,nan,nan,nan,nan,nan,nan,nan,nan,nan,nan
1753091695.7793252,nan,nan,nan,nan,nan,nan,nan,nan,nan,nan,nan,nan
1753091695.81384,nan,nan,nan,nan,nan,nan,nan,nan,nan,nan,nan,nan
1753091695.8508403,nan,nan,nan,nan,nan,nan,nan,nan,nan,nan,nan,nan
1753091695.8868673,nan,nan,nan,nan,nan,nan,nan,nan,nan,nan,nan,nan
1753091695.9192767,nan,nan,nan,nan,nan,nan,nan,nan,nan,nan,nan,nan
1753091695.9542782,nan,nan,nan,nan,nan,nan,nan,nan,nan,nan,nan,nan
1753091695.9888096,nan,nan,nan,nan,nan,nan,nan,nan,nan,nan,nan,nan
1753091696.0258076,nan,nan,nan,nan,nan,nan,nan,nan,nan,nan,nan,nan
1753091696.057813,nan,nan,nan,nan,nan,nan,nan,nan,nan,nan,nan,nan
1753091696.092923,nan,nan,nan,nan,nan,nan,nan,nan,nan,nan,nan,nan
1753091696.129921,nan,nan,nan,nan,nan,nan,nan,nan,nan,nan,nan,nan
1753091696.163921,nan,nan,nan,nan,nan,nan,nan,nan,nan,nan,nan,nan
1753091696.1970367,nan,nan,nan,nan,nan,nan,nan,nan,nan,nan,nan,nan
1753091696.2310362,nan,nan,nan,nan,nan,nan,nan,nan,nan,nan,nan,nan
1753091696.2650344,nan,nan,nan,nan,nan,nan,nan,nan,nan,nan,nan,nan
1753091696.2981873,nan,nan,nan,nan,nan,nan,nan,nan,nan,nan,nan,nan
1753091696.330187,nan,nan,nan,nan,nan,nan,nan,nan,nan,nan,nan,nan
1753091696.3771975,nan,nan,nan,nan,nan,nan,nan,nan,nan,nan,nan,nan
1753091696.426706,nan,nan,nan,nan,nan,nan,nan,nan,nan,nan,nan,nan
1753091696.4857216,nan,nan,nan,nan,nan,nan,nan,nan,nan,nan,nan,nan
1753091696.5482404,nan,nan,nan,nan,nan,nan,nan,nan,nan,nan,nan,nan
1753091696.6207652,nan,nan,nan,nan,nan,nan,nan,nan,nan,nan,nan,nan
1753091696.6748097,nan,nan,nan,nan,nan,nan,nan,nan,nan,nan,nan,nan
1753091696.726321,nan,nan,nan,nan,nan,nan,nan,nan,nan,nan,nan,nan
1753091696.7753246,nan,nan,nan,nan,nan,nan,nan,nan,nan,nan,nan,nan
1753091696.8264606,nan,nan,nan,nan,nan,nan,nan,nan,nan,nan,nan,nan
1753091696.8634639,nan,nan,nan,nan,nan,nan,nan,nan,nan,nan,nan,nan
1753091696.8976212,nan,nan,nan,nan,nan,nan,nan,nan,nan,nan,nan,nan
1753091696.9336295,nan,nan,nan,nan,nan,nan,nan,nan,nan,nan,nan,nan
1753091696.9686196,nan,nan,nan,nan,nan,nan,nan,nan,nan,nan,nan,nan
1753091697.0047212,nan,nan,nan,nan,nan,nan,nan,nan,nan,nan,nan,nan
1753091697.0387187,nan,nan,nan,nan,nan,nan,nan,nan,nan,nan,nan,nan
1753091697.0737286,nan,nan,nan,nan,nan,nan,nan,nan,nan,nan,nan,nan
1753091697.1102467,nan,nan,nan,nan,nan,nan,nan,nan,nan,nan,nan,nan
1753091697.1742666,nan,nan,nan,nan,nan,nan,nan,nan,nan,nan,nan,nan
1753091697.2227747,nan,nan,nan,nan,nan,nan,nan,nan,nan,nan,nan,nan
1753091697.2717783,nan,nan,nan,nan,nan,nan,nan,nan,nan,nan,nan,nan
1753091697.3062954,nan,nan,nan,nan,nan,nan,nan,nan,nan,nan,nan,nan
1753091697.3612943,nan,nan,nan,nan,nan,nan,nan,nan,nan,nan,nan,nan
1753091697.393839,nan,nan,nan,nan,nan,nan,nan,nan,nan,nan,nan,nan
1753091697.4268405,nan,nan,nan,nan,nan,nan,nan,nan,nan,nan,nan,nan
1753091697.4798443,nan,nan,nan,nan,nan,nan,nan,nan,nan,nan,nan,nan
1753091697.5299165,nan,nan,nan,nan,nan,nan,nan,nan,nan,nan,nan,nan
1753091697.5809376,nan,nan,nan,nan,nan,nan,nan,nan,nan,nan,nan,nan
1753091697.6331735,nan,nan,nan,nan,nan,nan,nan,nan,nan,nan,nan,nan
1753091697.683182,nan,nan,nan,nan,nan,nan,nan,nan,nan,nan,nan,nan
1753091697.7156937,nan,nan,nan,nan,nan,nan,nan,nan,nan,nan,nan,nan
1753091697.7516973,nan,nan,nan,nan,nan,nan,nan,nan,nan,nan,nan,nan
1753091697.785701,nan,nan,nan,nan,nan,nan,nan,nan,nan,nan,nan,nan
1753091697.8222165,nan,nan,nan,nan,nan,nan,nan,nan,nan,nan,nan,nan
1753091697.873215,nan,nan,nan,nan,nan,nan,nan,nan,nan,nan,nan,nan
1753091697.9074194,nan,nan,nan,nan,nan,nan,nan,nan,nan,nan,nan,nan
1753091697.944424,nan,nan,nan,nan,nan,nan,nan,nan,nan,nan,nan,nan
1753091697.981574,nan,nan,nan,nan,nan,nan,nan,nan,nan,nan,nan,nan
1753091698.0150852,nan,nan,nan,nan,nan,nan,nan,nan,nan,nan,nan,nan
1753091698.0490825,nan,nan,nan,nan,nan,nan,nan,nan,nan,nan,nan,nan
1753091698.083092,nan,nan,nan,nan,nan,nan,nan,nan,nan,nan,nan,nan
1753091698.1216063,nan,nan,nan,nan,nan,nan,nan,nan,nan,nan,nan,nan
1753091698.1566057,nan,nan,nan,nan,nan,nan,nan,nan,nan,nan,nan,nan
1753091698.1901531,nan,nan,nan,nan,nan,nan,nan,nan,nan,nan,nan,nan
1753091698.2261555,nan,nan,nan,nan,nan,nan,nan,nan,nan,nan,nan,nan
1753091698.2691555,nan,nan,nan,nan,nan,nan,nan,nan,nan,nan,nan,nan
1753091698.3095665,nan,nan,nan,nan,nan,nan,nan,nan,nan,nan,nan,nan
1753091698.349563,nan,nan,nan,nan,nan,nan,nan,nan,nan,nan,nan,nan
1753091698.3880897,nan,nan,nan,nan,nan,nan,nan,nan,nan,nan,nan,nan
1753091698.424098,nan,nan,nan,nan,nan,nan,nan,nan,nan,nan,nan,nan
1753091698.4590995,nan,nan,nan,nan,nan,nan,nan,nan,nan,nan,nan,nan
1753091698.4911628,nan,nan,nan,nan,nan,nan,nan,nan,nan,nan,nan,nan
1753091698.5281649,nan,nan,nan,nan,nan,nan,nan,nan,nan,nan,nan,nan
1753091698.5621657,nan,nan,nan,nan,nan,nan,nan,nan,nan,nan,nan,nan
1753091698.5972927,nan,nan,nan,nan,nan,nan,nan,nan,nan,nan,nan,nan
1753091698.6302848,nan,nan,nan,nan,nan,nan,nan,nan,nan,nan,nan,nan
1753091698.667285,nan,nan,nan,nan,nan,nan,nan,nan,nan,nan,nan,nan
1753091698.7008145,nan,nan,nan,nan,nan,nan,nan,nan,nan,nan,nan,nan
1753091698.734823,nan,nan,nan,nan,nan,nan,nan,nan,nan,nan,nan,nan
1753091698.7708154,nan,nan,nan,nan,nan,nan,nan,nan,nan,nan,nan,nan
1753091698.80636,nan,nan,nan,nan,nan,nan,nan,nan,nan,nan,nan,nan
1753091698.8433564,nan,nan,nan,nan,nan,nan,nan,nan,nan,nan,nan,nan
1753091698.8803654,nan,nan,nan,nan,nan,nan,nan,nan,nan,nan,nan,nan
1753091698.9148755,nan,nan,nan,nan,nan,nan,nan,nan,nan,nan,nan,nan
1753091698.9478772,nan,nan,nan,nan,nan,nan,nan,nan,nan,nan,nan,nan
1753091698.9828792,nan,nan,nan,nan,nan,nan,nan,nan,nan,nan,nan,nan
1753091699.0183883,nan,nan,nan,nan,nan,nan,nan,nan,nan,nan,nan,nan
1753091699.0553977,nan,nan,nan,nan,nan,nan,nan,nan,nan,nan,nan,nan
1753091699.087397,nan,nan,nan,nan,nan,nan,nan,nan,nan,nan,nan,nan
1753091699.121908,nan,nan,nan,nan,nan,nan,nan,nan,nan,nan,nan,nan
1753091699.1559067,nan,nan,nan,nan,nan,nan,nan,nan,nan,nan,nan,nan
1753091699.192428,nan,nan,nan,nan,nan,nan,nan,nan,nan,nan,nan,nan
1753091699.2264283,nan,nan,nan,nan,nan,nan,nan,nan,nan,nan,nan,nan
1753091699.2584271,nan,nan,nan,nan,nan,nan,nan,nan,nan,nan,nan,nan
1753091699.290964,nan,nan,nan,nan,nan,nan,nan,nan,nan,nan,nan,nan
1753091699.3259566,nan,nan,nan,nan,nan,nan,nan,nan,nan,nan,nan,nan
1753091699.3599558,nan,nan,nan,nan,nan,nan,nan,nan,nan,nan,nan,nan
1753091699.392481,nan,nan,nan,nan,nan,nan,nan,nan,nan,nan,nan,nan
1753091699.4264805,nan,nan,nan,nan,nan,nan,nan,nan,nan,nan,nan,nan
1753091699.4574814,nan,nan,nan,nan,nan,nan,nan,nan,nan,nan,nan,nan
1753091699.4907346,nan,nan,nan,nan,nan,nan,nan,nan,nan,nan,nan,nan
1753091699.5247314,nan,nan,nan,nan,nan,nan,nan,nan,nan,nan,nan,nan
1753091699.5587332,nan,nan,nan,nan,nan,nan,nan,nan,nan,nan,nan,nan
1753091699.5928578,nan,nan,nan,nan,nan,nan,nan,nan,nan,nan,nan,nan
1753091699.6248581,nan,nan,nan,nan,nan,nan,nan,nan,nan,nan,nan,nan
1753091699.6578588,nan,nan,nan,nan,nan,nan,nan,nan,nan,nan,nan,nan
1753091699.692186,nan,nan,nan,nan,nan,nan,nan,nan,nan,nan,nan,nan
1753091699.7411828,nan,nan,nan,nan,nan,nan,nan,nan,nan,nan,nan,nan
1753091699.7923238,nan,nan,nan,nan,nan,nan,nan,nan,nan,nan,nan,nan
1753091699.827339,nan,nan,nan,nan,nan,nan,nan,nan,nan,nan,nan,nan
1753091699.8623238,nan,nan,nan,nan,nan,nan,nan,nan,nan,nan,nan,nan
1753091699.8958468,nan,nan,nan,nan,nan,nan,nan,nan,nan,nan,nan,nan
1753091699.9298446,nan,nan,nan,nan,nan,nan,nan,nan,nan,nan,nan,nan
1753091699.9628491,nan,nan,nan,nan,nan,nan,nan,nan,nan,nan,nan,nan
1753091699.9963593,nan,nan,nan,nan,nan,nan,nan,nan,nan,nan,nan,nan
1753091700.036362,nan,nan,nan,nan,nan,nan,nan,nan,nan,nan,nan,nan
1753091700.072361,nan,nan,nan,nan,nan,nan,nan,nan,nan,nan,nan,nan
1753091700.1096916,nan,nan,nan,nan,nan,nan,nan,nan,nan,nan,nan,nan
1753091700.1416912,nan,nan,nan,nan,nan,nan,nan,nan,nan,nan,nan,nan
1753091700.1776989,nan,nan,nan,nan,nan,nan,nan,nan,nan,nan,nan,nan
1753091700.211855,nan,nan,nan,nan,nan,nan,nan,nan,nan,nan,nan,nan
1753091700.2468562,nan,nan,nan,nan,nan,nan,nan,nan,nan,nan,nan,nan
1753091700.280862,nan,nan,nan,nan,nan,nan,nan,nan,nan,nan,nan,nan
1753091700.3133726,nan,nan,nan,nan,nan,nan,nan,nan,nan,nan,nan,nan
1753091700.3453712,nan,nan,nan,nan,nan,nan,nan,nan,nan,nan,nan,nan
1753091700.3773842,nan,nan,nan,nan,nan,nan,nan,nan,nan,nan,nan,nan
1753091700.4128938,nan,nan,nan,nan,nan,nan,nan,nan,nan,nan,nan,nan
1753091700.4468915,nan,nan,nan,nan,nan,nan,nan,nan,nan,nan,nan,nan
1753091700.4799035,nan,nan,nan,nan,nan,nan,nan,nan,nan,nan,nan,nan
1753091700.5134141,nan,nan,nan,nan,nan,nan,nan,nan,nan,nan,nan,nan
1753091700.547415,nan,nan,nan,nan,nan,nan,nan,nan,nan,nan,nan,nan
1753091700.596542,nan,nan,nan,nan,nan,nan,nan,nan,nan,nan,nan,nan
1753091700.6485438,nan,nan,nan,nan,nan,nan,nan,nan,nan,nan,nan,nan
1753091700.6980894,nan,nan,nan,nan,nan,nan,nan,nan,nan,nan,nan,nan
1753091700.7470906,nan,nan,nan,nan,nan,nan,nan,nan,nan,nan,nan,nan
1753091700.7830942,nan,nan,nan,nan,nan,nan,nan,nan,nan,nan,nan,nan
1753091700.8326137,nan,nan,nan,nan,nan,nan,nan,nan,nan,nan,nan,nan
1753091700.8696034,nan,nan,nan,nan,nan,nan,nan,nan,nan,nan,nan,nan
1753091700.902834,nan,nan,nan,nan,nan,nan,nan,nan,nan,nan,nan,nan
1753091700.9348335,nan,nan,nan,nan,nan,nan,nan,nan,nan,nan,nan,nan
1753091700.9688334,nan,nan,nan,nan,nan,nan,nan,nan,nan,nan,nan,nan
1753091701.0043776,nan,nan,nan,nan,nan,nan,nan,nan,nan,nan,nan,nan
1753091701.0433748,nan,nan,nan,nan,nan,nan,nan,nan,nan,nan,nan,nan
1753091701.0793843,nan,nan,nan,nan,nan,nan,nan,nan,nan,nan,nan,nan
1753091701.1159043,nan,nan,nan,nan,nan,nan,nan,nan,nan,nan,nan,nan
1753091701.1529,nan,nan,nan,nan,nan,nan,nan,nan,nan,nan,nan,nan
1753091701.1879125,nan,nan,nan,nan,nan,nan,nan,nan,nan,nan,nan,nan
1753091701.2229488,nan,nan,nan,nan,nan,nan,nan,nan,nan,nan,nan,nan
1753091701.2559483,nan,nan,nan,nan,nan,nan,nan,nan,nan,nan,nan,nan
1753091701.2922492,nan,nan,nan,nan,nan,nan,nan,nan,nan,nan,nan,nan
1753091701.328247,nan,nan,nan,nan,nan,nan,nan,nan,nan,nan,nan,nan
1753091701.3632464,nan,nan,nan,nan,nan,nan,nan,nan,nan,nan,nan,nan
1753091701.4013453,nan,nan,nan,nan,nan,nan,nan,nan,nan,nan,nan,nan
1753091701.4343507,nan,nan,nan,nan,nan,nan,nan,nan,nan,nan,nan,nan
1753091701.4683545,nan,nan,nan,nan,nan,nan,nan,nan,nan,nan,nan,nan
1753091701.5013802,nan,nan,nan,nan,nan,nan,nan,nan,nan,nan,nan,nan
1753091701.5353734,nan,nan,nan,nan,nan,nan,nan,nan,nan,nan,nan,nan
1753091701.568382,nan,nan,nan,nan,nan,nan,nan,nan,nan,nan,nan,nan
1753091701.600949,nan,nan,nan,nan,nan,nan,nan,nan,nan,nan,nan,nan
1753091701.635951,nan,nan,nan,nan,nan,nan,nan,nan,nan,nan,nan,nan
1753091701.674951,nan,nan,nan,nan,nan,nan,nan,nan,nan,nan,nan,nan
1753091701.7154875,nan,nan,nan,nan,nan,nan,nan,nan,nan,nan,nan,nan
1753091701.7534862,nan,nan,nan,nan,nan,nan,nan,nan,nan,nan,nan,nan
1753091701.7936482,nan,nan,nan,nan,nan,nan,nan,nan,nan,nan,nan,nan
1753091701.828649,nan,nan,nan,nan,nan,nan,nan,nan,nan,nan,nan,nan
1753091701.862645,nan,nan,nan,nan,nan,nan,nan,nan,nan,nan,nan,nan
1753091701.8977213,nan,nan,nan,nan,nan,nan,nan,nan,nan,nan,nan,nan
1753091701.9337234,nan,nan,nan,nan,nan,nan,nan,nan,nan,nan,nan,nan
1753091701.9657228,nan,nan,nan,nan,nan,nan,nan,nan,nan,nan,nan,nan
1753091701.998785,nan,nan,nan,nan,nan,nan,nan,nan,nan,nan,nan,nan
1753091702.0337827,nan,nan,nan,nan,nan,nan,nan,nan,nan,nan,nan,nan
1753091702.0667853,nan,nan,nan,nan,nan,nan,nan,nan,nan,nan,nan,nan
1753091702.1012986,nan,nan,nan,nan,nan,nan,nan,nan,nan,nan,nan,nan
1753091702.1352985,nan,nan,nan,nan,nan,nan,nan,nan,nan,nan,nan,nan
1753091702.1712983,nan,nan,nan,nan,nan,nan,nan,nan,nan,nan,nan,nan
1753091702.2128181,nan,nan,nan,nan,nan,nan,nan,nan,nan,nan,nan,nan
1753091702.2478204,nan,nan,nan,nan,nan,nan,nan,nan,nan,nan,nan,nan
1753091702.2818313,nan,nan,nan,nan,nan,nan,nan,nan,nan,nan,nan,nan
1753091702.3143418,nan,nan,nan,nan,nan,nan,nan,nan,nan,nan,nan,nan
1753091702.3533404,nan,nan,nan,nan,nan,nan,nan,nan,nan,nan,nan,nan
1753091702.3873477,nan,nan,nan,nan,nan,nan,nan,nan,nan,nan,nan,nan
1753091702.420869,nan,nan,nan,nan,nan,nan,nan,nan,nan,nan,nan,nan
1753091702.4538665,nan,nan,nan,nan,nan,nan,nan,nan,nan,nan,nan,nan
1753091702.4868727,nan,nan,nan,nan,nan,nan,nan,nan,nan,nan,nan,nan
1753091702.5211737,nan,nan,nan,nan,nan,nan,nan,nan,nan,nan,nan,nan
1753091702.5551713,nan,nan,nan,nan,nan,nan,nan,nan,nan,nan,nan,nan
1753091702.5881903,nan,nan,nan,nan,nan,nan,nan,nan,nan,nan,nan,nan
1753091702.6377053,nan,nan,nan,nan,nan,nan,nan,nan,nan,nan,nan,nan
1753091702.6717074,nan,nan,nan,nan,nan,nan,nan,nan,nan,nan,nan,nan
1753091702.7077935,nan,nan,nan,nan,nan,nan,nan,nan,nan,nan,nan,nan
1753091702.756799,nan,nan,nan,nan,nan,nan,nan,nan,nan,nan,nan,nan
1753091702.7923446,nan,nan,nan,nan,nan,nan,nan,nan,nan,nan,nan,nan
1753091702.8263564,nan,nan,nan,nan,nan,nan,nan,nan,nan,nan,nan,nan
1753091702.8593597,nan,nan,nan,nan,nan,nan,nan,nan,nan,nan,nan,nan
1753091702.8938744,nan,nan,nan,nan,nan,nan,nan,nan,nan,nan,nan,nan
1753091702.9468765,nan,nan,nan,nan,nan,nan,nan,nan,nan,nan,nan,nan
1753091702.9973977,nan,nan,nan,nan,nan,nan,nan,nan,nan,nan,nan,nan
1753091703.0533993,nan,nan,nan,nan,nan,nan,nan,nan,nan,nan,nan,nan
1753091703.1049228,nan,nan,nan,nan,nan,nan,nan,nan,nan,nan,nan,nan
1753091703.1539183,nan,nan,nan,nan,nan,nan,nan,nan,nan,nan,nan,nan
1753091703.2062435,nan,nan,nan,nan,nan,nan,nan,nan,nan,nan,nan,nan
1753091703.2582436,nan,nan,nan,nan,nan,nan,nan,nan,nan,nan,nan,nan
1753091703.3097548,nan,nan,nan,nan,nan,nan,nan,nan,nan,nan,nan,nan
1753091703.358756,nan,nan,nan,nan,nan,nan,nan,nan,nan,nan,nan,nan
1753091703.411274,nan,nan,nan,nan,nan,nan,nan,nan,nan,nan,nan,nan
1753091703.4602795,nan,nan,nan,nan,nan,nan,nan,nan,nan,nan,nan,nan
1753091703.509421,nan,nan,nan,nan,nan,nan,nan,nan,nan,nan,nan,nan
1753091703.5584226,nan,nan,nan,nan,nan,nan,nan,nan,nan,nan,nan,nan
1753091703.6075726,nan,nan,nan,nan,nan,nan,nan,nan,nan,nan,nan,nan
1753091703.6575704,nan,nan,nan,nan,nan,nan,nan,nan,nan,nan,nan,nan
1753091703.7076674,nan,nan,nan,nan,nan,nan,nan,nan,nan,nan,nan,nan
1753091703.7446668,nan,nan,nan,nan,nan,nan,nan,nan,nan,nan,nan,nan
1753091703.7786736,nan,nan,nan,nan,nan,nan,nan,nan,nan,nan,nan,nan
1753091703.8131855,nan,nan,nan,nan,nan,nan,nan,nan,nan,nan,nan,nan
1753091703.8501813,nan,nan,nan,nan,nan,nan,nan,nan,nan,nan,nan,nan
1753091703.8851938,nan,nan,nan,nan,nan,nan,nan,nan,nan,nan,nan,nan
1753091703.9186966,nan,nan,nan,nan,nan,nan,nan,nan,nan,nan,nan,nan
1753091703.9526954,nan,nan,nan,nan,nan,nan,nan,nan,nan,nan,nan,nan
1753091703.9867036,nan,nan,nan,nan,nan,nan,nan,nan,nan,nan,nan,nan
1753091704.0212271,nan,nan,nan,nan,nan,nan,nan,nan,nan,nan,nan,nan
1753091704.0572152,nan,nan,nan,nan,nan,nan,nan,nan,nan,nan,nan,nan
1753091704.0922213,nan,nan,nan,nan,nan,nan,nan,nan,nan,nan,nan,nan
1753091704.1324265,nan,nan,nan,nan,nan,nan,nan,nan,nan,nan,nan,nan
1753091704.1664217,nan,nan,nan,nan,nan,nan,nan,nan,nan,nan,nan,nan
1753091704.2007616,nan,nan,nan,nan,nan,nan,nan,nan,nan,nan,nan,nan
1753091704.2348733,nan,nan,nan,nan,nan,nan,nan,nan,nan,nan,nan,nan
1753091704.2709424,nan,nan,nan,nan,nan,nan,nan,nan,nan,nan,nan,nan
1753091704.3064697,nan,nan,nan,nan,nan,nan,nan,nan,nan,nan,nan,nan
1753091704.340459,nan,nan,nan,nan,nan,nan,nan,nan,nan,nan,nan,nan
1753091704.3744583,nan,nan,nan,nan,nan,nan,nan,nan,nan,nan,nan,nan
1753091704.4059837,nan,nan,nan,nan,nan,nan,nan,nan,nan,nan,nan,nan
1753091704.4389827,nan,nan,nan,nan,nan,nan,nan,nan,nan,nan,nan,nan
1753091704.4719853,nan,nan,nan,nan,nan,nan,nan,nan,nan,nan,nan,nan
1753091704.5054994,nan,nan,nan,nan,nan,nan,nan,nan,nan,nan,nan,nan
1753091704.540503,nan,nan,nan,nan,nan,nan,nan,nan,nan,nan,nan,nan
1753091704.5734997,nan,nan,nan,nan,nan,nan,nan,nan,nan,nan,nan,nan
1753091704.6126645,nan,nan,nan,nan,nan,nan,nan,nan,nan,nan,nan,nan
1753091704.6496675,nan,nan,nan,nan,nan,nan,nan,nan,nan,nan,nan,nan
1753091704.6836708,nan,nan,nan,nan,nan,nan,nan,nan,nan,nan,nan,nan
1753091704.7171822,nan,nan,nan,nan,nan,nan,nan,nan,nan,nan,nan,nan
1753091704.7511826,nan,nan,nan,nan,nan,nan,nan,nan,nan,nan,nan,nan
1753091704.7871957,nan,nan,nan,nan,nan,nan,nan,nan,nan,nan,nan,nan
1753091704.8207085,nan,nan,nan,nan,nan,nan,nan,nan,nan,nan,nan,nan
1753091704.8527105,nan,nan,nan,nan,nan,nan,nan,nan,nan,nan,nan,nan
1753091704.888732,nan,nan,nan,nan,nan,nan,nan,nan,nan,nan,nan,nan
1753091704.9222436,nan,nan,nan,nan,nan,nan,nan,nan,nan,nan,nan,nan
1753091704.9552436,nan,nan,nan,nan,nan,nan,nan,nan,nan,nan,nan,nan
1753091704.9912567,nan,nan,nan,nan,nan,nan,nan,nan,nan,nan,nan,nan
1753091705.0247757,nan,nan,nan,nan,nan,nan,nan,nan,nan,nan,nan,nan
1753091705.0597742,nan,nan,nan,nan,nan,nan,nan,nan,nan,nan,nan,nan
1753091705.0917833,nan,nan,nan,nan,nan,nan,nan,nan,nan,nan,nan,nan
1753091705.1252987,nan,nan,nan,nan,nan,nan,nan,nan,nan,nan,nan,nan
1753091705.1753004,nan,nan,nan,nan,nan,nan,nan,nan,nan,nan,nan,nan
1753091705.2094197,nan,nan,nan,nan,nan,nan,nan,nan,nan,nan,nan,nan
1753091705.2444186,nan,nan,nan,nan,nan,nan,nan,nan,nan,nan,nan,nan
1753091705.2794197,nan,nan,nan,nan,nan,nan,nan,nan,nan,nan,nan,nan
1753091705.3129382,nan,nan,nan,nan,nan,nan,nan,nan,nan,nan,nan,nan
1753091705.3459392,nan,nan,nan,nan,nan,nan,nan,nan,nan,nan,nan,nan
1753091705.3829474,nan,nan,nan,nan,nan,nan,nan,nan,nan,nan,nan,nan
1753091705.4244683,nan,nan,nan,nan,nan,nan,nan,nan,nan,nan,nan,nan
1753091705.467468,nan,nan,nan,nan,nan,nan,nan,nan,nan,nan,nan,nan
1753091705.5088627,nan,nan,nan,nan,nan,nan,nan,nan,nan,nan,nan,nan
1753091705.5478625,nan,nan,nan,nan,nan,nan,nan,nan,nan,nan,nan,nan
1753091705.5838661,nan,nan,nan,nan,nan,nan,nan,nan,nan,nan,nan,nan
1753091705.6163805,nan,nan,nan,nan,nan,nan,nan,nan,nan,nan,nan,nan
1753091705.6483788,nan,nan,nan,nan,nan,nan,nan,nan,nan,nan,nan,nan
1753091705.6813881,nan,nan,nan,nan,nan,nan,nan,nan,nan,nan,nan,nan
1753091705.718545,nan,nan,nan,nan,nan,nan,nan,nan,nan,nan,nan,nan
1753091705.7525444,nan,nan,nan,nan,nan,nan,nan,nan,nan,nan,nan,nan
1753091705.7885544,nan,nan,nan,nan,nan,nan,nan,nan,nan,nan,nan,nan
1753091705.8247337,nan,nan,nan,nan,nan,nan,nan,nan,nan,nan,nan,nan
1753091705.8597333,nan,nan,nan,nan,nan,nan,nan,nan,nan,nan,nan,nan
1753091705.8937366,nan,nan,nan,nan,nan,nan,nan,nan,nan,nan,nan,nan
1753091705.9300504,nan,nan,nan,nan,nan,nan,nan,nan,nan,nan,nan,nan
1753091705.9660447,nan,nan,nan,nan,nan,nan,nan,nan,nan,nan,nan,nan
1753091705.9995646,nan,nan,nan,nan,nan,nan,nan,nan,nan,nan,nan,nan
1753091706.0355592,nan,nan,nan,nan,nan,nan,nan,nan,nan,nan,nan,nan
1753091706.0685601,nan,nan,nan,nan,nan,nan,nan,nan,nan,nan,nan,nan
1753091706.1026478,nan,nan,nan,nan,nan,nan,nan,nan,nan,nan,nan,nan
1753091706.1396434,nan,nan,nan,nan,nan,nan,nan,nan,nan,nan,nan,nan
1753091706.174647,nan,nan,nan,nan,nan,nan,nan,nan,nan,nan,nan,nan
1753091706.2101636,nan,nan,nan,nan,nan,nan,nan,nan,nan,nan,nan,nan
1753091706.2471616,nan,nan,nan,nan,nan,nan,nan,nan,nan,nan,nan,nan
1753091706.2831693,nan,nan,nan,nan,nan,nan,nan,nan,nan,nan,nan,nan
1753091706.3146732,nan,nan,nan,nan,nan,nan,nan,nan,nan,nan,nan,nan
1753091706.3496768,nan,nan,nan,nan,nan,nan,nan,nan,nan,nan,nan,nan
1753091706.382678,nan,nan,nan,nan,nan,nan,nan,nan,nan,nan,nan,nan
1753091706.4161856,nan,nan,nan,nan,nan,nan,nan,nan,nan,nan,nan,nan
1753091706.4521868,nan,nan,nan,nan,nan,nan,nan,nan,nan,nan,nan,nan
1753091706.4841948,nan,nan,nan,nan,nan,nan,nan,nan,nan,nan,nan,nan
1753091706.5167048,nan,nan,nan,nan,nan,nan,nan,nan,nan,nan,nan,nan
1753091706.5517058,nan,nan,nan,nan,nan,nan,nan,nan,nan,nan,nan,nan
1753091706.5877142,nan,nan,nan,nan,nan,nan,nan,nan,nan,nan,nan,nan
1753091706.619221,nan,nan,nan,nan,nan,nan,nan,nan,nan,nan,nan,nan
1753091706.6522212,nan,nan,nan,nan,nan,nan,nan,nan,nan,nan,nan,nan
1753091706.6842425,nan,nan,nan,nan,nan,nan,nan,nan,nan,nan,nan,nan
1753091706.7187538,nan,nan,nan,nan,nan,nan,nan,nan,nan,nan,nan,nan
1753091706.7517533,nan,nan,nan,nan,nan,nan,nan,nan,nan,nan,nan,nan
1753091706.7847588,nan,nan,nan,nan,nan,nan,nan,nan,nan,nan,nan,nan
1753091706.8202717,nan,nan,nan,nan,nan,nan,nan,nan,nan,nan,nan,nan
1753091706.8532784,nan,nan,nan,nan,nan,nan,nan,nan,nan,nan,nan,nan
1753091706.888281,nan,nan,nan,nan,nan,nan,nan,nan,nan,nan,nan,nan
1753091706.921548,nan,nan,nan,nan,nan,nan,nan,nan,nan,nan,nan,nan
1753091706.9555492,nan,nan,nan,nan,nan,nan,nan,nan,nan,nan,nan,nan
1753091706.9885619,nan,nan,nan,nan,nan,nan,nan,nan,nan,nan,nan,nan
1753091707.0230691,nan,nan,nan,nan,nan,nan,nan,nan,nan,nan,nan,nan
1753091707.0560668,nan,nan,nan,nan,nan,nan,nan,nan,nan,nan,nan,nan
1753091707.0890737,nan,nan,nan,nan,nan,nan,nan,nan,nan,nan,nan,nan
1753091707.1245842,nan,nan,nan,nan,nan,nan,nan,nan,nan,nan,nan,nan
1753091707.158602,nan,nan,nan,nan,nan,nan,nan,nan,nan,nan,nan,nan
1753091707.1936,nan,nan,nan,nan,nan,nan,nan,nan,nan,nan,nan,nan
1753091707.2287245,nan,nan,nan,nan,nan,nan,nan,nan,nan,nan,nan,nan
1753091707.2657225,nan,nan,nan,nan,nan,nan,nan,nan,nan,nan,nan,nan
1753091707.3007867,nan,nan,nan,nan,nan,nan,nan,nan,nan,nan,nan,nan
1753091707.334787,nan,nan,nan,nan,nan,nan,nan,nan,nan,nan,nan,nan
1753091707.3677893,nan,nan,nan,nan,nan,nan,nan,nan,nan,nan,nan,nan
1753091707.4170408,nan,nan,nan,nan,nan,nan,nan,nan,nan,nan,nan,nan
1753091707.4500415,nan,nan,nan,nan,nan,nan,nan,nan,nan,nan,nan,nan
1753091707.486048,nan,nan,nan,nan,nan,nan,nan,nan,nan,nan,nan,nan
1753091707.5205653,nan,nan,nan,nan,nan,nan,nan,nan,nan,nan,nan,nan
1753091707.5525608,nan,nan,nan,nan,nan,nan,nan,nan,nan,nan,nan,nan
1753091707.5865746,nan,nan,nan,nan,nan,nan,nan,nan,nan,nan,nan,nan
1753091707.6220832,nan,nan,nan,nan,nan,nan,nan,nan,nan,nan,nan,nan
1753091707.6560864,nan,nan,nan,nan,nan,nan,nan,nan,nan,nan,nan,nan
1753091707.6900873,nan,nan,nan,nan,nan,nan,nan,nan,nan,nan,nan,nan
1753091707.7234385,nan,nan,nan,nan,nan,nan,nan,nan,nan,nan,nan,nan
1753091707.759445,nan,nan,nan,nan,nan,nan,nan,nan,nan,nan,nan,nan
1753091707.795449,nan,nan,nan,nan,nan,nan,nan,nan,nan,nan,nan,nan
1753091707.830974,nan,nan,nan,nan,nan,nan,nan,nan,nan,nan,nan,nan
1753091707.8669689,nan,nan,nan,nan,nan,nan,nan,nan,nan,nan,nan,nan
1753091707.9020383,nan,nan,nan,nan,nan,nan,nan,nan,nan,nan,nan,nan
1753091707.9400406,nan,nan,nan,nan,nan,nan,nan,nan,nan,nan,nan,nan
1753091707.9750383,nan,nan,nan,nan,nan,nan,nan,nan,nan,nan,nan,nan
1753091708.009557,nan,nan,nan,nan,nan,nan,nan,nan,nan,nan,nan,nan
1753091708.0455563,nan,nan,nan,nan,nan,nan,nan,nan,nan,nan,nan,nan
1753091708.082569,nan,nan,nan,nan,nan,nan,nan,nan,nan,nan,nan,nan
1753091708.1180806,nan,nan,nan,nan,nan,nan,nan,nan,nan,nan,nan,nan
1753091708.15609,nan,nan,nan,nan,nan,nan,nan,nan,nan,nan,nan,nan
1753091708.1890836,nan,nan,nan,nan,nan,nan,nan,nan,nan,nan,nan,nan
1753091708.2234354,nan,nan,nan,nan,nan,nan,nan,nan,nan,nan,nan,nan
1753091708.259444,nan,nan,nan,nan,nan,nan,nan,nan,nan,nan,nan,nan
1753091708.2944374,nan,nan,nan,nan,nan,nan,nan,nan,nan,nan,nan,nan
1753091708.3299527,nan,nan,nan,nan,nan,nan,nan,nan,nan,nan,nan,nan
1753091708.363953,nan,nan,nan,nan,nan,nan,nan,nan,nan,nan,nan,nan
1753091708.3974686,nan,nan,nan,nan,nan,nan,nan,nan,nan,nan,nan,nan
1753091708.4314768,nan,nan,nan,nan,nan,nan,nan,nan,nan,nan,nan,nan
1753091708.4664764,nan,nan,nan,nan,nan,nan,nan,nan,nan,nan,nan,nan
1753091708.5009973,nan,nan,nan,nan,nan,nan,nan,nan,nan,nan,nan,nan
1753091708.5389946,nan,nan,nan,nan,nan,nan,nan,nan,nan,nan,nan,nan
1753091708.579995,nan,nan,nan,nan,nan,nan,nan,nan,nan,nan,nan,nan
1753091708.6135104,nan,nan,nan,nan,nan,nan,nan,nan,nan,nan,nan,nan
1753091708.6475117,nan,nan,nan,nan,nan,nan,nan,nan,nan,nan,nan,nan
1753091708.6845207,nan,nan,nan,nan,nan,nan,nan,nan,nan,nan,nan,nan
1753091708.7190332,nan,nan,nan,nan,nan,nan,nan,nan,nan,nan,nan,nan
1753091708.7520328,nan,nan,nan,nan,nan,nan,nan,nan,nan,nan,nan,nan
1753091708.786037,nan,nan,nan,nan,nan,nan,nan,nan,nan,nan,nan,nan
1753091708.8181696,nan,nan,nan,nan,nan,nan,nan,nan,nan,nan,nan,nan
1753091708.8511672,nan,nan,nan,nan,nan,nan,nan,nan,nan,nan,nan,nan
1753091708.8861678,nan,nan,nan,nan,nan,nan,nan,nan,nan,nan,nan,nan
1753091708.9216812,nan,nan,nan,nan,nan,nan,nan,nan,nan,nan,nan,nan
1753091708.958685,nan,nan,nan,nan,nan,nan,nan,nan,nan,nan,nan,nan
1753091708.9926863,nan,nan,nan,nan,nan,nan,nan,nan,nan,nan,nan,nan
1753091709.0261958,nan,nan,nan,nan,nan,nan,nan,nan,nan,nan,nan,nan
1753091709.0772014,nan,nan,nan,nan,nan,nan,nan,nan,nan,nan,nan,nan
1753091709.1307173,nan,nan,nan,nan,nan,nan,nan,nan,nan,nan,nan,nan
1753091709.1637115,nan,nan,nan,nan,nan,nan,nan,nan,nan,nan,nan,nan
1753091709.1972232,nan,nan,nan,nan,nan,nan,nan,nan,nan,nan,nan,nan
1753091709.2312315,nan,nan,nan,nan,nan,nan,nan,nan,nan,nan,nan,nan
1753091709.2662308,nan,nan,nan,nan,nan,nan,nan,nan,nan,nan,nan,nan
1753091709.3004115,nan,nan,nan,nan,nan,nan,nan,nan,nan,nan,nan,nan
1753091709.3344135,nan,nan,nan,nan,nan,nan,nan,nan,nan,nan,nan,nan
1753091709.3674135,nan,nan,nan,nan,nan,nan,nan,nan,nan,nan,nan,nan
1753091709.4009235,nan,nan,nan,nan,nan,nan,nan,nan,nan,nan,nan,nan
1753091709.4389246,nan,nan,nan,nan,nan,nan,nan,nan,nan,nan,nan,nan
1753091709.4769254,nan,nan,nan,nan,nan,nan,nan,nan,nan,nan,nan,nan
1753091709.5204475,nan,nan,nan,nan,nan,nan,nan,nan,nan,nan,nan,nan
1753091709.5574481,nan,nan,nan,nan,nan,nan,nan,nan,nan,nan,nan,nan
1753091709.5924542,nan,nan,nan,nan,nan,nan,nan,nan,nan,nan,nan,nan
1753091709.641964,nan,nan,nan,nan,nan,nan,nan,nan,nan,nan,nan,nan
1753091709.6759684,nan,nan,nan,nan,nan,nan,nan,nan,nan,nan,nan,nan
1753091709.7094822,nan,nan,nan,nan,nan,nan,nan,nan,nan,nan,nan,nan
1753091709.7454917,nan,nan,nan,nan,nan,nan,nan,nan,nan,nan,nan,nan
1753091709.7934897,nan,nan,nan,nan,nan,nan,nan,nan,nan,nan,nan,nan
1753091709.8266978,nan,nan,nan,nan,nan,nan,nan,nan,nan,nan,nan,nan
1753091709.8596969,nan,nan,nan,nan,nan,nan,nan,nan,nan,nan,nan,nan
1753091709.8947062,nan,nan,nan,nan,nan,nan,nan,nan,nan,nan,nan,nan
1753091709.9297395,nan,nan,nan,nan,nan,nan,nan,nan,nan,nan,nan,nan
1753091709.96274,nan,nan,nan,nan,nan,nan,nan,nan,nan,nan,nan,nan
1753091709.9967437,nan,nan,nan,nan,nan,nan,nan,nan,nan,nan,nan,nan
1753091710.031919,nan,nan,nan,nan,nan,nan,nan,nan,nan,nan,nan,nan
1753091710.0649161,nan,nan,nan,nan,nan,nan,nan,nan,nan,nan,nan,nan
1753091710.100164,nan,nan,nan,nan,nan,nan,nan,nan,nan,nan,nan,nan
1753091710.1331627,nan,nan,nan,nan,nan,nan,nan,nan,nan,nan,nan,nan
1753091710.1661627,nan,nan,nan,nan,nan,nan,nan,nan,nan,nan,nan,nan
1753091710.1996999,nan,nan,nan,nan,nan,nan,nan,nan,nan,nan,nan,nan
1753091710.2336957,nan,nan,nan,nan,nan,nan,nan,nan,nan,nan,nan,nan
1753091710.2676978,nan,nan,nan,nan,nan,nan,nan,nan,nan,nan,nan,nan
1753091710.3062198,nan,nan,nan,nan,nan,nan,nan,nan,nan,nan,nan,nan
1753091710.3422158,nan,nan,nan,nan,nan,nan,nan,nan,nan,nan,nan,nan
1753091710.3792176,nan,nan,nan,nan,nan,nan,nan,nan,nan,nan,nan,nan
1753091710.413328,nan,nan,nan,nan,nan,nan,nan,nan,nan,nan,nan,nan
1753091710.4473257,nan,nan,nan,nan,nan,nan,nan,nan,nan,nan,nan,nan
1753091710.4823244,nan,nan,nan,nan,nan,nan,nan,nan,nan,nan,nan,nan
1753091710.5154126,nan,nan,nan,nan,nan,nan,nan,nan,nan,nan,nan,nan
1753091710.549412,nan,nan,nan,nan,nan,nan,nan,nan,nan,nan,nan,nan
1753091710.5824118,nan,nan,nan,nan,nan,nan,nan,nan,nan,nan,nan,nan
1753091710.6169317,nan,nan,nan,nan,nan,nan,nan,nan,nan,nan,nan,nan
1753091710.6509254,nan,nan,nan,nan,nan,nan,nan,nan,nan,nan,nan,nan
1753091710.6859276,nan,nan,nan,nan,nan,nan,nan,nan,nan,nan,nan,nan
1753091710.7184355,nan,nan,nan,nan,nan,nan,nan,nan,nan,nan,nan,nan
1753091710.7534363,nan,nan,nan,nan,nan,nan,nan,nan,nan,nan,nan,nan
1753091710.7894447,nan,nan,nan,nan,nan,nan,nan,nan,nan,nan,nan,nan
1753091710.822956,nan,nan,nan,nan,nan,nan,nan,nan,nan,nan,nan,nan
1753091710.855957,nan,nan,nan,nan,nan,nan,nan,nan,nan,nan,nan,nan
1753091710.889964,nan,nan,nan,nan,nan,nan,nan,nan,nan,nan,nan,nan
1753091710.9224744,nan,nan,nan,nan,nan,nan,nan,nan,nan,nan,nan,nan
1753091710.956473,nan,nan,nan,nan,nan,nan,nan,nan,nan,nan,nan,nan
1753091710.9894826,nan,nan,nan,nan,nan,nan,nan,nan,nan,nan,nan,nan
1753091711.0219924,nan,nan,nan,nan,nan,nan,nan,nan,nan,nan,nan,nan
1753091711.069993,nan,nan,nan,nan,nan,nan,nan,nan,nan,nan,nan,nan
1753091711.1191726,nan,nan,nan,nan,nan,nan,nan,nan,nan,nan,nan,nan
1753091711.170168,nan,nan,nan,nan,nan,nan,nan,nan,nan,nan,nan,nan
1753091711.2035031,nan,nan,nan,nan,nan,nan,nan,nan,nan,nan,nan,nan
1753091711.2365036,nan,nan,nan,nan,nan,nan,nan,nan,nan,nan,nan,nan
1753091711.2895136,nan,nan,nan,nan,nan,nan,nan,nan,nan,nan,nan,nan
1753091711.3260305,nan,nan,nan,nan,nan,nan,nan,nan,nan,nan,nan,nan
1753091711.3600287,nan,nan,nan,nan,nan,nan,nan,nan,nan,nan,nan,nan
1753091711.392035,nan,nan,nan,nan,nan,nan,nan,nan,nan,nan,nan,nan
1753091711.4245443,nan,nan,nan,nan,nan,nan,nan,nan,nan,nan,nan,nan
1753091711.456545,nan,nan,nan,nan,nan,nan,nan,nan,nan,nan,nan,nan
1753091711.489554,nan,nan,nan,nan,nan,nan,nan,nan,nan,nan,nan,nan
1753091711.5250642,nan,nan,nan,nan,nan,nan,nan,nan,nan,nan,nan,nan
1753091711.559063,nan,nan,nan,nan,nan,nan,nan,nan,nan,nan,nan,nan
1753091711.5910687,nan,nan,nan,nan,nan,nan,nan,nan,nan,nan,nan,nan
1753091711.623581,nan,nan,nan,nan,nan,nan,nan,nan,nan,nan,nan,nan
1753091711.6565785,nan,nan,nan,nan,nan,nan,nan,nan,nan,nan,nan,nan
1753091711.68859,nan,nan,nan,nan,nan,nan,nan,nan,nan,nan,nan,nan
1753091711.723817,nan,nan,nan,nan,nan,nan,nan,nan,nan,nan,nan,nan
1753091711.7568197,nan,nan,nan,nan,nan,nan,nan,nan,nan,nan,nan,nan
1753091711.7898211,nan,nan,nan,nan,nan,nan,nan,nan,nan,nan,nan,nan
1753091711.8213322,nan,nan,nan,nan,nan,nan,nan,nan,nan,nan,nan,nan
1753091711.8563318,nan,nan,nan,nan,nan,nan,nan,nan,nan,nan,nan,nan
1753091711.8903458,nan,nan,nan,nan,nan,nan,nan,nan,nan,nan,nan,nan
1753091711.9268556,nan,nan,nan,nan,nan,nan,nan,nan,nan,nan,nan,nan
1753091711.963852,nan,nan,nan,nan,nan,nan,nan,nan,nan,nan,nan,nan
1753091711.9978611,nan,nan,nan,nan,nan,nan,nan,nan,nan,nan,nan,nan
1753091712.0323753,nan,nan,nan,nan,nan,nan,nan,nan,nan,nan,nan,nan
1753091712.0743756,nan,nan,nan,nan,nan,nan,nan,nan,nan,nan,nan,nan
1753091712.1139104,nan,nan,nan,nan,nan,nan,nan,nan,nan,nan,nan,nan
1753091712.150909,nan,nan,nan,nan,nan,nan,nan,nan,nan,nan,nan,nan
1753091712.1879146,nan,nan,nan,nan,nan,nan,nan,nan,nan,nan,nan,nan
1753091712.2259443,nan,nan,nan,nan,nan,nan,nan,nan,nan,nan,nan,nan
1753091712.2639441,nan,nan,nan,nan,nan,nan,nan,nan,nan,nan,nan,nan
1753091712.3004568,nan,nan,nan,nan,nan,nan,nan,nan,nan,nan,nan,nan
1753091712.3324647,nan,nan,nan,nan,nan,nan,nan,nan,nan,nan,nan,nan
1753091712.364463,nan,nan,nan,nan,nan,nan,nan,nan,nan,nan,nan,nan
1753091712.3974779,nan,nan,nan,nan,nan,nan,nan,nan,nan,nan,nan,nan
1753091712.4319956,nan,nan,nan,nan,nan,nan,nan,nan,nan,nan,nan,nan
1753091712.4630015,nan,nan,nan,nan,nan,nan,nan,nan,nan,nan,nan,nan
1753091712.4960115,nan,nan,nan,nan,nan,nan,nan,nan,nan,nan,nan,nan
1753091712.5300355,nan,nan,nan,nan,nan,nan,nan,nan,nan,nan,nan,nan
1753091712.5630348,nan,nan,nan,nan,nan,nan,nan,nan,nan,nan,nan,nan
1753091712.59804,nan,nan,nan,nan,nan,nan,nan,nan,nan,nan,nan,nan
1753091712.6302903,nan,nan,nan,nan,nan,nan,nan,nan,nan,nan,nan,nan
1753091712.6612895,nan,nan,nan,nan,nan,nan,nan,nan,nan,nan,nan,nan
1753091712.6942964,nan,nan,nan,nan,nan,nan,nan,nan,nan,nan,nan,nan
1753091712.7295394,nan,nan,nan,nan,nan,nan,nan,nan,nan,nan,nan,nan
1753091712.7635393,nan,nan,nan,nan,nan,nan,nan,nan,nan,nan,nan,nan
1753091712.7985542,nan,nan,nan,nan,nan,nan,nan,nan,nan,nan,nan,nan
1753091712.8341517,nan,nan,nan,nan,nan,nan,nan,nan,nan,nan,nan,nan
1753091712.8871572,nan,nan,nan,nan,nan,nan,nan,nan,nan,nan,nan,nan
1753091712.9226677,nan,nan,nan,nan,nan,nan,nan,nan,nan,nan,nan,nan
1753091712.9566655,nan,nan,nan,nan,nan,nan,nan,nan,nan,nan,nan,nan
1753091712.9906762,nan,nan,nan,nan,nan,nan,nan,nan,nan,nan,nan,nan
1753091713.0441868,nan,nan,nan,nan,nan,nan,nan,nan,nan,nan,nan,nan
1753091713.0791843,nan,nan,nan,nan,nan,nan,nan,nan,nan,nan,nan,nan
1753091713.131701,nan,nan,nan,nan,nan,nan,nan,nan,nan,nan,nan,nan
1753091713.1667094,nan,nan,nan,nan,nan,nan,nan,nan,nan,nan,nan,nan
1753091713.215244,nan,nan,nan,nan,nan,nan,nan,nan,nan,nan,nan,nan
1753091713.2492375,nan,nan,nan,nan,nan,nan,nan,nan,nan,nan,nan,nan
1753091713.2832372,nan,nan,nan,nan,nan,nan,nan,nan,nan,nan,nan,nan
1753091713.319792,nan,nan,nan,nan,nan,nan,nan,nan,nan,nan,nan,nan
1753091713.368793,nan,nan,nan,nan,nan,nan,nan,nan,nan,nan,nan,nan
1753091713.4020095,nan,nan,nan,nan,nan,nan,nan,nan,nan,nan,nan,nan
1753091713.434002,nan,nan,nan,nan,nan,nan,nan,nan,nan,nan,nan,nan
1753091713.4680052,nan,nan,nan,nan,nan,nan,nan,nan,nan,nan,nan,nan
1753091713.5010066,nan,nan,nan,nan,nan,nan,nan,nan,nan,nan,nan,nan
1753091713.532503,nan,nan,nan,nan,nan,nan,nan,nan,nan,nan,nan,nan
1753091713.5675027,nan,nan,nan,nan,nan,nan,nan,nan,nan,nan,nan,nan
1753091713.6020315,nan,nan,nan,nan,nan,nan,nan,nan,nan,nan,nan,nan
1753091713.6370313,nan,nan,nan,nan,nan,nan,nan,nan,nan,nan,nan,nan
1753091713.6710289,nan,nan,nan,nan,nan,nan,nan,nan,nan,nan,nan,nan
1753091713.7045395,nan,nan,nan,nan,nan,nan,nan,nan,nan,nan,nan,nan
1753091713.737539,nan,nan,nan,nan,nan,nan,nan,nan,nan,nan,nan,nan
1753091713.7715397,nan,nan,nan,nan,nan,nan,nan,nan,nan,nan,nan,nan
1753091713.8060653,nan,nan,nan,nan,nan,nan,nan,nan,nan,nan,nan,nan
1753091713.8410666,nan,nan,nan,nan,nan,nan,nan,nan,nan,nan,nan,nan
1753091713.8750687,nan,nan,nan,nan,nan,nan,nan,nan,nan,nan,nan,nan
1753091713.9111373,nan,nan,nan,nan,nan,nan,nan,nan,nan,nan,nan,nan
1753091713.9491403,nan,nan,nan,nan,nan,nan,nan,nan,nan,nan,nan,nan
1753091713.9881527,nan,nan,nan,nan,nan,nan,nan,nan,nan,nan,nan,nan
1753091714.028296,nan,nan,nan,nan,nan,nan,nan,nan,nan,nan,nan,nan
1753091714.0832908,nan,nan,nan,nan,nan,nan,nan,nan,nan,nan,nan,nan
1753091714.1235409,nan,nan,nan,nan,nan,nan,nan,nan,nan,nan,nan,nan
1753091714.1745398,nan,nan,nan,nan,nan,nan,nan,nan,nan,nan,nan,nan
1753091714.2086427,nan,nan,nan,nan,nan,nan,nan,nan,nan,nan,nan,nan
1753091714.2446456,nan,nan,nan,nan,nan,nan,nan,nan,nan,nan,nan,nan
1753091714.2776432,nan,nan,nan,nan,nan,nan,nan,nan,nan,nan,nan,nan
1753091714.3131657,nan,nan,nan,nan,nan,nan,nan,nan,nan,nan,nan,nan
1753091714.3481653,nan,nan,nan,nan,nan,nan,nan,nan,nan,nan,nan,nan
1753091714.3811657,nan,nan,nan,nan,nan,nan,nan,nan,nan,nan,nan,nan
1753091714.4156847,nan,nan,nan,nan,nan,nan,nan,nan,nan,nan,nan,nan
1753091714.4496844,nan,nan,nan,nan,nan,nan,nan,nan,nan,nan,nan,nan
1753091714.4826844,nan,nan,nan,nan,nan,nan,nan,nan,nan,nan,nan,nan
1753091714.5171998,nan,nan,nan,nan,nan,nan,nan,nan,nan,nan,nan,nan
1753091714.551199,nan,nan,nan,nan,nan,nan,nan,nan,nan,nan,nan,nan
1753091714.587209,nan,nan,nan,nan,nan,nan,nan,nan,nan,nan,nan,nan
1753091714.6207173,nan,nan,nan,nan,nan,nan,nan,nan,nan,nan,nan,nan
1753091714.6587162,nan,nan,nan,nan,nan,nan,nan,nan,nan,nan,nan,nan
1753091714.6907227,nan,nan,nan,nan,nan,nan,nan,nan,nan,nan,nan,nan
1753091714.7258015,nan,nan,nan,nan,nan,nan,nan,nan,nan,nan,nan,nan
1753091714.7587852,nan,nan,nan,nan,nan,nan,nan,nan,nan,nan,nan,nan
1753091714.808963,nan,nan,nan,nan,nan,nan,nan,nan,nan,nan,nan,nan
1753091714.8449621,nan,nan,nan,nan,nan,nan,nan,nan,nan,nan,nan,nan
1753091714.8829603,nan,nan,nan,nan,nan,nan,nan,nan,nan,nan,nan,nan
1753091714.9181519,nan,nan,nan,nan,nan,nan,nan,nan,nan,nan,nan,nan
1753091714.951147,nan,nan,nan,nan,nan,nan,nan,nan,nan,nan,nan,nan
1753091714.9891553,nan,nan,nan,nan,nan,nan,nan,nan,nan,nan,nan,nan
1753091715.0454488,nan,nan,nan,nan,nan,nan,nan,nan,nan,nan,nan,nan
1753091715.0944502,nan,nan,nan,nan,nan,nan,nan,nan,nan,nan,nan,nan
1753091715.1299663,nan,nan,nan,nan,nan,nan,nan,nan,nan,nan,nan,nan
1753091715.1649652,nan,nan,nan,nan,nan,nan,nan,nan,nan,nan,nan,nan
1753091715.2009697,nan,nan,nan,nan,nan,nan,nan,nan,nan,nan,nan,nan
1753091715.2354908,nan,nan,nan,nan,nan,nan,nan,nan,nan,nan,nan,nan
1753091715.2694955,nan,nan,nan,nan,nan,nan,nan,nan,nan,nan,nan,nan
1753091715.3030028,nan,nan,nan,nan,nan,nan,nan,nan,nan,nan,nan,nan
1753091715.3370166,nan,nan,nan,nan,nan,nan,nan,nan,nan,nan,nan,nan
1753091715.3720145,nan,nan,nan,nan,nan,nan,nan,nan,nan,nan,nan,nan
1753091715.405532,nan,nan,nan,nan,nan,nan,nan,nan,nan,nan,nan,nan
1753091715.4395318,nan,nan,nan,nan,nan,nan,nan,nan,nan,nan,nan,nan
1753091715.4725313,nan,nan,nan,nan,nan,nan,nan,nan,nan,nan,nan,nan
1753091715.5056655,nan,nan,nan,nan,nan,nan,nan,nan,nan,nan,nan,nan
1753091715.538664,nan,nan,nan,nan,nan,nan,nan,nan,nan,nan,nan,nan
1753091715.5736637,nan,nan,nan,nan,nan,nan,nan,nan,nan,nan,nan,nan
1753091715.6111836,nan,nan,nan,nan,nan,nan,nan,nan,nan,nan,nan,nan
1753091715.648184,nan,nan,nan,nan,nan,nan,nan,nan,nan,nan,nan,nan
1753091715.6871827,nan,nan,nan,nan,nan,nan,nan,nan,nan,nan,nan,nan
1753091715.7277098,nan,nan,nan,nan,nan,nan,nan,nan,nan,nan,nan,nan
1753091715.7647052,nan,nan,nan,nan,nan,nan,nan,nan,nan,nan,nan,nan
1753091715.798713,nan,nan,nan,nan,nan,nan,nan,nan,nan,nan,nan,nan
1753091715.8322334,nan,nan,nan,nan,nan,nan,nan,nan,nan,nan,nan,nan
1753091715.8672311,nan,nan,nan,nan,nan,nan,nan,nan,nan,nan,nan,nan
1753091715.8992348,nan,nan,nan,nan,nan,nan,nan,nan,nan,nan,nan,nan
1753091715.9347458,12.868502616882324,71.30228424072266,235.82009887695312,5.090172114140837,-74.582434185098,106.09868040420761,nan,nan,nan,nan,nan,nan
1753091715.985746,16.006345748901367,68.27168273925781,228.7120819091797,nan,nan,nan,nan,nan,nan,nan,nan,nan
1753091716.037302,18.00737190246582,66.34249877929688,220.8237762451172,5.560674464038661,-74.74473233151481,106.00416916110944,nan,nan,nan,nan,nan,nan
1753091716.09031,22.292770385742188,63.16582107543945,212.98216247558594,nan,nan,nan,nan,nan,nan,nan,nan,nan
1753091716.142848,25.734121322631836,61.819210052490234,204.45643615722656,nan,nan,nan,nan,nan,nan,nan,nan,nan
1753091716.1908557,-inf,-inf,-inf,nan,nan,nan,nan,nan,nan,nan,nan,nan
1753091716.240952,nan,nan,nan,nan,nan,nan,nan,nan,nan,nan,nan,nan
1753091716.299967,-inf,-inf,-inf,nan,nan,nan,nan,nan,nan,nan,nan,nan
1753091716.3564858,nan,nan,nan,nan,nan,nan,nan,nan,nan,nan,nan,nan
1753091716.409008,nan,nan,nan,nan,nan,nan,nan,nan,nan,nan,nan,nan
1753091716.4630075,nan,nan,nan,nan,nan,nan,nan,nan,nan,nan,nan,nan
1753091716.5133393,-inf,-inf,-inf,nan,nan,nan,nan,nan,nan,nan,nan,nan
1753091716.56234,-inf,-inf,-inf,nan,nan,nan,nan,nan,nan,nan,nan,nan
1753091716.6138618,-inf,-inf,-inf,nan,nan,nan,nan,nan,nan,nan,nan,nan
1753091716.6628609,-inf,-inf,-inf,nan,nan,nan,nan,nan,nan,nan,nan,nan
1753091716.713393,nan,nan,nan,nan,nan,nan,nan,nan,nan,nan,nan,nan
1753091716.7653852,nan,nan,nan,nan,nan,nan,nan,nan,nan,nan,nan,nan
1753091716.816899,-inf,-inf,-inf,nan,nan,nan,nan,nan,nan,nan,nan,nan
1753091716.8668993,-inf,-inf,-inf,nan,nan,nan,nan,nan,nan,nan,nan,nan
1753091716.917187,-inf,-inf,-inf,nan,nan,nan,nan,nan,nan,nan,nan,nan
1753091716.968187,-inf,-inf,-inf,nan,nan,nan,nan,nan,nan,nan,nan,nan
1753091717.0223818,-inf,-inf,-inf,nan,nan,nan,nan,nan,nan,nan,nan,nan
1753091717.0773776,-inf,-inf,-inf,nan,nan,nan,nan,nan,nan,nan,nan,nan
1753091717.1424735,-inf,-inf,-inf,nan,nan,nan,nan,nan,nan,nan,nan,nan
1753091717.2024734,-inf,-inf,-inf,nan,nan,nan,nan,nan,nan,nan,nan,nan
1753091717.2540426,-inf,-inf,-inf,nan,nan,nan,nan,nan,nan,nan,nan,nan
1753091717.304045,-inf,-inf,-inf,nan,nan,nan,nan,nan,nan,nan,nan,nan
1753091717.3545573,-inf,-inf,-inf,nan,nan,nan,nan,nan,nan,nan,nan,nan
1753091717.4045665,-inf,-inf,-inf,nan,nan,nan,nan,nan,nan,nan,nan,nan
1753091717.4571154,-inf,-inf,-inf,nan,nan,nan,nan,nan,nan,nan,nan,nan
1753091717.5066662,-inf,-inf,-inf,nan,nan,nan,nan,nan,nan,nan,nan,nan
1753091717.5576682,-inf,-inf,-inf,nan,nan,nan,nan,nan,nan,nan,nan,nan
1753091717.6082027,-inf,-inf,-inf,nan,nan,nan,nan,nan,nan,nan,nan,nan
1753091717.6582,-inf,-inf,-inf,nan,nan,nan,nan,nan,nan,nan,nan,nan
1753091717.709739,-inf,-inf,-inf,nan,nan,nan,nan,nan,nan,nan,nan,nan
1753091717.76174,-inf,-inf,-inf,nan,nan,nan,nan,nan,nan,nan,nan,nan
1753091717.8138428,-inf,-inf,-inf,nan,nan,nan,nan,nan,nan,nan,nan,nan
1753091717.8628426,-inf,-inf,-inf,nan,nan,nan,nan,nan,nan,nan,nan,nan
1753091717.9129179,-inf,-inf,-inf,nan,nan,nan,nan,nan,nan,nan,nan,nan
1753091717.9669194,-inf,-inf,-inf,nan,nan,nan,nan,nan,nan,nan,nan,nan
1753091718.014997,-inf,-inf,-inf,nan,nan,nan,nan,nan,nan,nan,nan,nan
1753091718.0679975,-inf,-inf,-inf,nan,nan,nan,nan,nan,nan,nan,nan,nan
1753091718.1192043,-inf,-inf,-inf,nan,nan,nan,nan,nan,nan,nan,nan,nan
1753091718.1682045,-inf,-inf,-inf,nan,nan,nan,nan,nan,nan,nan,nan,nan
1753091718.2208588,-inf,-inf,-inf,nan,nan,nan,nan,nan,nan,nan,nan,nan
1753091718.2738576,-inf,-inf,-inf,nan,nan,nan,nan,nan,nan,nan,nan,nan
1753091718.3263948,-inf,-inf,-inf,nan,nan,nan,nan,nan,nan,nan,nan,nan
1753091718.3773813,-inf,-inf,-inf,nan,nan,nan,nan,nan,nan,nan,nan,nan
1753091718.4289553,-inf,-inf,-inf,nan,nan,nan,nan,nan,nan,nan,nan,nan
1753091718.4799554,-inf,-inf,-inf,nan,nan,nan,nan,nan,nan,nan,nan,nan
1753091718.5304987,-inf,-inf,-inf,nan,nan,nan,nan,nan,nan,nan,nan,nan
1753091718.5824993,-inf,-inf,-inf,nan,nan,nan,nan,nan,nan,nan,nan,nan
1753091718.632072,-inf,-inf,-inf,nan,nan,nan,nan,nan,nan,nan,nan,nan
1753091718.686058,-inf,-inf,-inf,nan,nan,nan,nan,nan,nan,nan,nan,nan
1753091718.7445815,-inf,-inf,-inf,nan,nan,nan,nan,nan,nan,nan,nan,nan
1753091718.8015852,-inf,-inf,-inf,nan,nan,nan,nan,nan,nan,nan,nan,nan
1753091718.8508673,-inf,-inf,-inf,nan,nan,nan,nan,nan,nan,nan,nan,nan
1753091718.9008734,-inf,-inf,-inf,nan,nan,nan,nan,nan,nan,nan,nan,nan
1753091718.9513862,-inf,-inf,-inf,nan,nan,nan,nan,nan,nan,nan,nan,nan
1753091718.9993927,12.962091445922852,77.77136993408203,201.88958740234375,-60.33197831704826,-54.15297708031645,130.7574777415669,nan,nan,nan,nan,nan,nan
1753091719.0509305,12.227108001708984,77.2655258178711,202.60336303710938,-60.309076738685874,-54.07313094328108,130.80007617508664,nan,nan,nan,nan,nan,nan
1753091719.1029375,12.98967456817627,77.54701232910156,202.31919860839844,-60.148940223619576,-52.78994406957665,131.41960307198832,nan,nan,nan,nan,nan,nan
1753091719.1584501,11.845404624938965,77.7130126953125,202.75228881835938,nan,nan,nan,nan,nan,nan,nan,nan,nan
1753091719.2079723,10.29236888885498,78.1776351928711,202.94419860839844,nan,nan,nan,nan,nan,nan,nan,nan,nan
1753091719.2619805,4.472047328948975,81.74874877929688,205.03517150878906,-57.3419357434271,-25.13452500786867,127.74077502458368,nan,nan,nan,nan,nan,nan
1753091719.3140836,6.852170944213867,82.65444946289062,205.3221435546875,nan,nan,nan,nan,nan,nan,nan,nan,nan
1753091719.365085,4.902209281921387,82.3377914428711,206.51255798339844,-55.69752887352517,-13.46095244781821,124.92379642939706,nan,nan,nan,nan,nan,nan
1753091719.4155989,4.521085262298584,81.4468765258789,207.283447265625,0.2655271805380578,-39.94200088661261,95.79720885988218,nan,nan,nan,nan,nan,nan
1753091719.465604,4.5256805419921875,81.12983703613281,207.494140625,-55.89458589325382,-12.590069086847825,124.37945071329449,nan,nan,nan,nan,nan,nan
1753091719.520122,7.739772319793701,84.09658813476562,207.90936279296875,-56.50446032707144,-18.782363488383602,123.86356283815778,nan,nan,nan,nan,nan,nan
1753091719.5771217,13.720528602600098,86.71969604492188,207.47560119628906,nan,nan,nan,nan,nan,nan,nan,nan,nan
1753091719.635656,nan,nan,nan,nan,nan,nan,nan,nan,nan,nan,nan,nan
1753091719.6856554,29.14434242248535,77.87476348876953,206.2855224609375,nan,nan,nan,nan,nan,nan,nan,nan,nan
1753091719.7356975,29.90545082092285,75.00725555419922,206.052001953125,-63.29915761281306,-93.98768684634526,138.93646801624695,nan,nan,nan,nan,nan,nan
1753091719.7866964,30.1933536529541,72.75897979736328,205.309814453125,nan,nan,nan,nan,nan,nan,nan,nan,nan
1753091719.8347614,29.381834030151367,74.29019165039062,205.168212890625,-63.37978566993817,-96.63636983654301,nan,nan,nan,nan,nan,nan,nan
1753091719.8867676,28.351228713989258,83.04779815673828,206.29925537109375,nan,nan,nan,nan,nan,nan,nan,nan,nan
1753091719.9399364,24.067258834838867,84.15343475341797,207.06346130371094,nan,nan,nan,nan,nan,nan,nan,nan,nan
1753091719.996944,17.35349464416504,85.69227600097656,207.89279174804688,-59.34242320279835,-33.76287980333323,128.3147655486007,nan,nan,nan,nan,nan,nan
1753091720.0651672,18.5886173248291,80.62908172607422,208.26622009277344,-56.91034474681023,-22.935662340338965,126.92366726442751,nan,nan,nan,nan,nan,nan
1753091720.117595,18.562761306762695,78.91388702392578,207.9765167236328,-57.96437616971558,-29.763358990749083,130.19132545318746,nan,nan,nan,nan,nan,nan
1753091720.1715991,20.535648345947266,77.99498748779297,207.6639862060547,-59.756311814827136,-37.73968163306868,129.91402761914154,nan,nan,nan,nan,nan,nan
1753091720.2231202,16.490541458129883,78.5877914428711,207.11709594726562,-62.39633024834632,-57.87750437855012,134.7158167177408,nan,nan,nan,nan,nan,nan
1753091720.276121,13.612043380737305,78.89463806152344,205.8351287841797,-62.28462832284071,-65.64473693073646,135.9128780649158,nan,nan,nan,nan,nan,nan
1753091720.3312325,11.235004425048828,85.26167297363281,205.88565063476562,-64.63395605889869,-67.34457839904744,136.43188481077144,nan,nan,nan,nan,nan,nan
1753091720.3822317,14.476480484008789,90.04642486572266,206.85211181640625,1.2643503120025545,-79.12525662264814,nan,nan,nan,nan,nan,nan,nan
1753091720.4334095,22.307924270629883,91.46373748779297,205.55838012695312,0.5251598044962058,-78.6579864130443,nan,nan,nan,nan,nan,nan,nan
1753091720.484413,38.40998840332031,99.09296417236328,209.12008666992188,-62.1010009973501,-42.219996154214904,nan,nan,nan,nan,nan,nan,nan
1753091720.535924,63.16537857055664,101.6531982421875,218.07020568847656,2.696919306468375,-79.75790031475526,nan,nan,nan,nan,nan,nan,nan
1753091720.584922,82.18767547607422,105.04231262207031,217.2578582763672,-55.6651149619199,-25.43318482096411,121.33191502121193,nan,nan,nan,nan,nan,nan
1753091720.635084,101.86738586425781,105.04588317871094,217.26524353027344,nan,nan,nan,nan,nan,nan,nan,nan,nan
1753091720.687082,117.54790496826172,108.7062759399414,224.8359832763672,nan,nan,nan,nan,nan,nan,nan,nan,nan
1753091720.7366002,131.5386505126953,109.23741149902344,229.59471130371094,-4.239332382503036,-68.01404092422173,65.67413419695397,nan,nan,nan,nan,nan,nan
1753091720.7855973,132.7554168701172,107.10713195800781,227.88613891601562,-6.530789693770774,-64.4359514959318,64.07473915194377,nan,nan,nan,nan,nan,nan
1753091720.8361132,132.89120483398438,106.7771224975586,228.11924743652344,-6.5284968247887925,-64.72694197887562,nan,nan,nan,nan,nan,nan,nan
1753091720.8871138,117.40474700927734,105.06666564941406,225.3928985595703,nan,nan,nan,nan,nan,nan,nan,nan,nan
1753091720.939631,107.76569366455078,103.2488784790039,225.21728515625,-4.1218023266270185,-65.42489630934953,nan,nan,nan,nan,nan,nan,nan
1753091720.989633,78.93395233154297,102.8314437866211,227.17129516601562,-55.18843819262208,-23.617419553225076,127.23850735083215,nan,nan,nan,nan,nan,nan
1753091721.0381427,61.53473663330078,96.56672668457031,222.81666564941406,0.9947876108097061,-70.86187718145088,nan,nan,nan,nan,nan,nan,nan
1753091721.0891433,19.662548065185547,92.6266098022461,215.64288330078125,-63.181719815183484,-38.38879995357285,nan,nan,nan,nan,nan,nan,nan
1753091721.1391914,-0.28524109721183777,94.20970153808594,217.3780975341797,-67.31553460592906,-47.891023779350625,nan,nan,nan,nan,nan,nan,nan
1753091721.189187,-27.848495483398438,91.23869323730469,223.43768310546875,nan,nan,nan,nan,nan,nan,nan,nan,nan
1753091721.2437313,-40.19835662841797,89.30948638916016,225.0862274169922,3.8032404942549936,-72.25231413564623,115.85701631681418,nan,nan,nan,nan,nan,nan
1753091721.2967315,-46.1276741027832,87.7365493774414,224.3911895751953,3.618112677641574,-74.85281527300397,117.93032526225495,nan,nan,nan,nan,nan,nan
1753091721.3682425,-42.331912994384766,88.3687973022461,224.8998260498047,3.093306681964784,-75.835131611353,117.53431342993765,nan,nan,nan,nan,nan,nan
1753091721.445768,-25.06072235107422,89.02800750732422,225.47178649902344,1.6203256181575896,-77.2219394327511,114.16735051168851,nan,nan,nan,nan,nan,nan
1753091721.495771,2.3605587482452393,95.37648010253906,230.3103790283203,-71.27290008630096,-57.565910504161266,-146.06028637799537,nan,nan,nan,nan,nan,nan
1753091721.545297,19.10772705078125,96.13284301757812,234.31739807128906,-67.62064928422356,-49.259983375998914,127.4922199633323,nan,nan,nan,nan,nan,nan
1753091721.596311,nan,nan,nan,nan,nan,nan,nan,nan,nan,nan,nan,nan
1753091721.6458294,nan,nan,nan,nan,nan,nan,nan,nan,nan,nan,nan,nan
1753091721.6798275,nan,nan,nan,nan,nan,nan,nan,nan,nan,nan,nan,nan
1753091721.7123628,nan,nan,nan,nan,nan,nan,nan,nan,nan,nan,nan,nan
1753091721.7483606,nan,nan,nan,nan,nan,nan,nan,nan,nan,nan,nan,nan
1753091721.7833648,nan,nan,nan,nan,nan,nan,nan,nan,nan,nan,nan,nan
1753091721.8158991,nan,nan,nan,nan,nan,nan,nan,nan,nan,nan,nan,nan
1753091721.851894,nan,nan,nan,nan,nan,nan,nan,nan,nan,nan,nan,nan
1753091721.8858986,nan,nan,nan,nan,nan,nan,nan,nan,nan,nan,nan,nan
1753091721.9224274,nan,nan,nan,nan,nan,nan,nan,nan,nan,nan,nan,nan
1753091721.9574268,nan,nan,nan,nan,nan,nan,nan,nan,nan,nan,nan,nan
1753091721.9914274,nan,nan,nan,nan,nan,nan,nan,nan,nan,nan,nan,nan
1753091722.0239587,nan,nan,nan,nan,nan,nan,nan,nan,nan,nan,nan,nan
1753091722.057957,nan,nan,nan,nan,nan,nan,nan,nan,nan,nan,nan,nan
1753091722.1089804,nan,nan,nan,nan,nan,nan,nan,nan,nan,nan,nan,nan
1753091722.1585004,nan,nan,nan,nan,nan,nan,nan,nan,nan,nan,nan,nan
1753091722.2085135,nan,nan,nan,nan,nan,nan,nan,nan,nan,nan,nan,nan
1753091722.2581174,nan,nan,nan,nan,nan,nan,nan,nan,nan,nan,nan,nan
1753091722.310126,nan,nan,nan,nan,nan,nan,nan,nan,nan,nan,nan,nan
1753091722.360234,nan,nan,nan,nan,nan,nan,nan,nan,nan,nan,nan,nan
1753091722.4167483,nan,nan,nan,nan,nan,nan,nan,nan,nan,nan,nan,nan
1753091722.4657476,nan,nan,nan,nan,nan,nan,nan,nan,nan,nan,nan,nan
1753091722.515264,nan,nan,nan,nan,nan,nan,nan,nan,nan,nan,nan,nan
1753091722.5642662,nan,nan,nan,nan,nan,nan,nan,nan,nan,nan,nan,nan
1753091722.6157792,nan,nan,nan,nan,nan,nan,nan,nan,nan,nan,nan,nan
1753091722.6667776,nan,nan,nan,nan,nan,nan,nan,nan,nan,nan,nan,nan
1753091722.7132943,nan,nan,nan,nan,nan,nan,nan,nan,nan,nan,nan,nan
1753091722.762293,nan,nan,nan,nan,nan,nan,nan,nan,nan,nan,nan,nan
1753091722.8118033,nan,nan,nan,nan,nan,nan,nan,nan,nan,nan,nan,nan
1753091722.860814,nan,nan,nan,nan,nan,nan,nan,nan,nan,nan,nan,nan
1753091722.9108176,nan,nan,nan,nan,nan,nan,nan,nan,nan,nan,nan,nan
1753091722.963015,nan,nan,nan,nan,nan,nan,nan,nan,nan,nan,nan,nan
1753091723.0151122,nan,nan,nan,nan,nan,nan,nan,nan,nan,nan,nan,nan
1753091723.065115,nan,nan,nan,nan,nan,nan,nan,nan,nan,nan,nan,nan
1753091723.1136255,nan,nan,nan,nan,nan,nan,nan,nan,nan,nan,nan,nan
1753091723.1486259,nan,nan,nan,nan,nan,nan,nan,nan,nan,nan,nan,nan
1753091723.1846273,nan,nan,nan,nan,nan,nan,nan,nan,nan,nan,nan,nan
1753091723.2321403,nan,nan,nan,nan,nan,nan,nan,nan,nan,nan,nan,nan
1753091723.2851424,nan,nan,nan,nan,nan,nan,nan,nan,nan,nan,nan,nan
1753091723.3423135,nan,nan,nan,nan,nan,nan,nan,nan,nan,nan,nan,nan
1753091723.3953123,nan,nan,nan,nan,nan,nan,nan,nan,nan,nan,nan,nan
1753091723.4458325,nan,nan,nan,nan,nan,nan,nan,nan,nan,nan,nan,nan
1753091723.4978378,nan,nan,nan,nan,nan,nan,nan,nan,nan,nan,nan,nan
1753091723.5503478,nan,nan,nan,nan,nan,nan,nan,nan,nan,nan,nan,nan
1753091723.5843468,nan,nan,nan,nan,nan,nan,nan,nan,nan,nan,nan,nan
1753091723.6328669,nan,nan,nan,nan,nan,nan,nan,nan,nan,nan,nan,nan
1753091723.6828625,nan,nan,nan,nan,nan,nan,nan,nan,nan,nan,nan,nan
1753091723.737445,nan,nan,nan,nan,nan,nan,nan,nan,nan,nan,nan,nan
1753091723.7894442,nan,nan,nan,nan,nan,nan,nan,nan,nan,nan,nan,nan
1753091723.8399646,nan,nan,nan,nan,nan,nan,nan,nan,nan,nan,nan,nan
1753091723.9039774,nan,nan,nan,nan,nan,nan,nan,nan,nan,nan,nan,nan
1753091723.952496,nan,nan,nan,nan,nan,nan,nan,nan,nan,nan,nan,nan
1753091724.0024996,nan,nan,nan,nan,nan,nan,nan,nan,nan,nan,nan,nan
1753091724.0360086,nan,nan,nan,nan,nan,nan,nan,nan,nan,nan,nan,nan
1753091724.088008,nan,nan,nan,nan,nan,nan,nan,nan,nan,nan,nan,nan
1753091724.1260872,nan,nan,nan,nan,nan,nan,nan,nan,nan,nan,nan,nan
1753091724.1700892,nan,nan,nan,nan,nan,nan,nan,nan,nan,nan,nan,nan
1753091724.2191646,nan,nan,nan,nan,nan,nan,nan,nan,nan,nan,nan,nan
1753091724.2581625,nan,nan,nan,nan,nan,nan,nan,nan,nan,nan,nan,nan
1753091724.2931626,nan,nan,nan,nan,nan,nan,nan,nan,nan,nan,nan,nan
1753091724.3546793,nan,nan,nan,nan,nan,nan,nan,nan,nan,nan,nan,nan
1753091724.3936782,nan,nan,nan,nan,nan,nan,nan,nan,nan,nan,nan,nan
1753091724.4412036,nan,nan,nan,nan,nan,nan,nan,nan,nan,nan,nan,nan
1753091724.4832022,nan,nan,nan,nan,nan,nan,nan,nan,nan,nan,nan,nan
1753091724.524413,nan,nan,nan,nan,nan,nan,nan,nan,nan,nan,nan,nan
1753091724.5674098,nan,nan,nan,nan,nan,nan,nan,nan,nan,nan,nan,nan
1753091724.6285198,nan,nan,nan,nan,nan,nan,nan,nan,nan,nan,nan,nan
1753091724.6925182,nan,nan,nan,nan,nan,nan,nan,nan,nan,nan,nan,nan
1753091724.7566054,nan,nan,nan,nan,nan,nan,nan,nan,nan,nan,nan,nan
1753091724.8216703,nan,nan,nan,nan,nan,nan,nan,nan,nan,nan,nan,nan
1753091724.8846679,nan,nan,nan,nan,nan,nan,nan,nan,nan,nan,nan,nan
1753091724.9517932,nan,nan,nan,nan,nan,nan,nan,nan,nan,nan,nan,nan
1753091725.0169098,nan,nan,nan,nan,nan,nan,nan,nan,nan,nan,nan,nan
1753091725.0819132,nan,nan,nan,nan,nan,nan,nan,nan,nan,nan,nan,nan
1753091725.147434,nan,nan,nan,nan,nan,nan,nan,nan,nan,nan,nan,nan
1753091725.202433,nan,nan,nan,nan,nan,nan,nan,nan,nan,nan,nan,nan
1753091725.2379427,nan,nan,nan,nan,nan,nan,nan,nan,nan,nan,nan,nan
1753091725.2869408,nan,nan,nan,nan,nan,nan,nan,nan,nan,nan,nan,nan
1753091725.3374572,nan,nan,nan,nan,nan,nan,nan,nan,nan,nan,nan,nan
1753091725.3884592,nan,nan,nan,nan,nan,nan,nan,nan,nan,nan,nan,nan
1753091725.427664,nan,nan,nan,nan,nan,nan,nan,nan,nan,nan,nan,nan
1753091725.4856627,nan,nan,nan,nan,nan,nan,nan,nan,nan,nan,nan,nan
1753091725.5359104,nan,nan,nan,nan,nan,nan,nan,nan,nan,nan,nan,nan
1753091725.58891,nan,nan,nan,nan,nan,nan,nan,nan,nan,nan,nan,nan
1753091725.6381612,nan,nan,nan,nan,nan,nan,nan,nan,nan,nan,nan,nan
1753091725.6861591,nan,nan,nan,nan,nan,nan,nan,nan,nan,nan,nan,nan
1753091725.732414,nan,nan,nan,nan,nan,nan,nan,nan,nan,nan,nan,nan
1753091725.782412,nan,nan,nan,nan,nan,nan,nan,nan,nan,nan,nan,nan
1753091725.8296816,nan,nan,nan,nan,nan,nan,nan,nan,nan,nan,nan,nan
1753091725.8636816,nan,nan,nan,nan,nan,nan,nan,nan,nan,nan,nan,nan
1753091725.8996835,nan,nan,nan,nan,nan,nan,nan,nan,nan,nan,nan,nan
1753091725.9349213,nan,nan,nan,nan,nan,nan,nan,nan,nan,nan,nan,nan
1753091725.9699223,nan,nan,nan,nan,nan,nan,nan,nan,nan,nan,nan,nan
1753091726.001922,nan,nan,nan,nan,nan,nan,nan,nan,nan,nan,nan,nan
1753091726.036307,nan,nan,nan,nan,nan,nan,nan,nan,nan,nan,nan,nan
1753091726.0683038,nan,nan,nan,nan,nan,nan,nan,nan,nan,nan,nan,nan
1753091726.1023197,nan,nan,nan,nan,nan,nan,nan,nan,nan,nan,nan,nan
1753091726.139826,nan,nan,nan,nan,nan,nan,nan,nan,nan,nan,nan,nan
1753091726.1758268,nan,nan,nan,nan,nan,nan,nan,nan,nan,nan,nan,nan
1753091726.2118356,nan,nan,nan,nan,nan,nan,nan,nan,nan,nan,nan,nan
1753091726.2463458,nan,nan,nan,nan,nan,nan,nan,nan,nan,nan,nan,nan
1753091726.280346,nan,nan,nan,nan,nan,nan,nan,nan,nan,nan,nan,nan
1753091726.314351,nan,nan,nan,nan,nan,nan,nan,nan,nan,nan,nan,nan
1753091726.3478649,nan,nan,nan,nan,nan,nan,nan,nan,nan,nan,nan,nan
1753091726.381865,nan,nan,nan,nan,nan,nan,nan,nan,nan,nan,nan,nan
1753091879.7808113,nan,nan,nan,nan,nan,nan,nan,nan,nan,nan,nan,nan
1753091879.9103456,nan,nan,nan,nan,nan,nan,nan,nan,nan,nan,nan,nan
1753091879.9968605,nan,nan,nan,nan,nan,nan,nan,nan,nan,nan,nan,nan
1753091880.064043,nan,nan,nan,nan,nan,nan,nan,nan,nan,nan,nan,nan
1753091880.123424,nan,nan,nan,nan,nan,nan,nan,nan,nan,nan,nan,nan
1753091880.1804214,nan,nan,nan,nan,nan,nan,nan,nan,nan,nan,nan,nan
1753091880.2335396,nan,nan,nan,nan,nan,nan,nan,nan,nan,nan,nan,nan
1753091880.286539,nan,nan,nan,nan,nan,nan,nan,nan,nan,nan,nan,nan
1753091880.3600552,nan,nan,nan,nan,nan,nan,nan,nan,nan,nan,nan,nan
1753091880.434586,nan,nan,nan,nan,nan,nan,nan,nan,nan,nan,nan,nan
1753091880.509589,nan,nan,nan,nan,nan,nan,nan,nan,nan,nan,nan,nan
1753091880.5660975,nan,nan,nan,nan,nan,nan,nan,nan,nan,nan,nan,nan
1753091880.6216102,nan,nan,nan,nan,nan,nan,nan,nan,nan,nan,nan,nan
1753091880.6766133,nan,nan,nan,nan,nan,nan,nan,nan,nan,nan,nan,nan
1753091880.731133,nan,nan,nan,nan,nan,nan,nan,nan,nan,nan,nan,nan
1753091880.785131,nan,nan,nan,nan,nan,nan,nan,nan,nan,nan,nan,nan
1753091880.8383925,nan,nan,nan,nan,nan,nan,nan,nan,nan,nan,nan,nan
1753091880.891393,nan,nan,nan,nan,nan,nan,nan,nan,nan,nan,nan,nan
1753091880.9489167,nan,nan,nan,nan,nan,nan,nan,nan,nan,nan,nan,nan
1753091880.9979155,nan,nan,nan,nan,nan,nan,nan,nan,nan,nan,nan,nan
1753091881.0534499,nan,nan,nan,nan,nan,nan,nan,nan,nan,nan,nan,nan
1753091881.1044502,nan,nan,nan,nan,nan,nan,nan,nan,nan,nan,nan,nan
1753091881.1549633,nan,nan,nan,nan,nan,nan,nan,nan,nan,nan,nan,nan
1753091881.207978,nan,nan,nan,nan,nan,nan,nan,nan,nan,nan,nan,nan
1753091881.2614849,nan,nan,nan,nan,nan,nan,nan,nan,nan,nan,nan,nan
1753091881.312496,nan,nan,nan,nan,nan,nan,nan,nan,nan,nan,nan,nan
1753091881.3656619,nan,nan,nan,nan,nan,nan,nan,nan,nan,nan,nan,nan
1753091881.4191747,nan,nan,nan,nan,nan,nan,nan,nan,nan,nan,nan,nan
1753091881.4691823,nan,nan,nan,nan,nan,nan,nan,nan,nan,nan,nan,nan
1753091881.5227838,nan,nan,nan,nan,nan,nan,nan,nan,nan,nan,nan,nan
1753091881.5767837,nan,nan,nan,nan,nan,nan,nan,nan,nan,nan,nan,nan
1753091881.6313171,nan,nan,nan,nan,nan,nan,nan,nan,nan,nan,nan,nan
1753091881.6833158,nan,nan,nan,nan,nan,nan,nan,nan,nan,nan,nan,nan
1753091881.7938428,nan,nan,nan,nan,nan,nan,nan,nan,nan,nan,nan,nan
1753091881.846901,nan,nan,nan,nan,nan,nan,nan,nan,nan,nan,nan,nan
1753091881.9029043,nan,nan,nan,nan,nan,nan,nan,nan,nan,nan,nan,nan
1753091881.9671357,nan,nan,nan,nan,nan,nan,nan,nan,nan,nan,nan,nan
1753091882.0356555,nan,nan,nan,nan,nan,nan,nan,nan,nan,nan,nan,nan
1753091882.0966558,nan,nan,nan,nan,nan,nan,nan,nan,nan,nan,nan,nan
1753091882.1491668,nan,nan,nan,nan,nan,nan,nan,nan,nan,nan,nan,nan
1753091882.2031658,nan,nan,nan,nan,nan,nan,nan,nan,nan,nan,nan,nan
1753091882.2664006,nan,nan,nan,nan,nan,nan,nan,nan,nan,nan,nan,nan
1753091882.3199167,nan,nan,nan,nan,nan,nan,nan,nan,nan,nan,nan,nan
1753091882.3729231,nan,nan,nan,nan,nan,nan,nan,nan,nan,nan,nan,nan
1753091882.43045,nan,nan,nan,nan,nan,nan,nan,nan,nan,nan,nan,nan
1753091882.4854484,nan,nan,nan,nan,nan,nan,nan,nan,nan,nan,nan,nan
1753091882.5436997,nan,nan,nan,nan,nan,nan,nan,nan,nan,nan,nan,nan
1753091882.600834,nan,nan,nan,nan,nan,nan,nan,nan,nan,nan,nan,nan
1753091882.6545916,nan,nan,nan,nan,nan,nan,nan,nan,nan,nan,nan,nan
1753091882.712614,nan,nan,nan,nan,nan,nan,nan,nan,nan,nan,nan,nan
1753091882.768341,nan,nan,nan,nan,nan,nan,nan,nan,nan,nan,nan,nan
1753091882.826751,nan,nan,nan,nan,nan,nan,nan,nan,nan,nan,nan,nan
1753091882.8927512,nan,nan,nan,nan,nan,nan,nan,nan,nan,nan,nan,nan
1753091882.9555142,nan,nan,nan,nan,nan,nan,nan,nan,nan,nan,nan,nan
1753091883.0185113,nan,nan,nan,nan,nan,nan,nan,nan,nan,nan,nan,nan
1753091883.0850422,nan,nan,nan,nan,nan,nan,nan,nan,nan,nan,nan,nan
1753091883.145203,nan,nan,nan,nan,nan,nan,nan,nan,nan,nan,nan,nan
1753091883.2091913,nan,nan,nan,nan,nan,nan,nan,nan,nan,nan,nan,nan
1753091883.27525,nan,nan,nan,nan,nan,nan,nan,nan,nan,nan,nan,nan
1753091883.3352456,nan,nan,nan,nan,nan,nan,nan,nan,nan,nan,nan,nan
1753091883.396068,nan,nan,nan,nan,nan,nan,nan,nan,nan,nan,nan,nan
1753091883.4569228,nan,nan,nan,nan,nan,nan,nan,nan,nan,nan,nan,nan
1753091883.522605,nan,nan,nan,nan,nan,nan,nan,nan,nan,nan,nan,nan
1753091883.5847933,nan,nan,nan,nan,nan,nan,nan,nan,nan,nan,nan,nan
1753091883.6407473,nan,nan,nan,nan,nan,nan,nan,nan,nan,nan,nan,nan
1753091883.695937,nan,nan,nan,nan,nan,nan,nan,nan,nan,nan,nan,nan
1753091883.7524061,nan,nan,nan,nan,nan,nan,nan,nan,nan,nan,nan,nan
1753091883.8165634,nan,nan,nan,nan,nan,nan,nan,nan,nan,nan,nan,nan
1753091883.902296,nan,nan,nan,nan,nan,nan,nan,nan,nan,nan,nan,nan
1753091883.9601996,nan,nan,nan,nan,nan,nan,nan,nan,nan,nan,nan,nan
1753091884.026458,nan,nan,nan,nan,nan,nan,nan,nan,nan,nan,nan,nan
1753091884.0816133,nan,nan,nan,nan,nan,nan,nan,nan,nan,nan,nan,nan
1753091884.1440382,nan,nan,nan,nan,nan,nan,nan,nan,nan,nan,nan,nan
1753091884.2416172,nan,nan,nan,nan,nan,nan,nan,nan,nan,nan,nan,nan
1753091884.330457,nan,nan,nan,nan,nan,nan,nan,nan,nan,nan,nan,nan
1753091884.406601,nan,nan,nan,nan,nan,nan,nan,nan,nan,nan,nan,nan
1753091884.488142,nan,nan,nan,nan,nan,nan,nan,nan,nan,nan,nan,nan
1753091884.5952215,nan,nan,nan,nan,nan,nan,nan,nan,nan,nan,nan,nan
1753091884.6817813,nan,nan,nan,nan,nan,nan,nan,nan,nan,nan,nan,nan
1753091884.7577085,nan,nan,nan,nan,nan,nan,nan,nan,nan,nan,nan,nan
1753091884.8727627,nan,nan,nan,nan,nan,nan,nan,nan,nan,nan,nan,nan
1753091884.9912193,nan,nan,nan,nan,nan,nan,nan,nan,nan,nan,nan,nan
1753091885.1016004,nan,nan,nan,nan,nan,nan,nan,nan,nan,nan,nan,nan
1753091885.2045004,nan,nan,nan,nan,nan,nan,nan,nan,nan,nan,nan,nan
1753091885.3189237,nan,nan,nan,nan,nan,nan,nan,nan,nan,nan,nan,nan
1753091885.3931837,nan,nan,nan,nan,nan,nan,nan,nan,nan,nan,nan,nan
1753091885.4996216,nan,nan,nan,nan,nan,nan,nan,nan,nan,nan,nan,nan
1753091885.6343768,nan,nan,nan,nan,nan,nan,nan,nan,nan,nan,nan,nan
1753091885.7566018,nan,nan,nan,nan,nan,nan,nan,nan,nan,nan,nan,nan
1753091885.87575,nan,nan,nan,nan,nan,nan,nan,nan,nan,nan,nan,nan
1753091885.9840126,nan,nan,nan,nan,nan,nan,nan,nan,nan,nan,nan,nan
1753091886.0885973,nan,nan,nan,nan,nan,nan,nan,nan,nan,nan,nan,nan
1753091886.1711802,nan,nan,nan,nan,nan,nan,nan,nan,nan,nan,nan,nan
1753091886.2946367,nan,nan,nan,nan,nan,nan,nan,nan,nan,nan,nan,nan
1753091886.371642,nan,nan,nan,nan,nan,nan,nan,nan,nan,nan,nan,nan
1753091886.4737134,nan,nan,nan,nan,nan,nan,nan,nan,nan,nan,nan,nan
1753091886.551416,nan,nan,nan,nan,nan,nan,nan,nan,nan,nan,nan,nan
1753091886.6949646,nan,nan,nan,nan,nan,nan,nan,nan,nan,nan,nan,nan
1753091886.7674875,nan,nan,nan,nan,nan,nan,nan,nan,nan,nan,nan,nan
1753091886.823496,nan,nan,nan,nan,nan,nan,nan,nan,nan,nan,nan,nan
1753091886.878591,nan,nan,nan,nan,nan,nan,nan,nan,nan,nan,nan,nan
1753091886.9563112,nan,nan,nan,nan,nan,nan,nan,nan,nan,nan,nan,nan
1753091887.0193303,nan,nan,nan,nan,nan,nan,nan,nan,nan,nan,nan,nan
1753091887.060844,nan,nan,nan,nan,nan,nan,nan,nan,nan,nan,nan,nan
1753091887.1008396,nan,nan,nan,nan,nan,nan,nan,nan,nan,nan,nan,nan
1753091887.1379182,nan,nan,nan,nan,nan,nan,nan,nan,nan,nan,nan,nan
1753091887.1739283,nan,nan,nan,nan,nan,nan,nan,nan,nan,nan,nan,nan
1753091887.2109177,nan,nan,nan,nan,nan,nan,nan,nan,nan,nan,nan,nan
1753091887.2503293,nan,nan,nan,nan,nan,nan,nan,nan,nan,nan,nan,nan
1753091887.2883172,nan,nan,nan,nan,nan,nan,nan,nan,nan,nan,nan,nan
1753091887.323333,nan,nan,nan,nan,nan,nan,nan,nan,nan,nan,nan,nan
1753091887.3624864,nan,nan,nan,nan,nan,nan,nan,nan,nan,nan,nan,nan
1753091887.4004862,nan,nan,nan,nan,nan,nan,nan,nan,nan,nan,nan,nan
1753091887.4365642,nan,nan,nan,nan,nan,nan,nan,nan,nan,nan,nan,nan
1753091887.4755647,nan,nan,nan,nan,nan,nan,nan,nan,nan,nan,nan,nan
1753091887.5145915,nan,nan,nan,nan,nan,nan,nan,nan,nan,nan,nan,nan
1753091887.552768,nan,nan,nan,nan,nan,nan,nan,nan,nan,nan,nan,nan
1753091887.5917675,nan,nan,nan,nan,nan,nan,nan,nan,nan,nan,nan,nan
1753091887.62677,nan,nan,nan,nan,nan,nan,nan,nan,nan,nan,nan,nan
1753091887.6618767,nan,nan,nan,nan,nan,nan,nan,nan,nan,nan,nan,nan
1753091887.6958733,nan,nan,nan,nan,nan,nan,nan,nan,nan,nan,nan,nan
1753091887.7304478,nan,nan,nan,nan,nan,nan,nan,nan,nan,nan,nan,nan
1753091887.7664506,nan,nan,nan,nan,nan,nan,nan,nan,nan,nan,nan,nan
1753091887.8014476,nan,nan,nan,nan,nan,nan,nan,nan,nan,nan,nan,nan
1753091887.835987,nan,nan,nan,nan,nan,nan,nan,nan,nan,nan,nan,nan
1753091887.8699887,nan,nan,nan,nan,nan,nan,nan,nan,nan,nan,nan,nan
1753091887.9039907,nan,nan,nan,nan,nan,nan,nan,nan,nan,nan,nan,nan
1753091887.9376166,nan,nan,nan,nan,nan,nan,nan,nan,nan,nan,nan,nan
1753091887.9735122,nan,nan,nan,nan,nan,nan,nan,nan,nan,nan,nan,nan
1753091888.0075126,nan,nan,nan,nan,nan,nan,nan,nan,nan,nan,nan,nan
1753091888.0442903,nan,nan,nan,nan,nan,nan,nan,nan,nan,nan,nan,nan
1753091888.0792878,nan,nan,nan,nan,nan,nan,nan,nan,nan,nan,nan,nan
1753091888.116294,nan,nan,nan,nan,nan,nan,nan,nan,nan,nan,nan,nan
1753091888.1515477,nan,nan,nan,nan,nan,nan,nan,nan,nan,nan,nan,nan
1753091888.1855452,nan,nan,nan,nan,nan,nan,nan,nan,nan,nan,nan,nan
1753091888.2185514,-2418.99462890625,2856.724365234375,6448.3486328125,-67.29671845440475,-122.13505583023968,-111.92484356703135,nan,nan,nan,nan,nan,nan
1753091888.271588,-139.50509643554688,138.27993774414062,358.9734802246094,nan,nan,nan,nan,nan,nan,nan,nan,nan
1753091888.3292546,-135.1072540283203,109.84796905517578,356.4950256347656,2.3765421905601043,-79.91564067787559,nan,nan,nan,nan,nan,nan,nan
1753091888.3802633,nan,nan,nan,nan,nan,nan,nan,nan,nan,nan,nan,nan
1753091888.4297915,-105.3438949584961,67.23170471191406,342.3675842285156,-69.87234562360935,-121.27210757267554,nan,nan,nan,nan,nan,nan,nan
1753091888.4797912,-92.71278381347656,65.18463897705078,342.0110778808594,-70.09264318399475,-113.94910418787563,-176.66388017026802,nan,nan,nan,nan,nan,nan
1753091888.5333138,-67.0750732421875,63.98844528198242,335.7348937988281,-72.03039160924527,-96.07714582941622,175.95230748627918,nan,nan,nan,nan,nan,nan
1753091888.5813122,-55.89852523803711,60.454994201660156,327.11712646484375,-72.00793208310127,-89.81511677965844,170.50399405855336,nan,nan,nan,nan,nan,nan
1753091888.6374493,-34.49492263793945,56.93846130371094,321.4975891113281,-70.42135183173592,-82.21285434666166,161.68475721320758,nan,nan,nan,nan,nan,nan
1753091888.6884565,-27.466264724731445,57.727210998535156,319.0094909667969,-70.53260001560915,-76.93720534961842,nan,nan,nan,nan,nan,nan,nan
1753091888.7378294,-28.962312698364258,60.1248664855957,321.97381591796875,-71.09245117367325,-76.96482864405324,158.10752327720832,nan,nan,nan,nan,nan,nan
1753091888.7898288,-31.951679229736328,62.35655212402344,327.17266845703125,-71.35383093904774,-78.89737569758061,157.20409396590244,nan,nan,nan,nan,nan,nan
1753091888.8403401,-34.44940185546875,62.9431266784668,326.94488525390625,-72.08598513840671,-80.7365248182095,nan,nan,nan,nan,nan,nan,nan
1753091888.8943417,-36.68421936035156,62.26850128173828,330.0474853515625,-72.60939481675709,-83.19262752467876,161.75268521017043,nan,nan,nan,nan,nan,nan
1753091888.946511,-35.935977935791016,62.70854949951172,329.01953125,-72.6158846875375,-82.900528575679,163.7846644848465,nan,nan,nan,nan,nan,nan
1753091888.9985116,-34.97603225708008,63.90534591674805,331.94293212890625,-72.78134657195936,-81.24642431594316,160.6742429076047,nan,nan,nan,nan,nan,nan
1753091889.052697,-33.811012268066406,64.1219711303711,333.0681457519531,-72.7995148895439,-80.823348536645,nan,nan,nan,nan,nan,nan,nan
1753091889.1046956,-31.505037307739258,65.30516052246094,335.8524475097656,-73.23901380356703,-77.18274236522905,nan,nan,nan,nan,nan,nan,nan
1753091889.1627617,-38.86909866333008,65.06874084472656,337.9859313964844,-73.50165161389215,-81.32093115952685,159.8950997206955,nan,nan,nan,nan,nan,nan
1753091889.2187705,-45.6690788269043,63.51453399658203,340.12579345703125,-73.90448617924002,-85.26284536290837,165.8762846216029,nan,nan,nan,nan,nan,nan
1753091889.2692795,-60.74425506591797,62.23722839355469,347.63427734375,-72.54113761737078,-99.6003326645438,173.18211079846128,nan,nan,nan,nan,nan,nan
1753091889.3232887,-70.37653350830078,62.38658142089844,352.2598876953125,-72.18127294474141,-106.67677443331219,175.13934091550823,nan,nan,nan,nan,nan,nan
1753091889.3747978,-72.57530975341797,63.118194580078125,356.390869140625,-72.41384624722903,-107.72432826314171,177.2056716176356,nan,nan,nan,nan,nan,nan
1753091889.4238038,-64.89408111572266,62.974456787109375,359.49053955078125,-73.42523935082417,-105.04438899538182,178.52317338709227,nan,nan,nan,nan,nan,nan
1753091889.476016,-59.74000930786133,62.68843460083008,361.837890625,-73.38816119683125,-99.83168776765342,175.46026522396048,nan,nan,nan,nan,nan,nan
1753091889.5371146,-45.998592376708984,65.98006439208984,380.8371887207031,-73.48230017300591,-93.37418557055537,166.82607828810933,nan,nan,nan,nan,nan,nan
1753091889.5961132,-35.1541862487793,63.33864212036133,382.61273193359375,-74.36097135063729,-85.72004574433568,nan,nan,nan,nan,nan,nan,nan
1753091889.6516397,-30.476364135742188,62.11119079589844,388.7738952636719,-74.82836864749179,-81.58564267168062,nan,nan,nan,nan,nan,nan,nan
1753091889.7016356,-23.874345779418945,54.942420959472656,391.0695495605469,-74.34133952396334,-77.75083462995951,nan,nan,nan,nan,nan,nan,nan
1753091889.7491505,-22.349502563476562,51.13407897949219,390.75946044921875,-74.22784260993316,-78.09678392882195,nan,nan,nan,nan,nan,nan,nan
1753091889.7991545,-24.847227096557617,47.82908630371094,394.5523376464844,-74.269047057725,-79.84064169114177,nan,nan,nan,nan,nan,nan,nan
1753091889.8484216,-25.775903701782227,48.14364242553711,397.14715576171875,-74.06124210200878,-80.02082147899846,159.32547413775498,nan,nan,nan,nan,nan,nan
1753091889.9004228,-30.476560592651367,55.99668884277344,398.5736389160156,-74.7111715100344,-81.70106659407405,160.14547101949594,nan,nan,nan,nan,nan,nan
1753091889.9546502,-32.720096588134766,61.25950622558594,397.8380126953125,-74.94036570202978,-81.5961982784803,163.21162139793478,nan,nan,nan,nan,nan,nan
1753091890.0086403,-36.6933479309082,72.26810455322266,399.3647155761719,-75.74088643187571,-83.73612387787631,nan,nan,nan,nan,nan,nan,nan
1753091890.0598876,-46.470069885253906,79.57433319091797,397.42120361328125,nan,nan,nan,nan,nan,nan,nan,nan,nan
1753091890.112888,-52.412906646728516,83.56588745117188,401.8860168457031,nan,nan,nan,nan,nan,nan,nan,nan,nan
1753091890.1661403,-66.65455627441406,81.85871124267578,390.06121826171875,nan,nan,nan,nan,nan,nan,nan,nan,nan
1753091890.2171469,-75.22230529785156,82.18653106689453,391.623291015625,nan,nan,nan,nan,nan,nan,nan,nan,nan
1753091890.2656577,-83.54291534423828,75.4856185913086,388.20867919921875,-75.19205273225577,-113.78954065961551,-172.34452548243186,nan,nan,nan,nan,nan,nan
1753091890.3196595,-85.58708953857422,70.08560180664062,387.3038635253906,-74.15008189092853,-115.20442861630943,nan,nan,nan,nan,nan,nan,nan
1753091890.3721738,-89.8788833618164,58.50960159301758,389.73345947265625,-72.52605651091433,-114.23987729353507,-173.6821247179853,nan,nan,nan,nan,nan,nan
1753091890.4231846,-88.18374633789062,43.39497375488281,388.881591796875,-71.34862968953755,-111.35737644946308,nan,nan,nan,nan,nan,nan,nan
1753091890.4752898,-85.58787536621094,37.576541900634766,390.71435546875,-70.98604847827737,-109.99337818808287,nan,nan,nan,nan,nan,nan,nan
1753091890.524295,-75.85450744628906,31.131845474243164,394.9146728515625,-70.76553062796603,-105.8762656039458,nan,nan,nan,nan,nan,nan,nan
1753091890.576811,-70.45481872558594,29.90192222595215,398.8091735839844,-70.83141166835152,-102.01675269200089,176.55344914384176,nan,nan,nan,nan,nan,nan
1753091890.6278176,-54.71767807006836,29.769519805908203,407.5162658691406,-71.44168005229191,-96.31228546548134,172.97639580478437,nan,nan,nan,nan,nan,nan
1753091890.6793325,-50.94502258300781,32.72836685180664,415.1669616699219,-71.95643088845483,-91.90889373312295,nan,nan,nan,nan,nan,nan,nan
1753091890.7338395,-31.7703857421875,39.35012435913086,426.2355041503906,-73.03074147573005,-85.47846890775969,164.2980997129783,nan,nan,nan,nan,nan,nan
1753091890.7838407,-26.87908935546875,43.515933990478516,426.8165283203125,-74.07428784157996,-80.60348809656449,164.50800058197729,nan,nan,nan,nan,nan,nan
1753091890.8343604,-16.175331115722656,52.523353576660156,426.4969787597656,-74.93232175367525,-76.14314486494214,162.164101061809,nan,nan,nan,nan,nan,nan
1753091890.8853588,-15.377817153930664,58.36832809448242,427.172119140625,-75.12671058666602,-72.79512546870124,159.91808512395951,nan,nan,nan,nan,nan,nan
1753091890.938881,-33.10186004638672,135.899169921875,830.6006469726562,-72.89429194052326,-71.39504178274562,153.9961015561994,nan,nan,nan,nan,nan,nan
1753091890.9948828,-22.579364776611328,79.04641723632812,423.3003845214844,nan,nan,nan,nan,nan,nan,nan,nan,nan
1753091891.0504189,-24.73794174194336,80.55428314208984,418.4223327636719,nan,nan,nan,nan,nan,nan,nan,nan,nan
1753091891.1014166,-32.4752311706543,86.93975067138672,414.27264404296875,-60.02216798494651,-74.65924067454013,nan,nan,nan,nan,nan,nan,nan
1753091891.15464,-40.44621658325195,90.10684967041016,414.1533508300781,nan,nan,nan,nan,nan,nan,nan,nan,nan
1753091891.2046351,-44.527889251708984,89.48502349853516,407.6846008300781,nan,nan,nan,nan,nan,nan,nan,nan,nan
1753091891.2571557,nan,nan,nan,nan,nan,nan,nan,nan,nan,nan,nan,nan
1753091891.3091562,nan,nan,nan,nan,nan,nan,nan,nan,nan,nan,nan,nan
1753091891.3607106,-65.9415512084961,78.57879638671875,404.1163024902344,nan,nan,nan,nan,nan,nan,nan,nan,nan
1753091891.4137077,-70.07667541503906,74.89009857177734,401.04290771484375,-75.73531851527376,-105.47693700746407,175.0673788646963,nan,nan,nan,nan,nan,nan
1753091891.463888,-75.85894775390625,67.57892608642578,398.9399108886719,-74.92225964769808,-108.12110766963322,179.7016445547694,nan,nan,nan,nan,nan,nan
1753091891.5158901,-75.2734375,64.66143035888672,399.91326904296875,-73.9094201013696,-107.91077168713517,-178.26946814001948,nan,nan,nan,nan,nan,nan
1753091891.5661788,-73.16715240478516,57.11590576171875,401.03961181640625,-72.7686173543918,-105.56572825106619,nan,nan,nan,nan,nan,nan,nan
1753091891.6211832,-60.93583297729492,51.04512405395508,401.9162292480469,-71.75323284754602,-98.72905654138111,nan,nan,nan,nan,nan,nan,nan
1753091891.673695,-63.26796340942383,50.11663818359375,406.9541320800781,-72.46825650926034,-95.02586910687401,160.13887681988646,nan,nan,nan,nan,nan,nan
1753091891.728699,nan,nan,nan,nan,nan,nan,nan,nan,nan,nan,nan,nan
1753091891.780208,nan,nan,nan,nan,nan,nan,nan,nan,nan,nan,nan,nan
1753091891.8322327,nan,nan,nan,nan,nan,nan,nan,nan,nan,nan,nan,nan
1753091891.883602,-1481.1302490234375,1004.8025512695312,8033.4404296875,nan,nan,nan,nan,nan,nan,nan,nan,nan
1753091891.9321125,nan,nan,nan,nan,nan,nan,nan,nan,nan,nan,nan,nan
1753091891.9851208,nan,nan,nan,nan,nan,nan,nan,nan,nan,nan,nan,nan
1753091892.0383909,nan,nan,nan,nan,nan,nan,nan,nan,nan,nan,nan,nan
1753091892.091389,nan,nan,nan,nan,nan,nan,nan,nan,nan,nan,nan,nan
1753091892.15154,-63.985652923583984,63.35041427612305,427.46478271484375,-62.54980906202996,-62.452323973775115,124.3174372594628,nan,nan,nan,nan,nan,nan
1753091892.215541,-56.871368408203125,53.13806915283203,406.07366943359375,nan,nan,nan,nan,nan,nan,nan,nan,nan
1753091892.276694,-53.26401901245117,52.64799880981445,414.5368347167969,-76.12372166664102,-72.72791636531666,nan,nan,nan,nan,nan,nan,nan
1753091892.3307033,-92.61640930175781,115.022216796875,878.9837036132812,-73.7312780503935,-70.66913723311839,162.1964748816594,nan,nan,nan,nan,nan,nan
1753091892.385812,-37.89750289916992,55.13137435913086,421.3062438964844,-75.63693945391083,-75.59503898325073,160.35441278932254,nan,nan,nan,nan,nan,nan
1753091892.4373393,-29.731040954589844,54.2314567565918,420.6229248046875,-75.48948660648816,-80.95626199524212,nan,nan,nan,nan,nan,nan,nan
1753091892.4873383,nan,nan,nan,nan,nan,nan,nan,nan,nan,nan,nan,nan
1753091892.5408607,nan,nan,nan,nan,nan,nan,nan,nan,nan,nan,nan,nan
1753091892.5898583,nan,nan,nan,nan,nan,nan,nan,nan,nan,nan,nan,nan
1753091892.6403751,nan,nan,nan,nan,nan,nan,nan,nan,nan,nan,nan,nan
1753091892.689376,nan,nan,nan,nan,nan,nan,nan,nan,nan,nan,nan,nan
1753091892.740586,-6.235278129577637,59.98884201049805,421.2119445800781,-75.21639372744899,-73.45430314291701,nan,nan,nan,nan,nan,nan,nan
1753091892.7925758,nan,nan,nan,nan,nan,nan,nan,nan,nan,nan,nan,nan
1753091892.841105,-17.0743465423584,147.97283935546875,915.1715698242188,-70.36108513892847,-73.54422023482759,136.13032392515458,nan,nan,nan,nan,nan,nan
1753091892.892106,-7.618434906005859,65.2374496459961,408.3421325683594,-74.03525094238115,-75.17480509105056,146.4220190187387,nan,nan,nan,nan,nan,nan
1753091892.9416199,-7.595161437988281,65.82258605957031,407.0946960449219,-73.66711432019919,-74.53005122040629,nan,nan,nan,nan,nan,nan,nan
1753091892.9926198,-6.8186774253845215,65.11405181884766,407.56976318359375,-73.68902109274543,-71.85273237474684,147.2047011333996,nan,nan,nan,nan,nan,nan
1753091893.0431473,-4.442441463470459,64.81939697265625,405.7254333496094,-73.69590185446911,-70.44589640828232,148.1898060271226,nan,nan,nan,nan,nan,nan
1753091893.0981505,-2.1053433418273926,65.86027526855469,407.3277587890625,-74.15638721058815,-66.29445383192397,nan,nan,nan,nan,nan,nan,nan
1753091893.1526742,-0.5329674482345581,66.31986236572266,405.3396301269531,-73.93956302977433,-63.99419091262745,145.13706564277678,nan,nan,nan,nan,nan,nan
1753091893.2026734,1.0348987579345703,69.04773712158203,407.61077880859375,-73.91781319825661,-61.305356241917366,145.90439328303813,nan,nan,nan,nan,nan,nan
1753091893.251763,1.0334057807922363,69.732421875,407.02276611328125,-73.8450791232037,-60.83561072084638,nan,nan,nan,nan,nan,nan,nan
1753091893.3047616,2.5773398876190186,70.62547302246094,403.1664733886719,-74.09811512767938,-58.293474451040396,145.38141575065006,nan,nan,nan,nan,nan,nan
1753091893.3569505,3.3513782024383545,71.34220886230469,402.8269958496094,-73.84486461275465,-55.31578242263763,nan,nan,nan,nan,nan,nan,nan
1753091893.4109485,5.661778450012207,71.1133041381836,401.53448486328125,-73.55374604848753,-53.32406412145682,141.84499189899475,nan,nan,nan,nan,nan,nan
1753091893.4600108,7.179903984069824,69.28303527832031,399.9019775390625,nan,nan,nan,nan,nan,nan,nan,nan,nan
1753091893.5130107,7.942337512969971,69.21212005615234,399.49261474609375,-73.35763403900451,-50.5752589536125,141.47628173689372,nan,nan,nan,nan,nan,nan
1753091893.5663164,8.71507740020752,67.69551086425781,399.628173828125,-73.23044811560256,-50.49717342416828,140.05868200936752,nan,nan,nan,nan,nan,nan
1753091893.6183121,9.459650039672852,65.97776794433594,398.5550231933594,-72.98394551861824,-51.60882414502003,139.65304076157864,nan,nan,nan,nan,nan,nan
1753091893.6725154,20.51990509033203,121.69398498535156,743.7800903320312,-70.33162569815028,-57.88761700675023,nan,nan,nan,nan,nan,nan,nan
1753091893.7285244,26.81015968322754,112.29336547851562,720.2543334960938,-71.10797330567975,-64.33514399538335,153.79608018104562,nan,nan,nan,nan,nan,nan
1753091893.7847698,16.56120491027832,61.304378509521484,403.1747131347656,-72.72779380403614,-65.81688983754492,nan,nan,nan,nan,nan,nan,nan
1753091893.8368363,16.314300537109375,54.2680549621582,397.16400146484375,-71.83643335458805,-69.09925657129591,146.84078501093018,nan,nan,nan,nan,nan,nan
1753091893.8878407,17.83561134338379,50.41533279418945,396.9573974609375,-72.11992178766167,-69.91874395408043,nan,nan,nan,nan,nan,nan,nan
1753091893.9403615,15.5388765335083,42.76073455810547,396.9052734375,-71.02162378131705,-71.57826540225271,149.16690016267788,nan,nan,nan,nan,nan,nan
1753091893.9913619,15.527002334594727,34.321712493896484,396.60198974609375,-70.530887528391,-72.166339406828,nan,nan,nan,nan,nan,nan,nan
1753091894.0488877,15.539881706237793,30.52594566345215,396.93096923828125,-70.45322614463443,-71.16695000455562,152.39526353129125,nan,nan,nan,nan,nan,nan
1753091894.113901,17.929536819458008,26.844112396240234,399.0478515625,-70.57620075869448,-71.10446754100278,152.57379605337974,nan,nan,nan,nan,nan,nan
1753091894.1804326,21.060619354248047,26.143930435180664,400.0998840332031,-70.56441673511827,-69.45486763782691,153.85574850667783,nan,nan,nan,nan,nan,nan
1753091894.2369506,22.665727615356445,32.40190505981445,401.2186279296875,nan,nan,nan,nan,nan,nan,nan,nan,nan
1753091894.285949,24.36386489868164,36.49501419067383,403.7361145019531,-70.80302674169184,-65.2950328957866,148.61490320044174,nan,nan,nan,nan,nan,nan
1753091894.3370197,25.437917709350586,44.7960319519043,408.4908447265625,-71.29587268996953,-63.56268666786145,145.49455517243663,nan,nan,nan,nan,nan,nan
1753091894.387021,27.183673858642578,48.24894332885742,411.0845642089844,-71.38160525996182,-63.646667029548524,143.04773817844992,nan,nan,nan,nan,nan,nan
1753091894.439539,27.08387565612793,53.596290588378906,409.5753479003906,-72.15748895258025,-61.364778545905345,143.96386090528875,nan,nan,nan,nan,nan,nan
1753091894.4925404,42.51982116699219,106.46378326416016,727.8409423828125,-71.51643007460225,-61.478211890255466,148.8321751970535,nan,nan,nan,nan,nan,nan
1753091894.5410588,24.126535415649414,68.81002044677734,458.3447570800781,-72.37913563246433,-61.234464971522094,142.1630498467853,nan,nan,nan,nan,nan,nan
1753091894.591058,26.344463348388672,120.6812744140625,746.3806762695312,-72.16130125043429,-62.18018339545156,146.60037524973288,nan,nan,nan,nan,nan,nan
1753091894.640586,nan,nan,nan,nan,nan,nan,nan,nan,nan,nan,nan,nan
1753091894.6895847,2.39577054977417,161.66241455078125,943.6110229492188,-71.99645323686997,-67.27755390032513,nan,nan,nan,nan,nan,nan,nan
1753091894.7431068,0.25356942415237427,70.18164825439453,414.30462646484375,-74.89357324014465,-68.16359870178168,148.02880081618034,nan,nan,nan,nan,nan,nan
1753091894.7931077,-7.602386474609375,69.81109619140625,407.4819641113281,-74.7145829899735,-71.14806883329821,147.6652619803627,nan,nan,nan,nan,nan,nan
1753091894.8456252,-9.081376075744629,68.33837127685547,403.4231872558594,-74.73597199766806,-73.84246984638996,152.56905718570133,nan,nan,nan,nan,nan,nan
1753091894.8966248,-16.68984031677246,67.6689453125,399.4713134765625,-74.54967847048884,-77.02150670379713,nan,nan,nan,nan,nan,nan,nan
1753091894.9491491,-18.166568756103516,65.90180206298828,398.0960998535156,-74.75448108647966,-78.12707586525075,nan,nan,nan,nan,nan,nan,nan
1753091895.0011487,-21.178464889526367,64.96149444580078,397.03741455078125,-75.06759336985294,-79.96772537026905,155.4046439870511,nan,nan,nan,nan,nan,nan
1753091895.0522692,-21.92095184326172,64.13041687011719,396.62908935546875,-75.01274530542916,-79.91503953244991,155.4808170965714,nan,nan,nan,nan,nan,nan
1753091895.1042666,-21.850563049316406,63.16267776489258,395.3554992675781,-74.85694346532702,-79.97357657895962,156.91012172360448,nan,nan,nan,nan,nan,nan
1753091895.15478,-19.611452102661133,59.4941520690918,396.29156494140625,-74.07657961625519,-78.19061213122623,nan,nan,nan,nan,nan,nan,nan
1753091895.2107787,-18.030424118041992,57.03313446044922,395.1126708984375,-73.56411928565359,-77.36359635745363,153.68209191095843,nan,nan,nan,nan,nan,nan
1753091895.269305,-10.441390037536621,51.824851989746094,396.03826904296875,-72.73289492111886,-76.52020523646434,153.21454974844005,nan,nan,nan,nan,nan,nan
1753091895.3223095,-4.332733154296875,49.49388885498047,395.705810546875,-72.43286191427552,-74.61812802563777,154.62605791680596,nan,nan,nan,nan,nan,nan
1753091895.3745139,1.0037460327148438,47.92466735839844,395.3407897949219,-72.75195584064612,-73.23517235899112,152.8498649299938,nan,nan,nan,nan,nan,nan
1753091895.4275231,10.208024024963379,50.52122116088867,397.7911376953125,-71.96795729636608,-67.56315487071777,nan,nan,nan,nan,nan,nan,nan
1753091895.4816356,14.914267539978027,53.20319747924805,400.67144775390625,-72.32578942625481,-65.71634496121852,148.75619095180082,nan,nan,nan,nan,nan,nan
1753091895.5346391,18.725210189819336,56.14350509643555,399.61865234375,-72.43104994081412,-62.26829024802253,144.79156032385458,nan,nan,nan,nan,nan,nan
1753091895.58378,nan,nan,nan,nan,nan,nan,nan,nan,nan,nan,nan,nan
1753091895.6347842,30.517431259155273,65.90607452392578,402.81060791015625,-72.3840141381131,-53.112204972496755,135.70132557623592,nan,nan,nan,nan,nan,nan
1753091895.6963015,33.12104797363281,70.2761001586914,396.8072814941406,-73.08924211161346,-48.261110691251446,132.8417044441265,nan,nan,nan,nan,nan,nan
1753091895.7598243,30.78874969482422,74.77033233642578,396.3121032714844,-73.10000074252336,-47.42926512613861,132.4027961933939,nan,nan,nan,nan,nan,nan
1753091895.8188317,28.394237518310547,76.78129577636719,394.8721008300781,-73.48261674393032,-48.92410556975731,nan,nan,nan,nan,nan,nan,nan
1753091895.8708868,21.567066192626953,79.90167999267578,395.2523498535156,-73.78724271764693,-50.32672597185528,nan,nan,nan,nan,nan,nan,nan
1753091895.9208877,13.867581367492676,80.93838500976562,392.89068603515625,-74.38822414084432,-52.740445095694,138.0053334154457,nan,nan,nan,nan,nan,nan
1753091895.9704075,12.98658275604248,80.92317199707031,389.1766357421875,-74.23685640527933,-55.44803728468496,140.49756436166481,nan,nan,nan,nan,nan,nan
1753091896.0214124,9.936286926269531,82.00476837158203,387.2019348144531,-74.64731286717482,-56.427629574304,137.82467096164876,nan,nan,nan,nan,nan,nan
1753091896.0709248,3.965510845184326,82.709716796875,387.0093994140625,nan,nan,nan,nan,nan,nan,nan,nan,nan
1753091896.122934,-1.2480820417404175,83.02220153808594,385.00030517578125,-75.41285393347013,-62.815541671612124,nan,nan,nan,nan,nan,nan,nan
1753091896.1731374,-1.2418054342269897,82.60469055175781,383.06414794921875,-74.575748475887,-65.25864729017522,nan,nan,nan,nan,nan,nan,nan
1753091896.2251415,-2.7070486545562744,82.27002716064453,381.51226806640625,-75.36627416615919,-66.51307387002616,nan,nan,nan,nan,nan,nan,nan
1753091896.2803876,-1.9683300256729126,82.12060546875,380.8193359375,-75.48765396243213,-66.35212128180416,nan,nan,nan,nan,nan,nan,nan
1753091896.3303926,-1.9651743173599243,80.52369689941406,380.20880126953125,-75.76039312153851,-65.78389444658957,nan,nan,nan,nan,nan,nan,nan
1753091896.3786392,-0.4986337423324585,78.85444641113281,379.2276916503906,-74.87266780115951,-66.15356462853342,145.6537395509843,nan,nan,nan,nan,nan,nan
1753091896.4286501,3.1605873107910156,78.99308776855469,379.8944396972656,-75.2651287430971,-62.99942629098875,nan,nan,nan,nan,nan,nan,nan
1753091896.4809062,6.103645324707031,79.18742370605469,380.8290710449219,-75.09937054987385,-61.05359411937145,nan,nan,nan,nan,nan,nan,nan
1753091896.5309093,9.038458824157715,78.44953918457031,380.8093566894531,-74.88121713504079,-58.321191656548606,nan,nan,nan,nan,nan,nan,nan
1753091896.584125,12.000885009765625,78.62837982177734,381.6774597167969,-74.33125187537779,-56.93267376010389,140.83519871566585,nan,nan,nan,nan,nan,nan
1753091896.6331265,nan,nan,nan,nan,nan,nan,nan,nan,nan,nan,nan,nan
1753091896.6856434,nan,nan,nan,nan,nan,nan,nan,nan,nan,nan,nan,nan
1753091896.737156,22.548450469970703,83.23287200927734,385.9772644042969,-74.13407720560656,-50.7794657238565,134.75662958097564,nan,nan,nan,nan,nan,nan
1753091896.7891638,22.390995025634766,84.1287612915039,383.2820129394531,-74.62568145598968,-48.80244432818352,nan,nan,nan,nan,nan,nan,nan
1753091896.8413477,18.739595413208008,84.31474304199219,384.12933349609375,-74.1131411086055,-50.26518501368639,136.9182781144128,nan,nan,nan,nan,nan,nan
1753091896.8913496,12.691065788269043,83.478759765625,380.3207092285156,-74.27764798097319,-53.22589768555507,138.14702553972083,nan,nan,nan,nan,nan,nan
1753091896.9405508,10.464458465576172,83.98619842529297,379.302734375,-74.72455189562353,-54.835616283829424,136.6112145337763,nan,nan,nan,nan,nan,nan
1753091896.9905448,0.9650295376777649,84.16090393066406,380.0917053222656,-74.98426979366445,-57.500776748696644,nan,nan,nan,nan,nan,nan,nan
1753091897.043641,-1.9462090730667114,82.64881134033203,376.5395202636719,-74.72588482892226,-62.053620272782354,144.842943502652,nan,nan,nan,nan,nan,nan
1753091897.0936418,-12.0962495803833,81.87094116210938,376.299072265625,-74.89967827596134,-67.41605839894684,144.74171872557534,nan,nan,nan,nan,nan,nan
1753091897.1491625,-14.932229042053223,80.79745483398438,374.6834716796875,nan,nan,nan,nan,nan,nan,nan,nan,nan
1753091897.211164,-22.107357025146484,79.91405487060547,373.9281311035156,nan,nan,nan,nan,nan,nan,nan,nan,nan
1753091897.273691,-27.888017654418945,79.96129608154297,374.149169921875,-75.03071062497396,-78.58659382504537,150.48498391124696,nan,nan,nan,nan,nan,nan
1753091897.324702,-35.376853942871094,77.55133056640625,369.53631591796875,-75.16408686052866,-83.17127524410718,nan,nan,nan,nan,nan,nan,nan
1753091897.3778884,-37.63933181762695,77.09797668457031,370.78045654296875,-75.32760755411284,-86.53868336700087,157.7942338246404,nan,nan,nan,nan,nan,nan
1753091897.4279013,-45.34299850463867,76.1226806640625,369.5142822265625,-76.12938715074662,-92.56704816491386,166.22285534847333,nan,nan,nan,nan,nan,nan
1753091897.480129,-48.224918365478516,77.60118103027344,369.7738342285156,-75.39263078507214,-94.1050155668476,166.14295137294278,nan,nan,nan,nan,nan,nan
1753091897.532139,-54.646244049072266,76.9008560180664,369.83245849609375,-74.82301477487144,-98.07864303435731,165.68064032481502,nan,nan,nan,nan,nan,nan
1753091897.58639,-56.67281723022461,77.4613265991211,369.107421875,-74.89425721412363,-100.52788231844379,167.57412054530647,nan,nan,nan,nan,nan,nan
1753091897.6389115,-63.139305114746094,77.5416259765625,369.49005126953125,-74.75651399443409,-104.48819452104493,nan,nan,nan,nan,nan,nan,nan
1753091897.6879218,-68.90707397460938,79.04816436767578,369.87652587890625,-74.8038856158501,-107.3955540974963,176.89774019799637,nan,nan,nan,nan,nan,nan
1753091897.7404394,-70.91504669189453,80.3261489868164,369.1988220214844,nan,nan,nan,nan,nan,nan,nan,nan,nan
1753091897.7924356,-76.71282958984375,81.86260986328125,369.7120666503906,nan,nan,nan,nan,nan,nan,nan,nan,nan
1753091897.8409495,-78.59869384765625,82.31180572509766,368.53363037109375,nan,nan,nan,nan,nan,nan,nan,nan,nan
1753091897.8899484,-80.5513687133789,82.13060760498047,367.72235107421875,-73.82181441093529,-115.1130317350138,-177.52580460679465,nan,nan,nan,nan,nan,nan
1753091897.9394717,-81.3544692993164,81.51676940917969,368.150146484375,nan,nan,nan,nan,nan,nan,nan,nan,nan
1753091897.991481,-84.33113098144531,81.6286849975586,371.8919372558594,-73.67184994394637,-117.66889176450627,nan,nan,nan,nan,nan,nan,nan
1753091898.0436366,-83.54727172851562,79.45005798339844,368.4351806640625,-73.57970203298619,-116.76625900257567,-175.39903285658033,nan,nan,nan,nan,nan,nan
1753091898.0926392,-82.792724609375,80.11683654785156,368.2367858886719,-73.74124205533747,-116.67117251619769,nan,nan,nan,nan,nan,nan,nan
1753091898.144192,-81.64483642578125,81.09579467773438,369.4641418457031,nan,nan,nan,nan,nan,nan,nan,nan,nan
1753091898.195193,-75.34119415283203,81.85874938964844,366.5051574707031,nan,nan,nan,nan,nan,nan,nan,nan,nan
1753091898.2467053,-73.16423797607422,84.01519775390625,369.77978515625,nan,nan,nan,nan,nan,nan,nan,nan,nan
1753091898.2977118,-63.74387741088867,85.22970581054688,368.8685607910156,-75.49067497930261,-108.18656920018047,178.0648450866212,nan,nan,nan,nan,nan,nan
1753091898.3547635,-51.58511734008789,86.52444458007812,368.3287048339844,-75.91243075175599,-99.8123080904881,167.5617372713825,nan,nan,nan,nan,nan,nan
1753091898.4087625,-45.87604904174805,87.17489624023438,368.0783996582031,-76.5796270162666,-97.41170846500698,164.5264843716278,nan,nan,nan,nan,nan,nan
1753091898.4592938,-34.59193420410156,90.17848205566406,368.7596130371094,-76.56300791287185,-88.59933642674736,157.04226785110941,nan,nan,nan,nan,nan,nan
1753091898.5102868,-28.40749740600586,90.85214233398438,371.51434326171875,-77.40429700927373,-83.42440438696204,152.4579093558695,nan,nan,nan,nan,nan,nan
1753091898.5615108,-18.979333877563477,91.69529724121094,369.1448059082031,nan,nan,nan,nan,nan,nan,nan,nan,nan
1753091898.6135104,-13.911752700805664,90.40924835205078,366.81292724609375,nan,nan,nan,nan,nan,nan,nan,nan,nan
1753091898.663761,-8.35979175567627,92.24756622314453,371.3681335449219,nan,nan,nan,nan,nan,nan,nan,nan,nan
1753091898.7147624,-4.7705793380737305,92.03032684326172,370.4935607910156,-76.71738719124093,-65.04325480458768,140.146412211614,nan,nan,nan,nan,nan,nan
1753091898.7740235,0.9446837306022644,93.14089965820312,372.07818603515625,nan,nan,nan,nan,nan,nan,nan,nan,nan
1753091898.8320308,8.095871925354004,92.92973327636719,371.234619140625,nan,nan,nan,nan,nan,nan,nan,nan,nan
1753091898.8865488,14.702309608459473,94.00675201416016,375.5370788574219,-75.629777508418,-51.46246610888958,nan,nan,nan,nan,nan,nan,nan
1753091898.938559,18.297813415527344,93.89073181152344,375.0735778808594,-75.33772505048185,-51.81811438348516,129.68138126957692,nan,nan,nan,nan,nan,nan
1753091898.989077,23.405132293701172,93.36028289794922,375.8476867675781,-75.35887836816205,-47.9641622326445,126.6493150686011,nan,nan,nan,nan,nan,nan
1753091899.0390856,25.609838485717773,93.47723388671875,376.3185119628906,-75.25079844433024,-47.302889060294326,nan,nan,nan,nan,nan,nan,nan
1753091899.0915198,27.80687141418457,92.8243637084961,376.6116638183594,-74.58494008038892,-45.47300674843832,nan,nan,nan,nan,nan,nan,nan
1753091899.1430383,28.65751075744629,92.5019760131836,378.2608642578125,-75.08875665856979,-44.33567366255434,122.54619752101341,nan,nan,nan,nan,nan,nan
1753091899.1930366,30.728485107421875,92.88130187988281,376.8426818847656,-74.45004682358899,-43.99731870420418,nan,nan,nan,nan,nan,nan,nan
1753091899.2455556,30.886093139648438,92.6278305053711,378.7755432128906,-74.05778721757738,-43.34719611175285,nan,nan,nan,nan,nan,nan,nan
1753091899.2935548,30.943937301635742,92.07007598876953,379.48492431640625,-73.93912904887817,-42.681924756725756,nan,nan,nan,nan,nan,nan,nan
1753091899.345689,29.54329490661621,90.797607421875,380.2806396484375,-73.9200136689335,-44.99573355917837,121.80100585454699,nan,nan,nan,nan,nan,nan
1753091899.3956876,22.888593673706055,88.36833190917969,379.2892150878906,-74.21691438915542,-47.33238021055742,122.59514722191301,nan,nan,nan,nan,nan,nan
1753091899.4482083,21.353118896484375,87.33576965332031,377.9834289550781,-74.75209031819728,-49.556896360157864,130.74503505620666,nan,nan,nan,nan,nan,nan
1753091899.497211,11.858881950378418,85.69227600097656,377.16119384765625,-74.91904011771163,-54.00882750766671,nan,nan,nan,nan,nan,nan,nan
1753091899.5477326,9.667279243469238,84.86593627929688,376.7191467285156,-75.566731907977,-56.790941513622414,135.9676328822782,nan,nan,nan,nan,nan,nan
1753091899.6067278,1.6822421550750732,84.85958862304688,376.69097900390625,-75.76682232389449,-59.59306853170609,-138.93968851394845,nan,nan,nan,nan,nan,nan
1753091899.6682518,-1.9434081315994263,83.9788818359375,375.99761962890625,-76.08126787677037,-64.99736311276315,nan,nan,nan,nan,nan,nan,nan
1753091899.7192507,-2.671083927154541,84.0785140991211,376.44366455078125,-75.64577138065015,-66.36270186485233,nan,nan,nan,nan,nan,nan,nan
1753091899.7687666,-8.49030876159668,84.2398681640625,377.1661071777344,-75.3521890836423,-70.1190052319291,nan,nan,nan,nan,nan,nan,nan
1753091899.816771,-11.404740333557129,83.56719970703125,377.410400390625,-75.95472698004342,-70.01721629177817,145.45927372217952,nan,nan,nan,nan,nan,nan
1753091899.8722901,-16.472219467163086,83.44989776611328,376.8806457519531,nan,nan,nan,nan,nan,nan,nan,nan,nan
1753091899.9232893,-20.8706111907959,82.8869857788086,377.6246337890625,-75.72821901824678,-77.4439671632489,-123.83419128044443,nan,nan,nan,nan,nan,nan
1753091899.9748056,-23.03224754333496,83.5373764038086,377.2757263183594,nan,nan,nan,nan,nan,nan,nan,nan,nan
1753091900.0268114,-28.811336517333984,83.43109893798828,376.7957763671875,-76.25946578233528,-81.95968764288438,152.01181135960186,nan,nan,nan,nan,nan,nan
1753091900.0760117,-30.934959411621094,83.28430938720703,376.1328125,nan,nan,nan,nan,nan,nan,nan,nan,nan
1753091900.1290178,-36.51805877685547,82.79669189453125,373.93060302734375,-76.0237974240753,-88.90573596945201,159.6310770194255,nan,nan,nan,nan,nan,nan
1753091900.178167,-38.727752685546875,82.1782455444336,374.39569091796875,nan,nan,nan,nan,nan,nan,nan,nan,nan
1753091900.2291818,-40.8248176574707,83.4836654663086,373.7803649902344,nan,nan,nan,nan,nan,nan,nan,nan,nan
1753091900.2812603,-39.39048767089844,84.217041015625,373.83868408203125,nan,nan,nan,nan,nan,nan,nan,nan,nan
1753091900.3342671,-36.51459884643555,84.22976684570312,373.8951721191406,nan,nan,nan,nan,nan,nan,nan,nan,nan
1753091900.3846989,-32.92863464355469,84.27156066894531,374.0807189941406,-75.70589484770709,-87.05663789215465,155.01304052616197,nan,nan,nan,nan,nan,nan
1753091900.4357066,-24.42263412475586,85.49578857421875,376.29638671875,-75.8528100549421,-81.30715106348732,149.8996020760672,nan,nan,nan,nan,nan,nan
1753091900.4912171,-14.210108757019043,85.12847900390625,374.6797180175781,nan,nan,nan,nan,nan,nan,nan,nan,nan
1753091900.5417519,-8.506109237670898,84.39663696289062,377.8680114746094,-76.00777511505228,-71.31944386647825,144.71411389613002,nan,nan,nan,nan,nan,nan
1753091900.5907595,0.9662539958953857,83.53435516357422,380.573974609375,-75.15709542183733,-65.62325126759812,nan,nan,nan,nan,nan,nan,nan
1753091900.641276,4.587047576904297,81.98155212402344,376.8074645996094,-75.28774314602447,-63.76009149505063,143.07806342114546,nan,nan,nan,nan,nan,nan
1753091900.691287,10.437664031982422,82.31314086914062,378.3315124511719,-74.85959796595259,-58.98110854350844,136.92690515446733,nan,nan,nan,nan,nan,nan
1753091900.7417974,14.074569702148438,82.26558685302734,378.11297607421875,-74.72633549369783,-56.857474009523806,137.8236096238702,nan,nan,nan,nan,nan,nan
1753091900.7898061,17.802955627441406,81.93025970458984,379.9366149902344,-74.60885642483682,-53.818060537293825,nan,nan,nan,nan,nan,nan,nan
1753091900.8398106,18.48326873779297,82.43140411376953,378.8750915527344,-74.60868804596332,-52.51808932557641,135.91611933540426,nan,nan,nan,nan,nan,nan
1753091900.890325,17.07577133178711,82.68616485595703,380.0460510253906,nan,nan,nan,nan,nan,nan,nan,nan,nan
1753091900.9393375,15.652493476867676,83.63941192626953,381.0526123046875,nan,nan,nan,nan,nan,nan,nan,nan,nan
1753091900.988857,6.070343494415283,82.40446472167969,378.7512512207031,-74.76250675595895,-58.221320172719494,134.31208288702064,nan,nan,nan,nan,nan,nan
1753091901.038858,2.4174551963806152,83.00364685058594,378.1561279296875,-75.49689460203433,-56.268685875112745,nan,nan,nan,nan,nan,nan,nan
1753091901.0911906,-11.406499862670898,82.85274505615234,377.4686279296875,-75.55202793834886,-68.78930520171016,145.58360156300742,nan,nan,nan,nan,nan,nan
1753091901.1427257,-19.406538009643555,83.57682037353516,377.453857421875,-75.62557278629382,-73.72585995039631,nan,nan,nan,nan,nan,nan,nan
1753091901.195737,-31.603652954101562,82.4133071899414,375.4665832519531,-76.06745017831935,-82.06603485516372,154.03668915982936,nan,nan,nan,nan,nan,nan
1753091901.2472534,-37.387516021728516,82.4044189453125,375.42608642578125,-75.10415055739931,-85.92007225002249,152.70065931973178,nan,nan,nan,nan,nan,nan
1753091901.298251,-45.68337631225586,82.43301391601562,372.2881164550781,-75.84007986542129,-92.76594257551919,162.25276024554526,nan,nan,nan,nan,nan,nan
1753091901.347781,-49.25796890258789,83.12974548339844,372.1957702636719,nan,nan,nan,nan,nan,nan,nan,nan,nan
1753091901.40078,-54.05742263793945,83.50578308105469,370.6814270019531,-75.42886973396087,-98.4964577723657,164.67713420831828,nan,nan,nan,nan,nan,nan
1753091901.4543095,-55.3192138671875,83.96695709228516,369.5674743652344,-75.79938285880088,-100.19357118275093,168.60763849185443,nan,nan,nan,nan,nan,nan
1753091901.5133088,-57.92499542236328,85.74406433105469,368.0254821777344,-75.677062403792,-101.738084939954,168.8086043588944,nan,nan,nan,nan,nan,nan
1753091901.564474,-57.02797317504883,86.87615966796875,366.8170471191406,-76.25997013167272,-102.47265612289719,170.9403712757901,nan,nan,nan,nan,nan,nan
1753091901.6124735,-55.015655517578125,87.0472640991211,367.5395202636719,-75.82567978429446,-100.86526958327097,168.2650662896964,nan,nan,nan,nan,nan,nan
1753091901.666992,-47.002288818359375,87.34104919433594,365.8038024902344,-76.51792143503528,-96.83881426785541,164.88116842366048,nan,nan,nan,nan,nan,nan
1753091901.7229908,-37.277732849121094,89.093994140625,367.2183837890625,-77.08449493696284,-89.61835870200011,160.79054885426197,nan,nan,nan,nan,nan,nan
1753091901.7755096,-29.38785743713379,88.06771850585938,365.8943786621094,-76.83337253799824,-84.80501646969873,150.1113603836557,nan,nan,nan,nan,nan,nan
1753091901.8265076,-19.74785614013672,91.24835968017578,370.2174377441406,nan,nan,nan,nan,nan,nan,nan,nan,nan
1753091901.8780713,-14.045343399047852,91.27742004394531,370.3353271484375,nan,nan,nan,nan,nan,nan,nan,nan,nan
1753091901.9280746,-7.008943557739258,93.31710815429688,375.6738586425781,nan,nan,nan,nan,nan,nan,nan,nan,nan
1753091901.9775941,-1.2096045017242432,91.96647644042969,373.1310119628906,nan,nan,nan,nan,nan,nan,nan,nan,nan
1753091902.0305948,1.6727893352508545,91.60043334960938,374.57427978515625,-76.16874496449837,-60.00772243697302,nan,nan,nan,nan,nan,nan,nan
1753091902.0801468,3.0972557067871094,91.75724792480469,372.2821350097656,nan,nan,nan,nan,nan,nan,nan,nan,nan
1753091902.1291528,0.9414002895355225,91.38823699951172,370.7849426269531,nan,nan,nan,nan,nan,nan,nan,nan,nan
1753091902.177661,-2.634624481201172,91.5165023803711,371.30535888671875,nan,nan,nan,nan,nan,nan,nan,nan,nan
1753091902.2286687,-12.698344230651855,92.57571411132812,372.6891784667969,nan,nan,nan,nan,nan,nan,nan,nan,nan
1753091902.2802112,-15.493379592895508,93.54402160644531,370.83404541015625,nan,nan,nan,nan,nan,nan,nan,nan,nan
1753091902.3332176,-25.3765869140625,91.67903137207031,369.0793151855469,-76.87784645043746,-78.68937816543175,147.45287990760207,nan,nan,nan,nan,nan,nan
1753091902.3837588,-29.59804916381836,92.24803924560547,368.5113830566406,nan,nan,nan,nan,nan,nan,nan,nan,nan
1753091902.4377754,-38.691383361816406,90.50557708740234,367.2037658691406,nan,nan,nan,nan,nan,nan,nan,nan,nan
1753091902.4880013,-45.0018310546875,89.68313598632812,366.7340087890625,nan,nan,nan,nan,nan,nan,nan,nan,nan
1753091902.5380106,-46.97964096069336,88.70802307128906,365.6275329589844,nan,nan,nan,nan,nan,nan,nan,nan,nan
1753091902.5925553,-48.522056579589844,88.24602508544922,366.63519287109375,-75.82515962654914,-98.47019093406982,164.85386914423603,nan,nan,nan,nan,nan,nan
1753091902.6425614,-49.16359329223633,86.71855926513672,366.151611328125,nan,nan,nan,nan,nan,nan,nan,nan,nan
1753091902.69608,-47.23571014404297,86.35806274414062,367.62042236328125,nan,nan,nan,nan,nan,nan,nan,nan,nan
1753091902.74761,nan,nan,nan,nan,nan,nan,nan,nan,nan,nan,nan,nan
1753091902.795609,-38.695980072021484,86.97808074951172,367.2474060058594,nan,nan,nan,nan,nan,nan,nan,nan,nan
1753091902.8461585,-33.10456848144531,87.16183471679688,368.02325439453125,nan,nan,nan,nan,nan,nan,nan,nan,nan
1753091902.897159,-23.90664291381836,87.94808959960938,368.34619140625,nan,nan,nan,nan,nan,nan,nan,nan,nan
1753091902.949399,-18.267335891723633,88.13541412353516,369.13079833984375,-61.35366636803622,-78.514612797338,120.02362153557137,nan,nan,nan,nan,nan,nan
1753091902.9983976,-7.648775577545166,88.7226791381836,371.5903625488281,nan,nan,nan,nan,nan,nan,nan,nan,nan
1753091903.053474,-4.055170059204102,88.42799377441406,370.3561706542969,nan,nan,nan,nan,nan,nan,nan,nan,nan
1753091903.1034744,3.8088178634643555,88.03667449951172,371.7171325683594,nan,nan,nan,nan,nan,nan,nan,nan,nan
1753091903.1529908,11.06338119506836,88.77440643310547,374.8320007324219,-76.10960231399162,-58.166630357313565,136.89339049593136,nan,nan,nan,nan,nan,nan
1753091903.2039907,15.537520408630371,88.85591125488281,378.2536315917969,-75.30509728025527,-55.94353090496622,139.02516578796548,nan,nan,nan,nan,nan,nan
1753091903.2555153,19.173173904418945,88.81591033935547,378.08331298828125,-74.96634504208477,-53.72908479573172,131.2045371966876,nan,nan,nan,nan,nan,nan
1753091903.3035269,19.16761016845703,88.79014587402344,377.9736328125,-74.83105188138313,-53.13942575431435,133.1433831124103,nan,nan,nan,nan,nan,nan
1753091903.3577101,19.865793228149414,87.92843627929688,377.401123046875,-74.82636683456914,-53.17191986887849,133.96559962215846,nan,nan,nan,nan,nan,nan
1753091903.4107018,17.715024948120117,88.08196258544922,378.0600891113281,-74.77435505810953,-54.1911642538094,131.4919128109498,nan,nan,nan,nan,nan,nan
1753091903.4632454,10.372340202331543,86.86910247802734,375.9637451171875,-75.02011077070593,-57.707498204061785,136.22995463101776,nan,nan,nan,nan,nan,nan
1753091903.5172443,8.269800186157227,87.61919403076172,379.2100830078125,-75.75815130388189,-59.43867107315588,141.91991859158748,nan,nan,nan,nan,nan,nan
1753091903.5727663,0.2302609533071518,85.47869873046875,376.2211608886719,-75.35478601686647,-62.50868058703598,nan,nan,nan,nan,nan,nan,nan
1753091903.6277654,-7.005173206329346,85.30844116210938,375.4718017578125,-76.10077424134613,-68.41986768860485,nan,nan,nan,nan,nan,nan,nan
1753091903.6792822,-9.156620025634766,84.40937805175781,374.69244384765625,-76.00139696151692,-69.66053147112483,150.54927336858483,nan,nan,nan,nan,nan,nan
1753091903.7322943,-16.313335418701172,82.64498901367188,373.2454528808594,-75.9601182229406,-75.35513034987672,148.44442572579803,nan,nan,nan,nan,nan,nan
1753091903.7858384,-17.06818389892578,82.09720611572266,374.0264587402344,-75.5691883041589,-76.48138233830139,nan,nan,nan,nan,nan,nan,nan
1753091903.8368447,-21.34537696838379,80.47826385498047,373.2032775878906,-75.54868436654458,-79.1788085280814,149.2662322451487,nan,nan,nan,nan,nan,nan
1753091903.8898804,-24.22224998474121,80.47948455810547,373.20892333984375,-75.79447402317112,-80.91654073974293,152.0540564860361,nan,nan,nan,nan,nan,nan
1753091903.9398885,-24.929189682006836,80.44012451171875,373.02642822265625,-76.02187433182876,-82.24773171513151,153.59974134251758,nan,nan,nan,nan,nan,nan
1753091903.9934464,-28.565717697143555,81.2801284790039,373.58355712890625,-75.7957664356293,-83.59266739827208,153.48817553934666,nan,nan,nan,nan,nan,nan
1753091904.0434492,-29.217823028564453,81.09208679199219,372.71923828125,-75.86237374475941,-84.4182932861608,154.03847053882836,nan,nan,nan,nan,nan,nan
1753091904.0979776,-29.93566131591797,81.09112548828125,372.71484375,-75.8722368092482,-84.64632950122206,154.89920682880611,nan,nan,nan,nan,nan,nan
1753091904.1520274,-29.274885177612305,81.97005462646484,373.4471740722656,-75.77874710026121,-84.28222961842545,154.710543304654,nan,nan,nan,nan,nan,nan
1753091904.2020276,-24.947040557861328,81.93633270263672,373.2935485839844,-75.8573767695909,-82.10884558902505,nan,nan,nan,nan,nan,nan,nan
1753091904.2531414,-22.1112117767334,82.08993530273438,373.9933166503906,-75.72131143341073,-80.9325995876929,150.70846002912762,nan,nan,nan,nan,nan,nan
1753091904.3101408,-17.738981246948242,82.58553314208984,372.9769592285156,nan,nan,nan,nan,nan,nan,nan,nan,nan
1753091904.3626635,-12.7777738571167,83.76062774658203,375.0203857421875,-76.2931542872634,-73.00327021164999,147.61833466217197,nan,nan,nan,nan,nan,nan
1753091904.415661,-8.433548927307129,83.67669677734375,374.6446533203125,-76.07978234206664,-71.86224456141684,nan,nan,nan,nan,nan,nan,nan
1753091904.4652352,-3.388259172439575,83.87564849853516,375.5353698730469,-75.73369176785405,-68.5530368200063,nan,nan,nan,nan,nan,nan,nan
1753091904.5152328,0.2299668937921524,83.92150115966797,375.7406921386719,-75.71356540534718,-67.71172274113032,nan,nan,nan,nan,nan,nan,nan
1753091904.564719,2.399399995803833,84.55340576171875,375.331787109375,-75.26947739675118,-64.40445578706465,144.694286041412,nan,nan,nan,nan,nan,nan
1753091904.612718,4.571866512298584,84.60491180419922,375.5604248046875,-75.12318610991213,-64.1999951235164,nan,nan,nan,nan,nan,nan,nan
1753091904.6632924,8.182832717895508,84.52871704101562,375.2221984863281,nan,nan,nan,nan,nan,nan,nan,nan,nan
1753091904.7212927,8.9452486038208,84.17646026611328,376.8822021484375,-75.47192877797357,-61.633536847328386,nan,nan,nan,nan,nan,nan,nan
1753091904.7719414,8.915121078491211,83.16918182373047,375.61285400390625,-75.58628631929005,-61.491164132105915,139.79201752583904,nan,nan,nan,nan,nan,nan
1753091904.821939,6.0002760887146,82.17469787597656,374.3794860839844,-75.28135946343068,-61.9159550298592,-138.6182147095442,nan,nan,nan,nan,nan,nan
1753091904.8745084,3.846101760864258,82.38898468017578,375.3558044433594,nan,nan,nan,nan,nan,nan,nan,nan,nan
1753091904.9265091,-5.548727989196777,82.27433013916016,374.8334045410156,-75.53432460327974,-68.0952675052454,140.52498346076032,nan,nan,nan,nan,nan,nan
1753091904.9750483,-9.871729850769043,82.18605041503906,374.4312438964844,-76.04633534628796,-70.74360539666237,nan,nan,nan,nan,nan,nan,nan
1753091905.027054,-22.110525131225586,82.0873794555664,373.9817199707031,nan,nan,nan,nan,nan,nan,nan,nan,nan
1753091905.0793452,-26.426116943359375,82.78243255615234,373.8661804199219,-75.49374372860757,-82.9429709084415,149.76282532519124,nan,nan,nan,nan,nan,nan
1753091905.1303434,-37.86063003540039,80.42589569091797,372.9604187011719,-75.55294616359993,-88.76601572684838,157.9606455885307,nan,nan,nan,nan,nan,nan
1753091905.1803977,-41.41389083862305,81.06619262695312,372.6002502441406,-75.1299949498789,-91.85070840470225,158.76800487634057,nan,nan,nan,nan,nan,nan
1753091905.229398,-47.4083366394043,81.4972152709961,374.5813293457031,-74.98384011777274,-96.17643583104179,162.96475062831695,nan,nan,nan,nan,nan,nan
1753091905.2807667,-48.89046859741211,80.83920288085938,374.8770446777344,-75.1736888550797,-97.55621989512078,165.16496524800624,nan,nan,nan,nan,nan,nan
1753091905.3317811,-51.038150787353516,80.80853271484375,374.7348327636719,-75.38732095914813,-100.33281005021824,167.49194504445487,nan,nan,nan,nan,nan,nan
1753091905.3818297,-51.65264129638672,79.19941711425781,373.9559020996094,-76.33398647629642,-102.21976051802278,172.71112416274372,nan,nan,nan,nan,nan,nan
1753091905.431836,-50.18186950683594,78.43254089355469,373.7353210449219,-75.52765386547746,-99.9936956026792,168.77876682035605,nan,nan,nan,nan,nan,nan
1753091905.481359,nan,nan,nan,nan,nan,nan,nan,nan,nan,nan,nan,nan
1753091905.5323644,-45.127471923828125,79.8492431640625,373.6249084472656,-75.55115174462325,-95.29407059140938,164.41789295581995,nan,nan,nan,nan,nan,nan
1753091905.5829096,-42.36456298828125,81.51395416259766,374.65826416015625,-75.72632667786146,-93.66407089635958,164.36795859283615,nan,nan,nan,nan,nan,nan
1753091905.6349103,-34.53969955444336,81.78951263427734,375.9247741699219,-75.90955296184036,-87.75089955769525,157.74275245259741,nan,nan,nan,nan,nan,nan
1753091905.6871355,-24.419397354125977,84.03447723388672,376.24652099609375,nan,nan,nan,nan,nan,nan,nan,nan,nan
1753091905.7421427,-20.211013793945312,84.62721252441406,378.9003601074219,nan,nan,nan,nan,nan,nan,nan,nan,nan
1753091905.7926614,-10.710007667541504,84.55101013183594,378.5591735839844,-75.91952734036062,-69.73091708025791,nan,nan,nan,nan,nan,nan,nan
1753091905.844684,-7.765903472900391,84.992431640625,377.2806091308594,nan,nan,nan,nan,nan,nan,nan,nan,nan
1753091905.8962045,nan,nan,nan,nan,nan,nan,nan,nan,nan,nan,nan,nan
1753091905.9477143,nan,nan,nan,nan,nan,nan,nan,nan,nan,nan,nan,nan
1753091905.9977233,nan,nan,nan,nan,nan,nan,nan,nan,nan,nan,nan,nan
1753091906.0492435,nan,nan,nan,nan,nan,nan,nan,nan,nan,nan,nan,nan
1753091906.0992439,nan,nan,nan,nan,nan,nan,nan,nan,nan,nan,nan,nan
1753091906.1507726,nan,nan,nan,nan,nan,nan,nan,nan,nan,nan,nan,nan
1753091906.2017672,nan,nan,nan,nan,nan,nan,nan,nan,nan,nan,nan,nan
1753091906.2367787,nan,nan,nan,nan,nan,nan,nan,nan,nan,nan,nan,nan
1753091906.2723193,nan,nan,nan,nan,nan,nan,nan,nan,nan,nan,nan,nan
1753091906.305305,nan,nan,nan,nan,nan,nan,nan,nan,nan,nan,nan,nan
1753091906.3373163,nan,nan,nan,nan,nan,nan,nan,nan,nan,nan,nan,nan
1753091906.3704057,nan,nan,nan,nan,nan,nan,nan,nan,nan,nan,nan,nan
1753091906.4034011,nan,nan,nan,nan,nan,nan,nan,nan,nan,nan,nan,nan
1753091906.4354064,nan,nan,nan,nan,nan,nan,nan,nan,nan,nan,nan,nan
1753091906.4706547,nan,nan,nan,nan,nan,nan,nan,nan,nan,nan,nan,nan
1753091906.5086596,nan,nan,nan,nan,nan,nan,nan,nan,nan,nan,nan,nan
1753091906.5456614,nan,nan,nan,nan,nan,nan,nan,nan,nan,nan,nan,nan
1753091906.5878165,nan,nan,nan,nan,nan,nan,nan,nan,nan,nan,nan,nan
1753091906.6268165,nan,nan,nan,nan,nan,nan,nan,nan,nan,nan,nan,nan
1753091906.6668916,nan,nan,nan,nan,nan,nan,nan,nan,nan,nan,nan,nan
1753091906.7058904,nan,nan,nan,nan,nan,nan,nan,nan,nan,nan,nan,nan
1753091906.742901,nan,nan,nan,nan,nan,nan,nan,nan,nan,nan,nan,nan
1753091906.7811375,nan,nan,nan,nan,nan,nan,nan,nan,nan,nan,nan,nan
1753091906.819139,nan,nan,nan,nan,nan,nan,nan,nan,nan,nan,nan,nan
1753091906.8516538,nan,nan,nan,nan,nan,nan,nan,nan,nan,nan,nan,nan
1753091906.8836546,nan,nan,nan,nan,nan,nan,nan,nan,nan,nan,nan,nan
1753091906.9166546,nan,nan,nan,nan,nan,nan,nan,nan,nan,nan,nan,nan
1753091906.9511685,nan,nan,nan,nan,nan,nan,nan,nan,nan,nan,nan,nan
1753091906.9831686,nan,nan,nan,nan,nan,nan,nan,nan,nan,nan,nan,nan
1753091907.0161717,nan,nan,nan,nan,nan,nan,nan,nan,nan,nan,nan,nan
1753091907.050271,nan,nan,nan,nan,nan,nan,nan,nan,nan,nan,nan,nan
1753091907.083265,nan,nan,nan,nan,nan,nan,nan,nan,nan,nan,nan,nan
1753091907.119265,nan,nan,nan,nan,nan,nan,nan,nan,nan,nan,nan,nan
1753091907.1527886,nan,nan,nan,nan,nan,nan,nan,nan,nan,nan,nan,nan
1753091907.1897898,nan,nan,nan,nan,nan,nan,nan,nan,nan,nan,nan,nan
1753091907.2257905,nan,nan,nan,nan,nan,nan,nan,nan,nan,nan,nan,nan
1753091907.2603126,nan,nan,nan,nan,nan,nan,nan,nan,nan,nan,nan,nan
1753091907.2953224,nan,nan,nan,nan,nan,nan,nan,nan,nan,nan,nan,nan
1753091907.3273158,nan,nan,nan,nan,nan,nan,nan,nan,nan,nan,nan,nan
1753091907.360836,nan,nan,nan,nan,nan,nan,nan,nan,nan,nan,nan,nan
1753091907.3928356,nan,nan,nan,nan,nan,nan,nan,nan,nan,nan,nan,nan
1753091907.4278374,nan,nan,nan,nan,nan,nan,nan,nan,nan,nan,nan,nan
1753091907.4613557,nan,nan,nan,nan,nan,nan,nan,nan,nan,nan,nan,nan
1753091907.4943576,nan,nan,nan,nan,nan,nan,nan,nan,nan,nan,nan,nan
1753091907.5313544,nan,nan,nan,nan,nan,nan,nan,nan,nan,nan,nan,nan
1753091907.567443,nan,nan,nan,nan,nan,nan,nan,nan,nan,nan,nan,nan
1753091907.631445,nan,nan,nan,nan,nan,nan,nan,nan,nan,nan,nan,nan
1753091907.667486,nan,nan,nan,nan,nan,nan,nan,nan,nan,nan,nan,nan
1753091907.7014925,nan,nan,nan,nan,nan,nan,nan,nan,nan,nan,nan,nan
1753091907.7374966,nan,nan,nan,nan,nan,nan,nan,nan,nan,nan,nan,nan
1753091907.7740226,nan,nan,nan,nan,nan,nan,nan,nan,nan,nan,nan,nan
1753091907.8090193,nan,nan,nan,nan,nan,nan,nan,nan,nan,nan,nan,nan
1753091907.8470287,nan,nan,nan,nan,nan,nan,nan,nan,nan,nan,nan,nan
1753091907.8825486,nan,nan,nan,nan,nan,nan,nan,nan,nan,nan,nan,nan
1753091907.9165509,nan,nan,nan,nan,nan,nan,nan,nan,nan,nan,nan,nan
1753091907.950645,nan,nan,nan,nan,nan,nan,nan,nan,nan,nan,nan,nan
1753091907.9846423,nan,nan,nan,nan,nan,nan,nan,nan,nan,nan,nan,nan
1753091908.0216432,nan,nan,nan,nan,nan,nan,nan,nan,nan,nan,nan,nan
1753091908.0559137,nan,nan,nan,nan,nan,nan,nan,nan,nan,nan,nan,nan
1753091908.0908992,nan,nan,nan,nan,nan,nan,nan,nan,nan,nan,nan,nan
1753091908.126897,nan,nan,nan,nan,nan,nan,nan,nan,nan,nan,nan,nan
1753091908.1594148,nan,nan,nan,nan,nan,nan,nan,nan,nan,nan,nan,nan
1753091908.1934154,nan,nan,nan,nan,nan,nan,nan,nan,nan,nan,nan,nan
1753091908.2304196,nan,nan,nan,nan,nan,nan,nan,nan,nan,nan,nan,nan
1753091908.2659352,nan,nan,nan,nan,nan,nan,nan,nan,nan,nan,nan,nan
1753091908.3069348,nan,nan,nan,nan,nan,nan,nan,nan,nan,nan,nan,nan
1753091908.346943,nan,nan,nan,nan,nan,nan,nan,nan,nan,nan,nan,nan
1753091908.3849864,nan,nan,nan,nan,nan,nan,nan,nan,nan,nan,nan,nan
1753091908.4249864,nan,nan,nan,nan,nan,nan,nan,nan,nan,nan,nan,nan
1753091908.4650655,nan,nan,nan,nan,nan,nan,nan,nan,nan,nan,nan,nan
1753091908.4990633,nan,nan,nan,nan,nan,nan,nan,nan,nan,nan,nan,nan
1753091908.5330663,nan,nan,nan,nan,nan,nan,nan,nan,nan,nan,nan,nan
1753091908.5661356,nan,nan,nan,nan,nan,nan,nan,nan,nan,nan,nan,nan
1753091908.5981343,nan,nan,nan,nan,nan,nan,nan,nan,nan,nan,nan,nan
1753091908.634138,nan,nan,nan,nan,nan,nan,nan,nan,nan,nan,nan,nan
1753091908.6666558,nan,nan,nan,nan,nan,nan,nan,nan,nan,nan,nan,nan
1753091908.6986551,nan,nan,nan,nan,nan,nan,nan,nan,nan,nan,nan,nan
1753091908.7316573,nan,nan,nan,nan,nan,nan,nan,nan,nan,nan,nan,nan
1753091908.7641747,nan,nan,nan,nan,nan,nan,nan,nan,nan,nan,nan,nan
1753091908.800187,nan,nan,nan,nan,nan,nan,nan,nan,nan,nan,nan,nan
1753091908.8371818,nan,nan,nan,nan,nan,nan,nan,nan,nan,nan,nan,nan
1753091908.8706925,nan,nan,nan,nan,nan,nan,nan,nan,nan,nan,nan,nan
1753091908.907693,nan,nan,nan,nan,nan,nan,nan,nan,nan,nan,nan,nan
1753091908.9437037,nan,nan,nan,nan,nan,nan,nan,nan,nan,nan,nan,nan
1753091908.978217,nan,nan,nan,nan,nan,nan,nan,nan,nan,nan,nan,nan
1753091909.0142157,nan,nan,nan,nan,nan,nan,nan,nan,nan,nan,nan,nan
1753091909.0482225,nan,nan,nan,nan,nan,nan,nan,nan,nan,nan,nan,nan
1753091909.082748,nan,nan,nan,nan,nan,nan,nan,nan,nan,nan,nan,nan
1753091909.1177518,nan,nan,nan,nan,nan,nan,nan,nan,nan,nan,nan,nan
1753091909.153009,nan,nan,nan,nan,nan,nan,nan,nan,nan,nan,nan,nan
1753091909.1860068,nan,nan,nan,nan,nan,nan,nan,nan,nan,nan,nan,nan
1753091909.2220154,nan,nan,nan,nan,nan,nan,nan,nan,nan,nan,nan,nan
1753091909.2552626,nan,nan,nan,nan,nan,nan,nan,nan,nan,nan,nan,nan
1753091909.291267,nan,nan,nan,nan,nan,nan,nan,nan,nan,nan,nan,nan
1753091909.3252647,nan,nan,nan,nan,nan,nan,nan,nan,nan,nan,nan,nan
1753091909.3636289,nan,nan,nan,nan,nan,nan,nan,nan,nan,nan,nan,nan
1753091909.3976307,nan,nan,nan,nan,nan,nan,nan,nan,nan,nan,nan,nan
1753091909.4346316,nan,nan,nan,nan,nan,nan,nan,nan,nan,nan,nan,nan
1753091909.4677255,nan,nan,nan,nan,nan,nan,nan,nan,nan,nan,nan,nan
1753091909.502724,nan,nan,nan,nan,nan,nan,nan,nan,nan,nan,nan,nan
1753091909.537728,nan,nan,nan,nan,nan,nan,nan,nan,nan,nan,nan,nan
1753091909.5688238,nan,nan,nan,nan,nan,nan,nan,nan,nan,nan,nan,nan
1753091909.6038253,nan,nan,nan,nan,nan,nan,nan,nan,nan,nan,nan,nan
1753091909.637829,nan,nan,nan,nan,nan,nan,nan,nan,nan,nan,nan,nan
1753091909.671013,nan,nan,nan,nan,nan,nan,nan,nan,nan,nan,nan,nan
1753091909.7050123,nan,nan,nan,nan,nan,nan,nan,nan,nan,nan,nan,nan
1753091909.7370162,nan,nan,nan,nan,nan,nan,nan,nan,nan,nan,nan,nan
1753091909.7705286,nan,nan,nan,nan,nan,nan,nan,nan,nan,nan,nan,nan
1753091909.806526,nan,nan,nan,nan,nan,nan,nan,nan,nan,nan,nan,nan
1753091909.8435333,nan,nan,nan,nan,nan,nan,nan,nan,nan,nan,nan,nan
1753091909.877049,nan,nan,nan,nan,nan,nan,nan,nan,nan,nan,nan,nan
1753091909.911049,nan,nan,nan,nan,nan,nan,nan,nan,nan,nan,nan,nan
1753091909.9460607,nan,nan,nan,nan,nan,nan,nan,nan,nan,nan,nan,nan
1753091909.9822664,nan,nan,nan,nan,nan,nan,nan,nan,nan,nan,nan,nan
1753091910.0162666,nan,nan,nan,nan,nan,nan,nan,nan,nan,nan,nan,nan
1753091910.0537767,nan,nan,nan,nan,nan,nan,nan,nan,nan,nan,nan,nan
1753091910.090777,nan,nan,nan,nan,nan,nan,nan,nan,nan,nan,nan,nan
1753091910.1247756,nan,nan,nan,nan,nan,nan,nan,nan,nan,nan,nan,nan
1753091910.1603107,nan,nan,nan,nan,nan,nan,nan,nan,nan,nan,nan,nan
1753091910.1963131,nan,nan,nan,nan,nan,nan,nan,nan,nan,nan,nan,nan
1753091910.230312,nan,nan,nan,nan,nan,nan,nan,nan,nan,nan,nan,nan
1753091910.2638395,nan,nan,nan,nan,nan,nan,nan,nan,nan,nan,nan,nan
1753091910.2988398,nan,nan,nan,nan,nan,nan,nan,nan,nan,nan,nan,nan
1753091910.3338394,nan,nan,nan,nan,nan,nan,nan,nan,nan,nan,nan,nan
1753091910.3670146,nan,nan,nan,nan,nan,nan,nan,nan,nan,nan,nan,nan
1753091910.4010124,nan,nan,nan,nan,nan,nan,nan,nan,nan,nan,nan,nan
1753091910.435012,nan,nan,nan,nan,nan,nan,nan,nan,nan,nan,nan,nan
1753091910.4702232,nan,nan,nan,nan,nan,nan,nan,nan,nan,nan,nan,nan
1753091910.5042226,nan,nan,nan,nan,nan,nan,nan,nan,nan,nan,nan,nan
1753091910.5362248,nan,nan,nan,nan,nan,nan,nan,nan,nan,nan,nan,nan
1753091910.5687413,nan,nan,nan,nan,nan,nan,nan,nan,nan,nan,nan,nan
1753091910.6007469,nan,nan,nan,nan,nan,nan,nan,nan,nan,nan,nan,nan
1753091910.6347442,nan,nan,nan,nan,nan,nan,nan,nan,nan,nan,nan,nan
1753091910.6692636,nan,nan,nan,nan,nan,nan,nan,nan,nan,nan,nan,nan
1753091910.704264,nan,nan,nan,nan,nan,nan,nan,nan,nan,nan,nan,nan
1753091910.7392776,nan,nan,nan,nan,nan,nan,nan,nan,nan,nan,nan,nan
1753091910.7723765,nan,nan,nan,nan,nan,nan,nan,nan,nan,nan,nan,nan
1753091910.8053806,nan,nan,nan,nan,nan,nan,nan,nan,nan,nan,nan,nan
1753091910.8403852,nan,nan,nan,nan,nan,nan,nan,nan,nan,nan,nan,nan
1753091910.874895,nan,nan,nan,nan,nan,nan,nan,nan,nan,nan,nan,nan
1753091910.906899,nan,nan,nan,nan,nan,nan,nan,nan,nan,nan,nan,nan
1753091910.9399016,nan,nan,nan,nan,nan,nan,nan,nan,nan,nan,nan,nan
1753091910.9754117,nan,nan,nan,nan,nan,nan,nan,nan,nan,nan,nan,nan
1753091911.0124147,nan,nan,nan,nan,nan,nan,nan,nan,nan,nan,nan,nan
1753091911.0484202,nan,nan,nan,nan,nan,nan,nan,nan,nan,nan,nan,nan
1753091911.083942,nan,nan,nan,nan,nan,nan,nan,nan,nan,nan,nan,nan
1753091911.1179361,nan,nan,nan,nan,nan,nan,nan,nan,nan,nan,nan,nan
1753091911.1524432,nan,nan,nan,nan,nan,nan,nan,nan,nan,nan,nan,nan
1753091911.1854515,nan,nan,nan,nan,nan,nan,nan,nan,nan,nan,nan,nan
1753091911.2214587,nan,nan,nan,nan,nan,nan,nan,nan,nan,nan,nan,nan
1753091911.2595105,nan,nan,nan,nan,nan,nan,nan,nan,nan,nan,nan,nan
1753091911.2945096,nan,nan,nan,nan,nan,nan,nan,nan,nan,nan,nan,nan
1753091911.32951,nan,nan,nan,nan,nan,nan,nan,nan,nan,nan,nan,nan
1753091911.3620217,nan,nan,nan,nan,nan,nan,nan,nan,nan,nan,nan,nan
1753091911.3970263,nan,nan,nan,nan,nan,nan,nan,nan,nan,nan,nan,nan
1753091911.4330242,nan,nan,nan,nan,nan,nan,nan,nan,nan,nan,nan,nan
1753091911.4655454,nan,nan,nan,nan,nan,nan,nan,nan,nan,nan,nan,nan
1753091911.4995472,nan,nan,nan,nan,nan,nan,nan,nan,nan,nan,nan,nan
1753091911.5335436,nan,nan,nan,nan,nan,nan,nan,nan,nan,nan,nan,nan
1753091911.5676396,nan,nan,nan,nan,nan,nan,nan,nan,nan,nan,nan,nan
1753091911.6056368,nan,nan,nan,nan,nan,nan,nan,nan,nan,nan,nan,nan
1753091911.6396523,nan,nan,nan,nan,nan,nan,nan,nan,nan,nan,nan,nan
1753091911.6741612,nan,nan,nan,nan,nan,nan,nan,nan,nan,nan,nan,nan
1753091911.710165,nan,nan,nan,nan,nan,nan,nan,nan,nan,nan,nan,nan
1753091911.7471762,nan,nan,nan,nan,nan,nan,nan,nan,nan,nan,nan,nan
1753091911.784692,nan,nan,nan,nan,nan,nan,nan,nan,nan,nan,nan,nan
1753091911.8226922,nan,nan,nan,nan,nan,nan,nan,nan,nan,nan,nan,nan
1753091911.8612363,nan,nan,nan,nan,nan,nan,nan,nan,nan,nan,nan,nan
1753091911.9012382,nan,nan,nan,nan,nan,nan,nan,nan,nan,nan,nan,nan
1753091911.9452417,nan,nan,nan,nan,nan,nan,nan,nan,nan,nan,nan,nan
1753091911.9837534,nan,nan,nan,nan,nan,nan,nan,nan,nan,nan,nan,nan
1753091912.018751,nan,nan,nan,nan,nan,nan,nan,nan,nan,nan,nan,nan
1753091912.0532663,nan,nan,nan,nan,nan,nan,nan,nan,nan,nan,nan,nan
1753091912.0892808,nan,nan,nan,nan,nan,nan,nan,nan,nan,nan,nan,nan
1753091912.1242754,nan,nan,nan,nan,nan,nan,nan,nan,nan,nan,nan,nan
1753091912.157799,nan,nan,nan,nan,nan,nan,nan,nan,nan,nan,nan,nan
1753091912.1927996,nan,nan,nan,nan,nan,nan,nan,nan,nan,nan,nan,nan
1753091912.2257988,nan,nan,nan,nan,nan,nan,nan,nan,nan,nan,nan,nan
1753091912.260146,nan,nan,nan,nan,nan,nan,nan,nan,nan,nan,nan,nan
1753091912.2991467,nan,nan,nan,nan,nan,nan,nan,nan,nan,nan,nan,nan
1753091912.3351429,nan,nan,nan,nan,nan,nan,nan,nan,nan,nan,nan,nan
1753091912.3683865,nan,nan,nan,nan,nan,nan,nan,nan,nan,nan,nan,nan
1753091912.403391,nan,nan,nan,nan,nan,nan,nan,nan,nan,nan,nan,nan
1753091912.4403923,nan,nan,nan,nan,nan,nan,nan,nan,nan,nan,nan,nan
1753091912.4739048,nan,nan,nan,nan,nan,nan,nan,nan,nan,nan,nan,nan
1753091912.5089076,nan,nan,nan,nan,nan,nan,nan,nan,nan,nan,nan,nan
1753091912.5439131,nan,nan,nan,nan,nan,nan,nan,nan,nan,nan,nan,nan
1753091912.579435,nan,nan,nan,nan,nan,nan,nan,nan,nan,nan,nan,nan
1753091912.6144426,nan,nan,nan,nan,nan,nan,nan,nan,nan,nan,nan,nan
1753091912.6474485,nan,nan,nan,nan,nan,nan,nan,nan,nan,nan,nan,nan
1753091912.6829598,nan,nan,nan,nan,nan,nan,nan,nan,nan,nan,nan,nan
1753091912.7159827,nan,nan,nan,nan,nan,nan,nan,nan,nan,nan,nan,nan
1753091912.7489705,nan,nan,nan,nan,nan,nan,nan,nan,nan,nan,nan,nan
1753091912.7824864,nan,nan,nan,nan,nan,nan,nan,nan,nan,nan,nan,nan
1753091912.8164802,nan,nan,nan,nan,nan,nan,nan,nan,nan,nan,nan,nan
1753091912.8494844,nan,nan,nan,nan,nan,nan,nan,nan,nan,nan,nan,nan
1753091912.8876398,nan,nan,nan,nan,nan,nan,nan,nan,nan,nan,nan,nan
1753091912.9256382,nan,nan,nan,nan,nan,nan,nan,nan,nan,nan,nan,nan
1753091912.9601536,nan,nan,nan,nan,nan,nan,nan,nan,nan,nan,nan,nan
1753091912.9931543,nan,nan,nan,nan,nan,nan,nan,nan,nan,nan,nan,nan
1753091913.0281615,nan,nan,nan,nan,nan,nan,nan,nan,nan,nan,nan,nan
1753091913.064679,nan,nan,nan,nan,nan,nan,nan,nan,nan,nan,nan,nan
1753091913.1006815,nan,nan,nan,nan,nan,nan,nan,nan,nan,nan,nan,nan
1753091913.140689,nan,nan,nan,nan,nan,nan,nan,nan,nan,nan,nan,nan
1753091913.175219,nan,nan,nan,nan,nan,nan,nan,nan,nan,nan,nan,nan
1753091913.2092142,nan,nan,nan,nan,nan,nan,nan,nan,nan,nan,nan,nan
1753091913.2422209,nan,nan,nan,nan,nan,nan,nan,nan,nan,nan,nan,nan
1753091913.2767336,nan,nan,nan,nan,nan,nan,nan,nan,nan,nan,nan,nan
1753091913.3127267,nan,nan,nan,nan,nan,nan,nan,nan,nan,nan,nan,nan
1753091913.3477483,nan,nan,nan,nan,nan,nan,nan,nan,nan,nan,nan,nan
1753091913.381899,nan,nan,nan,nan,nan,nan,nan,nan,nan,nan,nan,nan
1753091913.4159048,nan,nan,nan,nan,nan,nan,nan,nan,nan,nan,nan,nan
1753091913.4509199,nan,nan,nan,nan,nan,nan,nan,nan,nan,nan,nan,nan
1753091913.4869835,nan,nan,nan,nan,nan,nan,nan,nan,nan,nan,nan,nan
1753091913.5209928,nan,nan,nan,nan,nan,nan,nan,nan,nan,nan,nan,nan
1753091913.5554998,nan,nan,nan,nan,nan,nan,nan,nan,nan,nan,nan,nan
1753091913.5894992,nan,nan,nan,nan,nan,nan,nan,nan,nan,nan,nan,nan
1753091913.6225007,nan,nan,nan,nan,nan,nan,nan,nan,nan,nan,nan,nan
1753091913.6550202,nan,nan,nan,nan,nan,nan,nan,nan,nan,nan,nan,nan
1753091913.6880183,nan,nan,nan,nan,nan,nan,nan,nan,nan,nan,nan,nan
1753091913.7240202,nan,nan,nan,nan,nan,nan,nan,nan,nan,nan,nan,nan
1753091913.75753,nan,nan,nan,nan,nan,nan,nan,nan,nan,nan,nan,nan
1753091913.79154,nan,nan,nan,nan,nan,nan,nan,nan,nan,nan,nan,nan
1753091913.8245301,nan,nan,nan,nan,nan,nan,nan,nan,nan,nan,nan,nan
1753091913.8580499,nan,nan,nan,nan,nan,nan,nan,nan,nan,nan,nan,nan
1753091913.8920481,nan,nan,nan,nan,nan,nan,nan,nan,nan,nan,nan,nan
1753091913.9260497,nan,nan,nan,nan,nan,nan,nan,nan,nan,nan,nan,nan
1753091913.95957,nan,nan,nan,nan,nan,nan,nan,nan,nan,nan,nan,nan
1753091913.9925685,nan,nan,nan,nan,nan,nan,nan,nan,nan,nan,nan,nan
1753091914.0275772,nan,nan,nan,nan,nan,nan,nan,nan,nan,nan,nan,nan
1753091914.0611012,nan,nan,nan,nan,nan,nan,nan,nan,nan,nan,nan,nan
1753091914.0950994,nan,nan,nan,nan,nan,nan,nan,nan,nan,nan,nan,nan
1753091914.1291063,nan,nan,nan,nan,nan,nan,nan,nan,nan,nan,nan,nan
1753091914.16325,nan,nan,nan,nan,nan,nan,nan,nan,nan,nan,nan,nan
1753091914.202251,nan,nan,nan,nan,nan,nan,nan,nan,nan,nan,nan,nan
1753091914.2392647,nan,nan,nan,nan,nan,nan,nan,nan,nan,nan,nan,nan
1753091914.2746975,nan,nan,nan,nan,nan,nan,nan,nan,nan,nan,nan,nan
1753091914.308696,nan,nan,nan,nan,nan,nan,nan,nan,nan,nan,nan,nan
1753091914.346717,nan,nan,nan,nan,nan,nan,nan,nan,nan,nan,nan,nan
1753091914.3812299,-5.80406379699707,71.49827575683594,257.8346862792969,-66.97889926905462,-57.58287949173002,-137.81270192248425,nan,nan,nan,nan,nan,nan
1753091914.4322305,-9.846960067749023,81.50337219238281,259.63604736328125,-68.08642469981659,-58.87850852505639,139.60805970353024,nan,nan,nan,nan,nan,nan
1753091914.4837568,-8.776617050170898,83.83877563476562,257.5887145996094,-68.24356727751312,-60.527864448126834,139.4446358731695,nan,nan,nan,nan,nan,nan
1753091914.5347438,nan,nan,nan,nan,nan,nan,nan,nan,nan,nan,nan,nan
1753091914.5852597,-6.202272415161133,86.51781463623047,253.79937744140625,-69.9059332832461,-69.11130269270605,-130.18189016873458,nan,nan,nan,nan,nan,nan
1753091914.6372576,nan,nan,nan,nan,nan,nan,nan,nan,nan,nan,nan,nan
1753091914.6865096,-0.3338392376899719,73.8306884765625,253.8959503173828,-67.33168695619293,-90.46538392294812,nan,nan,nan,nan,nan,nan,nan
1753091914.7375095,-2.3055405616760254,67.90569305419922,255.5330047607422,-65.92076930022574,-99.45915778096624,nan,nan,nan,nan,nan,nan,nan
1753091914.7876868,-2.802384376525879,61.602622985839844,255.9400177001953,-64.94757659487685,-101.80740956013085,145.26177925269786,nan,nan,nan,nan,nan,nan
1753091914.8406868,-4.357132911682129,61.17948913574219,260.43695068359375,-64.78013033299698,-99.99903779313055,147.17047496118667,nan,nan,nan,nan,nan,nan
1753091914.8917723,-3.8879857063293457,60.179962158203125,262.6452331542969,-64.87743532543615,-95.40272481394075,146.7353055101723,nan,nan,nan,nan,nan,nan
1753091914.9417894,-4.929872035980225,61.56306457519531,264.2372741699219,-65.48115996984883,-93.39359326751345,nan,nan,nan,nan,nan,nan,nan
1753091914.9940095,-3.8946850299835205,64.33937072753906,263.0977783203125,-66.20695756352396,-89.50905288945904,145.426558699218,nan,nan,nan,nan,nan,nan
1753091915.04602,0.16343694925308228,65.30294036865234,267.0380554199219,-66.34874911057517,-86.92678435995877,145.14518088399254,nan,nan,nan,nan,nan,nan
1753091915.093528,6.376644134521484,67.25299072265625,268.6614685058594,-66.5741100165223,-79.88099445056213,138.39638110225536,nan,nan,nan,nan,nan,nan
1753091915.1495373,9.629754066467285,67.76985168457031,272.8262939453125,-67.03782098775936,-74.07708299818368,nan,nan,nan,nan,nan,nan,nan
1753091915.2010548,nan,nan,nan,nan,nan,nan,nan,nan,nan,nan,nan,nan
1753091915.2500618,16.632301330566406,70.72088623046875,284.7065124511719,-67.11378321733754,-62.897230091100994,nan,nan,nan,nan,nan,nan,nan
1753091915.301593,17.07472038269043,67.01253509521484,282.9469299316406,-66.82853440811151,-59.54449124604828,135.60665310014159,nan,nan,nan,nan,nan,nan
1753091915.3526027,18.823251724243164,64.12588500976562,284.65423583984375,-66.25007146505575,-58.943641518721044,136.05776681845572,nan,nan,nan,nan,nan,nan
1753091915.4041183,17.144418716430664,60.169403076171875,284.1018981933594,-65.50982984179477,-59.05251243163585,137.145875841544,nan,nan,nan,nan,nan,nan
1753091915.4566329,15.466712951660156,57.84727096557617,283.4532165527344,nan,nan,nan,nan,nan,nan,nan,nan,nan
1753091915.5176458,11.193643569946289,56.14617919921875,285.9161682128906,-63.93920915159257,-54.776130331036065,134.93374037887133,nan,nan,nan,nan,nan,nan
1753091915.5791667,4.529088973999023,54.403324127197266,282.586669921875,-62.65244120049909,-48.155238672551725,nan,nan,nan,nan,nan,nan,nan
1753091915.641167,28.849979400634766,851.432373046875,4512.92578125,-12.814273397365662,-48.417948223820744,106.47200621459608,nan,nan,nan,nan,nan,nan
1753091915.6892593,nan,nan,nan,nan,nan,nan,nan,nan,nan,nan,nan,nan
1753091915.7422712,nan,nan,nan,nan,nan,nan,nan,nan,nan,nan,nan,nan
1753091915.792507,-2.002061605453491,47.796234130859375,282.1564025878906,-60.96018834072406,-25.683449858439104,130.0923836777247,nan,nan,nan,nan,nan,nan
1753091915.8425114,-3.6576719284057617,48.66652297973633,284.062744140625,-61.12814545025303,-25.34244979256081,132.08848201677426,nan,nan,nan,nan,nan,nan
1753091915.8930213,-77.6260986328125,570.8556518554688,3448.39453125,-45.01833769696367,-31.725428189962916,-172.9466491521218,nan,nan,nan,nan,nan,nan
1753091915.95003,-8.090946197509766,45.13840103149414,285.98504638671875,-61.7358754233895,-26.605558251222774,134.8157207255214,nan,nan,nan,nan,nan,nan
1753091916.002546,-10.495491027832031,44.89295196533203,291.5486145019531,-62.95135867481122,-24.800968899108646,136.99910411701129,nan,nan,nan,nan,nan,nan
1753091916.0525517,nan,nan,nan,nan,nan,nan,nan,nan,nan,nan,nan,nan
1753091916.1040382,nan,nan,nan,nan,nan,nan,nan,nan,nan,nan,nan,nan
1753091916.1560354,nan,nan,nan,nan,nan,nan,nan,nan,nan,nan,nan,nan
1753091916.2055027,nan,nan,nan,nan,nan,nan,nan,nan,nan,nan,nan,nan
1753091916.2555068,-142.05987548828125,287.5419921875,3250.29833984375,-62.09574194704781,-12.96969778433618,-101.48669043358808,nan,nan,nan,nan,nan,nan
1753091916.306021,-162.77598571777344,418.6998596191406,5063.755859375,-43.66596747567335,-19.95434897797549,-99.98897894204154,nan,nan,nan,nan,nan,nan
1753091916.3595643,0.7516666650772095,21.627182006835938,296.0554504394531,-63.446163769561814,-22.190599121674047,nan,nan,nan,nan,nan,nan,nan
1753091916.411553,3.541206121444702,21.250263214111328,290.89581298828125,-62.91468319450959,-23.765269967959217,nan,nan,nan,nan,nan,nan,nan
1753091916.463629,3.100572109222412,21.521953582763672,302.5967102050781,-61.95247668392278,-28.058822479686235,nan,nan,nan,nan,nan,nan,nan
1753091916.5136297,3.113377094268799,25.12373161315918,303.8464050292969,-62.40452028929035,-29.229149641165755,nan,nan,nan,nan,nan,nan,nan
1753091916.563155,2.5491013526916504,26.515283584594727,306.3953857421875,-62.17556997496403,-36.133119590757495,106.79440137870527,nan,nan,nan,nan,nan,nan
1753091916.616152,1.46759033203125,29.70554542541504,328.625732421875,nan,nan,nan,nan,nan,nan,nan,nan,nan
1753091916.670679,nan,nan,nan,nan,nan,nan,nan,nan,nan,nan,nan,nan
1753091916.7236774,0.18682071566581726,35.23833465576172,305.2445373535156,nan,nan,nan,nan,nan,nan,nan,nan,nan
1753091916.7878096,-0.9885129928588867,39.315032958984375,304.93011474609375,-63.203516301738645,-53.06552458178898,119.47880073109484,nan,nan,nan,nan,nan,nan
1753091916.8368132,-0.9831021428108215,40.85289764404297,303.2610168457031,-63.67831477534308,-54.59831124284565,127.49214715312068,nan,nan,nan,nan,nan,nan
1753091916.8688908,nan,nan,nan,nan,nan,nan,nan,nan,nan,nan,nan,nan
1753091916.9208913,nan,nan,nan,nan,nan,nan,nan,nan,nan,nan,nan,nan
1753091916.9754205,-1.5664856433868408,52.507442474365234,303.07318115234375,-66.04239754156949,-57.95113932198095,128.3890653309264,nan,nan,nan,nan,nan,nan
1753091917.0274127,nan,nan,nan,nan,nan,nan,nan,nan,nan,nan,nan,nan
1753091917.0759296,-3.889955997467041,61.07108688354492,302.1024169921875,-67.62581137506166,-59.10876181167546,nan,nan,nan,nan,nan,nan,nan
1753091917.1260145,-3.860295295715332,64.64921569824219,299.7989196777344,-68.06376140237745,-60.66160739303109,126.32359493059843,nan,nan,nan,nan,nan,nan
1753091917.1761425,-3.2665212154388428,66.0568618774414,298.329345703125,-68.96285799984612,-60.9912761489978,127.26160068716831,nan,nan,nan,nan,nan,nan
1753091917.242133,-5.129970550537109,67.30428314208984,306.6314392089844,-68.67701159369948,-58.23875588930074,129.32003667286364,nan,nan,nan,nan,nan,nan
1753091917.2913835,-21.05648422241211,176.84251403808594,798.6650390625,-67.54354887082611,-45.20808641627729,138.53143503264687,nan,nan,nan,nan,nan,nan
1753091917.3433847,-9.518071174621582,67.3150863647461,314.9759521484375,-68.01515879285019,-38.84070381373759,130.84198770317175,nan,nan,nan,nan,nan,nan
1753091917.3989055,nan,nan,nan,nan,nan,nan,nan,nan,nan,nan,nan,nan
1753091917.451908,-139.58822631835938,701.3109130859375,3502.584716796875,-41.60938291842782,-32.09722885530263,-151.99006606979825,nan,nan,nan,nan,nan,nan
1753091917.499423,-15.796747207641602,60.92642593383789,307.2440490722656,nan,nan,nan,nan,nan,nan,nan,nan,nan
1753091917.5494256,nan,nan,nan,nan,nan,nan,nan,nan,nan,nan,nan,nan
1753091917.6019385,-278.685546875,1062.4573974609375,5631.44091796875,-38.95311239173477,-18.25301220707305,nan,nan,nan,nan,nan,nan,nan
1753091917.650951,-283.40985107421875,1102.53857421875,5726.90576171875,7.897823588170393,-24.977089926246876,-147.0059355450294,nan,nan,nan,nan,nan,nan
1753091917.699458,-17.4926700592041,60.64849090576172,305.8424377441406,-64.90599151179525,0.4587242101532992,nan,nan,nan,nan,nan,nan,nan
1753091917.7514749,-335.7984619140625,1126.2952880859375,5679.76025390625,-46.26329888705559,-8.529939721902306,nan,nan,nan,nan,nan,nan,nan
1753091917.8039927,-289.0149230957031,918.9013061523438,4589.3046875,-44.01393262742175,-9.490941648250006,nan,nan,nan,nan,nan,nan,nan
1753091917.855002,nan,nan,nan,nan,nan,nan,nan,nan,nan,nan,nan,nan
1753091917.903525,-17.338468551635742,61.86626052856445,303.1463623046875,-66.67272308218568,-5.472787247912689,nan,nan,nan,nan,nan,nan,nan
1753091917.9555278,-12.860638618469238,65.19248962402344,307.81939697265625,nan,nan,nan,nan,nan,nan,nan,nan,nan
1753091918.0140579,-14.085700035095215,66.56204223632812,308.6693115234375,-67.28000526790785,-22.18987333863295,113.0774280689001,nan,nan,nan,nan,nan,nan
1753091918.068594,-12.524060249328613,69.5836181640625,314.2570495605469,-68.7578649872357,-28.541586542675773,115.716960490917,nan,nan,nan,nan,nan,nan
1753091918.1235886,-11.313488006591797,71.40348052978516,314.27130126953125,-68.74778800236246,-33.04619334788531,nan,nan,nan,nan,nan,nan,nan
1753091918.173113,-11.356498718261719,72.2828140258789,315.466064453125,-68.97360848390434,-34.67156037007071,115.32313411239392,nan,nan,nan,nan,nan,nan
1753091918.2231152,-10.63154125213623,73.29918670654297,312.0296936035156,-69.78220020609884,-39.60080231068337,nan,nan,nan,nan,nan,nan,nan
1753091918.2737432,nan,nan,nan,nan,nan,nan,nan,nan,nan,nan,nan,nan
1753091918.329726,-8.12010383605957,72.94432067871094,307.99267578125,-70.60070938917805,-47.1630765135726,120.586219502835,nan,nan,nan,nan,nan,nan
1753091918.382245,-7.461567401885986,72.31375122070312,305.3302307128906,-70.93080500358265,-51.21106040609008,nan,nan,nan,nan,nan,nan,nan
1753091918.4322522,-18.331674575805664,192.8689727783203,814.350341796875,-67.80027744779042,-58.86161043941206,nan,nan,nan,nan,nan,nan,nan
1753091918.4878016,-19.91619300842285,181.82188415527344,755.4141845703125,-68.27872175699342,-62.51510285955223,nan,nan,nan,nan,nan,nan,nan
1753091918.5358093,-21.32822608947754,197.8304443359375,808.9721069335938,-67.908044123207,-63.63612116807741,114.00912935760496,nan,nan,nan,nan,nan,nan
1753091918.585344,-17.69171905517578,196.73670959472656,785.9215087890625,-67.52058507423129,-64.37261215368775,115.01544268284177,nan,nan,nan,nan,nan,nan
1753091918.6343455,-6.426459312438965,81.16184997558594,312.20819091796875,-72.06370650376478,-62.98643129766784,119.38518703097341,nan,nan,nan,nan,nan,nan
1753091918.6858897,-6.430153846740723,81.8104476928711,312.3876647949219,-72.08877583176917,-64.409007704361,119.9128796646314,nan,nan,nan,nan,nan,nan
1753091918.7359014,-7.036734580993652,205.75198364257812,779.91162109375,-67.79825444550491,-64.50585679086511,nan,nan,nan,nan,nan,nan,nan
1753091918.7924125,nan,nan,nan,nan,nan,nan,nan,nan,nan,nan,nan,nan
1753091918.8424144,6.214741230010986,82.46736145019531,312.5960388183594,-71.05025508943588,-49.90786297513428,nan,nan,nan,nan,nan,nan,nan
1753091918.8929517,12.29177188873291,81.61864471435547,313.9653625488281,-70.03134774900653,-42.40087550183641,174.27363530148406,nan,nan,nan,nan,nan,nan
1753091918.9419494,36.02730941772461,191.98031616210938,738.49755859375,-66.65834223118243,-43.97741012196227,102.96191297881136,nan,nan,nan,nan,nan,nan
1753091918.9955602,19.847068786621094,83.46646118164062,318.7110595703125,-68.21736649248967,-37.222802620630226,nan,nan,nan,nan,nan,nan,nan
1753091919.0475605,20.03073501586914,84.23887634277344,321.66046142578125,-68.8455285522085,-35.116669388146555,97.16787360038546,nan,nan,nan,nan,nan,nan
1753091919.0960834,21.02509880065918,83.26757049560547,317.95159912109375,-68.25081770525871,-35.4348189361,94.88830066847224,nan,nan,nan,nan,nan,nan
1753091919.1470838,21.089582443237305,82.90841674804688,318.9267578125,-68.85560715693103,-34.963211697340185,nan,nan,nan,nan,nan,nan,nan
1753091919.1965985,19.77046775817871,84.53662109375,327.6184387207031,-68.82074044386503,-37.21416455159374,-176.81486952609333,nan,nan,nan,nan,nan,nan
1753091919.246604,16.757740020751953,82.14653778076172,318.35577392578125,-68.14933294866458,-39.38606713251806,102.51427201109288,nan,nan,nan,nan,nan,nan
1753091919.3001132,10.45890998840332,79.06326293945312,313.4283752441406,-69.08874063826603,-39.87509273850959,103.34221832594368,nan,nan,nan,nan,nan,nan
1753091919.354119,9.216721534729004,76.96501922607422,312.266357421875,-69.18565021416286,-40.74548667037757,nan,nan,nan,nan,nan,nan,nan
1753091919.4086387,15.830765724182129,191.65640258789062,796.2736206054688,-66.5483894177097,-43.848389297739025,116.69062078326172,nan,nan,nan,nan,nan,nan
1753091919.462187,nan,nan,nan,nan,nan,nan,nan,nan,nan,nan,nan,nan
1753091919.513187,16.494991302490234,239.7833709716797,1029.1837158203125,nan,nan,nan,nan,nan,nan,nan,nan,nan
1753091919.5737123,5.624216556549072,73.58684539794922,313.2542419433594,-70.29251775407553,-44.1264495369594,113.48246741593147,nan,nan,nan,nan,nan,nan
1753091919.6307118,6.285588264465332,76.7061767578125,316.1595764160156,-71.09764754412302,-44.295099760928615,115.30415483719926,nan,nan,nan,nan,nan,nan
1753091919.6822326,6.218278408050537,76.4874496459961,312.7739562988281,-70.78168033900337,-44.850330108238,115.1751301298135,nan,nan,nan,nan,nan,nan
1753091919.7352333,6.233798980712891,79.0951156616211,313.55462646484375,-71.43507556883743,-43.7789045034312,nan,nan,nan,nan,nan,nan,nan
1753091919.7857666,5.036323547363281,79.26671600341797,314.2348937988281,-71.53497292060634,-44.622888795269475,nan,nan,nan,nan,nan,nan,nan
1753091919.8367667,3.833345890045166,80.03972625732422,314.8939208984375,-71.25664540791297,-46.74699537319849,114.8134613456015,nan,nan,nan,nan,nan,nan
1753091919.8862877,3.2084693908691406,79.59056854248047,313.1268310546875,-71.77047528378088,-46.794219552824536,120.6096001035025,nan,nan,nan,nan,nan,nan
1753091919.9392872,1.396385669708252,78.2723388671875,312.6814270019531,-71.34738851237245,-49.798432094023326,nan,nan,nan,nan,nan,nan,nan
1753091919.990841,nan,nan,nan,nan,nan,nan,nan,nan,nan,nan,nan,nan
1753091920.0438259,-1.6164606809616089,77.08226013183594,312.74200439453125,-71.3927976275324,-51.071235803616624,nan,nan,nan,nan,nan,nan,nan
1753091920.0933578,-2.217923879623413,77.04195404052734,312.5784912109375,-71.20678316493081,-54.73639044714493,nan,nan,nan,nan,nan,nan,nan
1753091920.1453555,-3.41992449760437,76.38121795654297,312.3395690917969,-71.33466213415831,-54.25257276015127,nan,nan,nan,nan,nan,nan,nan
1753091920.194881,-13.120597839355469,193.29632568359375,784.2515869140625,-68.63165112164292,-57.86863287300342,-109.91364814633083,nan,nan,nan,nan,nan,nan
1753091920.244888,-5.791642189025879,76.51177978515625,310.4274597167969,-71.19534476026006,-56.40444713794305,-130.57079340576985,nan,nan,nan,nan,nan,nan
1753091920.2940137,-7.59404993057251,76.59164428710938,310.75146484375,-71.3889463190909,-55.26880026206935,nan,nan,nan,nan,nan,nan,nan
1753091920.3450124,-7.602489948272705,77.2762222290039,311.0968322753906,-71.4583004227857,-52.821150335970145,-133.17130471747834,nan,nan,nan,nan,nan,nan
1753091920.3965325,-19.20842742919922,195.245849609375,786.0162963867188,-69.20733106856272,-52.27029142536193,nan,nan,nan,nan,nan,nan,nan
1753091920.4475403,-7.602810859680176,77.27947998046875,311.1099548339844,-71.22127464351433,-47.902494954871536,-135.56788637144956,nan,nan,nan,nan,nan,nan
1753091920.4970665,-7.023495674133301,78.70439147949219,312.00567626953125,-70.82202406842178,-43.10114496193403,123.9190610244035,nan,nan,nan,nan,nan,nan
1753091920.5480716,-5.841902732849121,78.98583221435547,313.12139892578125,-71.06666684931982,-41.91171751691799,nan,nan,nan,nan,nan,nan,nan
1753091920.6025858,-4.7354536056518555,81.92710876464844,319.89422607421875,-70.82705864642517,-39.85520289195914,nan,nan,nan,nan,nan,nan,nan
1753091920.6525884,-4.664139747619629,81.30044555664062,315.0767822265625,-70.4801626639446,-38.637887581455594,nan,nan,nan,nan,nan,nan,nan
1753091920.7021003,-4.655669689178467,80.54678344726562,314.5046081542969,-70.3467617781623,-36.74519752256621,nan,nan,nan,nan,nan,nan,nan
1753091920.7521057,-4.104085445404053,81.62950897216797,318.7322082519531,-70.05931525856461,-35.85141455941518,nan,nan,nan,nan,nan,nan,nan
1753091920.803619,nan,nan,nan,nan,nan,nan,nan,nan,nan,nan,nan,nan
1753091920.858646,nan,nan,nan,nan,nan,nan,nan,nan,nan,nan,nan,nan
1753091920.909167,-2.8408684730529785,76.39226531982422,314.86572265625,-69.27327497356939,-35.95575132746621,111.63612988230736,nan,nan,nan,nan,nan,nan
1753091920.9601715,-1.0168163776397705,74.89118194580078,313.6609802246094,-69.19184900009206,-35.89409812280345,112.16020836538286,nan,nan,nan,nan,nan,nan
1753091921.0096889,-0.40983083844184875,73.82000732421875,311.6900939941406,-68.5835285001267,-36.73185367986529,111.45076614372057,nan,nan,nan,nan,nan,nan
1753091921.0652366,1.4053912162780762,72.71321105957031,314.6979675292969,-68.50147073350307,-37.18567895708399,112.0401279249731,nan,nan,nan,nan,nan,nan
1753091921.1172323,2.605339765548706,72.35671997070312,313.15509033203125,-68.31689965521562,-36.70971184673795,110.69550126288088,nan,nan,nan,nan,nan,nan
1753091921.1677685,5.6328277587890625,72.49044036865234,313.7338562011719,-67.21042613030536,-35.46749788102892,nan,nan,nan,nan,nan,nan,nan
1753091921.2197704,6.894042015075684,72.43378448486328,316.1249694824219,-67.79252773571535,-33.01320905924251,118.4023009396263,nan,nan,nan,nan,nan,nan
1753091921.268306,12.055256843566895,76.07923889160156,323.86419677734375,-67.3793717295604,-30.021869384726784,110.28552714213178,nan,nan,nan,nan,nan,nan
1753091921.318307,14.966283798217773,75.64567565917969,319.39862060546875,-66.00665863236783,-27.525331984493242,108.59344464363917,nan,nan,nan,nan,nan,nan
1753091921.36883,20.26561737060547,79.58297729492188,325.4322814941406,-65.10808912385981,-22.406047858362005,nan,nan,nan,nan,nan,nan,nan
1753091921.4218311,24.924610137939453,84.50379943847656,337.5747985839844,nan,nan,nan,nan,nan,nan,nan,nan,nan
1753091921.4713695,26.298240661621094,83.9600830078125,330.3174743652344,-63.209222285849314,-13.247973062787885,147.5717303641472,nan,nan,nan,nan,nan,nan
1753091921.5223687,27.669025421142578,85.5354232788086,331.4892578125,nan,nan,nan,nan,nan,nan,nan,nan,nan
1753091921.572888,28.45878791809082,84.72218322753906,325.9038391113281,-61.84774742594199,-9.122933135142516,141.3261413765713,nan,nan,nan,nan,nan,nan
1753091921.6258898,24.95005226135254,87.84574127197266,337.91937255859375,-60.61642144209497,-4.6283405216265585,139.11366701350195,nan,nan,nan,nan,nan,nan
1753091921.6784215,21.055118560791016,83.99339294433594,327.9622802734375,-60.42732539538044,-2.3443731343204908,131.6357286407219,nan,nan,nan,nan,nan,nan
1753091921.729423,18.241806030273438,82.69904327392578,322.9083557128906,-60.48784498825705,-2.206212569805567,122.18047444836918,nan,nan,nan,nan,nan,nan
1753091921.7829404,15.125322341918945,81.42544555664062,322.7926940917969,nan,nan,nan,nan,nan,nan,nan,nan,nan
1753091921.8339384,170.8925323486328,1318.6524658203125,5435.0849609375,1.7813222734749559,-25.032079190006,-103.48384680985141,nan,nan,nan,nan,nan,nan
1753091921.8844538,87.82376098632812,1046.2213134765625,4417.45849609375,-57.32806382219791,-18.11291015634694,-111.70780812619769,nan,nan,nan,nan,nan,nan
1753091921.9354532,nan,nan,nan,nan,nan,nan,nan,nan,nan,nan,nan,nan
1753091921.9849727,23.128009796142578,385.3110656738281,1640.2431640625,-60.10371458326278,-7.572740365332258,nan,nan,nan,nan,nan,nan,nan
1753091922.034969,nan,nan,nan,nan,nan,nan,nan,nan,nan,nan,nan,nan
1753091922.085501,nan,nan,nan,nan,nan,nan,nan,nan,nan,nan,nan,nan
1753091922.1394966,132.32066345214844,1915.134033203125,9384.208984375,-36.424510618841715,-25.93909672798666,74.98233100775236,nan,nan,nan,nan,nan,nan
1753091922.2170184,5.4036478996276855,169.2472686767578,845.2783203125,-66.35798384965734,-14.609618814884984,nan,nan,nan,nan,nan,nan,nan
1753091922.277551,19.700227737426758,384.9599609375,1922.6207275390625,-57.365869092840605,-26.416108022214303,nan,nan,nan,nan,nan,nan,nan
1753091922.3365493,nan,nan,nan,nan,nan,nan,nan,nan,nan,nan,nan,nan
1753091922.391065,2.558635711669922,62.76319885253906,307.5413818359375,-73.4742364539087,-26.645891628929597,-137.45555555248478,nan,nan,nan,nan,nan,nan
1753091922.442066,nan,nan,nan,nan,nan,nan,nan,nan,nan,nan,nan,nan
1753091922.4935875,nan,nan,nan,nan,nan,nan,nan,nan,nan,nan,nan,nan
1753091922.5425858,nan,nan,nan,nan,nan,nan,nan,nan,nan,nan,nan,nan
1753091922.5931027,-23.471532821655273,157.01869201660156,776.7296752929688,-71.54647912744576,-41.40830627029328,nan,nan,nan,nan,nan,nan,nan
1753091922.6430995,-26.306476593017578,168.58848571777344,818.361328125,-70.18764959850105,-47.21665716812175,nan,nan,nan,nan,nan,nan,nan
1753091922.6933172,nan,nan,nan,nan,nan,nan,nan,nan,nan,nan,nan,nan
1753091922.7473178,nan,nan,nan,nan,nan,nan,nan,nan,nan,nan,nan,nan
1753091922.7978477,nan,nan,nan,nan,nan,nan,nan,nan,nan,nan,nan,nan
1753091922.8488548,nan,nan,nan,nan,nan,nan,nan,nan,nan,nan,nan,nan
1753091922.897363,-4.763069152832031,195.1684112548828,921.5267944335938,-73.94743738590142,-70.14701039489525,nan,nan,nan,nan,nan,nan,nan
1753091922.945362,0.5496800541877747,186.7493133544922,898.116943359375,-72.9896293702944,-73.93595875206799,nan,nan,nan,nan,nan,nan,nan
1753091922.9968855,nan,nan,nan,nan,nan,nan,nan,nan,nan,nan,nan,nan
1753091923.0498912,nan,nan,nan,nan,nan,nan,nan,nan,nan,nan,nan,nan
1753091923.103136,-4.177743434906006,175.85693359375,808.2819213867188,-70.82394760000372,-68.0712434420559,119.65690655471938,nan,nan,nan,nan,nan,nan
1753091923.1541467,nan,nan,nan,nan,nan,nan,nan,nan,nan,nan,nan,nan
1753091923.2026577,-1.6432361602783203,71.00779724121094,317.9223327636719,-71.71280702510498,-58.934397388991194,124.45295019548286,nan,nan,nan,nan,nan,nan
1753091923.2526615,-4.202798843383789,74.78776550292969,326.39849853515625,-71.78412557676116,-56.24381875221567,nan,nan,nan,nan,nan,nan,nan
1753091923.306174,-13.211609840393066,185.5072021484375,789.691650390625,-68.01022705491505,-54.82927189293201,nan,nan,nan,nan,nan,nan,nan
1753091923.3591821,-4.746023178100586,77.78550720214844,320.6082458496094,-70.78545905784857,-50.53607314989098,nan,nan,nan,nan,nan,nan,nan
1753091923.4112945,-4.788082599639893,79.72135925292969,323.4494934082031,-71.18890179412145,-49.60750652201254,-139.58023194018745,nan,nan,nan,nan,nan,nan
1753091923.464299,-3.556551456451416,80.68445587158203,324.817626953125,-71.5081040777433,-48.899177264398254,nan,nan,nan,nan,nan,nan,nan
1753091923.512811,-2.2995619773864746,81.75118255615234,324.0840148925781,-71.61994388257376,-48.3550316893455,nan,nan,nan,nan,nan,nan,nan
1753091923.565402,-2.308948040008545,82.08485412597656,325.4067687988281,-71.5563104313188,-45.31166519043943,-141.88954575480767,nan,nan,nan,nan,nan,nan
1753091923.615402,-2.3173131942749023,82.38224792480469,326.5857238769531,-71.71483524475126,-43.81946967790889,nan,nan,nan,nan,nan,nan,nan
1753091923.6666424,-2.31191349029541,81.56245422363281,325.8247375488281,-70.91367411348288,-40.53104364847265,nan,nan,nan,nan,nan,nan,nan
1753091923.7166414,-2.3210337162017822,81.88420104980469,327.11004638671875,-70.91731576895386,-38.56836511944268,132.1961977812553,nan,nan,nan,nan,nan,nan
1753091923.7747111,-3.585535764694214,81.97299194335938,327.4647521972656,-70.03892362282956,-36.048750905478805,nan,nan,nan,nan,nan,nan,nan
1753091923.826705,-6.169391632080078,82.7764892578125,330.674560546875,-69.19114180660193,-30.415712982601875,nan,nan,nan,nan,nan,nan,nan
1753091923.8772352,-6.749230861663818,82.07917785644531,327.8889465332031,-69.16529326574475,-25.056331243030414,124.12718170269564,nan,nan,nan,nan,nan,nan
1753091923.927235,-11.284814834594727,81.63235473632812,331.202880859375,-67.85831324299787,-12.5051989231826,nan,nan,nan,nan,nan,nan,nan
1753091923.9757683,-13.10899829864502,78.53794860839844,328.9344787597656,-67.35624877793043,-8.650643240438084,nan,nan,nan,nan,nan,nan,nan
1753091924.0267677,-14.29663372039795,77.47054290771484,327.103759765625,-67.01226604464318,-5.920243412153064,123.54990170957416,nan,nan,nan,nan,nan,nan
1753091924.0953014,nan,nan,nan,nan,nan,nan,nan,nan,nan,nan,nan,nan
1753091924.158312,nan,nan,nan,nan,nan,nan,nan,nan,nan,nan,nan,nan
1753091924.2168307,nan,nan,nan,nan,nan,nan,nan,nan,nan,nan,nan,nan
1753091924.272375,-14.244428634643555,73.41968536376953,325.9093322753906,-68.56433020677053,-8.953959421201187,111.750897874338,nan,nan,nan,nan,nan,nan
1753091924.3273792,-10.48650074005127,74.11868286132812,326.2218322753906,-68.8106607375867,-20.02711442237704,nan,nan,nan,nan,nan,nan,nan
1753091924.3829026,-9.733941078186035,71.32456970214844,322.11962890625,-70.02511100481152,-25.97806170849005,nan,nan,nan,nan,nan,nan,nan
1753091924.4359002,-6.690849304199219,70.09497833251953,325.05267333984375,-68.78886963449744,-35.504179065299844,105.7921161893151,nan,nan,nan,nan,nan,nan
1753091924.485422,-6.0046281814575195,68.78275299072266,321.8433532714844,-69.68263461448348,-38.86974704983201,107.15478537430505,nan,nan,nan,nan,nan,nan
1753091924.5384212,-6.580417633056641,67.09004974365234,319.6877136230469,-70.85362609382965,-42.32513501903874,105.68804795867355,nan,nan,nan,nan,nan,nan
1753091924.590662,-7.818971157073975,65.91316223144531,319.955322265625,-69.75525735567163,-46.83447340650907,nan,nan,nan,nan,nan,nan,nan
1753091924.6436505,-21.886388778686523,157.8772735595703,773.6029052734375,-67.09093513206601,-48.66863600222607,nan,nan,nan,nan,nan,nan,nan
1753091924.6991746,nan,nan,nan,nan,nan,nan,nan,nan,nan,nan,nan,nan
1753091924.7521827,nan,nan,nan,nan,nan,nan,nan,nan,nan,nan,nan,nan
1753091924.8056922,-30.599990844726562,146.34107971191406,767.8231201171875,-69.63747980422578,-45.70209934583779,nan,nan,nan,nan,nan,nan,nan
1753091924.8662086,-34.07647705078125,147.09518432617188,779.6621704101562,-70.49056407783978,-39.51376009867013,nan,nan,nan,nan,nan,nan,nan
1753091924.9192197,nan,nan,nan,nan,nan,nan,nan,nan,nan,nan,nan,nan
1753091924.9737482,nan,nan,nan,nan,nan,nan,nan,nan,nan,nan,nan,nan
1753091925.025749,nan,nan,nan,nan,nan,nan,nan,nan,nan,nan,nan,nan
1753091925.0762615,nan,nan,nan,nan,nan,nan,nan,nan,nan,nan,nan,nan
1753091925.128267,nan,nan,nan,nan,nan,nan,nan,nan,nan,nan,nan,nan
1753091925.1767945,nan,nan,nan,nan,nan,nan,nan,nan,nan,nan,nan,nan
1753091925.2327929,nan,nan,nan,nan,nan,nan,nan,nan,nan,nan,nan,nan
1753091925.2923086,nan,nan,nan,nan,nan,nan,nan,nan,nan,nan,nan,nan
1753091925.3423073,nan,nan,nan,nan,nan,nan,nan,nan,nan,nan,nan,nan
1753091925.392839,nan,nan,nan,nan,nan,nan,nan,nan,nan,nan,nan,nan
1753091925.4438381,nan,nan,nan,nan,nan,nan,nan,nan,nan,nan,nan,nan
1753091925.4973907,nan,nan,nan,nan,nan,nan,nan,nan,nan,nan,nan,nan
1753091925.5443869,nan,nan,nan,nan,nan,nan,nan,nan,nan,nan,nan,nan
1753091925.5789156,nan,nan,nan,nan,nan,nan,nan,nan,nan,nan,nan,nan
1753091925.6119132,nan,nan,nan,nan,nan,nan,nan,nan,nan,nan,nan,nan
1753091925.6469126,nan,nan,nan,nan,nan,nan,nan,nan,nan,nan,nan,nan
1753091925.687467,nan,nan,nan,nan,nan,nan,nan,nan,nan,nan,nan,nan
1753091925.7294674,nan,nan,nan,nan,nan,nan,nan,nan,nan,nan,nan,nan
1753091925.7679977,nan,nan,nan,nan,nan,nan,nan,nan,nan,nan,nan,nan
1753091925.8069983,nan,nan,nan,nan,nan,nan,nan,nan,nan,nan,nan,nan
1753091925.8459969,nan,nan,nan,nan,nan,nan,nan,nan,nan,nan,nan,nan
1753091925.8852654,nan,nan,nan,nan,nan,nan,nan,nan,nan,nan,nan,nan
1753091925.920266,nan,nan,nan,nan,nan,nan,nan,nan,nan,nan,nan,nan
1753091925.9562974,nan,nan,nan,nan,nan,nan,nan,nan,nan,nan,nan,nan
1753091925.9898124,nan,nan,nan,nan,nan,nan,nan,nan,nan,nan,nan,nan
1753091926.0238142,nan,nan,nan,nan,nan,nan,nan,nan,nan,nan,nan,nan
1753091926.0598328,nan,nan,nan,nan,nan,nan,nan,nan,nan,nan,nan,nan
1753091926.0933456,nan,nan,nan,nan,nan,nan,nan,nan,nan,nan,nan,nan
1753091926.1293464,nan,nan,nan,nan,nan,nan,nan,nan,nan,nan,nan,nan
1753091926.1623526,nan,nan,nan,nan,nan,nan,nan,nan,nan,nan,nan,nan
1753091926.194865,nan,nan,nan,nan,nan,nan,nan,nan,nan,nan,nan,nan
1753091926.2298658,nan,nan,nan,nan,nan,nan,nan,nan,nan,nan,nan,nan
1753091926.2639148,nan,nan,nan,nan,nan,nan,nan,nan,nan,nan,nan,nan
1753091926.2974415,nan,nan,nan,nan,nan,nan,nan,nan,nan,nan,nan,nan
1753091926.3304439,nan,nan,nan,nan,nan,nan,nan,nan,nan,nan,nan,nan
1753091926.3644614,nan,nan,nan,nan,nan,nan,nan,nan,nan,nan,nan,nan
1753091926.3979726,nan,nan,nan,nan,nan,nan,nan,nan,nan,nan,nan,nan
1753091926.4319732,nan,nan,nan,nan,nan,nan,nan,nan,nan,nan,nan,nan
1753091926.4694963,nan,nan,nan,nan,nan,nan,nan,nan,nan,nan,nan,nan
1753091926.5044928,nan,nan,nan,nan,nan,nan,nan,nan,nan,nan,nan,nan
1753091926.5384934,nan,nan,nan,nan,nan,nan,nan,nan,nan,nan,nan,nan
1753091926.5710158,nan,nan,nan,nan,nan,nan,nan,nan,nan,nan,nan,nan
1753091926.6030166,nan,nan,nan,nan,nan,nan,nan,nan,nan,nan,nan,nan
1753091926.6370184,nan,nan,nan,nan,nan,nan,nan,nan,nan,nan,nan,nan
1753091926.672537,nan,nan,nan,nan,nan,nan,nan,nan,nan,nan,nan,nan
1753091926.7095377,nan,nan,nan,nan,nan,nan,nan,nan,nan,nan,nan,nan
1753091926.7415361,nan,nan,nan,nan,nan,nan,nan,nan,nan,nan,nan,nan
1753091926.7750783,nan,nan,nan,nan,nan,nan,nan,nan,nan,nan,nan,nan
1753091926.8080773,nan,nan,nan,nan,nan,nan,nan,nan,nan,nan,nan,nan
1753091926.8420782,nan,nan,nan,nan,nan,nan,nan,nan,nan,nan,nan,nan
1753091926.876609,nan,nan,nan,nan,nan,nan,nan,nan,nan,nan,nan,nan
1753091926.9106107,nan,nan,nan,nan,nan,nan,nan,nan,nan,nan,nan,nan
1753091926.947615,nan,nan,nan,nan,nan,nan,nan,nan,nan,nan,nan,nan
1753091926.9821413,nan,nan,nan,nan,nan,nan,nan,nan,nan,nan,nan,nan
1753091927.0181453,nan,nan,nan,nan,nan,nan,nan,nan,nan,nan,nan,nan
1753091927.0521443,nan,nan,nan,nan,nan,nan,nan,nan,nan,nan,nan,nan
1753091927.0866737,nan,nan,nan,nan,nan,nan,nan,nan,nan,nan,nan,nan
1753091927.1206725,nan,nan,nan,nan,nan,nan,nan,nan,nan,nan,nan,nan
1753091927.1556814,nan,nan,nan,nan,nan,nan,nan,nan,nan,nan,nan,nan
1753091927.193207,nan,nan,nan,nan,nan,nan,nan,nan,nan,nan,nan,nan
1753091927.2322059,nan,nan,nan,nan,nan,nan,nan,nan,nan,nan,nan,nan
1753091927.26974,nan,nan,nan,nan,nan,nan,nan,nan,nan,nan,nan,nan
1753091927.3077424,nan,nan,nan,nan,nan,nan,nan,nan,nan,nan,nan,nan
1753091927.3437414,nan,nan,nan,nan,nan,nan,nan,nan,nan,nan,nan,nan
1753091927.3792706,nan,nan,nan,nan,nan,nan,nan,nan,nan,nan,nan,nan
1753091927.4132705,nan,nan,nan,nan,nan,nan,nan,nan,nan,nan,nan,nan
1753091927.4472733,nan,nan,nan,nan,nan,nan,nan,nan,nan,nan,nan,nan
1753091927.4848049,nan,nan,nan,nan,nan,nan,nan,nan,nan,nan,nan,nan
1753091927.5208144,nan,nan,nan,nan,nan,nan,nan,nan,nan,nan,nan,nan
1753091927.5538092,nan,nan,nan,nan,nan,nan,nan,nan,nan,nan,nan,nan
1753091927.5873296,nan,nan,nan,nan,nan,nan,nan,nan,nan,nan,nan,nan
1753091927.6203294,nan,nan,nan,nan,nan,nan,nan,nan,nan,nan,nan,nan
1753091927.6563323,nan,nan,nan,nan,nan,nan,nan,nan,nan,nan,nan,nan
1753091927.689864,nan,nan,nan,nan,nan,nan,nan,nan,nan,nan,nan,nan
1753091927.7248611,nan,nan,nan,nan,nan,nan,nan,nan,nan,nan,nan,nan
1753091927.7578793,nan,nan,nan,nan,nan,nan,nan,nan,nan,nan,nan,nan
1753091927.7963922,nan,nan,nan,nan,nan,nan,nan,nan,nan,nan,nan,nan
1753091927.8303976,nan,nan,nan,nan,nan,nan,nan,nan,nan,nan,nan,nan
1753091927.8654,nan,nan,nan,nan,nan,nan,nan,nan,nan,nan,nan,nan
1753091927.8989124,nan,nan,nan,nan,nan,nan,nan,nan,nan,nan,nan,nan
1753091927.9339104,nan,nan,nan,nan,nan,nan,nan,nan,nan,nan,nan,nan
1753091927.9684336,nan,nan,nan,nan,nan,nan,nan,nan,nan,nan,nan,nan
1753091928.004452,nan,nan,nan,nan,nan,nan,nan,nan,nan,nan,nan,nan
1753091928.0404441,nan,nan,nan,nan,nan,nan,nan,nan,nan,nan,nan,nan
1753091928.0719714,nan,nan,nan,nan,nan,nan,nan,nan,nan,nan,nan,nan
1753091928.1089818,nan,nan,nan,nan,nan,nan,nan,nan,nan,nan,nan,nan
1753091928.1419742,nan,nan,nan,nan,nan,nan,nan,nan,nan,nan,nan,nan
1753091928.1745253,nan,nan,nan,nan,nan,nan,nan,nan,nan,nan,nan,nan
1753091928.2085319,nan,nan,nan,nan,nan,nan,nan,nan,nan,nan,nan,nan
1753091928.2425282,nan,nan,nan,nan,nan,nan,nan,nan,nan,nan,nan,nan
1753091928.2770624,nan,nan,nan,nan,nan,nan,nan,nan,nan,nan,nan,nan
1753091928.3110645,nan,nan,nan,nan,nan,nan,nan,nan,nan,nan,nan,nan
1753091928.3440678,nan,nan,nan,nan,nan,nan,nan,nan,nan,nan,nan,nan
1753091928.3775985,nan,nan,nan,nan,nan,nan,nan,nan,nan,nan,nan,nan
1753091928.4265974,nan,nan,nan,nan,nan,nan,nan,nan,nan,nan,nan,nan
1753091928.464608,nan,nan,nan,nan,nan,nan,nan,nan,nan,nan,nan,nan
1753091928.5121367,nan,nan,nan,nan,nan,nan,nan,nan,nan,nan,nan,nan
1753091928.550137,nan,nan,nan,nan,nan,nan,nan,nan,nan,nan,nan,nan
1753091928.5856793,nan,nan,nan,nan,nan,nan,nan,nan,nan,nan,nan,nan
1753091928.619675,nan,nan,nan,nan,nan,nan,nan,nan,nan,nan,nan,nan
1753091928.65468,nan,nan,nan,nan,nan,nan,nan,nan,nan,nan,nan,nan
1753091928.6891913,nan,nan,nan,nan,nan,nan,nan,nan,nan,nan,nan,nan
1753091928.726188,nan,nan,nan,nan,nan,nan,nan,nan,nan,nan,nan,nan
1753091928.764198,nan,nan,nan,nan,nan,nan,nan,nan,nan,nan,nan,nan
1753091928.8037267,nan,nan,nan,nan,nan,nan,nan,nan,nan,nan,nan,nan
1753091928.8417234,nan,nan,nan,nan,nan,nan,nan,nan,nan,nan,nan,nan
1753091928.8802547,nan,nan,nan,nan,nan,nan,nan,nan,nan,nan,nan,nan
1753091928.915254,nan,nan,nan,nan,nan,nan,nan,nan,nan,nan,nan,nan
1753091928.9502501,nan,nan,nan,nan,nan,nan,nan,nan,nan,nan,nan,nan
1753091928.9837725,nan,nan,nan,nan,nan,nan,nan,nan,nan,nan,nan,nan
1753091929.0177743,nan,nan,nan,nan,nan,nan,nan,nan,nan,nan,nan,nan
1753091929.0607846,nan,nan,nan,nan,nan,nan,nan,nan,nan,nan,nan,nan
1753091929.0922947,nan,nan,nan,nan,nan,nan,nan,nan,nan,nan,nan,nan
1753091929.126296,nan,nan,nan,nan,nan,nan,nan,nan,nan,nan,nan,nan
1753091929.171824,nan,nan,nan,nan,nan,nan,nan,nan,nan,nan,nan,nan
1753091929.221823,nan,nan,nan,nan,nan,nan,nan,nan,nan,nan,nan,nan
1753091929.254821,nan,nan,nan,nan,nan,nan,nan,nan,nan,nan,nan,nan
1753091929.2893484,nan,nan,nan,nan,nan,nan,nan,nan,nan,nan,nan,nan
1753091929.32435,nan,nan,nan,nan,nan,nan,nan,nan,nan,nan,nan,nan
1753091929.3573601,nan,nan,nan,nan,nan,nan,nan,nan,nan,nan,nan,nan
1753091929.3898757,nan,nan,nan,nan,nan,nan,nan,nan,nan,nan,nan,nan
1753091929.4238734,nan,nan,nan,nan,nan,nan,nan,nan,nan,nan,nan,nan
1753091929.456879,nan,nan,nan,nan,nan,nan,nan,nan,nan,nan,nan,nan
1753091929.4933915,nan,nan,nan,nan,nan,nan,nan,nan,nan,nan,nan,nan
1753091929.5273879,nan,nan,nan,nan,nan,nan,nan,nan,nan,nan,nan,nan
1753091929.559405,nan,nan,nan,nan,nan,nan,nan,nan,nan,nan,nan,nan
1753091929.5989237,nan,nan,nan,nan,nan,nan,nan,nan,nan,nan,nan,nan
1753091929.6359236,nan,nan,nan,nan,nan,nan,nan,nan,nan,nan,nan,nan
1753091929.6754649,nan,nan,nan,nan,nan,nan,nan,nan,nan,nan,nan,nan
1753091929.7154517,nan,nan,nan,nan,nan,nan,nan,nan,nan,nan,nan,nan
1753091929.749451,nan,nan,nan,nan,nan,nan,nan,nan,nan,nan,nan,nan
1753091929.78268,nan,nan,nan,nan,nan,nan,nan,nan,nan,nan,nan,nan
1753091929.8176813,nan,nan,nan,nan,nan,nan,nan,nan,nan,nan,nan,nan
1753091929.8506808,nan,nan,nan,nan,nan,nan,nan,nan,nan,nan,nan,nan
1753091929.8832145,nan,nan,nan,nan,nan,nan,nan,nan,nan,nan,nan,nan
1753091929.916213,nan,nan,nan,nan,nan,nan,nan,nan,nan,nan,nan,nan
1753091929.9502137,nan,nan,nan,nan,nan,nan,nan,nan,nan,nan,nan,nan
1753091929.985761,nan,nan,nan,nan,nan,nan,nan,nan,nan,nan,nan,nan
1753091930.0197551,nan,nan,nan,nan,nan,nan,nan,nan,nan,nan,nan,nan
1753091930.0527537,nan,nan,nan,nan,nan,nan,nan,nan,nan,nan,nan,nan
1753091930.0893157,nan,nan,nan,nan,nan,nan,nan,nan,nan,nan,nan,nan
1753091930.126314,nan,nan,nan,nan,nan,nan,nan,nan,nan,nan,nan,nan
1753091930.160331,nan,nan,nan,nan,nan,nan,nan,nan,nan,nan,nan,nan
1753091930.1948452,nan,nan,nan,nan,nan,nan,nan,nan,nan,nan,nan,nan
1753091930.2278473,nan,nan,nan,nan,nan,nan,nan,nan,nan,nan,nan,nan
1753091930.2608533,nan,nan,nan,nan,nan,nan,nan,nan,nan,nan,nan,nan
1753091930.2923665,nan,nan,nan,nan,nan,nan,nan,nan,nan,nan,nan,nan
1753091930.3283682,nan,nan,nan,nan,nan,nan,nan,nan,nan,nan,nan,nan
1753091930.3623738,nan,nan,nan,nan,nan,nan,nan,nan,nan,nan,nan,nan
1753091930.395888,nan,nan,nan,nan,nan,nan,nan,nan,nan,nan,nan,nan
1753091930.4288855,nan,nan,nan,nan,nan,nan,nan,nan,nan,nan,nan,nan
1753091930.4628947,nan,nan,nan,nan,nan,nan,nan,nan,nan,nan,nan,nan
1753091930.4954212,nan,nan,nan,nan,nan,nan,nan,nan,nan,nan,nan,nan
1753091930.52941,nan,nan,nan,nan,nan,nan,nan,nan,nan,nan,nan,nan
1753091930.562419,nan,nan,nan,nan,nan,nan,nan,nan,nan,nan,nan,nan
1753091930.5959227,nan,nan,nan,nan,nan,nan,nan,nan,nan,nan,nan,nan
1753091930.6289237,nan,nan,nan,nan,nan,nan,nan,nan,nan,nan,nan,nan
1753091930.660938,nan,nan,nan,nan,nan,nan,nan,nan,nan,nan,nan,nan
1753091930.6954472,nan,nan,nan,nan,nan,nan,nan,nan,nan,nan,nan,nan
1753091930.7284498,nan,nan,nan,nan,nan,nan,nan,nan,nan,nan,nan,nan
1753091930.7624545,nan,nan,nan,nan,nan,nan,nan,nan,nan,nan,nan,nan
1753091930.7949715,nan,nan,nan,nan,nan,nan,nan,nan,nan,nan,nan,nan
1753091930.8269782,nan,nan,nan,nan,nan,nan,nan,nan,nan,nan,nan,nan
1753091930.8609774,nan,nan,nan,nan,nan,nan,nan,nan,nan,nan,nan,nan
1753091930.8934991,nan,nan,nan,nan,nan,nan,nan,nan,nan,nan,nan,nan
1753091930.927503,nan,nan,nan,nan,nan,nan,nan,nan,nan,nan,nan,nan
1753091930.9625015,nan,nan,nan,nan,nan,nan,nan,nan,nan,nan,nan,nan
1753091930.996014,nan,nan,nan,nan,nan,nan,nan,nan,nan,nan,nan,nan
1753091931.0310147,nan,nan,nan,nan,nan,nan,nan,nan,nan,nan,nan,nan
1753091931.0680196,nan,nan,nan,nan,nan,nan,nan,nan,nan,nan,nan,nan
1753091931.1015296,nan,nan,nan,nan,nan,nan,nan,nan,nan,nan,nan,nan
1753091931.1375277,nan,nan,nan,nan,nan,nan,nan,nan,nan,nan,nan,nan
1753091931.1730504,nan,nan,nan,nan,nan,nan,nan,nan,nan,nan,nan,nan
1753091931.2080543,nan,nan,nan,nan,nan,nan,nan,nan,nan,nan,nan,nan
1753091931.2410533,nan,nan,nan,nan,nan,nan,nan,nan,nan,nan,nan,nan
1753091931.2775824,nan,nan,nan,nan,nan,nan,nan,nan,nan,nan,nan,nan
1753091931.3095772,nan,nan,nan,nan,nan,nan,nan,nan,nan,nan,nan,nan
1753091931.3425758,nan,nan,nan,nan,nan,nan,nan,nan,nan,nan,nan,nan
1753091931.3761053,nan,nan,nan,nan,nan,nan,nan,nan,nan,nan,nan,nan
1753091931.4111092,nan,nan,nan,nan,nan,nan,nan,nan,nan,nan,nan,nan
1753091931.4471097,nan,nan,nan,nan,nan,nan,nan,nan,nan,nan,nan,nan
1753091931.4846425,nan,nan,nan,nan,nan,nan,nan,nan,nan,nan,nan,nan
1753091931.5236385,nan,nan,nan,nan,nan,nan,nan,nan,nan,nan,nan,nan
1753091931.5596402,nan,nan,nan,nan,nan,nan,nan,nan,nan,nan,nan,nan
1753091931.5931537,nan,nan,nan,nan,nan,nan,nan,nan,nan,nan,nan,nan
1753091931.6261532,nan,nan,nan,nan,nan,nan,nan,nan,nan,nan,nan,nan
1753091931.6611683,nan,nan,nan,nan,nan,nan,nan,nan,nan,nan,nan,nan
1753091931.6966827,nan,nan,nan,nan,nan,nan,nan,nan,nan,nan,nan,nan
1753091931.7336779,nan,nan,nan,nan,nan,nan,nan,nan,nan,nan,nan,nan
1753091931.7686968,nan,nan,nan,nan,nan,nan,nan,nan,nan,nan,nan,nan
1753091931.8012104,nan,nan,nan,nan,nan,nan,nan,nan,nan,nan,nan,nan
1753091931.853207,nan,nan,nan,nan,nan,nan,nan,nan,nan,nan,nan,nan
1753091931.9027314,nan,nan,nan,nan,nan,nan,nan,nan,nan,nan,nan,nan
1753091931.9367292,nan,nan,nan,nan,nan,nan,nan,nan,nan,nan,nan,nan
1753091931.969736,nan,nan,nan,nan,nan,nan,nan,nan,nan,nan,nan,nan
1753091932.0022612,nan,nan,nan,nan,nan,nan,nan,nan,nan,nan,nan,nan
1753091932.0352633,nan,nan,nan,nan,nan,nan,nan,nan,nan,nan,nan,nan
1753091932.0682664,nan,nan,nan,nan,nan,nan,nan,nan,nan,nan,nan,nan
1753091932.1027937,nan,nan,nan,nan,nan,nan,nan,nan,nan,nan,nan,nan
1753091932.1357913,nan,nan,nan,nan,nan,nan,nan,nan,nan,nan,nan,nan
1753091932.1698017,nan,nan,nan,nan,nan,nan,nan,nan,nan,nan,nan,nan
1753091932.2033176,nan,nan,nan,nan,nan,nan,nan,nan,nan,nan,nan,nan
1753091932.2393181,nan,nan,nan,nan,nan,nan,nan,nan,nan,nan,nan,nan
1753091932.2748368,nan,nan,nan,nan,nan,nan,nan,nan,nan,nan,nan,nan
1753091932.3078384,nan,nan,nan,nan,nan,nan,nan,nan,nan,nan,nan,nan
1753091932.3418355,nan,nan,nan,nan,nan,nan,nan,nan,nan,nan,nan,nan
1753091932.3763578,nan,nan,nan,nan,nan,nan,nan,nan,nan,nan,nan,nan
1753091932.4103653,nan,nan,nan,nan,nan,nan,nan,nan,nan,nan,nan,nan
1753091932.4433622,nan,nan,nan,nan,nan,nan,nan,nan,nan,nan,nan,nan
1753091932.476875,nan,nan,nan,nan,nan,nan,nan,nan,nan,nan,nan,nan
1753091932.527883,nan,nan,nan,nan,nan,nan,nan,nan,nan,nan,nan,nan
1753091932.5783944,nan,nan,nan,nan,nan,nan,nan,nan,nan,nan,nan,nan
1753091932.6263967,nan,nan,nan,nan,nan,nan,nan,nan,nan,nan,nan,nan
1753091932.6899092,nan,nan,nan,nan,nan,nan,nan,nan,nan,nan,nan,nan
1753091932.7559092,nan,nan,nan,nan,nan,nan,nan,nan,nan,nan,nan,nan
1753091932.7884378,nan,nan,nan,nan,nan,nan,nan,nan,nan,nan,nan,nan
1753091932.823439,nan,nan,nan,nan,nan,nan,nan,nan,nan,nan,nan,nan
1753091932.8584394,nan,nan,nan,nan,nan,nan,nan,nan,nan,nan,nan,nan
1753091932.8949528,nan,nan,nan,nan,nan,nan,nan,nan,nan,nan,nan,nan
1753091932.927954,nan,nan,nan,nan,nan,nan,nan,nan,nan,nan,nan,nan
1753091932.9619598,nan,nan,nan,nan,nan,nan,nan,nan,nan,nan,nan,nan
1753091932.995478,nan,nan,nan,nan,nan,nan,nan,nan,nan,nan,nan,nan
1753091933.0284796,nan,nan,nan,nan,nan,nan,nan,nan,nan,nan,nan,nan
1753091933.0664923,nan,nan,nan,nan,nan,nan,nan,nan,nan,nan,nan,nan
1753091933.1010056,nan,nan,nan,nan,nan,nan,nan,nan,nan,nan,nan,nan
1753091933.1370065,nan,nan,nan,nan,nan,nan,nan,nan,nan,nan,nan,nan
1753091933.1700158,nan,nan,nan,nan,nan,nan,nan,nan,nan,nan,nan,nan
1753091933.203534,nan,nan,nan,nan,nan,nan,nan,nan,nan,nan,nan,nan
1753091933.2365355,nan,nan,nan,nan,nan,nan,nan,nan,nan,nan,nan,nan
1753091933.2715425,nan,nan,nan,nan,nan,nan,nan,nan,nan,nan,nan,nan
1753091933.3080685,nan,nan,nan,nan,nan,nan,nan,nan,nan,nan,nan,nan
1753091933.3420641,nan,nan,nan,nan,nan,nan,nan,nan,nan,nan,nan,nan
1753091933.3775904,nan,nan,nan,nan,nan,nan,nan,nan,nan,nan,nan,nan
1753091933.4115846,nan,nan,nan,nan,nan,nan,nan,nan,nan,nan,nan,nan
1753091933.4455853,nan,nan,nan,nan,nan,nan,nan,nan,nan,nan,nan,nan
1753091933.4801135,nan,nan,nan,nan,nan,nan,nan,nan,nan,nan,nan,nan
1753091933.5141144,nan,nan,nan,nan,nan,nan,nan,nan,nan,nan,nan,nan
1753091933.5501118,nan,nan,nan,nan,nan,nan,nan,nan,nan,nan,nan,nan
1753091933.5836449,nan,nan,nan,nan,nan,nan,nan,nan,nan,nan,nan,nan
1753091933.6156387,nan,nan,nan,nan,nan,nan,nan,nan,nan,nan,nan,nan
1753091933.648634,nan,nan,nan,nan,nan,nan,nan,nan,nan,nan,nan,nan
1753091933.683172,nan,nan,nan,nan,nan,nan,nan,nan,nan,nan,nan,nan
1753091933.7151718,nan,nan,nan,nan,nan,nan,nan,nan,nan,nan,nan,nan
1753091933.7491724,nan,nan,nan,nan,nan,nan,nan,nan,nan,nan,nan,nan
1753091933.787712,nan,nan,nan,nan,nan,nan,nan,nan,nan,nan,nan,nan
1753091933.822707,nan,nan,nan,nan,nan,nan,nan,nan,nan,nan,nan,nan
1753091933.8557096,nan,nan,nan,nan,nan,nan,nan,nan,nan,nan,nan,nan
1753091933.8902252,nan,nan,nan,nan,nan,nan,nan,nan,nan,nan,nan,nan
1753091933.927224,nan,nan,nan,nan,nan,nan,nan,nan,nan,nan,nan,nan
1753091933.9602304,nan,nan,nan,nan,nan,nan,nan,nan,nan,nan,nan,nan
1753091933.9937418,nan,nan,nan,nan,nan,nan,nan,nan,nan,nan,nan,nan
1753091934.0287392,nan,nan,nan,nan,nan,nan,nan,nan,nan,nan,nan,nan
1753091934.0617461,nan,nan,nan,nan,nan,nan,nan,nan,nan,nan,nan,nan
1753091934.0952618,nan,nan,nan,nan,nan,nan,nan,nan,nan,nan,nan,nan
1753091934.1302652,nan,nan,nan,nan,nan,nan,nan,nan,nan,nan,nan,nan
1753091934.163276,nan,nan,nan,nan,nan,nan,nan,nan,nan,nan,nan,nan
1753091934.1977909,nan,nan,nan,nan,nan,nan,nan,nan,nan,nan,nan,nan
1753091934.2297893,nan,nan,nan,nan,nan,nan,nan,nan,nan,nan,nan,nan
1753091934.2617972,nan,nan,nan,nan,nan,nan,nan,nan,nan,nan,nan,nan
1753091934.2943177,nan,nan,nan,nan,nan,nan,nan,nan,nan,nan,nan,nan
1753091934.3313134,nan,nan,nan,nan,nan,nan,nan,nan,nan,nan,nan,nan
1753091934.3663309,nan,nan,nan,nan,nan,nan,nan,nan,nan,nan,nan,nan
1753091934.4018526,nan,nan,nan,nan,nan,nan,nan,nan,nan,nan,nan,nan
1753091934.4358525,nan,nan,nan,nan,nan,nan,nan,nan,nan,nan,nan,nan
1753091934.4678698,nan,nan,nan,nan,nan,nan,nan,nan,nan,nan,nan,nan
1753091934.501375,nan,nan,nan,nan,nan,nan,nan,nan,nan,nan,nan,nan
1753091934.5353727,nan,nan,nan,nan,nan,nan,nan,nan,nan,nan,nan,nan
1753091934.5713868,nan,nan,nan,nan,nan,nan,nan,nan,nan,nan,nan,nan
1753091934.6049051,nan,nan,nan,nan,nan,nan,nan,nan,nan,nan,nan,nan
1753091934.6379058,nan,nan,nan,nan,nan,nan,nan,nan,nan,nan,nan,nan
1753091934.6729205,nan,nan,nan,nan,nan,nan,nan,nan,nan,nan,nan,nan
1753091934.7054377,nan,nan,nan,nan,nan,nan,nan,nan,nan,nan,nan,nan
1753091934.7384393,nan,nan,nan,nan,nan,nan,nan,nan,nan,nan,nan,nan
1753091934.7749891,nan,nan,nan,nan,nan,nan,nan,nan,nan,nan,nan,nan
1753091934.8079877,nan,nan,nan,nan,nan,nan,nan,nan,nan,nan,nan,nan
1753091934.8419857,nan,nan,nan,nan,nan,nan,nan,nan,nan,nan,nan,nan
1753091934.8765142,nan,nan,nan,nan,nan,nan,nan,nan,nan,nan,nan,nan
1753091934.9155123,nan,nan,nan,nan,nan,nan,nan,nan,nan,nan,nan,nan
1753091934.9485137,nan,nan,nan,nan,nan,nan,nan,nan,nan,nan,nan,nan
1753091934.983033,nan,nan,nan,nan,nan,nan,nan,nan,nan,nan,nan,nan
1753091935.0170388,nan,nan,nan,nan,nan,nan,nan,nan,nan,nan,nan,nan
1753091935.0510406,nan,nan,nan,nan,nan,nan,nan,nan,nan,nan,nan,nan
1753091935.0875633,nan,nan,nan,nan,nan,nan,nan,nan,nan,nan,nan,nan
1753091935.1235614,nan,nan,nan,nan,nan,nan,nan,nan,nan,nan,nan,nan
1753091935.1575644,nan,nan,nan,nan,nan,nan,nan,nan,nan,nan,nan,nan
1753091935.1890829,nan,nan,nan,nan,nan,nan,nan,nan,nan,nan,nan,nan
1753091935.2220933,nan,nan,nan,nan,nan,nan,nan,nan,nan,nan,nan,nan
1753091935.2560837,nan,nan,nan,nan,nan,nan,nan,nan,nan,nan,nan,nan
1753091935.2886002,nan,nan,nan,nan,nan,nan,nan,nan,nan,nan,nan,nan
1753091935.3246014,nan,nan,nan,nan,nan,nan,nan,nan,nan,nan,nan,nan
1753091935.3575995,nan,nan,nan,nan,nan,nan,nan,nan,nan,nan,nan,nan
1753091935.3921149,nan,nan,nan,nan,nan,nan,nan,nan,nan,nan,nan,nan
1753091935.4271169,nan,nan,nan,nan,nan,nan,nan,nan,nan,nan,nan,nan
1753091935.4611294,nan,nan,nan,nan,nan,nan,nan,nan,nan,nan,nan,nan
1753091935.49465,nan,nan,nan,nan,nan,nan,nan,nan,nan,nan,nan,nan
1753091935.5286517,nan,nan,nan,nan,nan,nan,nan,nan,nan,nan,nan,nan
1753091935.5626593,nan,nan,nan,nan,nan,nan,nan,nan,nan,nan,nan,nan
1753091935.598174,nan,nan,nan,nan,nan,nan,nan,nan,nan,nan,nan,nan
1753091935.6321726,nan,nan,nan,nan,nan,nan,nan,nan,nan,nan,nan,nan
1753091935.6651838,nan,nan,nan,nan,nan,nan,nan,nan,nan,nan,nan,nan
1753091935.6987014,nan,nan,nan,nan,nan,nan,nan,nan,nan,nan,nan,nan
1753091935.7316923,nan,nan,nan,nan,nan,nan,nan,nan,nan,nan,nan,nan
1753091935.7647014,nan,nan,nan,nan,nan,nan,nan,nan,nan,nan,nan,nan
1753091935.7972083,nan,nan,nan,nan,nan,nan,nan,nan,nan,nan,nan,nan
1753091935.8312075,nan,nan,nan,nan,nan,nan,nan,nan,nan,nan,nan,nan
1753091935.8652165,nan,nan,nan,nan,nan,nan,nan,nan,nan,nan,nan,nan
1753091935.897759,nan,nan,nan,nan,nan,nan,nan,nan,nan,nan,nan,nan
1753091935.9327564,nan,nan,nan,nan,nan,nan,nan,nan,nan,nan,nan,nan
1753091935.965766,nan,nan,nan,nan,nan,nan,nan,nan,nan,nan,nan,nan
1753091935.9992778,nan,nan,nan,nan,nan,nan,nan,nan,nan,nan,nan,nan
1753091936.0362742,nan,nan,nan,nan,nan,nan,nan,nan,nan,nan,nan,nan
1753091936.0682986,nan,nan,nan,nan,nan,nan,nan,nan,nan,nan,nan,nan
1753091936.1038184,nan,nan,nan,nan,nan,nan,nan,nan,nan,nan,nan,nan
1753091936.13683,nan,nan,nan,nan,nan,nan,nan,nan,nan,nan,nan,nan
1753091936.170823,nan,nan,nan,nan,nan,nan,nan,nan,nan,nan,nan,nan
1753091936.2053406,nan,nan,nan,nan,nan,nan,nan,nan,nan,nan,nan,nan
1753091936.238336,nan,nan,nan,nan,nan,nan,nan,nan,nan,nan,nan,nan
1753091936.2714326,nan,nan,nan,nan,nan,nan,nan,nan,nan,nan,nan,nan
1753091936.3079426,nan,nan,nan,nan,nan,nan,nan,nan,nan,nan,nan,nan
1753091936.342944,nan,nan,nan,nan,nan,nan,nan,nan,nan,nan,nan,nan
1753091936.3754544,nan,nan,nan,nan,nan,nan,nan,nan,nan,nan,nan,nan
1753091936.4114676,nan,nan,nan,nan,nan,nan,nan,nan,nan,nan,nan,nan
1753091936.4444768,nan,nan,nan,nan,nan,nan,nan,nan,nan,nan,nan,nan
1753091936.481002,nan,nan,nan,nan,nan,nan,nan,nan,nan,nan,nan,nan
1753091936.5140016,nan,nan,nan,nan,nan,nan,nan,nan,nan,nan,nan,nan
1753091936.5540006,nan,nan,nan,nan,nan,nan,nan,nan,nan,nan,nan,nan
1753091936.5935416,nan,nan,nan,nan,nan,nan,nan,nan,nan,nan,nan,nan
1753091936.631534,nan,nan,nan,nan,nan,nan,nan,nan,nan,nan,nan,nan
1753091936.6695554,nan,nan,nan,nan,nan,nan,nan,nan,nan,nan,nan,nan
1753091936.7090788,nan,nan,nan,nan,nan,nan,nan,nan,nan,nan,nan,nan
1753091936.7450747,nan,nan,nan,nan,nan,nan,nan,nan,nan,nan,nan,nan
1753091936.7796009,nan,nan,nan,nan,nan,nan,nan,nan,nan,nan,nan,nan
1753091936.8166013,nan,nan,nan,nan,nan,nan,nan,nan,nan,nan,nan,nan
1753091936.8516076,nan,nan,nan,nan,nan,nan,nan,nan,nan,nan,nan,nan
1753091936.8851495,nan,nan,nan,nan,nan,nan,nan,nan,nan,nan,nan,nan
1753091936.919151,nan,nan,nan,nan,nan,nan,nan,nan,nan,nan,nan,nan
1753091936.95215,nan,nan,nan,nan,nan,nan,nan,nan,nan,nan,nan,nan
1753091936.9876807,nan,nan,nan,nan,nan,nan,nan,nan,nan,nan,nan,nan
1753091937.0206816,nan,nan,nan,nan,nan,nan,nan,nan,nan,nan,nan,nan
1753091937.0556805,nan,nan,nan,nan,nan,nan,nan,nan,nan,nan,nan,nan
1753091937.0892031,nan,nan,nan,nan,nan,nan,nan,nan,nan,nan,nan,nan
1753091937.1252084,nan,nan,nan,nan,nan,nan,nan,nan,nan,nan,nan,nan
1753091937.1582022,nan,nan,nan,nan,nan,nan,nan,nan,nan,nan,nan,nan
1753091937.191723,nan,nan,nan,nan,nan,nan,nan,nan,nan,nan,nan,nan
1753091937.2237256,nan,nan,nan,nan,nan,nan,nan,nan,nan,nan,nan,nan
1753091937.2597244,nan,nan,nan,nan,nan,nan,nan,nan,nan,nan,nan,nan
1753091937.2952507,nan,nan,nan,nan,nan,nan,nan,nan,nan,nan,nan,nan
1753091937.3292487,nan,nan,nan,nan,nan,nan,nan,nan,nan,nan,nan,nan
1753091937.3642607,nan,nan,nan,nan,nan,nan,nan,nan,nan,nan,nan,nan
1753091937.3987992,nan,nan,nan,nan,nan,nan,nan,nan,nan,nan,nan,nan
1753091937.4338017,nan,nan,nan,nan,nan,nan,nan,nan,nan,nan,nan,nan
1753091937.4668102,nan,nan,nan,nan,nan,nan,nan,nan,nan,nan,nan,nan
1753091937.5013263,nan,nan,nan,nan,nan,nan,nan,nan,nan,nan,nan,nan
1753091937.5403259,nan,nan,nan,nan,nan,nan,nan,nan,nan,nan,nan,nan
1753091937.5753372,nan,nan,nan,nan,nan,nan,nan,nan,nan,nan,nan,nan
1753091937.6088593,nan,nan,nan,nan,nan,nan,nan,nan,nan,nan,nan,nan
1753091937.641859,nan,nan,nan,nan,nan,nan,nan,nan,nan,nan,nan,nan
1753091937.6748676,nan,nan,nan,nan,nan,nan,nan,nan,nan,nan,nan,nan
1753091937.7103946,nan,nan,nan,nan,nan,nan,nan,nan,nan,nan,nan,nan
1753091937.7453961,nan,nan,nan,nan,nan,nan,nan,nan,nan,nan,nan,nan
1753091937.7789207,nan,nan,nan,nan,nan,nan,nan,nan,nan,nan,nan,nan
1753091937.8149164,nan,nan,nan,nan,nan,nan,nan,nan,nan,nan,nan,nan
1753091937.8479164,nan,nan,nan,nan,nan,nan,nan,nan,nan,nan,nan,nan
1753091937.8834536,nan,nan,nan,nan,nan,nan,nan,nan,nan,nan,nan,nan
1753091937.915453,nan,nan,nan,nan,nan,nan,nan,nan,nan,nan,nan,nan
1753091937.9494524,nan,nan,nan,nan,nan,nan,nan,nan,nan,nan,nan,nan
1753091937.9820018,nan,nan,nan,nan,nan,nan,nan,nan,nan,nan,nan,nan
1753091938.0150056,nan,nan,nan,nan,nan,nan,nan,nan,nan,nan,nan,nan
1753091938.048005,nan,nan,nan,nan,nan,nan,nan,nan,nan,nan,nan,nan
1753091938.0825222,nan,nan,nan,nan,nan,nan,nan,nan,nan,nan,nan,nan
1753091938.1195185,nan,nan,nan,nan,nan,nan,nan,nan,nan,nan,nan,nan
1753091938.1525204,nan,nan,nan,nan,nan,nan,nan,nan,nan,nan,nan,nan
1753091938.1870441,nan,nan,nan,nan,nan,nan,nan,nan,nan,nan,nan,nan
1753091938.221047,nan,nan,nan,nan,nan,nan,nan,nan,nan,nan,nan,nan
1753091938.2550538,nan,nan,nan,nan,nan,nan,nan,nan,nan,nan,nan,nan
1753091938.292583,nan,nan,nan,nan,nan,nan,nan,nan,nan,nan,nan,nan
1753091938.3305845,nan,nan,nan,nan,nan,nan,nan,nan,nan,nan,nan,nan
1753091938.3705866,nan,nan,nan,nan,nan,nan,nan,nan,nan,nan,nan,nan
1753091938.4101064,nan,nan,nan,nan,nan,nan,nan,nan,nan,nan,nan,nan
1753091938.4471087,nan,nan,nan,nan,nan,nan,nan,nan,nan,nan,nan,nan
1753091938.4836428,nan,nan,nan,nan,nan,nan,nan,nan,nan,nan,nan,nan
1753091938.5176466,nan,nan,nan,nan,nan,nan,nan,nan,nan,nan,nan,nan
1753091938.551642,nan,nan,nan,nan,nan,nan,nan,nan,nan,nan,nan,nan
1753091938.5891805,nan,nan,nan,nan,nan,nan,nan,nan,nan,nan,nan,nan
1753091938.624182,nan,nan,nan,nan,nan,nan,nan,nan,nan,nan,nan,nan
1753091938.6571808,nan,nan,nan,nan,nan,nan,nan,nan,nan,nan,nan,nan
1753091938.6897066,nan,nan,nan,nan,nan,nan,nan,nan,nan,nan,nan,nan
1753091938.7237046,nan,nan,nan,nan,nan,nan,nan,nan,nan,nan,nan,nan
1753091938.757704,nan,nan,nan,nan,nan,nan,nan,nan,nan,nan,nan,nan
1753091938.792233,nan,nan,nan,nan,nan,nan,nan,nan,nan,nan,nan,nan
1753091938.8292344,nan,nan,nan,nan,nan,nan,nan,nan,nan,nan,nan,nan
1753091938.8622406,nan,nan,nan,nan,nan,nan,nan,nan,nan,nan,nan,nan
1753091938.8957562,nan,nan,nan,nan,nan,nan,nan,nan,nan,nan,nan,nan
1753091938.931755,nan,nan,nan,nan,nan,nan,nan,nan,nan,nan,nan,nan
1753091938.9647691,nan,nan,nan,nan,nan,nan,nan,nan,nan,nan,nan,nan
1753091939.0003197,nan,nan,nan,nan,nan,nan,nan,nan,nan,nan,nan,nan
1753091939.0323205,nan,nan,nan,nan,nan,nan,nan,nan,nan,nan,nan,nan
1753091939.069324,nan,nan,nan,nan,nan,nan,nan,nan,nan,nan,nan,nan
1753091939.1028535,nan,nan,nan,nan,nan,nan,nan,nan,nan,nan,nan,nan
1753091939.1378536,nan,nan,nan,nan,nan,nan,nan,nan,nan,nan,nan,nan
1753091939.1698742,nan,nan,nan,nan,nan,nan,nan,nan,nan,nan,nan,nan
1753091939.2034187,nan,nan,nan,nan,nan,nan,nan,nan,nan,nan,nan,nan
1753091939.2384214,nan,nan,nan,nan,nan,nan,nan,nan,nan,nan,nan,nan
1753091939.2714303,nan,nan,nan,nan,nan,nan,nan,nan,nan,nan,nan,nan
1753091939.304946,nan,nan,nan,nan,nan,nan,nan,nan,nan,nan,nan,nan
1753091939.337946,nan,nan,nan,nan,nan,nan,nan,nan,nan,nan,nan,nan
1753091939.3729484,nan,nan,nan,nan,nan,nan,nan,nan,nan,nan,nan,nan
1753091939.407465,nan,nan,nan,nan,nan,nan,nan,nan,nan,nan,nan,nan
1753091939.4414656,nan,nan,nan,nan,nan,nan,nan,nan,nan,nan,nan,nan
1753091939.4744914,nan,nan,nan,nan,nan,nan,nan,nan,nan,nan,nan,nan
1753091939.5080225,nan,nan,nan,nan,nan,nan,nan,nan,nan,nan,nan,nan
1753091939.5400147,nan,nan,nan,nan,nan,nan,nan,nan,nan,nan,nan,nan
1753091939.57303,nan,nan,nan,nan,nan,nan,nan,nan,nan,nan,nan,nan
1753091939.6095643,nan,nan,nan,nan,nan,nan,nan,nan,nan,nan,nan,nan
1753091939.6465666,nan,nan,nan,nan,nan,nan,nan,nan,nan,nan,nan,nan
1753091939.680091,nan,nan,nan,nan,nan,nan,nan,nan,nan,nan,nan,nan
1753091939.7140884,nan,nan,nan,nan,nan,nan,nan,nan,nan,nan,nan,nan
1753091939.7480927,nan,nan,nan,nan,nan,nan,nan,nan,nan,nan,nan,nan
1753091939.78161,nan,nan,nan,nan,nan,nan,nan,nan,nan,nan,nan,nan
1753091939.814612,nan,nan,nan,nan,nan,nan,nan,nan,nan,nan,nan,nan
1753091939.8496084,nan,nan,nan,nan,nan,nan,nan,nan,nan,nan,nan,nan
1753091939.888144,nan,nan,nan,nan,nan,nan,nan,nan,nan,nan,nan,nan
1753091939.923147,nan,nan,nan,nan,nan,nan,nan,nan,nan,nan,nan,nan
1753091939.9601455,nan,nan,nan,nan,nan,nan,nan,nan,nan,nan,nan,nan
1753091939.9967244,nan,nan,nan,nan,nan,nan,nan,nan,nan,nan,nan,nan
1753091940.033726,nan,nan,nan,nan,nan,nan,nan,nan,nan,nan,nan,nan
1753091940.0697367,nan,nan,nan,nan,nan,nan,nan,nan,nan,nan,nan,nan
1753091940.1032786,nan,nan,nan,nan,nan,nan,nan,nan,nan,nan,nan,nan
1753091940.1402793,nan,nan,nan,nan,nan,nan,nan,nan,nan,nan,nan,nan
1753091940.1752887,nan,nan,nan,nan,nan,nan,nan,nan,nan,nan,nan,nan
1753091940.2118294,nan,nan,nan,nan,nan,nan,nan,nan,nan,nan,nan,nan
1753091940.2448304,nan,nan,nan,nan,nan,nan,nan,nan,nan,nan,nan,nan
1753091940.277843,nan,nan,nan,nan,nan,nan,nan,nan,nan,nan,nan,nan
1753091940.312366,nan,nan,nan,nan,nan,nan,nan,nan,nan,nan,nan,nan
1753091940.348359,nan,nan,nan,nan,nan,nan,nan,nan,nan,nan,nan,nan
1753091940.3808918,nan,nan,nan,nan,nan,nan,nan,nan,nan,nan,nan,nan
1753091940.4178948,nan,nan,nan,nan,nan,nan,nan,nan,nan,nan,nan,nan
1753091940.4498904,nan,nan,nan,nan,nan,nan,nan,nan,nan,nan,nan,nan
1753091940.4844067,nan,nan,nan,nan,nan,nan,nan,nan,nan,nan,nan,nan
1753091940.5184073,nan,nan,nan,nan,nan,nan,nan,nan,nan,nan,nan,nan
1753091940.55141,nan,nan,nan,nan,nan,nan,nan,nan,nan,nan,nan,nan
1753091940.5829363,nan,nan,nan,nan,nan,nan,nan,nan,nan,nan,nan,nan
1753091940.6169343,nan,nan,nan,nan,nan,nan,nan,nan,nan,nan,nan,nan
1753091940.6529286,nan,nan,nan,nan,nan,nan,nan,nan,nan,nan,nan,nan
1753091940.6894562,nan,nan,nan,nan,nan,nan,nan,nan,nan,nan,nan,nan
1753091940.7254605,nan,nan,nan,nan,nan,nan,nan,nan,nan,nan,nan,nan
1753091940.7594562,nan,nan,nan,nan,nan,nan,nan,nan,nan,nan,nan,nan
1753091940.7949796,nan,nan,nan,nan,nan,nan,nan,nan,nan,nan,nan,nan
1753091940.8269835,nan,nan,nan,nan,nan,nan,nan,nan,nan,nan,nan,nan
1753091940.859982,nan,nan,nan,nan,nan,nan,nan,nan,nan,nan,nan,nan
1753091940.8935194,nan,nan,nan,nan,nan,nan,nan,nan,nan,nan,nan,nan
1753091940.926525,nan,nan,nan,nan,nan,nan,nan,nan,nan,nan,nan,nan
1753091940.9615202,nan,nan,nan,nan,nan,nan,nan,nan,nan,nan,nan,nan
1753091940.9940526,nan,nan,nan,nan,nan,nan,nan,nan,nan,nan,nan,nan
1753091941.0290527,nan,nan,nan,nan,nan,nan,nan,nan,nan,nan,nan,nan
1753091941.0640495,nan,nan,nan,nan,nan,nan,nan,nan,nan,nan,nan,nan
1753091941.0966194,nan,nan,nan,nan,nan,nan,nan,nan,nan,nan,nan,nan
1753091941.1316237,nan,nan,nan,nan,nan,nan,nan,nan,nan,nan,nan,nan
1753091941.1656322,nan,nan,nan,nan,nan,nan,nan,nan,nan,nan,nan,nan
1753091941.2021773,nan,nan,nan,nan,nan,nan,nan,nan,nan,nan,nan,nan
1753091941.235174,nan,nan,nan,nan,nan,nan,nan,nan,nan,nan,nan,nan
1753091941.2671866,nan,nan,nan,nan,nan,nan,nan,nan,nan,nan,nan,nan
1753091941.3007026,nan,nan,nan,nan,nan,nan,nan,nan,nan,nan,nan,nan
1753091941.333704,nan,nan,nan,nan,nan,nan,nan,nan,nan,nan,nan,nan
1753091941.3667321,nan,nan,nan,nan,nan,nan,nan,nan,nan,nan,nan,nan
1753091941.4002476,nan,nan,nan,nan,nan,nan,nan,nan,nan,nan,nan,nan
1753091941.4352477,nan,nan,nan,nan,nan,nan,nan,nan,nan,nan,nan,nan
1753091941.4692607,nan,nan,nan,nan,nan,nan,nan,nan,nan,nan,nan,nan
1753091941.5027776,nan,nan,nan,nan,nan,nan,nan,nan,nan,nan,nan,nan
1753091941.5403075,nan,nan,nan,nan,nan,nan,nan,nan,nan,nan,nan,nan
1753091941.5743172,nan,nan,nan,nan,nan,nan,nan,nan,nan,nan,nan,nan
1753091941.6098392,nan,nan,nan,nan,nan,nan,nan,nan,nan,nan,nan,nan
1753091941.6448383,nan,nan,nan,nan,nan,nan,nan,nan,nan,nan,nan,nan
1753091941.6788595,nan,nan,nan,nan,nan,nan,nan,nan,nan,nan,nan,nan
1753091941.7123973,nan,nan,nan,nan,nan,nan,nan,nan,nan,nan,nan,nan
1753091941.7533994,nan,nan,nan,nan,nan,nan,nan,nan,nan,nan,nan,nan
1753091941.7939398,nan,nan,nan,nan,nan,nan,nan,nan,nan,nan,nan,nan
1753091941.8309393,nan,nan,nan,nan,nan,nan,nan,nan,nan,nan,nan,nan
1753091941.869952,nan,nan,nan,nan,nan,nan,nan,nan,nan,nan,nan,nan
1753091941.9064715,nan,nan,nan,nan,nan,nan,nan,nan,nan,nan,nan,nan
1753091941.9394734,nan,nan,nan,nan,nan,nan,nan,nan,nan,nan,nan,nan
1753091941.9714859,nan,nan,nan,nan,nan,nan,nan,nan,nan,nan,nan,nan
1753091942.0079966,nan,nan,nan,nan,nan,nan,nan,nan,nan,nan,nan,nan
1753091942.0399983,nan,nan,nan,nan,nan,nan,nan,nan,nan,nan,nan,nan
1753091942.0720155,nan,nan,nan,nan,nan,nan,nan,nan,nan,nan,nan,nan
1753091942.10454,nan,nan,nan,nan,nan,nan,nan,nan,nan,nan,nan,nan
1753091942.1425354,nan,nan,nan,nan,nan,nan,nan,nan,nan,nan,nan,nan
1753091942.175542,nan,nan,nan,nan,nan,nan,nan,nan,nan,nan,nan,nan
1753091942.209075,nan,nan,nan,nan,nan,nan,nan,nan,nan,nan,nan,nan
1753091942.2450745,nan,nan,nan,nan,nan,nan,nan,nan,nan,nan,nan,nan
1753091942.2832844,nan,nan,nan,nan,nan,nan,nan,nan,nan,nan,nan,nan
1753091942.3182797,nan,nan,nan,nan,nan,nan,nan,nan,nan,nan,nan,nan
1753091942.3522801,nan,nan,nan,nan,nan,nan,nan,nan,nan,nan,nan,nan
1753091942.38683,nan,nan,nan,nan,nan,nan,nan,nan,nan,nan,nan,nan
1753091942.4208302,nan,nan,nan,nan,nan,nan,nan,nan,nan,nan,nan,nan
1753091942.4578316,nan,nan,nan,nan,nan,nan,nan,nan,nan,nan,nan,nan
1753091942.4903471,nan,nan,nan,nan,nan,nan,nan,nan,nan,nan,nan,nan
1753091942.5233493,nan,nan,nan,nan,nan,nan,nan,nan,nan,nan,nan,nan
1753091942.5543494,nan,nan,nan,nan,nan,nan,nan,nan,nan,nan,nan,nan
1753091942.5879028,nan,nan,nan,nan,nan,nan,nan,nan,nan,nan,nan,nan
1753091942.6219072,nan,nan,nan,nan,nan,nan,nan,nan,nan,nan,nan,nan
1753091942.6569023,nan,nan,nan,nan,nan,nan,nan,nan,nan,nan,nan,nan
1753091942.6894457,nan,nan,nan,nan,nan,nan,nan,nan,nan,nan,nan,nan
1753091942.722448,nan,nan,nan,nan,nan,nan,nan,nan,nan,nan,nan,nan
1753091942.7564447,nan,nan,nan,nan,nan,nan,nan,nan,nan,nan,nan,nan
1753091942.7899637,nan,nan,nan,nan,nan,nan,nan,nan,nan,nan,nan,nan
1753091942.824966,nan,nan,nan,nan,nan,nan,nan,nan,nan,nan,nan,nan
1753091942.8599677,nan,nan,nan,nan,nan,nan,nan,nan,nan,nan,nan,nan
1753091942.8934872,nan,nan,nan,nan,nan,nan,nan,nan,nan,nan,nan,nan
1753091942.928488,nan,nan,nan,nan,nan,nan,nan,nan,nan,nan,nan,nan
1753091942.9624863,nan,nan,nan,nan,nan,nan,nan,nan,nan,nan,nan,nan
1753091942.994023,nan,nan,nan,nan,nan,nan,nan,nan,nan,nan,nan,nan
1753091943.0280254,nan,nan,nan,nan,nan,nan,nan,nan,nan,nan,nan,nan
1753091943.0670173,nan,nan,nan,nan,nan,nan,nan,nan,nan,nan,nan,nan
1753091943.104539,nan,nan,nan,nan,nan,nan,nan,nan,nan,nan,nan,nan
1753091943.142538,nan,nan,nan,nan,nan,nan,nan,nan,nan,nan,nan,nan
1753091943.1765509,nan,nan,nan,nan,nan,nan,nan,nan,nan,nan,nan,nan
1753091943.2110734,nan,nan,nan,nan,nan,nan,nan,nan,nan,nan,nan,nan
1753091943.2440727,nan,nan,nan,nan,nan,nan,nan,nan,nan,nan,nan,nan
1753091943.2780788,nan,nan,nan,nan,nan,nan,nan,nan,nan,nan,nan,nan
1753091943.3135996,nan,nan,nan,nan,nan,nan,nan,nan,nan,nan,nan,nan
1753091943.3476026,nan,nan,nan,nan,nan,nan,nan,nan,nan,nan,nan,nan
1753091943.3806055,nan,nan,nan,nan,nan,nan,nan,nan,nan,nan,nan,nan
1753091943.4141486,nan,nan,nan,nan,nan,nan,nan,nan,nan,nan,nan,nan
1753091943.4471488,nan,nan,nan,nan,nan,nan,nan,nan,nan,nan,nan,nan
1753091943.482663,nan,nan,nan,nan,nan,nan,nan,nan,nan,nan,nan,nan
1753091943.5176725,nan,nan,nan,nan,nan,nan,nan,nan,nan,nan,nan,nan
1753091943.5536764,nan,nan,nan,nan,nan,nan,nan,nan,nan,nan,nan,nan
1753091943.5881925,nan,nan,nan,nan,nan,nan,nan,nan,nan,nan,nan,nan
1753091943.6221929,nan,nan,nan,nan,nan,nan,nan,nan,nan,nan,nan,nan
1753091943.6581933,nan,nan,nan,nan,nan,nan,nan,nan,nan,nan,nan,nan
1753091943.6917107,nan,nan,nan,nan,nan,nan,nan,nan,nan,nan,nan,nan
1753091943.7267132,nan,nan,nan,nan,nan,nan,nan,nan,nan,nan,nan,nan
1753091943.7637131,nan,nan,nan,nan,nan,nan,nan,nan,nan,nan,nan,nan
1753091943.79925,nan,nan,nan,nan,nan,nan,nan,nan,nan,nan,nan,nan
1753091943.834253,nan,nan,nan,nan,nan,nan,nan,nan,nan,nan,nan,nan
1753091943.871259,nan,nan,nan,nan,nan,nan,nan,nan,nan,nan,nan,nan
1753091943.9057717,nan,nan,nan,nan,nan,nan,nan,nan,nan,nan,nan,nan
1753091943.9397714,nan,nan,nan,nan,nan,nan,nan,nan,nan,nan,nan,nan
1753091943.9727862,nan,nan,nan,nan,nan,nan,nan,nan,nan,nan,nan,nan
1753091944.0043032,nan,nan,nan,nan,nan,nan,nan,nan,nan,nan,nan,nan
1753091944.0393038,nan,nan,nan,nan,nan,nan,nan,nan,nan,nan,nan,nan
1753091944.0723162,nan,nan,nan,nan,nan,nan,nan,nan,nan,nan,nan,nan
1753091944.1058285,nan,nan,nan,nan,nan,nan,nan,nan,nan,nan,nan,nan
1753091944.1438284,nan,nan,nan,nan,nan,nan,nan,nan,nan,nan,nan,nan
1753091944.1798322,nan,nan,nan,nan,nan,nan,nan,nan,nan,nan,nan,nan
1753091944.214258,nan,nan,nan,nan,nan,nan,nan,nan,nan,nan,nan,nan
1753091944.250267,nan,nan,nan,nan,nan,nan,nan,nan,nan,nan,nan,nan
1753091944.2847803,nan,nan,nan,nan,nan,nan,nan,nan,nan,nan,nan,nan
1753091944.31878,nan,nan,nan,nan,nan,nan,nan,nan,nan,nan,nan,nan
1753091944.355783,nan,nan,nan,nan,nan,nan,nan,nan,nan,nan,nan,nan
1753091944.3983154,nan,nan,nan,nan,nan,nan,nan,nan,nan,nan,nan,nan
1753091944.433314,nan,nan,nan,nan,nan,nan,nan,nan,nan,nan,nan,nan
1753091944.4663162,nan,nan,nan,nan,nan,nan,nan,nan,nan,nan,nan,nan
1753091944.49984,nan,nan,nan,nan,nan,nan,nan,nan,nan,nan,nan,nan
1753091944.5368402,nan,nan,nan,nan,nan,nan,nan,nan,nan,nan,nan,nan
1753091944.5708468,nan,nan,nan,nan,nan,nan,nan,nan,nan,nan,nan,nan
1753091944.6033552,nan,nan,nan,nan,nan,nan,nan,nan,nan,nan,nan,nan
1753091944.6373594,nan,nan,nan,nan,nan,nan,nan,nan,nan,nan,nan,nan
1753091944.673382,nan,nan,nan,nan,nan,nan,nan,nan,nan,nan,nan,nan
1753091944.7119017,nan,nan,nan,nan,nan,nan,nan,nan,nan,nan,nan,nan
1753091944.7488978,nan,nan,nan,nan,nan,nan,nan,nan,nan,nan,nan,nan
1753091944.7828996,nan,nan,nan,nan,nan,nan,nan,nan,nan,nan,nan,nan
1753091944.816423,nan,nan,nan,nan,nan,nan,nan,nan,nan,nan,nan,nan
1753091944.8514235,nan,nan,nan,nan,nan,nan,nan,nan,nan,nan,nan,nan
1753091944.8859506,nan,nan,nan,nan,nan,nan,nan,nan,nan,nan,nan,nan
1753091944.9209483,nan,nan,nan,nan,nan,nan,nan,nan,nan,nan,nan,nan
1753091944.9559498,nan,nan,nan,nan,nan,nan,nan,nan,nan,nan,nan,nan
1753091944.9884686,nan,nan,nan,nan,nan,nan,nan,nan,nan,nan,nan,nan
1753091945.0234644,nan,nan,nan,nan,nan,nan,nan,nan,nan,nan,nan,nan
1753091945.0554714,nan,nan,nan,nan,nan,nan,nan,nan,nan,nan,nan,nan
1753091945.088014,nan,nan,nan,nan,nan,nan,nan,nan,nan,nan,nan,nan
1753091945.1240358,nan,nan,nan,nan,nan,nan,nan,nan,nan,nan,nan,nan
1753091945.160091,nan,nan,nan,nan,nan,nan,nan,nan,nan,nan,nan,nan
1753091945.1976361,nan,nan,nan,nan,nan,nan,nan,nan,nan,nan,nan,nan
1753091945.2306373,nan,nan,nan,nan,nan,nan,nan,nan,nan,nan,nan,nan
1753091945.263637,nan,nan,nan,nan,nan,nan,nan,nan,nan,nan,nan,nan
1753091945.2991607,nan,nan,nan,nan,nan,nan,nan,nan,nan,nan,nan,nan
1753091945.3341596,nan,nan,nan,nan,nan,nan,nan,nan,nan,nan,nan,nan
1753091945.3681633,nan,nan,nan,nan,nan,nan,nan,nan,nan,nan,nan,nan
1753091945.4026906,nan,nan,nan,nan,nan,nan,nan,nan,nan,nan,nan,nan
1753091945.4376922,nan,nan,nan,nan,nan,nan,nan,nan,nan,nan,nan,nan
1753091945.4757104,nan,nan,nan,nan,nan,nan,nan,nan,nan,nan,nan,nan
1753091945.5192409,nan,nan,nan,nan,nan,nan,nan,nan,nan,nan,nan,nan
1753091945.5592427,nan,nan,nan,nan,nan,nan,nan,nan,nan,nan,nan,nan
1753091945.5975811,nan,nan,nan,nan,nan,nan,nan,nan,nan,nan,nan,nan
1753091945.6355767,nan,nan,nan,nan,nan,nan,nan,nan,nan,nan,nan,nan
1753091945.671601,nan,nan,nan,nan,nan,nan,nan,nan,nan,nan,nan,nan
1753091945.7051117,nan,nan,nan,nan,nan,nan,nan,nan,nan,nan,nan,nan
1753091945.7381124,nan,nan,nan,nan,nan,nan,nan,nan,nan,nan,nan,nan
1753091945.7731369,nan,nan,nan,nan,nan,nan,nan,nan,nan,nan,nan,nan
1753091945.8066487,nan,nan,nan,nan,nan,nan,nan,nan,nan,nan,nan,nan
1753091945.8406544,nan,nan,nan,nan,nan,nan,nan,nan,nan,nan,nan,nan
1753091945.8746662,nan,nan,nan,nan,nan,nan,nan,nan,nan,nan,nan,nan
1753091945.9121864,nan,nan,nan,nan,nan,nan,nan,nan,nan,nan,nan,nan
1753091945.9451845,nan,nan,nan,nan,nan,nan,nan,nan,nan,nan,nan,nan
1753091945.983195,nan,nan,nan,nan,nan,nan,nan,nan,nan,nan,nan,nan
1753091946.0167217,nan,nan,nan,nan,nan,nan,nan,nan,nan,nan,nan,nan
1753091946.0507176,nan,nan,nan,nan,nan,nan,nan,nan,nan,nan,nan,nan
1753091946.0817275,nan,nan,nan,nan,nan,nan,nan,nan,nan,nan,nan,nan
1753091946.115253,nan,nan,nan,nan,nan,nan,nan,nan,nan,nan,nan,nan
1753091946.1492538,nan,nan,nan,nan,nan,nan,nan,nan,nan,nan,nan,nan
1753091946.18226,nan,nan,nan,nan,nan,nan,nan,nan,nan,nan,nan,nan
1753091946.2177875,nan,nan,nan,nan,nan,nan,nan,nan,nan,nan,nan,nan
1753091946.2507818,nan,nan,nan,nan,nan,nan,nan,nan,nan,nan,nan,nan
1753091946.2843163,nan,nan,nan,nan,nan,nan,nan,nan,nan,nan,nan,nan
1753091946.3183105,nan,nan,nan,nan,nan,nan,nan,nan,nan,nan,nan,nan
1753091946.351308,nan,nan,nan,nan,nan,nan,nan,nan,nan,nan,nan,nan
1753091946.3858366,nan,nan,nan,nan,nan,nan,nan,nan,nan,nan,nan,nan
1753091946.4188352,nan,nan,nan,nan,nan,nan,nan,nan,nan,nan,nan,nan
1753091946.4538343,nan,nan,nan,nan,nan,nan,nan,nan,nan,nan,nan,nan
1753091946.4883614,nan,nan,nan,nan,nan,nan,nan,nan,nan,nan,nan,nan
1753091946.5233614,nan,nan,nan,nan,nan,nan,nan,nan,nan,nan,nan,nan
1753091946.5583615,nan,nan,nan,nan,nan,nan,nan,nan,nan,nan,nan,nan
1753091946.59189,nan,nan,nan,nan,nan,nan,nan,nan,nan,nan,nan,nan
1753091946.6238885,nan,nan,nan,nan,nan,nan,nan,nan,nan,nan,nan,nan
1753091946.657888,nan,nan,nan,nan,nan,nan,nan,nan,nan,nan,nan,nan
1753091946.695423,nan,nan,nan,nan,nan,nan,nan,nan,nan,nan,nan,nan
1753091946.7284243,nan,nan,nan,nan,nan,nan,nan,nan,nan,nan,nan,nan
1753091946.7614233,nan,nan,nan,nan,nan,nan,nan,nan,nan,nan,nan,nan
1753091946.793951,nan,nan,nan,nan,nan,nan,nan,nan,nan,nan,nan,nan
1753091946.8269525,nan,nan,nan,nan,nan,nan,nan,nan,nan,nan,nan,nan
1753091946.8589532,nan,nan,nan,nan,nan,nan,nan,nan,nan,nan,nan,nan
1753091946.891489,nan,nan,nan,nan,nan,nan,nan,nan,nan,nan,nan,nan
1753091946.9234908,nan,nan,nan,nan,nan,nan,nan,nan,nan,nan,nan,nan
1753091946.9584913,nan,nan,nan,nan,nan,nan,nan,nan,nan,nan,nan,nan
1753091946.993014,nan,nan,nan,nan,nan,nan,nan,nan,nan,nan,nan,nan
1753091947.029015,nan,nan,nan,nan,nan,nan,nan,nan,nan,nan,nan,nan
1753091947.065012,nan,nan,nan,nan,nan,nan,nan,nan,nan,nan,nan,nan
1753091947.0975323,nan,nan,nan,nan,nan,nan,nan,nan,nan,nan,nan,nan
1753091947.1305354,nan,nan,nan,nan,nan,nan,nan,nan,nan,nan,nan,nan
1753091947.162536,nan,nan,nan,nan,nan,nan,nan,nan,nan,nan,nan,nan
1753091947.19707,nan,nan,nan,nan,nan,nan,nan,nan,nan,nan,nan,nan
1753091947.23207,nan,nan,nan,nan,nan,nan,nan,nan,nan,nan,nan,nan
1753091947.2640693,nan,nan,nan,nan,nan,nan,nan,nan,nan,nan,nan,nan
1753091947.2966013,nan,nan,nan,nan,nan,nan,nan,nan,nan,nan,nan,nan
1753091947.3285997,nan,nan,nan,nan,nan,nan,nan,nan,nan,nan,nan,nan
1753091947.3616054,nan,nan,nan,nan,nan,nan,nan,nan,nan,nan,nan,nan
1753091947.3951242,nan,nan,nan,nan,nan,nan,nan,nan,nan,nan,nan,nan
1753091947.4301298,nan,nan,nan,nan,nan,nan,nan,nan,nan,nan,nan,nan
1753091947.4621243,nan,nan,nan,nan,nan,nan,nan,nan,nan,nan,nan,nan
1753091947.4946642,nan,nan,nan,nan,nan,nan,nan,nan,nan,nan,nan,nan
1753091947.5296612,nan,nan,nan,nan,nan,nan,nan,nan,nan,nan,nan,nan
1753091947.564663,nan,nan,nan,nan,nan,nan,nan,nan,nan,nan,nan,nan
1753091947.6011875,nan,nan,nan,nan,nan,nan,nan,nan,nan,nan,nan,nan
1753091947.6371872,nan,nan,nan,nan,nan,nan,nan,nan,nan,nan,nan,nan
1753091947.669186,nan,nan,nan,nan,nan,nan,nan,nan,nan,nan,nan,nan
1753091947.7057154,nan,nan,nan,nan,nan,nan,nan,nan,nan,nan,nan,nan
1753091947.7407174,nan,nan,nan,nan,nan,nan,nan,nan,nan,nan,nan,nan
1753091947.7737195,nan,nan,nan,nan,nan,nan,nan,nan,nan,nan,nan,nan
1753091947.806846,nan,nan,nan,nan,nan,nan,nan,nan,nan,nan,nan,nan
1753091947.841848,nan,nan,nan,nan,nan,nan,nan,nan,nan,nan,nan,nan
1753091947.8778508,nan,nan,nan,nan,nan,nan,nan,nan,nan,nan,nan,nan
1753091947.911114,nan,nan,nan,nan,nan,nan,nan,nan,nan,nan,nan,nan
1753091947.9451053,nan,nan,nan,nan,nan,nan,nan,nan,nan,nan,nan,nan
1753091947.9791088,nan,nan,nan,nan,nan,nan,nan,nan,nan,nan,nan,nan
1753091948.0126224,nan,nan,nan,nan,nan,nan,nan,nan,nan,nan,nan,nan
1753091948.050623,nan,nan,nan,nan,nan,nan,nan,nan,nan,nan,nan,nan
1753091948.0836298,nan,nan,nan,nan,nan,nan,nan,nan,nan,nan,nan,nan
1753091948.1231482,nan,nan,nan,nan,nan,nan,nan,nan,nan,nan,nan,nan
1753091948.1571486,nan,nan,nan,nan,nan,nan,nan,nan,nan,nan,nan,nan
1753091948.1926823,nan,nan,nan,nan,nan,nan,nan,nan,nan,nan,nan,nan
1753091948.2276866,nan,nan,nan,nan,nan,nan,nan,nan,nan,nan,nan,nan
1753091948.2606878,nan,nan,nan,nan,nan,nan,nan,nan,nan,nan,nan,nan
1753091948.294205,nan,nan,nan,nan,nan,nan,nan,nan,nan,nan,nan,nan
1753091948.3352065,nan,nan,nan,nan,nan,nan,nan,nan,nan,nan,nan,nan
1753091948.3682065,nan,nan,nan,nan,nan,nan,nan,nan,nan,nan,nan,nan
1753091948.4015067,nan,nan,nan,nan,nan,nan,nan,nan,nan,nan,nan,nan
1753091948.4345062,nan,nan,nan,nan,nan,nan,nan,nan,nan,nan,nan,nan
1753091948.468507,nan,nan,nan,nan,nan,nan,nan,nan,nan,nan,nan,nan
1753091948.5026999,nan,nan,nan,nan,nan,nan,nan,nan,nan,nan,nan,nan
1753091948.5367026,nan,nan,nan,nan,nan,nan,nan,nan,nan,nan,nan,nan
1753091948.5717113,nan,nan,nan,nan,nan,nan,nan,nan,nan,nan,nan,nan
1753091948.605221,nan,nan,nan,nan,nan,nan,nan,nan,nan,nan,nan,nan
1753091948.6372197,nan,nan,nan,nan,nan,nan,nan,nan,nan,nan,nan,nan
1753091948.6722338,nan,nan,nan,nan,nan,nan,nan,nan,nan,nan,nan,nan
1753091948.7077403,nan,nan,nan,nan,nan,nan,nan,nan,nan,nan,nan,nan
1753091948.741742,nan,nan,nan,nan,nan,nan,nan,nan,nan,nan,nan,nan
1753091948.7737458,nan,nan,nan,nan,nan,nan,nan,nan,nan,nan,nan,nan
1753091948.809258,nan,nan,nan,nan,nan,nan,nan,nan,nan,nan,nan,nan
1753091948.8462574,nan,nan,nan,nan,nan,nan,nan,nan,nan,nan,nan,nan
1753091948.880265,nan,nan,nan,nan,nan,nan,nan,nan,nan,nan,nan,nan
1753091948.9137902,nan,nan,nan,nan,nan,nan,nan,nan,nan,nan,nan,nan
1753091948.9467957,nan,nan,nan,nan,nan,nan,nan,nan,nan,nan,nan,nan
1753091948.9797957,nan,nan,nan,nan,nan,nan,nan,nan,nan,nan,nan,nan
1753091949.012306,nan,nan,nan,nan,nan,nan,nan,nan,nan,nan,nan,nan
1753091949.0463064,nan,nan,nan,nan,nan,nan,nan,nan,nan,nan,nan,nan
1753091949.0783186,nan,nan,nan,nan,nan,nan,nan,nan,nan,nan,nan,nan
1753091949.113832,nan,nan,nan,nan,nan,nan,nan,nan,nan,nan,nan,nan
1753091949.149829,nan,nan,nan,nan,nan,nan,nan,nan,nan,nan,nan,nan
1753091949.1848383,nan,nan,nan,nan,nan,nan,nan,nan,nan,nan,nan,nan
1753091949.2193675,nan,nan,nan,nan,nan,nan,nan,nan,nan,nan,nan,nan
1753091949.2553608,nan,nan,nan,nan,nan,nan,nan,nan,nan,nan,nan,nan
1753091949.2878807,nan,nan,nan,nan,nan,nan,nan,nan,nan,nan,nan,nan
1753091949.323878,nan,nan,nan,nan,nan,nan,nan,nan,nan,nan,nan,nan
1753091949.3568823,nan,nan,nan,nan,nan,nan,nan,nan,nan,nan,nan,nan
1753091949.3893938,nan,nan,nan,nan,nan,nan,nan,nan,nan,nan,nan,nan
1753091949.4243982,nan,nan,nan,nan,nan,nan,nan,nan,nan,nan,nan,nan
1753091949.4573965,nan,nan,nan,nan,nan,nan,nan,nan,nan,nan,nan,nan
1753091949.4899173,nan,nan,nan,nan,nan,nan,nan,nan,nan,nan,nan,nan
1753091949.5269194,nan,nan,nan,nan,nan,nan,nan,nan,nan,nan,nan,nan
1753091949.566917,nan,nan,nan,nan,nan,nan,nan,nan,nan,nan,nan,nan
1753091949.60844,nan,nan,nan,nan,nan,nan,nan,nan,nan,nan,nan,nan
1753091949.645439,nan,nan,nan,nan,nan,nan,nan,nan,nan,nan,nan,nan
1753091949.6804411,nan,nan,nan,nan,nan,nan,nan,nan,nan,nan,nan,nan
1753091949.714962,nan,nan,nan,nan,nan,nan,nan,nan,nan,nan,nan,nan
1753091949.747961,nan,nan,nan,nan,nan,nan,nan,nan,nan,nan,nan,nan
1753091949.7809708,nan,nan,nan,nan,nan,nan,nan,nan,nan,nan,nan,nan
1753091949.8154855,nan,nan,nan,nan,nan,nan,nan,nan,nan,nan,nan,nan
1753091949.8484857,nan,nan,nan,nan,nan,nan,nan,nan,nan,nan,nan,nan
1753091949.8814924,nan,nan,nan,nan,nan,nan,nan,nan,nan,nan,nan,nan
1753091949.9159977,nan,nan,nan,nan,nan,nan,nan,nan,nan,nan,nan,nan
1753091949.9489985,nan,nan,nan,nan,nan,nan,nan,nan,nan,nan,nan,nan
1753091949.9830093,nan,nan,nan,nan,nan,nan,nan,nan,nan,nan,nan,nan
1753091950.0175147,nan,nan,nan,nan,nan,nan,nan,nan,nan,nan,nan,nan
1753091950.049516,nan,nan,nan,nan,nan,nan,nan,nan,nan,nan,nan,nan
1753091950.083519,nan,nan,nan,nan,nan,nan,nan,nan,nan,nan,nan,nan
1753091950.1170323,nan,nan,nan,nan,nan,nan,nan,nan,nan,nan,nan,nan
1753091950.150034,nan,nan,nan,nan,nan,nan,nan,nan,nan,nan,nan,nan
1753091950.1840413,nan,nan,nan,nan,nan,nan,nan,nan,nan,nan,nan,nan
1753091950.2194161,nan,nan,nan,nan,nan,nan,nan,nan,nan,nan,nan,nan
1753091950.2564173,nan,nan,nan,nan,nan,nan,nan,nan,nan,nan,nan,nan
1753091950.2925062,nan,nan,nan,nan,nan,nan,nan,nan,nan,nan,nan,nan
1753091950.3255055,nan,nan,nan,nan,nan,nan,nan,nan,nan,nan,nan,nan
1753091950.3625076,nan,nan,nan,nan,nan,nan,nan,nan,nan,nan,nan,nan
1753091950.3966722,nan,nan,nan,nan,nan,nan,nan,nan,nan,nan,nan,nan
1753091950.430672,nan,nan,nan,nan,nan,nan,nan,nan,nan,nan,nan,nan
1753091950.465672,nan,nan,nan,nan,nan,nan,nan,nan,nan,nan,nan,nan
1753091950.4998198,nan,nan,nan,nan,nan,nan,nan,nan,nan,nan,nan,nan
1753091950.5328083,nan,nan,nan,nan,nan,nan,nan,nan,nan,nan,nan,nan
1753091950.5648093,nan,nan,nan,nan,nan,nan,nan,nan,nan,nan,nan,nan
1753091950.5981767,nan,nan,nan,nan,nan,nan,nan,nan,nan,nan,nan,nan
1753091950.6321774,nan,nan,nan,nan,nan,nan,nan,nan,nan,nan,nan,nan
1753091950.6661773,nan,nan,nan,nan,nan,nan,nan,nan,nan,nan,nan,nan
1753091950.6977003,nan,nan,nan,nan,nan,nan,nan,nan,nan,nan,nan,nan
1753091950.734698,nan,nan,nan,nan,nan,nan,nan,nan,nan,nan,nan,nan
1753091950.768703,nan,nan,nan,nan,nan,nan,nan,nan,nan,nan,nan,nan
1753091950.802231,nan,nan,nan,nan,nan,nan,nan,nan,nan,nan,nan,nan
1753091950.8352244,nan,nan,nan,nan,nan,nan,nan,nan,nan,nan,nan,nan
1753091950.8672283,nan,nan,nan,nan,nan,nan,nan,nan,nan,nan,nan,nan
1753091950.9047408,nan,nan,nan,nan,nan,nan,nan,nan,nan,nan,nan,nan
1753091950.9377422,nan,nan,nan,nan,nan,nan,nan,nan,nan,nan,nan,nan
1753091950.9697447,nan,nan,nan,nan,nan,nan,nan,nan,nan,nan,nan,nan
1753091951.0022743,nan,nan,nan,nan,nan,nan,nan,nan,nan,nan,nan,nan
1753091951.0392733,nan,nan,nan,nan,nan,nan,nan,nan,nan,nan,nan,nan
1753091951.0742805,nan,nan,nan,nan,nan,nan,nan,nan,nan,nan,nan,nan
1753091951.1088033,nan,nan,nan,nan,nan,nan,nan,nan,nan,nan,nan,nan
1753091951.142809,nan,nan,nan,nan,nan,nan,nan,nan,nan,nan,nan,nan
1753091951.1768155,nan,nan,nan,nan,nan,nan,nan,nan,nan,nan,nan,nan
1753091951.2093308,nan,nan,nan,nan,nan,nan,nan,nan,nan,nan,nan,nan
1753091951.242332,nan,nan,nan,nan,nan,nan,nan,nan,nan,nan,nan,nan
1753091951.2803347,nan,nan,nan,nan,nan,nan,nan,nan,nan,nan,nan,nan
1753091951.315864,nan,nan,nan,nan,nan,nan,nan,nan,nan,nan,nan,nan
1753091951.3498619,nan,nan,nan,nan,nan,nan,nan,nan,nan,nan,nan,nan
1753091951.3848648,nan,nan,nan,nan,nan,nan,nan,nan,nan,nan,nan,nan
1753091951.4171379,nan,nan,nan,nan,nan,nan,nan,nan,nan,nan,nan,nan
1753091951.4491339,nan,nan,nan,nan,nan,nan,nan,nan,nan,nan,nan,nan
1753091951.4811375,nan,nan,nan,nan,nan,nan,nan,nan,nan,nan,nan,nan
1753091951.5133815,nan,nan,nan,nan,nan,nan,nan,nan,nan,nan,nan,nan
1753091951.547381,nan,nan,nan,nan,nan,nan,nan,nan,nan,nan,nan,nan
1753091951.5783873,nan,nan,nan,nan,nan,nan,nan,nan,nan,nan,nan,nan
1753091951.6114306,nan,nan,nan,nan,nan,nan,nan,nan,nan,nan,nan,nan
1753091951.6454308,nan,nan,nan,nan,nan,nan,nan,nan,nan,nan,nan,nan
1753091951.6784344,nan,nan,nan,nan,nan,nan,nan,nan,nan,nan,nan,nan
1753091951.7106302,nan,nan,nan,nan,nan,nan,nan,nan,nan,nan,nan,nan
1753091951.7476335,nan,nan,nan,nan,nan,nan,nan,nan,nan,nan,nan,nan
1753091951.7836363,nan,nan,nan,nan,nan,nan,nan,nan,nan,nan,nan,nan
1753091951.815705,nan,nan,nan,nan,nan,nan,nan,nan,nan,nan,nan,nan
1753091951.8486857,nan,nan,nan,nan,nan,nan,nan,nan,nan,nan,nan,nan
1753091951.884689,nan,nan,nan,nan,nan,nan,nan,nan,nan,nan,nan,nan
1753091951.9191308,nan,nan,nan,nan,nan,nan,nan,nan,nan,nan,nan,nan
1753091951.952128,nan,nan,nan,nan,nan,nan,nan,nan,nan,nan,nan,nan
1753091951.986135,nan,nan,nan,nan,nan,nan,nan,nan,nan,nan,nan,nan
1753091952.021649,nan,nan,nan,nan,nan,nan,nan,nan,nan,nan,nan,nan
1753091952.0556498,nan,nan,nan,nan,nan,nan,nan,nan,nan,nan,nan,nan
1753091952.0906572,nan,nan,nan,nan,nan,nan,nan,nan,nan,nan,nan,nan
1753091952.126184,nan,nan,nan,nan,nan,nan,nan,nan,nan,nan,nan,nan
1753091952.1641824,nan,nan,nan,nan,nan,nan,nan,nan,nan,nan,nan,nan
1753091952.2027025,nan,nan,nan,nan,nan,nan,nan,nan,nan,nan,nan,nan
1753091952.2417026,nan,nan,nan,nan,nan,nan,nan,nan,nan,nan,nan,nan
1753091952.2797143,nan,nan,nan,nan,nan,nan,nan,nan,nan,nan,nan,nan
1753091952.3212419,nan,nan,nan,nan,nan,nan,nan,nan,nan,nan,nan,nan
1753091952.360241,nan,nan,nan,nan,nan,nan,nan,nan,nan,nan,nan,nan
1753091952.392767,nan,nan,nan,nan,nan,nan,nan,nan,nan,nan,nan,nan
1753091952.4297714,nan,nan,nan,nan,nan,nan,nan,nan,nan,nan,nan,nan
1753091952.4668021,nan,nan,nan,nan,nan,nan,nan,nan,nan,nan,nan,nan
1753091952.4989214,nan,nan,nan,nan,nan,nan,nan,nan,nan,nan,nan,nan
1753091952.531915,nan,nan,nan,nan,nan,nan,nan,nan,nan,nan,nan,nan
1753091952.5649157,nan,nan,nan,nan,nan,nan,nan,nan,nan,nan,nan,nan
1753091952.5970259,nan,nan,nan,nan,nan,nan,nan,nan,nan,nan,nan,nan
1753091952.6320262,nan,nan,nan,nan,nan,nan,nan,nan,nan,nan,nan,nan
1753091952.6650293,nan,nan,nan,nan,nan,nan,nan,nan,nan,nan,nan,nan
1753091952.6972525,nan,nan,nan,nan,nan,nan,nan,nan,nan,nan,nan,nan
1753091952.7302568,nan,nan,nan,nan,nan,nan,nan,nan,nan,nan,nan,nan
1753091952.7662544,nan,nan,nan,nan,nan,nan,nan,nan,nan,nan,nan,nan
1753091952.799544,nan,nan,nan,nan,nan,nan,nan,nan,nan,nan,nan,nan
1753091952.8335474,nan,nan,nan,nan,nan,nan,nan,nan,nan,nan,nan,nan
1753091952.867541,nan,nan,nan,nan,nan,nan,nan,nan,nan,nan,nan,nan
1753091952.9000947,nan,nan,nan,nan,nan,nan,nan,nan,nan,nan,nan,nan
1753091952.9330873,nan,nan,nan,nan,nan,nan,nan,nan,nan,nan,nan,nan
1753091952.9650886,nan,nan,nan,nan,nan,nan,nan,nan,nan,nan,nan,nan
1753091952.9986057,nan,nan,nan,nan,nan,nan,nan,nan,nan,nan,nan,nan
1753091953.031604,nan,nan,nan,nan,nan,nan,nan,nan,nan,nan,nan,nan
1753091953.063604,nan,nan,nan,nan,nan,nan,nan,nan,nan,nan,nan,nan
1753091953.0987492,nan,nan,nan,nan,nan,nan,nan,nan,nan,nan,nan,nan
1753091953.1337504,nan,nan,nan,nan,nan,nan,nan,nan,nan,nan,nan,nan
1753091953.1687546,nan,nan,nan,nan,nan,nan,nan,nan,nan,nan,nan,nan
1753091953.2012813,nan,nan,nan,nan,nan,nan,nan,nan,nan,nan,nan,nan
1753091953.234279,nan,nan,nan,nan,nan,nan,nan,nan,nan,nan,nan,nan
1753091953.2672782,nan,nan,nan,nan,nan,nan,nan,nan,nan,nan,nan,nan
1753091953.3018117,nan,nan,nan,nan,nan,nan,nan,nan,nan,nan,nan,nan
1753091953.3398116,nan,nan,nan,nan,nan,nan,nan,nan,nan,nan,nan,nan
1753091953.3748114,nan,nan,nan,nan,nan,nan,nan,nan,nan,nan,nan,nan
1753091953.4113424,nan,nan,nan,nan,nan,nan,nan,nan,nan,nan,nan,nan
1753091953.4443398,nan,nan,nan,nan,nan,nan,nan,nan,nan,nan,nan,nan
1753091953.4773426,nan,nan,nan,nan,nan,nan,nan,nan,nan,nan,nan,nan
1753091953.5118546,nan,nan,nan,nan,nan,nan,nan,nan,nan,nan,nan,nan
1753091953.54485,nan,nan,nan,nan,nan,nan,nan,nan,nan,nan,nan,nan
1753091953.5808594,nan,nan,nan,nan,nan,nan,nan,nan,nan,nan,nan,nan
1753091953.614933,nan,nan,nan,nan,nan,nan,nan,nan,nan,nan,nan,nan
1753091953.6489367,nan,nan,nan,nan,nan,nan,nan,nan,nan,nan,nan,nan
1753091953.6859443,nan,nan,nan,nan,nan,nan,nan,nan,nan,nan,nan,nan
1753091953.7204547,nan,nan,nan,nan,nan,nan,nan,nan,nan,nan,nan,nan
1753091953.7564573,nan,nan,nan,nan,nan,nan,nan,nan,nan,nan,nan,nan
1753091953.7919638,nan,nan,nan,nan,nan,nan,nan,nan,nan,nan,nan,nan
1753091953.825973,nan,nan,nan,nan,nan,nan,nan,nan,nan,nan,nan,nan
1753091953.8619742,nan,nan,nan,nan,nan,nan,nan,nan,nan,nan,nan,nan
1753091953.895488,nan,nan,nan,nan,nan,nan,nan,nan,nan,nan,nan,nan
1753091953.9304883,nan,nan,nan,nan,nan,nan,nan,nan,nan,nan,nan,nan
1753091953.9634936,nan,nan,nan,nan,nan,nan,nan,nan,nan,nan,nan,nan
1753091953.995004,nan,nan,nan,nan,nan,nan,nan,nan,nan,nan,nan,nan
1753091954.0290053,nan,nan,nan,nan,nan,nan,nan,nan,nan,nan,nan,nan
1753091954.068004,nan,nan,nan,nan,nan,nan,nan,nan,nan,nan,nan,nan
1753091954.1045365,nan,nan,nan,nan,nan,nan,nan,nan,nan,nan,nan,nan
1753091954.144538,nan,nan,nan,nan,nan,nan,nan,nan,nan,nan,nan,nan
1753091954.18755,nan,nan,nan,nan,nan,nan,nan,nan,nan,nan,nan,nan
1753091954.2240627,nan,nan,nan,nan,nan,nan,nan,nan,nan,nan,nan,nan
1753091954.2580638,nan,nan,nan,nan,nan,nan,nan,nan,nan,nan,nan,nan
1753091954.2910976,nan,nan,nan,nan,nan,nan,nan,nan,nan,nan,nan,nan
1753091954.3252594,nan,nan,nan,nan,nan,nan,nan,nan,nan,nan,nan,nan
1753091954.3602583,nan,nan,nan,nan,nan,nan,nan,nan,nan,nan,nan,nan
1753091954.3934028,nan,nan,nan,nan,nan,nan,nan,nan,nan,nan,nan,nan
1753091954.4304023,nan,nan,nan,nan,nan,nan,nan,nan,nan,nan,nan,nan
1753091954.466399,nan,nan,nan,nan,nan,nan,nan,nan,nan,nan,nan,nan
1753091954.5035152,nan,nan,nan,nan,nan,nan,nan,nan,nan,nan,nan,nan
1753091954.5375109,nan,nan,nan,nan,nan,nan,nan,nan,nan,nan,nan,nan
1753091954.5735106,nan,nan,nan,nan,nan,nan,nan,nan,nan,nan,nan,nan
1753091954.6095688,nan,nan,nan,nan,nan,nan,nan,nan,nan,nan,nan,nan
1753091954.6445765,nan,nan,nan,nan,nan,nan,nan,nan,nan,nan,nan,nan
1753091954.679586,nan,nan,nan,nan,nan,nan,nan,nan,nan,nan,nan,nan
1753091954.7147558,nan,nan,nan,nan,nan,nan,nan,nan,nan,nan,nan,nan
1753091954.7517552,nan,nan,nan,nan,nan,nan,nan,nan,nan,nan,nan,nan
1753091954.7857623,nan,nan,nan,nan,nan,nan,nan,nan,nan,nan,nan,nan
1753091954.8198755,nan,nan,nan,nan,nan,nan,nan,nan,nan,nan,nan,nan
1753091954.8548746,nan,nan,nan,nan,nan,nan,nan,nan,nan,nan,nan,nan
1753091954.889902,nan,nan,nan,nan,nan,nan,nan,nan,nan,nan,nan,nan
1753091954.9244027,nan,nan,nan,nan,nan,nan,nan,nan,nan,nan,nan,nan
1753091954.9594011,nan,nan,nan,nan,nan,nan,nan,nan,nan,nan,nan,nan
1753091954.9929175,nan,nan,nan,nan,nan,nan,nan,nan,nan,nan,nan,nan
1753091955.0299275,nan,nan,nan,nan,nan,nan,nan,nan,nan,nan,nan,nan
1753091955.0649357,nan,nan,nan,nan,nan,nan,nan,nan,nan,nan,nan,nan
1753091955.098006,nan,nan,nan,nan,nan,nan,nan,nan,nan,nan,nan,nan
1753091955.1330063,nan,nan,nan,nan,nan,nan,nan,nan,nan,nan,nan,nan
1753091955.1650062,nan,nan,nan,nan,nan,nan,nan,nan,nan,nan,nan,nan
1753091955.1972568,nan,nan,nan,nan,nan,nan,nan,nan,nan,nan,nan,nan
1753091955.2292595,nan,nan,nan,nan,nan,nan,nan,nan,nan,nan,nan,nan
1753091955.2682672,nan,nan,nan,nan,nan,nan,nan,nan,nan,nan,nan,nan
1753091955.3036883,nan,nan,nan,nan,nan,nan,nan,nan,nan,nan,nan,nan
1753091955.338688,nan,nan,nan,nan,nan,nan,nan,nan,nan,nan,nan,nan
1753091955.3726876,nan,nan,nan,nan,nan,nan,nan,nan,nan,nan,nan,nan
1753091955.40424,nan,nan,nan,nan,nan,nan,nan,nan,nan,nan,nan,nan
1753091955.4372408,nan,nan,nan,nan,nan,nan,nan,nan,nan,nan,nan,nan
1753091955.4742446,nan,nan,nan,nan,nan,nan,nan,nan,nan,nan,nan,nan
1753091955.5147672,nan,nan,nan,nan,nan,nan,nan,nan,nan,nan,nan,nan
1753091955.5497642,nan,nan,nan,nan,nan,nan,nan,nan,nan,nan,nan,nan
1753091955.5827682,nan,nan,nan,nan,nan,nan,nan,nan,nan,nan,nan,nan
1753091955.6162794,nan,nan,nan,nan,nan,nan,nan,nan,nan,nan,nan,nan
1753091955.6502783,nan,nan,nan,nan,nan,nan,nan,nan,nan,nan,nan,nan
1753091955.6912875,nan,nan,nan,nan,nan,nan,nan,nan,nan,nan,nan,nan
1753091955.7318192,nan,nan,nan,nan,nan,nan,nan,nan,nan,nan,nan,nan
1753091955.77081,nan,nan,nan,nan,nan,nan,nan,nan,nan,nan,nan,nan
1753091955.8103347,nan,nan,nan,nan,nan,nan,nan,nan,nan,nan,nan,nan
1753091955.849349,nan,nan,nan,nan,nan,nan,nan,nan,nan,nan,nan,nan
1753091955.8833365,nan,nan,nan,nan,nan,nan,nan,nan,nan,nan,nan,nan
1753091955.9178495,nan,nan,nan,nan,nan,nan,nan,nan,nan,nan,nan,nan
1753091955.9518507,nan,nan,nan,nan,nan,nan,nan,nan,nan,nan,nan,nan
1753091955.9868555,nan,nan,nan,nan,nan,nan,nan,nan,nan,nan,nan,nan
1753091956.0243657,nan,nan,nan,nan,nan,nan,nan,nan,nan,nan,nan,nan
1753091956.05837,nan,nan,nan,nan,nan,nan,nan,nan,nan,nan,nan,nan
1753091956.0939038,nan,nan,nan,nan,nan,nan,nan,nan,nan,nan,nan,nan
1753091956.1289134,nan,nan,nan,nan,nan,nan,nan,nan,nan,nan,nan,nan
1753091956.160914,nan,nan,nan,nan,nan,nan,nan,nan,nan,nan,nan,nan
1753091956.1944525,nan,nan,nan,nan,nan,nan,nan,nan,nan,nan,nan,nan
1753091956.2284548,nan,nan,nan,nan,nan,nan,nan,nan,nan,nan,nan,nan
1753091956.2634583,nan,nan,nan,nan,nan,nan,nan,nan,nan,nan,nan,nan
1753091956.2969873,nan,nan,nan,nan,nan,nan,nan,nan,nan,nan,nan,nan
1753091956.3309875,nan,nan,nan,nan,nan,nan,nan,nan,nan,nan,nan,nan
1753091956.3639932,nan,nan,nan,nan,nan,nan,nan,nan,nan,nan,nan,nan
1753091956.3985004,nan,nan,nan,nan,nan,nan,nan,nan,nan,nan,nan,nan
1753091956.4315012,nan,nan,nan,nan,nan,nan,nan,nan,nan,nan,nan,nan
1753091956.4665105,nan,nan,nan,nan,nan,nan,nan,nan,nan,nan,nan,nan
1753091956.499048,nan,nan,nan,nan,nan,nan,nan,nan,nan,nan,nan,nan
1753091956.5370448,nan,nan,nan,nan,nan,nan,nan,nan,nan,nan,nan,nan
1753091956.5740464,nan,nan,nan,nan,nan,nan,nan,nan,nan,nan,nan,nan
1753091956.608638,nan,nan,nan,nan,nan,nan,nan,nan,nan,nan,nan,nan
1753091956.643635,nan,nan,nan,nan,nan,nan,nan,nan,nan,nan,nan,nan
1753091956.6786354,nan,nan,nan,nan,nan,nan,nan,nan,nan,nan,nan,nan
1753091956.7121577,nan,nan,nan,nan,nan,nan,nan,nan,nan,nan,nan,nan
1753091956.7461557,nan,nan,nan,nan,nan,nan,nan,nan,nan,nan,nan,nan
1753091956.7801602,nan,nan,nan,nan,nan,nan,nan,nan,nan,nan,nan,nan
1753091956.8163767,nan,nan,nan,nan,nan,nan,nan,nan,nan,nan,nan,nan
1753091956.850378,nan,nan,nan,nan,nan,nan,nan,nan,nan,nan,nan,nan
1753091956.884385,nan,nan,nan,nan,nan,nan,nan,nan,nan,nan,nan,nan
1753091956.9189048,nan,nan,nan,nan,nan,nan,nan,nan,nan,nan,nan,nan
1753091956.9549,nan,nan,nan,nan,nan,nan,nan,nan,nan,nan,nan,nan
1753091956.9889016,nan,nan,nan,nan,nan,nan,nan,nan,nan,nan,nan,nan
1753091957.022438,nan,nan,nan,nan,nan,nan,nan,nan,nan,nan,nan,nan
1753091957.0554368,nan,nan,nan,nan,nan,nan,nan,nan,nan,nan,nan,nan
1753091957.0894456,nan,nan,nan,nan,nan,nan,nan,nan,nan,nan,nan,nan
1753091957.124631,nan,nan,nan,nan,nan,nan,nan,nan,nan,nan,nan,nan
1753091957.1576302,nan,nan,nan,nan,nan,nan,nan,nan,nan,nan,nan,nan
1753091957.1961534,nan,nan,nan,nan,nan,nan,nan,nan,nan,nan,nan,nan
1753091957.2331555,nan,nan,nan,nan,nan,nan,nan,nan,nan,nan,nan,nan
1753091957.2711556,nan,nan,nan,nan,nan,nan,nan,nan,nan,nan,nan,nan
1753091957.3126738,nan,nan,nan,nan,nan,nan,nan,nan,nan,nan,nan,nan
1753091957.3516736,nan,nan,nan,nan,nan,nan,nan,nan,nan,nan,nan,nan
1753091957.3856874,nan,nan,nan,nan,nan,nan,nan,nan,nan,nan,nan,nan
1753091957.4188793,nan,nan,nan,nan,nan,nan,nan,nan,nan,nan,nan,nan
1753091957.4548786,nan,nan,nan,nan,nan,nan,nan,nan,nan,nan,nan,nan
1753091957.4888868,nan,nan,nan,nan,nan,nan,nan,nan,nan,nan,nan,nan
1753091957.5251307,nan,nan,nan,nan,nan,nan,nan,nan,nan,nan,nan,nan
1753091957.5571287,nan,nan,nan,nan,nan,nan,nan,nan,nan,nan,nan,nan
1753091957.5941358,nan,nan,nan,nan,nan,nan,nan,nan,nan,nan,nan,nan
1753091957.6305826,nan,nan,nan,nan,nan,nan,nan,nan,nan,nan,nan,nan
1753091957.6635833,nan,nan,nan,nan,nan,nan,nan,nan,nan,nan,nan,nan
1753091957.696122,nan,nan,nan,nan,nan,nan,nan,nan,nan,nan,nan,nan
1753091957.7321217,nan,nan,nan,nan,nan,nan,nan,nan,nan,nan,nan,nan
1753091957.766122,nan,nan,nan,nan,nan,nan,nan,nan,nan,nan,nan,nan
1753091957.8006356,nan,nan,nan,nan,nan,nan,nan,nan,nan,nan,nan,nan
1753091957.835638,nan,nan,nan,nan,nan,nan,nan,nan,nan,nan,nan,nan
1753091957.867634,nan,nan,nan,nan,nan,nan,nan,nan,nan,nan,nan,nan
1753091957.899878,nan,nan,nan,nan,nan,nan,nan,nan,nan,nan,nan,nan
1753091957.932878,nan,nan,nan,nan,nan,nan,nan,nan,nan,nan,nan,nan
1753091957.9658768,nan,nan,nan,nan,nan,nan,nan,nan,nan,nan,nan,nan
1753091957.9994094,nan,nan,nan,nan,nan,nan,nan,nan,nan,nan,nan,nan
1753091958.033414,nan,nan,nan,nan,nan,nan,nan,nan,nan,nan,nan,nan
1753091958.0654087,nan,nan,nan,nan,nan,nan,nan,nan,nan,nan,nan,nan
1753091958.099947,nan,nan,nan,nan,nan,nan,nan,nan,nan,nan,nan,nan
1753091958.1329467,nan,nan,nan,nan,nan,nan,nan,nan,nan,nan,nan,nan
1753091958.1639478,nan,nan,nan,nan,nan,nan,nan,nan,nan,nan,nan,nan
1753091958.1971328,nan,nan,nan,nan,nan,nan,nan,nan,nan,nan,nan,nan
1753091958.2321343,nan,nan,nan,nan,nan,nan,nan,nan,nan,nan,nan,nan
1753091958.2661338,nan,nan,nan,nan,nan,nan,nan,nan,nan,nan,nan,nan
1753091958.3003128,nan,nan,nan,nan,nan,nan,nan,nan,nan,nan,nan,nan
1753091958.3363123,nan,nan,nan,nan,nan,nan,nan,nan,nan,nan,nan,nan
1753091958.3683114,nan,nan,nan,nan,nan,nan,nan,nan,nan,nan,nan,nan
1753091958.4037642,nan,nan,nan,nan,nan,nan,nan,nan,nan,nan,nan,nan
1753091958.4377663,nan,nan,nan,nan,nan,nan,nan,nan,nan,nan,nan,nan
1753091958.470767,nan,nan,nan,nan,nan,nan,nan,nan,nan,nan,nan,nan
1753091958.5042841,nan,nan,nan,nan,nan,nan,nan,nan,nan,nan,nan,nan
1753091958.5362854,nan,nan,nan,nan,nan,nan,nan,nan,nan,nan,nan,nan
1753091958.5702932,nan,nan,nan,nan,nan,nan,nan,nan,nan,nan,nan,nan
1753091958.6068332,nan,nan,nan,nan,nan,nan,nan,nan,nan,nan,nan,nan
1753091958.6398308,nan,nan,nan,nan,nan,nan,nan,nan,nan,nan,nan,nan
1753091958.6743517,nan,nan,nan,nan,nan,nan,nan,nan,nan,nan,nan,nan
1753091958.7104118,nan,nan,nan,nan,nan,nan,nan,nan,nan,nan,nan,nan
1753091958.74741,nan,nan,nan,nan,nan,nan,nan,nan,nan,nan,nan,nan
1753091958.7874215,nan,nan,nan,nan,nan,nan,nan,nan,nan,nan,nan,nan
1753091958.8269446,nan,nan,nan,nan,nan,nan,nan,nan,nan,nan,nan,nan
1753091958.8669386,nan,nan,nan,nan,nan,nan,nan,nan,nan,nan,nan,nan
1753091958.9044733,nan,nan,nan,nan,nan,nan,nan,nan,nan,nan,nan,nan
1753091958.939471,nan,nan,nan,nan,nan,nan,nan,nan,nan,nan,nan,nan
1753091958.973471,nan,nan,nan,nan,nan,nan,nan,nan,nan,nan,nan,nan
1753091959.006996,nan,nan,nan,nan,nan,nan,nan,nan,nan,nan,nan,nan
1753091959.0409913,nan,nan,nan,nan,nan,nan,nan,nan,nan,nan,nan,nan
1753091959.0749917,nan,nan,nan,nan,nan,nan,nan,nan,nan,nan,nan,nan
1753091959.1095417,nan,nan,nan,nan,nan,nan,nan,nan,nan,nan,nan,nan
1753091959.145547,nan,nan,nan,nan,nan,nan,nan,nan,nan,nan,nan,nan
1753091959.1805418,nan,nan,nan,nan,nan,nan,nan,nan,nan,nan,nan,nan
1753091959.2157588,nan,nan,nan,nan,nan,nan,nan,nan,nan,nan,nan,nan
1753091959.247758,nan,nan,nan,nan,nan,nan,nan,nan,nan,nan,nan,nan
1753091959.2827914,nan,nan,nan,nan,nan,nan,nan,nan,nan,nan,nan,nan
1753091959.3180003,nan,nan,nan,nan,nan,nan,nan,nan,nan,nan,nan,nan
1753091959.3499997,nan,nan,nan,nan,nan,nan,nan,nan,nan,nan,nan,nan
1753091959.3860044,nan,nan,nan,nan,nan,nan,nan,nan,nan,nan,nan,nan
1753091959.4195154,nan,nan,nan,nan,nan,nan,nan,nan,nan,nan,nan,nan
1753091959.4545176,nan,nan,nan,nan,nan,nan,nan,nan,nan,nan,nan,nan
1753091959.488525,nan,nan,nan,nan,nan,nan,nan,nan,nan,nan,nan,nan
1753091959.5250566,nan,nan,nan,nan,nan,nan,nan,nan,nan,nan,nan,nan
1753091959.5600579,nan,nan,nan,nan,nan,nan,nan,nan,nan,nan,nan,nan
1753091959.5992727,nan,nan,nan,nan,nan,nan,nan,nan,nan,nan,nan,nan
1753091959.63727,nan,nan,nan,nan,nan,nan,nan,nan,nan,nan,nan,nan
1753091959.6742706,nan,nan,nan,nan,nan,nan,nan,nan,nan,nan,nan,nan
1753091959.712794,nan,nan,nan,nan,nan,nan,nan,nan,nan,nan,nan,nan
1753091959.7507963,nan,nan,nan,nan,nan,nan,nan,nan,nan,nan,nan,nan
1753091959.7848008,nan,nan,nan,nan,nan,nan,nan,nan,nan,nan,nan,nan
1753091959.820323,nan,nan,nan,nan,nan,nan,nan,nan,nan,nan,nan,nan
1753091959.8543246,nan,nan,nan,nan,nan,nan,nan,nan,nan,nan,nan,nan
1753091959.888329,nan,nan,nan,nan,nan,nan,nan,nan,nan,nan,nan,nan
1753091959.9218454,nan,nan,nan,nan,nan,nan,nan,nan,nan,nan,nan,nan
1753091959.9558446,nan,nan,nan,nan,nan,nan,nan,nan,nan,nan,nan,nan
1753091959.9888499,nan,nan,nan,nan,nan,nan,nan,nan,nan,nan,nan,nan
1753091960.0223608,nan,nan,nan,nan,nan,nan,nan,nan,nan,nan,nan,nan
1753091960.0563588,nan,nan,nan,nan,nan,nan,nan,nan,nan,nan,nan,nan
1753091960.089363,nan,nan,nan,nan,nan,nan,nan,nan,nan,nan,nan,nan
1753091960.12444,nan,nan,nan,nan,nan,nan,nan,nan,nan,nan,nan,nan
1753091960.1584387,nan,nan,nan,nan,nan,nan,nan,nan,nan,nan,nan,nan
1753091960.1924481,nan,nan,nan,nan,nan,nan,nan,nan,nan,nan,nan,nan
1753091960.227962,nan,nan,nan,nan,nan,nan,nan,nan,nan,nan,nan,nan
1753091960.26296,nan,nan,nan,nan,nan,nan,nan,nan,nan,nan,nan,nan
1753091960.2959654,nan,nan,nan,nan,nan,nan,nan,nan,nan,nan,nan,nan
1753091960.3314834,nan,nan,nan,nan,nan,nan,nan,nan,nan,nan,nan,nan
1753091960.3644836,nan,nan,nan,nan,nan,nan,nan,nan,nan,nan,nan,nan
1753091960.3974888,nan,nan,nan,nan,nan,nan,nan,nan,nan,nan,nan,nan
1753091960.430005,nan,nan,nan,nan,nan,nan,nan,nan,nan,nan,nan,nan
1753091960.4690046,nan,nan,nan,nan,nan,nan,nan,nan,nan,nan,nan,nan
1753091960.5025206,nan,nan,nan,nan,nan,nan,nan,nan,nan,nan,nan,nan
1753091960.5385284,nan,nan,nan,nan,nan,nan,nan,nan,nan,nan,nan,nan
1753091960.5755196,nan,nan,nan,nan,nan,nan,nan,nan,nan,nan,nan,nan
1753091960.6080494,nan,nan,nan,nan,nan,nan,nan,nan,nan,nan,nan,nan
1753091960.643046,nan,nan,nan,nan,nan,nan,nan,nan,nan,nan,nan,nan
1753091960.677046,nan,nan,nan,nan,nan,nan,nan,nan,nan,nan,nan,nan
1753091960.7102625,nan,nan,nan,nan,nan,nan,nan,nan,nan,nan,nan,nan
1753091960.743261,nan,nan,nan,nan,nan,nan,nan,nan,nan,nan,nan,nan
1753091960.7762623,nan,nan,nan,nan,nan,nan,nan,nan,nan,nan,nan,nan
1753091960.8175075,nan,nan,nan,nan,nan,nan,nan,nan,nan,nan,nan,nan
1753091960.8515067,nan,nan,nan,nan,nan,nan,nan,nan,nan,nan,nan,nan
1753091960.8855183,nan,nan,nan,nan,nan,nan,nan,nan,nan,nan,nan,nan
1753091960.9187193,nan,nan,nan,nan,nan,nan,nan,nan,nan,nan,nan,nan
1753091960.952714,nan,nan,nan,nan,nan,nan,nan,nan,nan,nan,nan,nan
1753091960.9877214,nan,nan,nan,nan,nan,nan,nan,nan,nan,nan,nan,nan
1753091961.0237598,nan,nan,nan,nan,nan,nan,nan,nan,nan,nan,nan,nan
1753091961.0587537,nan,nan,nan,nan,nan,nan,nan,nan,nan,nan,nan,nan
1753091961.0907602,nan,nan,nan,nan,nan,nan,nan,nan,nan,nan,nan,nan
1753091961.127003,nan,nan,nan,nan,nan,nan,nan,nan,nan,nan,nan,nan
1753091961.161002,nan,nan,nan,nan,nan,nan,nan,nan,nan,nan,nan,nan
1753091961.1940074,nan,nan,nan,nan,nan,nan,nan,nan,nan,nan,nan,nan
1753091961.2284403,nan,nan,nan,nan,nan,nan,nan,nan,nan,nan,nan,nan
1753091961.2634394,nan,nan,nan,nan,nan,nan,nan,nan,nan,nan,nan,nan
1753091961.2964568,nan,nan,nan,nan,nan,nan,nan,nan,nan,nan,nan,nan
1753091961.3289683,nan,nan,nan,nan,nan,nan,nan,nan,nan,nan,nan,nan
1753091961.3629673,nan,nan,nan,nan,nan,nan,nan,nan,nan,nan,nan,nan
1753091961.3959732,nan,nan,nan,nan,nan,nan,nan,nan,nan,nan,nan,nan
1753091961.4290028,nan,nan,nan,nan,nan,nan,nan,nan,nan,nan,nan,nan
1753091961.466002,nan,nan,nan,nan,nan,nan,nan,nan,nan,nan,nan,nan
1753091961.502378,nan,nan,nan,nan,nan,nan,nan,nan,nan,nan,nan,nan
1753091961.5393813,nan,nan,nan,nan,nan,nan,nan,nan,nan,nan,nan,nan
1753091961.5733879,nan,nan,nan,nan,nan,nan,nan,nan,nan,nan,nan,nan
1753091961.6077087,nan,nan,nan,nan,nan,nan,nan,nan,nan,nan,nan,nan
1753091961.6407094,nan,nan,nan,nan,nan,nan,nan,nan,nan,nan,nan,nan
1753091961.6747093,nan,nan,nan,nan,nan,nan,nan,nan,nan,nan,nan,nan
1753091961.7088938,nan,nan,nan,nan,nan,nan,nan,nan,nan,nan,nan,nan
1753091961.7438886,nan,nan,nan,nan,nan,nan,nan,nan,nan,nan,nan,nan
1753091961.7798886,nan,nan,nan,nan,nan,nan,nan,nan,nan,nan,nan,nan
1753091961.8183773,nan,nan,nan,nan,nan,nan,nan,nan,nan,nan,nan,nan
1753091961.856359,nan,nan,nan,nan,nan,nan,nan,nan,nan,nan,nan,nan
1753091961.8953655,nan,nan,nan,nan,nan,nan,nan,nan,nan,nan,nan,nan
1753091961.9298844,nan,nan,nan,nan,nan,nan,nan,nan,nan,nan,nan,nan
1753091961.9628875,nan,nan,nan,nan,nan,nan,nan,nan,nan,nan,nan,nan
1753091961.996892,nan,nan,nan,nan,nan,nan,nan,nan,nan,nan,nan,nan
1753091962.0321379,nan,nan,nan,nan,nan,nan,nan,nan,nan,nan,nan,nan
1753091962.0661364,nan,nan,nan,nan,nan,nan,nan,nan,nan,nan,nan,nan
1753091962.100655,nan,nan,nan,nan,nan,nan,nan,nan,nan,nan,nan,nan
1753091962.135664,nan,nan,nan,nan,nan,nan,nan,nan,nan,nan,nan,nan
1753091962.1696706,nan,nan,nan,nan,nan,nan,nan,nan,nan,nan,nan,nan
1753091962.2051876,nan,nan,nan,nan,nan,nan,nan,nan,nan,nan,nan,nan
1753091962.2381876,nan,nan,nan,nan,nan,nan,nan,nan,nan,nan,nan,nan
1753091962.2711864,nan,nan,nan,nan,nan,nan,nan,nan,nan,nan,nan,nan
1753091962.3057017,nan,nan,nan,nan,nan,nan,nan,nan,nan,nan,nan,nan
1753091962.3397002,nan,nan,nan,nan,nan,nan,nan,nan,nan,nan,nan,nan
1753091962.3747036,nan,nan,nan,nan,nan,nan,nan,nan,nan,nan,nan,nan
1753091962.40874,nan,nan,nan,nan,nan,nan,nan,nan,nan,nan,nan,nan
1753091962.4427385,nan,nan,nan,nan,nan,nan,nan,nan,nan,nan,nan,nan
1753091962.4787362,nan,nan,nan,nan,nan,nan,nan,nan,nan,nan,nan,nan
1753091962.5132594,nan,nan,nan,nan,nan,nan,nan,nan,nan,nan,nan,nan
1753091962.5462606,nan,nan,nan,nan,nan,nan,nan,nan,nan,nan,nan,nan
1753091962.5792575,nan,nan,nan,nan,nan,nan,nan,nan,nan,nan,nan,nan
1753091962.6127853,nan,nan,nan,nan,nan,nan,nan,nan,nan,nan,nan,nan
1753091962.6457803,nan,nan,nan,nan,nan,nan,nan,nan,nan,nan,nan,nan
1753091962.678781,nan,nan,nan,nan,nan,nan,nan,nan,nan,nan,nan,nan
1753091962.7133043,nan,nan,nan,nan,nan,nan,nan,nan,nan,nan,nan,nan
1753091962.7493,nan,nan,nan,nan,nan,nan,nan,nan,nan,nan,nan,nan
1753091962.784301,nan,nan,nan,nan,nan,nan,nan,nan,nan,nan,nan,nan
1753091962.8188157,nan,nan,nan,nan,nan,nan,nan,nan,nan,nan,nan,nan
1753091962.854816,nan,nan,nan,nan,nan,nan,nan,nan,nan,nan,nan,nan
1753091962.8888197,nan,nan,nan,nan,nan,nan,nan,nan,nan,nan,nan,nan
1753091962.9263356,nan,nan,nan,nan,nan,nan,nan,nan,nan,nan,nan,nan
1753091962.96134,nan,nan,nan,nan,nan,nan,nan,nan,nan,nan,nan,nan
1753091962.9973407,nan,nan,nan,nan,nan,nan,nan,nan,nan,nan,nan,nan
1753091963.0318544,nan,nan,nan,nan,nan,nan,nan,nan,nan,nan,nan,nan
1753091963.067856,nan,nan,nan,nan,nan,nan,nan,nan,nan,nan,nan,nan
1753091963.1013687,nan,nan,nan,nan,nan,nan,nan,nan,nan,nan,nan,nan
1753091963.135378,nan,nan,nan,nan,nan,nan,nan,nan,nan,nan,nan,nan
1753091963.1683772,nan,nan,nan,nan,nan,nan,nan,nan,nan,nan,nan,nan
1753091963.2018933,nan,nan,nan,nan,nan,nan,nan,nan,nan,nan,nan,nan
1753091963.2358978,nan,nan,nan,nan,nan,nan,nan,nan,nan,nan,nan,nan
1753091963.2698925,nan,nan,nan,nan,nan,nan,nan,nan,nan,nan,nan,nan
1753091963.3061287,nan,nan,nan,nan,nan,nan,nan,nan,nan,nan,nan,nan
1753091963.3421276,nan,nan,nan,nan,nan,nan,nan,nan,nan,nan,nan,nan
1753091963.376128,nan,nan,nan,nan,nan,nan,nan,nan,nan,nan,nan,nan
1753091963.410247,nan,nan,nan,nan,nan,nan,nan,nan,nan,nan,nan,nan
1753091963.4452484,nan,nan,nan,nan,nan,nan,nan,nan,nan,nan,nan,nan
1753091963.479247,nan,nan,nan,nan,nan,nan,nan,nan,nan,nan,nan,nan
1753091963.513776,nan,nan,nan,nan,nan,nan,nan,nan,nan,nan,nan,nan
1753091963.5467796,nan,nan,nan,nan,nan,nan,nan,nan,nan,nan,nan,nan
1753091963.580774,nan,nan,nan,nan,nan,nan,nan,nan,nan,nan,nan,nan
1753091963.6153033,nan,nan,nan,nan,nan,nan,nan,nan,nan,nan,nan,nan
1753091963.651301,nan,nan,nan,nan,nan,nan,nan,nan,nan,nan,nan,nan
1753091963.6853023,nan,nan,nan,nan,nan,nan,nan,nan,nan,nan,nan,nan
1753091963.7193816,nan,nan,nan,nan,nan,nan,nan,nan,nan,nan,nan,nan
1753091963.7543807,nan,nan,nan,nan,nan,nan,nan,nan,nan,nan,nan,nan
1753091963.7923887,nan,nan,nan,nan,nan,nan,nan,nan,nan,nan,nan,nan
1753091963.8289003,nan,nan,nan,nan,nan,nan,nan,nan,nan,nan,nan,nan
1753091963.8648999,nan,nan,nan,nan,nan,nan,nan,nan,nan,nan,nan,nan
1753091963.8999116,nan,nan,nan,nan,nan,nan,nan,nan,nan,nan,nan,nan
1753091963.935424,nan,nan,nan,nan,nan,nan,nan,nan,nan,nan,nan,nan
1753091963.9704282,nan,nan,nan,nan,nan,nan,nan,nan,nan,nan,nan,nan
1753091964.006951,nan,nan,nan,nan,nan,nan,nan,nan,nan,nan,nan,nan
1753091964.0409484,nan,nan,nan,nan,nan,nan,nan,nan,nan,nan,nan,nan
1753091964.0759482,nan,nan,nan,nan,nan,nan,nan,nan,nan,nan,nan,nan
1753091964.112471,nan,nan,nan,nan,nan,nan,nan,nan,nan,nan,nan,nan
1753091964.1484709,nan,nan,nan,nan,nan,nan,nan,nan,nan,nan,nan,nan
1753091964.184473,nan,nan,nan,nan,nan,nan,nan,nan,nan,nan,nan,nan
1753091964.2196274,nan,nan,nan,nan,nan,nan,nan,nan,nan,nan,nan,nan
1753091964.2526293,nan,nan,nan,nan,nan,nan,nan,nan,nan,nan,nan,nan
1753091964.2856302,nan,nan,nan,nan,nan,nan,nan,nan,nan,nan,nan,nan
1753091964.3199983,nan,nan,nan,nan,nan,nan,nan,nan,nan,nan,nan,nan
1753091964.3549993,nan,nan,nan,nan,nan,nan,nan,nan,nan,nan,nan,nan
1753091964.3900054,nan,nan,nan,nan,nan,nan,nan,nan,nan,nan,nan,nan
1753091964.4272547,nan,nan,nan,nan,nan,nan,nan,nan,nan,nan,nan,nan
1753091964.4652634,nan,nan,nan,nan,nan,nan,nan,nan,nan,nan,nan,nan
1753091964.5002625,nan,nan,nan,nan,nan,nan,nan,nan,nan,nan,nan,nan
1753091964.5357792,nan,nan,nan,nan,nan,nan,nan,nan,nan,nan,nan,nan
1753091964.5697777,nan,nan,nan,nan,nan,nan,nan,nan,nan,nan,nan,nan
1753091964.6032965,nan,nan,nan,nan,nan,nan,nan,nan,nan,nan,nan,nan
1753091964.6372967,nan,nan,nan,nan,nan,nan,nan,nan,nan,nan,nan,nan
1753091964.6713018,nan,nan,nan,nan,nan,nan,nan,nan,nan,nan,nan,nan
1753091964.7053733,nan,nan,nan,nan,nan,nan,nan,nan,nan,nan,nan,nan
1753091964.7383952,nan,nan,nan,nan,nan,nan,nan,nan,nan,nan,nan,nan
1753091964.7733753,nan,nan,nan,nan,nan,nan,nan,nan,nan,nan,nan,nan
1753091964.8065221,nan,nan,nan,nan,nan,nan,nan,nan,nan,nan,nan,nan
1753091964.841518,nan,nan,nan,nan,nan,nan,nan,nan,nan,nan,nan,nan
1753091964.8775208,nan,nan,nan,nan,nan,nan,nan,nan,nan,nan,nan,nan
1753091964.914038,nan,nan,nan,nan,nan,nan,nan,nan,nan,nan,nan,nan
1753091964.9500427,nan,nan,nan,nan,nan,nan,nan,nan,nan,nan,nan,nan
1753091964.9820385,nan,nan,nan,nan,nan,nan,nan,nan,nan,nan,nan,nan
1753091965.015568,nan,nan,nan,nan,nan,nan,nan,nan,nan,nan,nan,nan
1753091965.05257,nan,nan,nan,nan,nan,nan,nan,nan,nan,nan,nan,nan
1753091965.08858,nan,nan,nan,nan,nan,nan,nan,nan,nan,nan,nan,nan
1753091965.123088,nan,nan,nan,nan,nan,nan,nan,nan,nan,nan,nan,nan
1753091965.1560898,nan,nan,nan,nan,nan,nan,nan,nan,nan,nan,nan,nan
1753091965.1890957,nan,nan,nan,nan,nan,nan,nan,nan,nan,nan,nan,nan
1753091965.2266095,nan,nan,nan,nan,nan,nan,nan,nan,nan,nan,nan,nan
1753091965.2596047,nan,nan,nan,nan,nan,nan,nan,nan,nan,nan,nan,nan
1753091965.292611,nan,nan,nan,nan,nan,nan,nan,nan,nan,nan,nan,nan
1753091965.3277066,nan,nan,nan,nan,nan,nan,nan,nan,nan,nan,nan,nan
1753091965.3617165,nan,nan,nan,nan,nan,nan,nan,nan,nan,nan,nan,nan
1753091965.3947139,nan,nan,nan,nan,nan,nan,nan,nan,nan,nan,nan,nan
1753091965.4272275,nan,nan,nan,nan,nan,nan,nan,nan,nan,nan,nan,nan
1753091965.462227,nan,nan,nan,nan,nan,nan,nan,nan,nan,nan,nan,nan
1753091965.4982324,nan,nan,nan,nan,nan,nan,nan,nan,nan,nan,nan,nan
1753091965.5337439,nan,nan,nan,nan,nan,nan,nan,nan,nan,nan,nan,nan
1753091965.5677493,nan,nan,nan,nan,nan,nan,nan,nan,nan,nan,nan,nan
1753091965.6017525,nan,nan,nan,nan,nan,nan,nan,nan,nan,nan,nan,nan
1753091965.6352634,nan,nan,nan,nan,nan,nan,nan,nan,nan,nan,nan,nan
1753091965.6702633,nan,nan,nan,nan,nan,nan,nan,nan,nan,nan,nan,nan
1753091965.7047756,nan,nan,nan,nan,nan,nan,nan,nan,nan,nan,nan,nan
1753091965.7387753,nan,nan,nan,nan,nan,nan,nan,nan,nan,nan,nan,nan
1753091965.7727857,nan,nan,nan,nan,nan,nan,nan,nan,nan,nan,nan,nan
1753091965.809021,nan,nan,nan,nan,nan,nan,nan,nan,nan,nan,nan,nan
1753091965.8420215,nan,nan,nan,nan,nan,nan,nan,nan,nan,nan,nan,nan
1753091965.8770223,nan,nan,nan,nan,nan,nan,nan,nan,nan,nan,nan,nan
1753091965.9115596,nan,nan,nan,nan,nan,nan,nan,nan,nan,nan,nan,nan
1753091965.9455626,nan,nan,nan,nan,nan,nan,nan,nan,nan,nan,nan,nan
1753091965.979566,nan,nan,nan,nan,nan,nan,nan,nan,nan,nan,nan,nan
1753091966.0150762,nan,nan,nan,nan,nan,nan,nan,nan,nan,nan,nan,nan
1753091966.0470781,nan,nan,nan,nan,nan,nan,nan,nan,nan,nan,nan,nan
1753091966.082078,nan,nan,nan,nan,nan,nan,nan,nan,nan,nan,nan,nan
1753091966.12016,nan,nan,nan,nan,nan,nan,nan,nan,nan,nan,nan,nan
1753091966.1541567,nan,nan,nan,nan,nan,nan,nan,nan,nan,nan,nan,nan
1753091966.187153,nan,nan,nan,nan,nan,nan,nan,nan,nan,nan,nan,nan
1753091966.2206726,nan,nan,nan,nan,nan,nan,nan,nan,nan,nan,nan,nan
1753091966.256677,nan,nan,nan,nan,nan,nan,nan,nan,nan,nan,nan,nan
1753091966.2926738,nan,nan,nan,nan,nan,nan,nan,nan,nan,nan,nan,nan
1753091966.3251894,nan,nan,nan,nan,nan,nan,nan,nan,nan,nan,nan,nan
1753091966.3591864,nan,nan,nan,nan,nan,nan,nan,nan,nan,nan,nan,nan
1753091966.3921943,nan,nan,nan,nan,nan,nan,nan,nan,nan,nan,nan,nan
1753091966.4264064,nan,nan,nan,nan,nan,nan,nan,nan,nan,nan,nan,nan
1753091966.461405,nan,nan,nan,nan,nan,nan,nan,nan,nan,nan,nan,nan
1753091966.4944084,nan,nan,nan,nan,nan,nan,nan,nan,nan,nan,nan,nan
1753091966.5285187,nan,nan,nan,nan,nan,nan,nan,nan,nan,nan,nan,nan
1753091966.5695138,nan,nan,nan,nan,nan,nan,nan,nan,nan,nan,nan,nan
1753091966.6077533,nan,nan,nan,nan,nan,nan,nan,nan,nan,nan,nan,nan
1753091966.6477597,nan,nan,nan,nan,nan,nan,nan,nan,nan,nan,nan,nan
1753091966.687756,nan,nan,nan,nan,nan,nan,nan,nan,nan,nan,nan,nan
1753091966.7269423,nan,nan,nan,nan,nan,nan,nan,nan,nan,nan,nan,nan
1753091966.7619448,nan,nan,nan,nan,nan,nan,nan,nan,nan,nan,nan,nan
1753091966.7949474,nan,nan,nan,nan,nan,nan,nan,nan,nan,nan,nan,nan
1753091966.8270056,nan,nan,nan,nan,nan,nan,nan,nan,nan,nan,nan,nan
1753091966.8630002,nan,nan,nan,nan,nan,nan,nan,nan,nan,nan,nan,nan
1753091966.895008,nan,nan,nan,nan,nan,nan,nan,nan,nan,nan,nan,nan
1753091966.9285173,nan,nan,nan,nan,nan,nan,nan,nan,nan,nan,nan,nan
1753091966.9615178,nan,nan,nan,nan,nan,nan,nan,nan,nan,nan,nan,nan
1753091966.9925253,nan,nan,nan,nan,nan,nan,nan,nan,nan,nan,nan,nan
1753091967.0250392,nan,nan,nan,nan,nan,nan,nan,nan,nan,nan,nan,nan
1753091967.0580378,nan,nan,nan,nan,nan,nan,nan,nan,nan,nan,nan,nan
1753091967.092048,nan,nan,nan,nan,nan,nan,nan,nan,nan,nan,nan,nan
1753091967.1255522,nan,nan,nan,nan,nan,nan,nan,nan,nan,nan,nan,nan
1753091967.160554,nan,nan,nan,nan,nan,nan,nan,nan,nan,nan,nan,nan
1753091967.1945753,nan,nan,nan,nan,nan,nan,nan,nan,nan,nan,nan,nan
1753091967.227095,nan,nan,nan,nan,nan,nan,nan,nan,nan,nan,nan,nan
1753091967.2590916,nan,nan,nan,nan,nan,nan,nan,nan,nan,nan,nan,nan
1753091967.293102,nan,nan,nan,nan,nan,nan,nan,nan,nan,nan,nan,nan
1753091967.3252583,nan,nan,nan,nan,nan,nan,nan,nan,nan,nan,nan,nan
1753091967.3602612,nan,nan,nan,nan,nan,nan,nan,nan,nan,nan,nan,nan
1753091967.3922899,nan,nan,nan,nan,nan,nan,nan,nan,nan,nan,nan,nan
1753091967.4258046,nan,nan,nan,nan,nan,nan,nan,nan,nan,nan,nan,nan
1753091967.4608035,nan,nan,nan,nan,nan,nan,nan,nan,nan,nan,nan,nan
1753091967.4958107,nan,nan,nan,nan,nan,nan,nan,nan,nan,nan,nan,nan
1753091967.5313237,nan,nan,nan,nan,nan,nan,nan,nan,nan,nan,nan,nan
1753091967.567325,nan,nan,nan,nan,nan,nan,nan,nan,nan,nan,nan,nan
1753091967.599332,nan,nan,nan,nan,nan,nan,nan,nan,nan,nan,nan,nan
1753091967.6323779,nan,nan,nan,nan,nan,nan,nan,nan,nan,nan,nan,nan
1753091967.6663773,nan,nan,nan,nan,nan,nan,nan,nan,nan,nan,nan,nan
1753091967.7033854,nan,nan,nan,nan,nan,nan,nan,nan,nan,nan,nan,nan
1753091967.73791,nan,nan,nan,nan,nan,nan,nan,nan,nan,nan,nan,nan
1753091967.7729151,nan,nan,nan,nan,nan,nan,nan,nan,nan,nan,nan,nan
1753091967.8074281,nan,nan,nan,nan,nan,nan,nan,nan,nan,nan,nan,nan
1753091967.8394275,nan,nan,nan,nan,nan,nan,nan,nan,nan,nan,nan,nan
1753091967.8764284,nan,nan,nan,nan,nan,nan,nan,nan,nan,nan,nan,nan
1753091967.9109714,nan,nan,nan,nan,nan,nan,nan,nan,nan,nan,nan,nan
1753091967.9459689,nan,nan,nan,nan,nan,nan,nan,nan,nan,nan,nan,nan
1753091967.9799697,nan,nan,nan,nan,nan,nan,nan,nan,nan,nan,nan,nan
1753091968.0144923,nan,nan,nan,nan,nan,nan,nan,nan,nan,nan,nan,nan
1753091968.0484922,nan,nan,nan,nan,nan,nan,nan,nan,nan,nan,nan,nan
1753091968.0824926,nan,nan,nan,nan,nan,nan,nan,nan,nan,nan,nan,nan
1753091968.1170163,nan,nan,nan,nan,nan,nan,nan,nan,nan,nan,nan,nan
1753091968.1510167,nan,nan,nan,nan,nan,nan,nan,nan,nan,nan,nan,nan
1753091968.1840122,nan,nan,nan,nan,nan,nan,nan,nan,nan,nan,nan,nan
1753091968.223117,nan,nan,nan,nan,nan,nan,nan,nan,nan,nan,nan,nan
1753091968.2641137,nan,nan,nan,nan,nan,nan,nan,nan,nan,nan,nan,nan
1753091968.30312,nan,nan,nan,nan,nan,nan,nan,nan,nan,nan,nan,nan
1753091968.3421576,nan,nan,nan,nan,nan,nan,nan,nan,nan,nan,nan,nan
1753091968.382158,nan,nan,nan,nan,nan,nan,nan,nan,nan,nan,nan,nan
1753091968.4216545,nan,nan,nan,nan,nan,nan,nan,nan,nan,nan,nan,nan
1753091968.4626548,nan,nan,nan,nan,nan,nan,nan,nan,nan,nan,nan,nan
1753091968.4996574,nan,nan,nan,nan,nan,nan,nan,nan,nan,nan,nan,nan
1753091968.5331688,nan,nan,nan,nan,nan,nan,nan,nan,nan,nan,nan,nan
1753091968.5701694,nan,nan,nan,nan,nan,nan,nan,nan,nan,nan,nan,nan
1753091968.6056933,nan,nan,nan,nan,nan,nan,nan,nan,nan,nan,nan,nan
1753091968.6387043,nan,nan,nan,nan,nan,nan,nan,nan,nan,nan,nan,nan
1753091968.6727068,nan,nan,nan,nan,nan,nan,nan,nan,nan,nan,nan,nan
1753091968.7062206,nan,nan,nan,nan,nan,nan,nan,nan,nan,nan,nan,nan
1753091968.7422206,nan,nan,nan,nan,nan,nan,nan,nan,nan,nan,nan,nan
1753091968.7792222,nan,nan,nan,nan,nan,nan,nan,nan,nan,nan,nan,nan
1753091968.8163671,nan,nan,nan,nan,nan,nan,nan,nan,nan,nan,nan,nan
1753091968.8513627,nan,nan,nan,nan,nan,nan,nan,nan,nan,nan,nan,nan
1753091968.8863647,nan,nan,nan,nan,nan,nan,nan,nan,nan,nan,nan,nan
1753091968.9218838,nan,nan,nan,nan,nan,nan,nan,nan,nan,nan,nan,nan
1753091968.955881,nan,nan,nan,nan,nan,nan,nan,nan,nan,nan,nan,nan
1753091968.9918902,nan,nan,nan,nan,nan,nan,nan,nan,nan,nan,nan,nan
1753091969.026398,nan,nan,nan,nan,nan,nan,nan,nan,nan,nan,nan,nan
1753091969.0593994,nan,nan,nan,nan,nan,nan,nan,nan,nan,nan,nan,nan
1753091969.0924044,nan,nan,nan,nan,nan,nan,nan,nan,nan,nan,nan,nan
1753091969.12865,nan,nan,nan,nan,nan,nan,nan,nan,nan,nan,nan,nan
1753091969.1646519,nan,nan,nan,nan,nan,nan,nan,nan,nan,nan,nan,nan
1753091969.1996477,nan,nan,nan,nan,nan,nan,nan,nan,nan,nan,nan,nan
1753091969.2317019,nan,nan,nan,nan,nan,nan,nan,nan,nan,nan,nan,nan
1753091969.2636983,nan,nan,nan,nan,nan,nan,nan,nan,nan,nan,nan,nan
1753091969.3007052,nan,nan,nan,nan,nan,nan,nan,nan,nan,nan,nan,nan
1753091969.336873,nan,nan,nan,nan,nan,nan,nan,nan,nan,nan,nan,nan
1753091969.3678749,nan,nan,nan,nan,nan,nan,nan,nan,nan,nan,nan,nan
1753091969.4018896,nan,nan,nan,nan,nan,nan,nan,nan,nan,nan,nan,nan
1753091969.4371436,nan,nan,nan,nan,nan,nan,nan,nan,nan,nan,nan,nan
1753091969.471127,nan,nan,nan,nan,nan,nan,nan,nan,nan,nan,nan,nan
1753091969.5041397,nan,nan,nan,nan,nan,nan,nan,nan,nan,nan,nan,nan
1753091969.5366516,nan,nan,nan,nan,nan,nan,nan,nan,nan,nan,nan,nan
1753091969.571656,nan,nan,nan,nan,nan,nan,nan,nan,nan,nan,nan,nan
1753091969.6061654,nan,nan,nan,nan,nan,nan,nan,nan,nan,nan,nan,nan
1753091969.6381755,nan,nan,nan,nan,nan,nan,nan,nan,nan,nan,nan,nan
1753091969.6741781,nan,nan,nan,nan,nan,nan,nan,nan,nan,nan,nan,nan
1753091969.7086957,nan,nan,nan,nan,nan,nan,nan,nan,nan,nan,nan,nan
1753091969.7427003,nan,nan,nan,nan,nan,nan,nan,nan,nan,nan,nan,nan
1753091969.7776966,nan,nan,nan,nan,nan,nan,nan,nan,nan,nan,nan,nan
1753091969.8092103,nan,nan,nan,nan,nan,nan,nan,nan,nan,nan,nan,nan
1753091969.8432143,nan,nan,nan,nan,nan,nan,nan,nan,nan,nan,nan,nan
1753091969.8802106,nan,nan,nan,nan,nan,nan,nan,nan,nan,nan,nan,nan
1753091969.9147553,nan,nan,nan,nan,nan,nan,nan,nan,nan,nan,nan,nan
1753091969.948754,nan,nan,nan,nan,nan,nan,nan,nan,nan,nan,nan,nan
1753091969.9837558,nan,nan,nan,nan,nan,nan,nan,nan,nan,nan,nan,nan
1753091970.0163014,nan,nan,nan,nan,nan,nan,nan,nan,nan,nan,nan,nan
1753091970.0513053,nan,nan,nan,nan,nan,nan,nan,nan,nan,nan,nan,nan
1753091970.0883029,nan,nan,nan,nan,nan,nan,nan,nan,nan,nan,nan,nan
1753091970.124819,nan,nan,nan,nan,nan,nan,nan,nan,nan,nan,nan,nan
1753091970.1578186,nan,nan,nan,nan,nan,nan,nan,nan,nan,nan,nan,nan
1753091970.191821,nan,nan,nan,nan,nan,nan,nan,nan,nan,nan,nan,nan
1753091970.228343,nan,nan,nan,nan,nan,nan,nan,nan,nan,nan,nan,nan
1753091970.2613444,nan,nan,nan,nan,nan,nan,nan,nan,nan,nan,nan,nan
1753091970.2953486,nan,nan,nan,nan,nan,nan,nan,nan,nan,nan,nan,nan
1753091970.3293972,nan,nan,nan,nan,nan,nan,nan,nan,nan,nan,nan,nan
1753091970.366403,nan,nan,nan,nan,nan,nan,nan,nan,nan,nan,nan,nan
1753091970.4024022,nan,nan,nan,nan,nan,nan,nan,nan,nan,nan,nan,nan
1753091970.437495,nan,nan,nan,nan,nan,nan,nan,nan,nan,nan,nan,nan
1753091970.472499,nan,nan,nan,nan,nan,nan,nan,nan,nan,nan,nan,nan
1753091970.5064988,nan,nan,nan,nan,nan,nan,nan,nan,nan,nan,nan,nan
1753091970.5415862,nan,nan,nan,nan,nan,nan,nan,nan,nan,nan,nan,nan
1753091970.5755885,nan,nan,nan,nan,nan,nan,nan,nan,nan,nan,nan,nan
1753091970.6087506,nan,nan,nan,nan,nan,nan,nan,nan,nan,nan,nan,nan
1753091970.6427515,nan,nan,nan,nan,nan,nan,nan,nan,nan,nan,nan,nan
1753091970.6757503,nan,nan,nan,nan,nan,nan,nan,nan,nan,nan,nan,nan
1753091970.711002,nan,nan,nan,nan,nan,nan,nan,nan,nan,nan,nan,nan
1753091970.7460022,nan,nan,nan,nan,nan,nan,nan,nan,nan,nan,nan,nan
1753091970.7790017,nan,nan,nan,nan,nan,nan,nan,nan,nan,nan,nan,nan
1753091970.8122735,nan,nan,nan,nan,nan,nan,nan,nan,nan,nan,nan,nan
1753091970.8462715,nan,nan,nan,nan,nan,nan,nan,nan,nan,nan,nan,nan
1753091970.881273,nan,nan,nan,nan,nan,nan,nan,nan,nan,nan,nan,nan
1753091970.9157913,nan,nan,nan,nan,nan,nan,nan,nan,nan,nan,nan,nan
1753091970.9517953,nan,nan,nan,nan,nan,nan,nan,nan,nan,nan,nan,nan
1753091970.9867926,nan,nan,nan,nan,nan,nan,nan,nan,nan,nan,nan,nan
1753091971.021312,nan,nan,nan,nan,nan,nan,nan,nan,nan,nan,nan,nan
1753091971.055315,nan,nan,nan,nan,nan,nan,nan,nan,nan,nan,nan,nan
1753091971.0903153,nan,nan,nan,nan,nan,nan,nan,nan,nan,nan,nan,nan
1753091971.1258285,nan,nan,nan,nan,nan,nan,nan,nan,nan,nan,nan,nan
1753091971.1588285,nan,nan,nan,nan,nan,nan,nan,nan,nan,nan,nan,nan
1753091971.192828,nan,nan,nan,nan,nan,nan,nan,nan,nan,nan,nan,nan
1753091971.2273474,nan,nan,nan,nan,nan,nan,nan,nan,nan,nan,nan,nan
1753091971.2613475,nan,nan,nan,nan,nan,nan,nan,nan,nan,nan,nan,nan
1753091971.295357,nan,nan,nan,nan,nan,nan,nan,nan,nan,nan,nan,nan
1753091971.3298674,nan,nan,nan,nan,nan,nan,nan,nan,nan,nan,nan,nan
1753091971.3628669,nan,nan,nan,nan,nan,nan,nan,nan,nan,nan,nan,nan
1753091971.3988843,nan,nan,nan,nan,nan,nan,nan,nan,nan,nan,nan,nan
1753091971.4363933,nan,nan,nan,nan,nan,nan,nan,nan,nan,nan,nan,nan
1753091971.4713907,nan,nan,nan,nan,nan,nan,nan,nan,nan,nan,nan,nan
1753091971.5054085,nan,nan,nan,nan,nan,nan,nan,nan,nan,nan,nan,nan
1753091971.5395064,nan,nan,nan,nan,nan,nan,nan,nan,nan,nan,nan,nan
1753091971.5745,nan,nan,nan,nan,nan,nan,nan,nan,nan,nan,nan,nan
1753091971.6085246,nan,nan,nan,nan,nan,nan,nan,nan,nan,nan,nan,nan
1753091971.6440494,nan,nan,nan,nan,nan,nan,nan,nan,nan,nan,nan,nan
1753091971.6800437,nan,nan,nan,nan,nan,nan,nan,nan,nan,nan,nan,nan
1753091971.7125685,nan,nan,nan,nan,nan,nan,nan,nan,nan,nan,nan,nan
1753091971.7495704,nan,nan,nan,nan,nan,nan,nan,nan,nan,nan,nan,nan
1753091971.7865677,nan,nan,nan,nan,nan,nan,nan,nan,nan,nan,nan,nan
1753091971.8266845,nan,nan,nan,nan,nan,nan,nan,nan,nan,nan,nan,nan
1753091971.8666754,nan,nan,nan,nan,nan,nan,nan,nan,nan,nan,nan,nan
1753091971.9056866,nan,nan,nan,nan,nan,nan,nan,nan,nan,nan,nan,nan
1753091971.9397655,nan,nan,nan,nan,nan,nan,nan,nan,nan,nan,nan,nan
1753091971.9717538,nan,nan,nan,nan,nan,nan,nan,nan,nan,nan,nan,nan
1753091972.0067594,nan,nan,nan,nan,nan,nan,nan,nan,nan,nan,nan,nan
1753091972.0408113,nan,nan,nan,nan,nan,nan,nan,nan,nan,nan,nan,nan
1753091972.0748131,nan,nan,nan,nan,nan,nan,nan,nan,nan,nan,nan,nan
1753091972.1078174,nan,nan,nan,nan,nan,nan,nan,nan,nan,nan,nan,nan
1753091972.1409218,nan,nan,nan,nan,nan,nan,nan,nan,nan,nan,nan,nan
1753091972.1729212,nan,nan,nan,nan,nan,nan,nan,nan,nan,nan,nan,nan
1753091972.2049375,nan,nan,nan,nan,nan,nan,nan,nan,nan,nan,nan,nan
1753091972.239003,nan,nan,nan,nan,nan,nan,nan,nan,nan,nan,nan,nan
1753091972.2750084,nan,nan,nan,nan,nan,nan,nan,nan,nan,nan,nan,nan
1753091972.3132572,nan,nan,nan,nan,nan,nan,nan,nan,nan,nan,nan,nan
1753091972.3482533,nan,nan,nan,nan,nan,nan,nan,nan,nan,nan,nan,nan
1753091972.3822525,nan,nan,nan,nan,nan,nan,nan,nan,nan,nan,nan,nan
1753091972.4164436,nan,nan,nan,nan,nan,nan,nan,nan,nan,nan,nan,nan
1753091972.453446,nan,nan,nan,nan,nan,nan,nan,nan,nan,nan,nan,nan
1753091972.4914446,nan,nan,nan,nan,nan,nan,nan,nan,nan,nan,nan,nan
1753091972.5259733,nan,nan,nan,nan,nan,nan,nan,nan,nan,nan,nan,nan
1753091972.5599713,nan,nan,nan,nan,nan,nan,nan,nan,nan,nan,nan,nan
1753091972.5939696,nan,nan,nan,nan,nan,nan,nan,nan,nan,nan,nan,nan
1753091972.627486,nan,nan,nan,nan,nan,nan,nan,nan,nan,nan,nan,nan
1753091972.6614876,nan,nan,nan,nan,nan,nan,nan,nan,nan,nan,nan,nan
1753091972.697503,nan,nan,nan,nan,nan,nan,nan,nan,nan,nan,nan,nan
1753091972.730012,nan,nan,nan,nan,nan,nan,nan,nan,nan,nan,nan,nan
1753091972.766012,nan,nan,nan,nan,nan,nan,nan,nan,nan,nan,nan,nan
1753091972.8000205,nan,nan,nan,nan,nan,nan,nan,nan,nan,nan,nan,nan
1753091972.835462,nan,nan,nan,nan,nan,nan,nan,nan,nan,nan,nan,nan
1753091972.8694668,nan,nan,nan,nan,nan,nan,nan,nan,nan,nan,nan,nan
1753091972.9054737,nan,nan,nan,nan,nan,nan,nan,nan,nan,nan,nan,nan
1753091972.9409873,nan,nan,nan,nan,nan,nan,nan,nan,nan,nan,nan,nan
1753091972.973983,nan,nan,nan,nan,nan,nan,nan,nan,nan,nan,nan,nan
1753091973.0079906,nan,nan,nan,nan,nan,nan,nan,nan,nan,nan,nan,nan
1753091973.0411258,nan,nan,nan,nan,nan,nan,nan,nan,nan,nan,nan,nan
1753091973.0801253,nan,nan,nan,nan,nan,nan,nan,nan,nan,nan,nan,nan
1753091973.1166546,nan,nan,nan,nan,nan,nan,nan,nan,nan,nan,nan,nan
1753091973.1526577,nan,nan,nan,nan,nan,nan,nan,nan,nan,nan,nan,nan
1753091973.1866522,nan,nan,nan,nan,nan,nan,nan,nan,nan,nan,nan,nan
1753091973.2191734,nan,nan,nan,nan,nan,nan,nan,nan,nan,nan,nan,nan
1753091973.2531722,nan,nan,nan,nan,nan,nan,nan,nan,nan,nan,nan,nan
1753091973.2861695,nan,nan,nan,nan,nan,nan,nan,nan,nan,nan,nan,nan
1753091973.322693,nan,nan,nan,nan,nan,nan,nan,nan,nan,nan,nan,nan
1753091973.3576865,nan,nan,nan,nan,nan,nan,nan,nan,nan,nan,nan,nan
1753091973.3936868,nan,nan,nan,nan,nan,nan,nan,nan,nan,nan,nan,nan
1753091973.4262018,nan,nan,nan,nan,nan,nan,nan,nan,nan,nan,nan,nan
1753091973.460202,nan,nan,nan,nan,nan,nan,nan,nan,nan,nan,nan,nan
1753091973.494202,nan,nan,nan,nan,nan,nan,nan,nan,nan,nan,nan,nan
1753091973.5293696,nan,nan,nan,nan,nan,nan,nan,nan,nan,nan,nan,nan
1753091973.5683653,nan,nan,nan,nan,nan,nan,nan,nan,nan,nan,nan,nan
1753091973.60137,nan,nan,nan,nan,nan,nan,nan,nan,nan,nan,nan,nan
1753091973.6338828,nan,nan,nan,nan,nan,nan,nan,nan,nan,nan,nan,nan
1753091973.667885,nan,nan,nan,nan,nan,nan,nan,nan,nan,nan,nan,nan
1753091973.7018957,nan,nan,nan,nan,nan,nan,nan,nan,nan,nan,nan,nan
1753091973.734412,nan,nan,nan,nan,nan,nan,nan,nan,nan,nan,nan,nan
1753091973.7694132,nan,nan,nan,nan,nan,nan,nan,nan,nan,nan,nan,nan
1753091973.8054173,nan,nan,nan,nan,nan,nan,nan,nan,nan,nan,nan,nan
1753091973.8436594,nan,nan,nan,nan,nan,nan,nan,nan,nan,nan,nan,nan
1753091973.8766592,nan,nan,nan,nan,nan,nan,nan,nan,nan,nan,nan,nan
1753091973.9122374,nan,nan,nan,nan,nan,nan,nan,nan,nan,nan,nan,nan
1753091973.9482408,nan,nan,nan,nan,nan,nan,nan,nan,nan,nan,nan,nan
1753091973.982237,nan,nan,nan,nan,nan,nan,nan,nan,nan,nan,nan,nan
1753091974.014753,nan,nan,nan,nan,nan,nan,nan,nan,nan,nan,nan,nan
1753091974.050758,nan,nan,nan,nan,nan,nan,nan,nan,nan,nan,nan,nan
1753091974.0847547,nan,nan,nan,nan,nan,nan,nan,nan,nan,nan,nan,nan
1753091974.1192737,nan,nan,nan,nan,nan,nan,nan,nan,nan,nan,nan,nan
1753091974.1512716,nan,nan,nan,nan,nan,nan,nan,nan,nan,nan,nan,nan
1753091974.1892715,nan,nan,nan,nan,nan,nan,nan,nan,nan,nan,nan,nan
1753091974.2253885,nan,nan,nan,nan,nan,nan,nan,nan,nan,nan,nan,nan
1753091974.2583861,nan,nan,nan,nan,nan,nan,nan,nan,nan,nan,nan,nan
1753091974.2929099,nan,nan,nan,nan,nan,nan,nan,nan,nan,nan,nan,nan
1753091974.3274632,nan,nan,nan,nan,nan,nan,nan,nan,nan,nan,nan,nan
1753091974.3604555,nan,nan,nan,nan,nan,nan,nan,nan,nan,nan,nan,nan
1753091974.394457,nan,nan,nan,nan,nan,nan,nan,nan,nan,nan,nan,nan
1753091974.4306786,nan,nan,nan,nan,nan,nan,nan,nan,nan,nan,nan,nan
1753091974.464679,nan,nan,nan,nan,nan,nan,nan,nan,nan,nan,nan,nan
1753091974.5026815,nan,nan,nan,nan,nan,nan,nan,nan,nan,nan,nan,nan
1753091974.5352373,nan,nan,nan,nan,nan,nan,nan,nan,nan,nan,nan,nan
1753091974.5712283,nan,nan,nan,nan,nan,nan,nan,nan,nan,nan,nan,nan
1753091974.6062367,nan,nan,nan,nan,nan,nan,nan,nan,nan,nan,nan,nan
1753091974.6407511,nan,nan,nan,nan,nan,nan,nan,nan,nan,nan,nan,nan
1753091974.6737518,nan,nan,nan,nan,nan,nan,nan,nan,nan,nan,nan,nan
1753091974.7077541,nan,nan,nan,nan,nan,nan,nan,nan,nan,nan,nan,nan
1753091974.7439167,nan,nan,nan,nan,nan,nan,nan,nan,nan,nan,nan,nan
1753091974.777921,nan,nan,nan,nan,nan,nan,nan,nan,nan,nan,nan,nan
1753091974.8124313,nan,nan,nan,nan,nan,nan,nan,nan,nan,nan,nan,nan
1753091974.8454401,nan,nan,nan,nan,nan,nan,nan,nan,nan,nan,nan,nan
1753091974.879439,nan,nan,nan,nan,nan,nan,nan,nan,nan,nan,nan,nan
1753091974.9149628,nan,nan,nan,nan,nan,nan,nan,nan,nan,nan,nan,nan
1753091974.948961,nan,nan,nan,nan,nan,nan,nan,nan,nan,nan,nan,nan
1753091974.9819608,nan,nan,nan,nan,nan,nan,nan,nan,nan,nan,nan,nan
1753091975.016479,nan,nan,nan,nan,nan,nan,nan,nan,nan,nan,nan,nan
1753091975.0504801,nan,nan,nan,nan,nan,nan,nan,nan,nan,nan,nan,nan
1753091975.0854795,nan,nan,nan,nan,nan,nan,nan,nan,nan,nan,nan,nan
1753091975.120871,nan,nan,nan,nan,nan,nan,nan,nan,nan,nan,nan,nan
1753091975.1568708,nan,nan,nan,nan,nan,nan,nan,nan,nan,nan,nan,nan
1753091975.18987,nan,nan,nan,nan,nan,nan,nan,nan,nan,nan,nan,nan
1753091975.2233922,nan,nan,nan,nan,nan,nan,nan,nan,nan,nan,nan,nan
1753091975.25839,nan,nan,nan,nan,nan,nan,nan,nan,nan,nan,nan,nan
1753091975.2923872,nan,nan,nan,nan,nan,nan,nan,nan,nan,nan,nan,nan
1753091975.327934,nan,nan,nan,nan,nan,nan,nan,nan,nan,nan,nan,nan
1753091975.3599355,nan,nan,nan,nan,nan,nan,nan,nan,nan,nan,nan,nan
1753091975.3929338,nan,nan,nan,nan,nan,nan,nan,nan,nan,nan,nan,nan
1753091975.4260592,nan,nan,nan,nan,nan,nan,nan,nan,nan,nan,nan,nan
1753091975.460059,nan,nan,nan,nan,nan,nan,nan,nan,nan,nan,nan,nan
1753091975.4960594,nan,nan,nan,nan,nan,nan,nan,nan,nan,nan,nan,nan
1753091975.5355837,nan,nan,nan,nan,nan,nan,nan,nan,nan,nan,nan,nan
1753091975.5735822,nan,nan,nan,nan,nan,nan,nan,nan,nan,nan,nan,nan
1753091975.6141417,nan,nan,nan,nan,nan,nan,nan,nan,nan,nan,nan,nan
1753091975.6541424,nan,nan,nan,nan,nan,nan,nan,nan,nan,nan,nan,nan
1753091975.692148,nan,nan,nan,nan,nan,nan,nan,nan,nan,nan,nan,nan
1753091975.728678,nan,nan,nan,nan,nan,nan,nan,nan,nan,nan,nan,nan
1753091975.7606745,nan,nan,nan,nan,nan,nan,nan,nan,nan,nan,nan,nan
1753091975.795676,nan,nan,nan,nan,nan,nan,nan,nan,nan,nan,nan,nan
1753091975.828197,nan,nan,nan,nan,nan,nan,nan,nan,nan,nan,nan,nan
1753091975.8621988,nan,nan,nan,nan,nan,nan,nan,nan,nan,nan,nan,nan
1753091975.9052217,nan,nan,nan,nan,nan,nan,nan,nan,nan,nan,nan,nan
1753091975.9427383,nan,nan,nan,nan,nan,nan,nan,nan,nan,nan,nan,nan
1753091975.9757376,nan,nan,nan,nan,nan,nan,nan,nan,nan,nan,nan,nan
1753091976.0107439,nan,nan,nan,nan,nan,nan,nan,nan,nan,nan,nan,nan
1753091976.0442646,nan,nan,nan,nan,nan,nan,nan,nan,nan,nan,nan,nan
1753091976.078261,nan,nan,nan,nan,nan,nan,nan,nan,nan,nan,nan,nan
1753091976.1112778,nan,nan,nan,nan,nan,nan,nan,nan,nan,nan,nan,nan
1753091976.1457884,nan,nan,nan,nan,nan,nan,nan,nan,nan,nan,nan,nan
1753091976.1787887,nan,nan,nan,nan,nan,nan,nan,nan,nan,nan,nan,nan
1753091976.2117996,nan,nan,nan,nan,nan,nan,nan,nan,nan,nan,nan,nan
1753091976.2470853,nan,nan,nan,nan,nan,nan,nan,nan,nan,nan,nan,nan
1753091976.27909,nan,nan,nan,nan,nan,nan,nan,nan,nan,nan,nan,nan
1753091976.3131301,nan,nan,nan,nan,nan,nan,nan,nan,nan,nan,nan,nan
1753091976.3455858,nan,nan,nan,nan,nan,nan,nan,nan,nan,nan,nan,nan
1753091976.380582,nan,nan,nan,nan,nan,nan,nan,nan,nan,nan,nan,nan
1753091976.4125896,nan,nan,nan,nan,nan,nan,nan,nan,nan,nan,nan,nan
1753091976.4471045,nan,nan,nan,nan,nan,nan,nan,nan,nan,nan,nan,nan
1753091976.4801052,nan,nan,nan,nan,nan,nan,nan,nan,nan,nan,nan,nan
1753091976.514618,nan,nan,nan,nan,nan,nan,nan,nan,nan,nan,nan,nan
1753091976.5476272,nan,nan,nan,nan,nan,nan,nan,nan,nan,nan,nan,nan
1753091976.5826254,nan,nan,nan,nan,nan,nan,nan,nan,nan,nan,nan,nan
1753091976.6171417,nan,nan,nan,nan,nan,nan,nan,nan,nan,nan,nan,nan
1753091976.651143,nan,nan,nan,nan,nan,nan,nan,nan,nan,nan,nan,nan
1753091976.6881437,nan,nan,nan,nan,nan,nan,nan,nan,nan,nan,nan,nan
1753091976.7246637,nan,nan,nan,nan,nan,nan,nan,nan,nan,nan,nan,nan
1753091976.7636635,nan,nan,nan,nan,nan,nan,nan,nan,nan,nan,nan,nan
1753091976.795662,nan,nan,nan,nan,nan,nan,nan,nan,nan,nan,nan,nan
1753091976.8302042,nan,nan,nan,nan,nan,nan,nan,nan,nan,nan,nan,nan
1753091976.8642013,nan,nan,nan,nan,nan,nan,nan,nan,nan,nan,nan,nan
1753091976.897202,nan,nan,nan,nan,nan,nan,nan,nan,nan,nan,nan,nan
1753091976.9369502,nan,nan,nan,nan,nan,nan,nan,nan,nan,nan,nan,nan
1753091976.9729464,nan,nan,nan,nan,nan,nan,nan,nan,nan,nan,nan,nan
1753091977.0049531,nan,nan,nan,nan,nan,nan,nan,nan,nan,nan,nan,nan
1753091977.039467,nan,nan,nan,nan,nan,nan,nan,nan,nan,nan,nan,nan
1753091977.0734675,nan,nan,nan,nan,nan,nan,nan,nan,nan,nan,nan,nan
1753091977.1084776,nan,nan,nan,nan,nan,nan,nan,nan,nan,nan,nan,nan
1753091977.1429908,nan,nan,nan,nan,nan,nan,nan,nan,nan,nan,nan,nan
1753091977.1769938,nan,nan,nan,nan,nan,nan,nan,nan,nan,nan,nan,nan
1753091977.2119994,nan,nan,nan,nan,nan,nan,nan,nan,nan,nan,nan,nan
1753091977.2465522,nan,nan,nan,nan,nan,nan,nan,nan,nan,nan,nan,nan
1753091977.280549,nan,nan,nan,nan,nan,nan,nan,nan,nan,nan,nan,nan
1753091977.3150804,nan,nan,nan,nan,nan,nan,nan,nan,nan,nan,nan,nan
1753091977.349088,nan,nan,nan,nan,nan,nan,nan,nan,nan,nan,nan,nan
1753091977.3840892,nan,nan,nan,nan,nan,nan,nan,nan,nan,nan,nan,nan
1753091977.4186325,nan,nan,nan,nan,nan,nan,nan,nan,nan,nan,nan,nan
1753091977.4526289,nan,nan,nan,nan,nan,nan,nan,nan,nan,nan,nan,nan
1753091977.487635,nan,nan,nan,nan,nan,nan,nan,nan,nan,nan,nan,nan
1753091977.5221457,nan,nan,nan,nan,nan,nan,nan,nan,nan,nan,nan,nan
1753091977.5581493,nan,nan,nan,nan,nan,nan,nan,nan,nan,nan,nan,nan
1753091977.5931435,nan,nan,nan,nan,nan,nan,nan,nan,nan,nan,nan,nan
1753091977.6266687,nan,nan,nan,nan,nan,nan,nan,nan,nan,nan,nan,nan
1753091977.6616714,nan,nan,nan,nan,nan,nan,nan,nan,nan,nan,nan,nan
1753091977.6966722,nan,nan,nan,nan,nan,nan,nan,nan,nan,nan,nan,nan
1753091977.7298002,nan,nan,nan,nan,nan,nan,nan,nan,nan,nan,nan,nan
1753091977.7657943,nan,nan,nan,nan,nan,nan,nan,nan,nan,nan,nan,nan
1753091977.801802,nan,nan,nan,nan,nan,nan,nan,nan,nan,nan,nan,nan
1753091977.836878,nan,nan,nan,nan,nan,nan,nan,nan,nan,nan,nan,nan
1753091977.869878,nan,nan,nan,nan,nan,nan,nan,nan,nan,nan,nan,nan
1753091977.9038885,nan,nan,nan,nan,nan,nan,nan,nan,nan,nan,nan,nan
1753091977.9381256,nan,nan,nan,nan,nan,nan,nan,nan,nan,nan,nan,nan
1753091977.972128,nan,nan,nan,nan,nan,nan,nan,nan,nan,nan,nan,nan
1753091978.008133,nan,nan,nan,nan,nan,nan,nan,nan,nan,nan,nan,nan
1753091978.0416453,nan,nan,nan,nan,nan,nan,nan,nan,nan,nan,nan,nan
1753091978.0756447,nan,nan,nan,nan,nan,nan,nan,nan,nan,nan,nan,nan
1753091978.110653,nan,nan,nan,nan,nan,nan,nan,nan,nan,nan,nan,nan
1753091978.1461716,nan,nan,nan,nan,nan,nan,nan,nan,nan,nan,nan,nan
1753091978.18218,nan,nan,nan,nan,nan,nan,nan,nan,nan,nan,nan,nan
1753091978.2141776,nan,nan,nan,nan,nan,nan,nan,nan,nan,nan,nan,nan
1753091978.2472925,nan,nan,nan,nan,nan,nan,nan,nan,nan,nan,nan,nan
1753091978.2812917,nan,nan,nan,nan,nan,nan,nan,nan,nan,nan,nan,nan
1753091978.3188326,nan,nan,nan,nan,nan,nan,nan,nan,nan,nan,nan,nan
1753091978.3538256,nan,nan,nan,nan,nan,nan,nan,nan,nan,nan,nan,nan
1753091978.3888242,nan,nan,nan,nan,nan,nan,nan,nan,nan,nan,nan,nan
1753091978.4233572,nan,nan,nan,nan,nan,nan,nan,nan,nan,nan,nan,nan
1753091978.4573553,nan,nan,nan,nan,nan,nan,nan,nan,nan,nan,nan,nan
1753091978.4923599,nan,nan,nan,nan,nan,nan,nan,nan,nan,nan,nan,nan
1753091978.5258741,nan,nan,nan,nan,nan,nan,nan,nan,nan,nan,nan,nan
1753091978.561873,nan,nan,nan,nan,nan,nan,nan,nan,nan,nan,nan,nan
1753091978.5948758,nan,nan,nan,nan,nan,nan,nan,nan,nan,nan,nan,nan
1753091978.6294017,nan,nan,nan,nan,nan,nan,nan,nan,nan,nan,nan,nan
1753091978.6643999,nan,nan,nan,nan,nan,nan,nan,nan,nan,nan,nan,nan
1753091978.6984024,nan,nan,nan,nan,nan,nan,nan,nan,nan,nan,nan,nan
1753091978.7329159,nan,nan,nan,nan,nan,nan,nan,nan,nan,nan,nan,nan
1753091978.7689188,nan,nan,nan,nan,nan,nan,nan,nan,nan,nan,nan,nan
1753091978.8029215,nan,nan,nan,nan,nan,nan,nan,nan,nan,nan,nan,nan
1753091978.8391557,nan,nan,nan,nan,nan,nan,nan,nan,nan,nan,nan,nan
1753091978.8761575,nan,nan,nan,nan,nan,nan,nan,nan,nan,nan,nan,nan
1753091978.9101646,nan,nan,nan,nan,nan,nan,nan,nan,nan,nan,nan,nan
1753091978.9456863,nan,nan,nan,nan,nan,nan,nan,nan,nan,nan,nan,nan
1753091978.9796796,nan,nan,nan,nan,nan,nan,nan,nan,nan,nan,nan,nan
1753091979.0146844,nan,nan,nan,nan,nan,nan,nan,nan,nan,nan,nan,nan
1753091979.0492141,nan,nan,nan,nan,nan,nan,nan,nan,nan,nan,nan,nan
1753091979.0812051,nan,nan,nan,nan,nan,nan,nan,nan,nan,nan,nan,nan
1753091979.1142151,nan,nan,nan,nan,nan,nan,nan,nan,nan,nan,nan,nan
1753091979.1494055,nan,nan,nan,nan,nan,nan,nan,nan,nan,nan,nan,nan
1753091979.1834035,nan,nan,nan,nan,nan,nan,nan,nan,nan,nan,nan,nan
1753091979.2164094,nan,nan,nan,nan,nan,nan,nan,nan,nan,nan,nan,nan
1753091979.2499337,nan,nan,nan,nan,nan,nan,nan,nan,nan,nan,nan,nan
1753091979.282932,nan,nan,nan,nan,nan,nan,nan,nan,nan,nan,nan,nan
1753091979.3159575,nan,nan,nan,nan,nan,nan,nan,nan,nan,nan,nan,nan
1753091979.3534813,nan,nan,nan,nan,nan,nan,nan,nan,nan,nan,nan,nan
1753091979.3874774,nan,nan,nan,nan,nan,nan,nan,nan,nan,nan,nan,nan
1753091979.4219923,nan,nan,nan,nan,nan,nan,nan,nan,nan,nan,nan,nan
1753091979.455992,nan,nan,nan,nan,nan,nan,nan,nan,nan,nan,nan,nan
1753091979.4919946,nan,nan,nan,nan,nan,nan,nan,nan,nan,nan,nan,nan
1753091979.5285165,nan,nan,nan,nan,nan,nan,nan,nan,nan,nan,nan,nan
1753091979.566516,nan,nan,nan,nan,nan,nan,nan,nan,nan,nan,nan,nan
1753091979.605527,nan,nan,nan,nan,nan,nan,nan,nan,nan,nan,nan,nan
1753091979.643792,nan,nan,nan,nan,nan,nan,nan,nan,nan,nan,nan,nan
1753091979.6787903,nan,nan,nan,nan,nan,nan,nan,nan,nan,nan,nan,nan
1753091979.7137952,nan,nan,nan,nan,nan,nan,nan,nan,nan,nan,nan,nan
1753091979.7483099,nan,nan,nan,nan,nan,nan,nan,nan,nan,nan,nan,nan
1753091979.7883153,nan,nan,nan,nan,nan,nan,nan,nan,nan,nan,nan,nan
1753091979.8278422,nan,nan,nan,nan,nan,nan,nan,nan,nan,nan,nan,nan
1753091979.8668423,nan,nan,nan,nan,nan,nan,nan,nan,nan,nan,nan,nan
1753091979.9138508,nan,nan,nan,nan,nan,nan,nan,nan,nan,nan,nan,nan
1753091979.9581742,nan,nan,nan,nan,nan,nan,nan,nan,nan,nan,nan,nan
1753091979.9981773,nan,nan,nan,nan,nan,nan,nan,nan,nan,nan,nan,nan
1753091980.041706,nan,nan,nan,nan,nan,nan,nan,nan,nan,nan,nan,nan
1753091980.0827055,nan,nan,nan,nan,nan,nan,nan,nan,nan,nan,nan,nan
1753091980.121386,nan,nan,nan,nan,nan,nan,nan,nan,nan,nan,nan,nan
1753091980.1633852,nan,nan,nan,nan,nan,nan,nan,nan,nan,nan,nan,nan
1753091980.2063925,nan,nan,nan,nan,nan,nan,nan,nan,nan,nan,nan,nan
1753091980.248526,nan,nan,nan,nan,nan,nan,nan,nan,nan,nan,nan,nan
1753091980.2895255,nan,nan,nan,nan,nan,nan,nan,nan,nan,nan,nan,nan
1753091980.327696,nan,nan,nan,nan,nan,nan,nan,nan,nan,nan,nan,nan
1753091980.3726964,nan,nan,nan,nan,nan,nan,nan,nan,nan,nan,nan,nan
1753091980.4177055,nan,nan,nan,nan,nan,nan,nan,nan,nan,nan,nan,nan
1753091980.4620137,nan,nan,nan,nan,nan,nan,nan,nan,nan,nan,nan,nan
1753091980.5000176,nan,nan,nan,nan,nan,nan,nan,nan,nan,nan,nan,nan
1753091980.536535,nan,nan,nan,nan,nan,nan,nan,nan,nan,nan,nan,nan
1753091980.5775414,nan,nan,nan,nan,nan,nan,nan,nan,nan,nan,nan,nan
1753091980.6230624,nan,nan,nan,nan,nan,nan,nan,nan,nan,nan,nan,nan
1753091980.6650653,nan,nan,nan,nan,nan,nan,nan,nan,nan,nan,nan,nan
1753091980.7060738,nan,nan,nan,nan,nan,nan,nan,nan,nan,nan,nan,nan
1753091980.7455902,nan,nan,nan,nan,nan,nan,nan,nan,nan,nan,nan,nan
1753091980.7905912,nan,nan,nan,nan,nan,nan,nan,nan,nan,nan,nan,nan
1753091980.8306675,nan,nan,nan,nan,nan,nan,nan,nan,nan,nan,nan,nan
1753091980.87267,nan,nan,nan,nan,nan,nan,nan,nan,nan,nan,nan,nan
1753091980.9086845,nan,nan,nan,nan,nan,nan,nan,nan,nan,nan,nan,nan
1753091980.9448135,nan,nan,nan,nan,nan,nan,nan,nan,nan,nan,nan,nan
1753091980.9858103,nan,nan,nan,nan,nan,nan,nan,nan,nan,nan,nan,nan
1753091981.0233352,nan,nan,nan,nan,nan,nan,nan,nan,nan,nan,nan,nan
1753091981.0603335,nan,nan,nan,nan,nan,nan,nan,nan,nan,nan,nan,nan
1753091981.0933347,nan,nan,nan,nan,nan,nan,nan,nan,nan,nan,nan,nan
1753091981.1278572,nan,nan,nan,nan,nan,nan,nan,nan,nan,nan,nan,nan
1753091981.1628585,nan,nan,nan,nan,nan,nan,nan,nan,nan,nan,nan,nan
1753091981.1968591,nan,nan,nan,nan,nan,nan,nan,nan,nan,nan,nan,nan
1753091981.2320113,nan,nan,nan,nan,nan,nan,nan,nan,nan,nan,nan,nan
1753091981.2680104,nan,nan,nan,nan,nan,nan,nan,nan,nan,nan,nan,nan
1753091981.3020105,nan,nan,nan,nan,nan,nan,nan,nan,nan,nan,nan,nan
1753091981.3351104,nan,nan,nan,nan,nan,nan,nan,nan,nan,nan,nan,nan
1753091981.3721108,nan,nan,nan,nan,nan,nan,nan,nan,nan,nan,nan,nan
1753091981.4101183,nan,nan,nan,nan,nan,nan,nan,nan,nan,nan,nan,nan
1753091981.4486427,nan,nan,nan,nan,nan,nan,nan,nan,nan,nan,nan,nan
1753091981.4856498,nan,nan,nan,nan,nan,nan,nan,nan,nan,nan,nan,nan
1753091981.5211627,nan,nan,nan,nan,nan,nan,nan,nan,nan,nan,nan,nan
1753091981.556166,nan,nan,nan,nan,nan,nan,nan,nan,nan,nan,nan,nan
1753091981.5921583,nan,nan,nan,nan,nan,nan,nan,nan,nan,nan,nan,nan
1753091981.626692,nan,nan,nan,nan,nan,nan,nan,nan,nan,nan,nan,nan
1753091981.664691,nan,nan,nan,nan,nan,nan,nan,nan,nan,nan,nan,nan
1753091981.7016983,nan,nan,nan,nan,nan,nan,nan,nan,nan,nan,nan,nan
1753091981.7372165,nan,nan,nan,nan,nan,nan,nan,nan,nan,nan,nan,nan
1753091981.7742157,nan,nan,nan,nan,nan,nan,nan,nan,nan,nan,nan,nan
1753091981.811227,nan,nan,nan,nan,nan,nan,nan,nan,nan,nan,nan,nan
1753091981.8557422,nan,nan,nan,nan,nan,nan,nan,nan,nan,nan,nan,nan
1753091981.8967452,nan,nan,nan,nan,nan,nan,nan,nan,nan,nan,nan,nan
1753091981.9368913,nan,nan,nan,nan,nan,nan,nan,nan,nan,nan,nan,nan
1753091981.978887,nan,nan,nan,nan,nan,nan,nan,nan,nan,nan,nan,nan
1753091982.0158978,nan,nan,nan,nan,nan,nan,nan,nan,nan,nan,nan,nan
1753091982.0574195,nan,nan,nan,nan,nan,nan,nan,nan,nan,nan,nan,nan
1753091982.093416,nan,nan,nan,nan,nan,nan,nan,nan,nan,nan,nan,nan
1753091982.135955,nan,nan,nan,nan,nan,nan,nan,nan,nan,nan,nan,nan
1753091982.180953,nan,nan,nan,nan,nan,nan,nan,nan,nan,nan,nan,nan
1753091982.2241294,nan,nan,nan,nan,nan,nan,nan,nan,nan,nan,nan,nan
1753091982.2661247,nan,nan,nan,nan,nan,nan,nan,nan,nan,nan,nan,nan
1753091982.3051264,nan,nan,nan,nan,nan,nan,nan,nan,nan,nan,nan,nan
1753091982.3422592,nan,nan,nan,nan,nan,nan,nan,nan,nan,nan,nan,nan
1753091982.3802588,nan,nan,nan,nan,nan,nan,nan,nan,nan,nan,nan,nan
1753091982.4162652,nan,nan,nan,nan,nan,nan,nan,nan,nan,nan,nan,nan
1753091982.451471,nan,nan,nan,nan,nan,nan,nan,nan,nan,nan,nan,nan
1753091982.4854708,nan,nan,nan,nan,nan,nan,nan,nan,nan,nan,nan,nan
1753091982.5194767,nan,nan,nan,nan,nan,nan,nan,nan,nan,nan,nan,nan
1753091982.5546534,nan,nan,nan,nan,nan,nan,nan,nan,nan,nan,nan,nan
1753091982.5876548,nan,nan,nan,nan,nan,nan,nan,nan,nan,nan,nan,nan
1753091982.622166,nan,nan,nan,nan,nan,nan,nan,nan,nan,nan,nan,nan
1753091982.6561787,nan,nan,nan,nan,nan,nan,nan,nan,nan,nan,nan,nan
1753091982.6891735,nan,nan,nan,nan,nan,nan,nan,nan,nan,nan,nan,nan
1753091982.7226925,nan,nan,nan,nan,nan,nan,nan,nan,nan,nan,nan,nan
1753091982.7566988,nan,nan,nan,nan,nan,nan,nan,nan,nan,nan,nan,nan
1753091982.7926886,nan,nan,nan,nan,nan,nan,nan,nan,nan,nan,nan,nan
1753091982.8288796,nan,nan,nan,nan,nan,nan,nan,nan,nan,nan,nan,nan
1753091982.8618755,nan,nan,nan,nan,nan,nan,nan,nan,nan,nan,nan,nan
1753091982.8948762,nan,nan,nan,nan,nan,nan,nan,nan,nan,nan,nan,nan
1753091982.9273992,nan,nan,nan,nan,nan,nan,nan,nan,nan,nan,nan,nan
1753091982.9614003,nan,nan,nan,nan,nan,nan,nan,nan,nan,nan,nan,nan
1753091982.9993992,nan,nan,nan,nan,nan,nan,nan,nan,nan,nan,nan,nan
1753091983.0329168,nan,nan,nan,nan,nan,nan,nan,nan,nan,nan,nan,nan
1753091983.068916,nan,nan,nan,nan,nan,nan,nan,nan,nan,nan,nan,nan
1753091983.1049278,nan,nan,nan,nan,nan,nan,nan,nan,nan,nan,nan,nan
1753091983.141127,nan,nan,nan,nan,nan,nan,nan,nan,nan,nan,nan,nan
1753091983.1751301,nan,nan,nan,nan,nan,nan,nan,nan,nan,nan,nan,nan
1753091983.2081323,nan,nan,nan,nan,nan,nan,nan,nan,nan,nan,nan,nan
1753091983.2416523,nan,nan,nan,nan,nan,nan,nan,nan,nan,nan,nan,nan
1753091983.2776508,nan,nan,nan,nan,nan,nan,nan,nan,nan,nan,nan,nan
1753091983.313665,nan,nan,nan,nan,nan,nan,nan,nan,nan,nan,nan,nan
1753091983.3481674,nan,nan,nan,nan,nan,nan,nan,nan,nan,nan,nan,nan
1753091983.3811662,nan,nan,nan,nan,nan,nan,nan,nan,nan,nan,nan,nan
1753091983.4141724,nan,nan,nan,nan,nan,nan,nan,nan,nan,nan,nan,nan
1753091983.449686,nan,nan,nan,nan,nan,nan,nan,nan,nan,nan,nan,nan
1753091983.483688,nan,nan,nan,nan,nan,nan,nan,nan,nan,nan,nan,nan
1753091983.5186956,nan,nan,nan,nan,nan,nan,nan,nan,nan,nan,nan,nan
1753091983.5512078,nan,nan,nan,nan,nan,nan,nan,nan,nan,nan,nan,nan
1753091983.583207,nan,nan,nan,nan,nan,nan,nan,nan,nan,nan,nan,nan
1753091983.6162148,nan,nan,nan,nan,nan,nan,nan,nan,nan,nan,nan,nan
1753091983.6483812,nan,nan,nan,nan,nan,nan,nan,nan,nan,nan,nan,nan
1753091983.6803799,nan,nan,nan,nan,nan,nan,nan,nan,nan,nan,nan,nan
1753091983.7153878,nan,nan,nan,nan,nan,nan,nan,nan,nan,nan,nan,nan
1753091983.7486303,nan,nan,nan,nan,nan,nan,nan,nan,nan,nan,nan,nan
1753091983.7826276,nan,nan,nan,nan,nan,nan,nan,nan,nan,nan,nan,nan
1753091983.816635,nan,nan,nan,nan,nan,nan,nan,nan,nan,nan,nan,nan
1753091983.8507318,nan,nan,nan,nan,nan,nan,nan,nan,nan,nan,nan,nan
1753091983.886734,nan,nan,nan,nan,nan,nan,nan,nan,nan,nan,nan,nan
1753091983.9242654,nan,nan,nan,nan,nan,nan,nan,nan,nan,nan,nan,nan
1753091983.9612586,nan,nan,nan,nan,nan,nan,nan,nan,nan,nan,nan,nan
1753091983.9932659,nan,nan,nan,nan,nan,nan,nan,nan,nan,nan,nan,nan
1753091984.028776,nan,nan,nan,nan,nan,nan,nan,nan,nan,nan,nan,nan
1753091984.0687752,nan,nan,nan,nan,nan,nan,nan,nan,nan,nan,nan,nan
1753091984.1057763,nan,nan,nan,nan,nan,nan,nan,nan,nan,nan,nan,nan
1753091984.1448548,nan,nan,nan,nan,nan,nan,nan,nan,nan,nan,nan,nan
1753091984.186857,nan,nan,nan,nan,nan,nan,nan,nan,nan,nan,nan,nan
1753091984.2273765,nan,nan,nan,nan,nan,nan,nan,nan,nan,nan,nan,nan
1753091984.261377,nan,nan,nan,nan,nan,nan,nan,nan,nan,nan,nan,nan
1753091984.299375,nan,nan,nan,nan,nan,nan,nan,nan,nan,nan,nan,nan
1753091984.333905,nan,nan,nan,nan,nan,nan,nan,nan,nan,nan,nan,nan
1753091984.3699033,nan,nan,nan,nan,nan,nan,nan,nan,nan,nan,nan,nan
1753091984.403904,nan,nan,nan,nan,nan,nan,nan,nan,nan,nan,nan,nan
1753091984.4401283,nan,nan,nan,nan,nan,nan,nan,nan,nan,nan,nan,nan
1753091984.476137,nan,nan,nan,nan,nan,nan,nan,nan,nan,nan,nan,nan
1753091984.5131361,nan,nan,nan,nan,nan,nan,nan,nan,nan,nan,nan,nan
1753091984.5456498,nan,nan,nan,nan,nan,nan,nan,nan,nan,nan,nan,nan
1753091984.5816517,nan,nan,nan,nan,nan,nan,nan,nan,nan,nan,nan,nan
1753091984.6176553,nan,nan,nan,nan,nan,nan,nan,nan,nan,nan,nan,nan
1753091984.6531668,nan,nan,nan,nan,nan,nan,nan,nan,nan,nan,nan,nan
1753091984.6911626,nan,nan,nan,nan,nan,nan,nan,nan,nan,nan,nan,nan
1753091984.7275026,nan,nan,nan,nan,nan,nan,nan,nan,nan,nan,nan,nan
1753091984.7615027,nan,nan,nan,nan,nan,nan,nan,nan,nan,nan,nan,nan
1753091984.7955027,nan,nan,nan,nan,nan,nan,nan,nan,nan,nan,nan,nan
1753091984.8290246,nan,nan,nan,nan,nan,nan,nan,nan,nan,nan,nan,nan
1753091984.8660219,nan,nan,nan,nan,nan,nan,nan,nan,nan,nan,nan,nan
1753091984.9000201,nan,nan,nan,nan,nan,nan,nan,nan,nan,nan,nan,nan
1753091984.9335382,nan,nan,nan,nan,nan,nan,nan,nan,nan,nan,nan,nan
1753091984.9665377,nan,nan,nan,nan,nan,nan,nan,nan,nan,nan,nan,nan
1753091985.0035355,nan,nan,nan,nan,nan,nan,nan,nan,nan,nan,nan,nan
1753091985.0380602,nan,nan,nan,nan,nan,nan,nan,nan,nan,nan,nan,nan
1753091985.0710597,nan,nan,nan,nan,nan,nan,nan,nan,nan,nan,nan,nan
1753091985.1080658,nan,nan,nan,nan,nan,nan,nan,nan,nan,nan,nan,nan
1753091985.1445894,nan,nan,nan,nan,nan,nan,nan,nan,nan,nan,nan,nan
1753091985.1815882,nan,nan,nan,nan,nan,nan,nan,nan,nan,nan,nan,nan
1753091985.220595,nan,nan,nan,nan,nan,nan,nan,nan,nan,nan,nan,nan
1753091985.2607553,nan,nan,nan,nan,nan,nan,nan,nan,nan,nan,nan,nan
1753091985.299755,nan,nan,nan,nan,nan,nan,nan,nan,nan,nan,nan,nan
1753091985.3352854,nan,nan,nan,nan,nan,nan,nan,nan,nan,nan,nan,nan
1753091985.371286,nan,nan,nan,nan,nan,nan,nan,nan,nan,nan,nan,nan
1753091985.4052858,nan,nan,nan,nan,nan,nan,nan,nan,nan,nan,nan,nan
1753091985.4408019,nan,nan,nan,nan,nan,nan,nan,nan,nan,nan,nan,nan
1753091985.4748,nan,nan,nan,nan,nan,nan,nan,nan,nan,nan,nan,nan
1753091985.5108073,nan,nan,nan,nan,nan,nan,nan,nan,nan,nan,nan,nan
1753091985.545876,nan,nan,nan,nan,nan,nan,nan,nan,nan,nan,nan,nan
1753091985.5818777,nan,nan,nan,nan,nan,nan,nan,nan,nan,nan,nan,nan
1753091985.6178799,nan,nan,nan,nan,nan,nan,nan,nan,nan,nan,nan,nan
1753091985.653395,nan,nan,nan,nan,nan,nan,nan,nan,nan,nan,nan,nan
1753091985.6913967,nan,nan,nan,nan,nan,nan,nan,nan,nan,nan,nan,nan
1753091985.7309258,nan,nan,nan,nan,nan,nan,nan,nan,nan,nan,nan,nan
1753091985.77492,nan,nan,nan,nan,nan,nan,nan,nan,nan,nan,nan,nan
1753091985.8179507,nan,nan,nan,nan,nan,nan,nan,nan,nan,nan,nan,nan
1753091985.8590171,nan,nan,nan,nan,nan,nan,nan,nan,nan,nan,nan,nan
1753091985.893021,nan,nan,nan,nan,nan,nan,nan,nan,nan,nan,nan,nan
1753091985.9272592,nan,nan,nan,nan,nan,nan,nan,nan,nan,nan,nan,nan
1753091985.9622567,nan,nan,nan,nan,nan,nan,nan,nan,nan,nan,nan,nan
1753091985.9982562,nan,nan,nan,nan,nan,nan,nan,nan,nan,nan,nan,nan
1753091986.0333374,nan,nan,nan,nan,nan,nan,nan,nan,nan,nan,nan,nan
1753091986.0674963,nan,nan,nan,nan,nan,nan,nan,nan,nan,nan,nan,nan
1753091986.1004975,nan,nan,nan,nan,nan,nan,nan,nan,nan,nan,nan,nan
1753091986.1370578,nan,nan,nan,nan,nan,nan,nan,nan,nan,nan,nan,nan
1753091986.1700606,nan,nan,nan,nan,nan,nan,nan,nan,nan,nan,nan,nan
1753091986.2060685,nan,nan,nan,nan,nan,nan,nan,nan,nan,nan,nan,nan
1753091986.2396603,nan,nan,nan,nan,nan,nan,nan,nan,nan,nan,nan,nan
1753091986.272662,nan,nan,nan,nan,nan,nan,nan,nan,nan,nan,nan,nan
1753091986.3096588,nan,nan,nan,nan,nan,nan,nan,nan,nan,nan,nan,nan
1753091986.3461814,nan,nan,nan,nan,nan,nan,nan,nan,nan,nan,nan,nan
1753091986.3801801,nan,nan,nan,nan,nan,nan,nan,nan,nan,nan,nan,nan
1753091986.416193,nan,nan,nan,nan,nan,nan,nan,nan,nan,nan,nan,nan
1753091986.4517002,nan,nan,nan,nan,nan,nan,nan,nan,nan,nan,nan,nan
1753091986.4866996,nan,nan,nan,nan,nan,nan,nan,nan,nan,nan,nan,nan
1753091986.5237222,nan,nan,nan,nan,nan,nan,nan,nan,nan,nan,nan,nan
1753091986.5553555,nan,nan,nan,nan,nan,nan,nan,nan,nan,nan,nan,nan
1753091986.5893557,nan,nan,nan,nan,nan,nan,nan,nan,nan,nan,nan,nan
1753091986.6223605,nan,nan,nan,nan,nan,nan,nan,nan,nan,nan,nan,nan
1753091986.6558976,nan,nan,nan,nan,nan,nan,nan,nan,nan,nan,nan,nan
1753091986.6908996,nan,nan,nan,nan,nan,nan,nan,nan,nan,nan,nan,nan
1753091986.725413,nan,nan,nan,nan,nan,nan,nan,nan,nan,nan,nan,nan
1753091986.7604241,nan,nan,nan,nan,nan,nan,nan,nan,nan,nan,nan,nan
1753091986.7934244,nan,nan,nan,nan,nan,nan,nan,nan,nan,nan,nan,nan
1753091986.8329465,nan,nan,nan,nan,nan,nan,nan,nan,nan,nan,nan,nan
1753091986.8669465,nan,nan,nan,nan,nan,nan,nan,nan,nan,nan,nan,nan
1753091986.9009466,nan,nan,nan,nan,nan,nan,nan,nan,nan,nan,nan,nan
1753091986.935489,nan,nan,nan,nan,nan,nan,nan,nan,nan,nan,nan,nan
1753091986.9684873,nan,nan,nan,nan,nan,nan,nan,nan,nan,nan,nan,nan
1753091987.0044882,nan,nan,nan,nan,nan,nan,nan,nan,nan,nan,nan,nan
1753091987.0410757,nan,nan,nan,nan,nan,nan,nan,nan,nan,nan,nan,nan
1753091987.0740764,nan,nan,nan,nan,nan,nan,nan,nan,nan,nan,nan,nan
1753091987.108077,nan,nan,nan,nan,nan,nan,nan,nan,nan,nan,nan,nan
1753091987.1426373,nan,nan,nan,nan,nan,nan,nan,nan,nan,nan,nan,nan
1753091987.1776445,nan,nan,nan,nan,nan,nan,nan,nan,nan,nan,nan,nan
1753091987.2176466,nan,nan,nan,nan,nan,nan,nan,nan,nan,nan,nan,nan
1753091987.260173,nan,nan,nan,nan,nan,nan,nan,nan,nan,nan,nan,nan
1753091987.3001728,nan,nan,nan,nan,nan,nan,nan,nan,nan,nan,nan,nan
1753091987.3397276,nan,nan,nan,nan,nan,nan,nan,nan,nan,nan,nan,nan
1753091987.3767283,nan,nan,nan,nan,nan,nan,nan,nan,nan,nan,nan,nan
1753091987.4137342,nan,nan,nan,nan,nan,nan,nan,nan,nan,nan,nan,nan
1753091987.4482658,nan,nan,nan,nan,nan,nan,nan,nan,nan,nan,nan,nan
1753091987.4842658,nan,nan,nan,nan,nan,nan,nan,nan,nan,nan,nan,nan
1753091987.520274,nan,nan,nan,nan,nan,nan,nan,nan,nan,nan,nan,nan
1753091987.554782,nan,nan,nan,nan,nan,nan,nan,nan,nan,nan,nan,nan
1753091987.5887835,nan,nan,nan,nan,nan,nan,nan,nan,nan,nan,nan,nan
1753091987.622793,nan,nan,nan,nan,nan,nan,nan,nan,nan,nan,nan,nan
1753091987.6564589,nan,nan,nan,nan,nan,nan,nan,nan,nan,nan,nan,nan
1753091987.6914492,nan,nan,nan,nan,nan,nan,nan,nan,nan,nan,nan,nan
1753091987.7259727,nan,nan,nan,nan,nan,nan,nan,nan,nan,nan,nan,nan
1753091987.7589834,nan,nan,nan,nan,nan,nan,nan,nan,nan,nan,nan,nan
1753091987.7939844,nan,nan,nan,nan,nan,nan,nan,nan,nan,nan,nan,nan
1753091987.8291671,nan,nan,nan,nan,nan,nan,nan,nan,nan,nan,nan,nan
1753091987.862169,nan,nan,nan,nan,nan,nan,nan,nan,nan,nan,nan,nan
1753091987.8961682,nan,nan,nan,nan,nan,nan,nan,nan,nan,nan,nan,nan
1753091987.930429,nan,nan,nan,nan,nan,nan,nan,nan,nan,nan,nan,nan
1753091987.9644341,nan,nan,nan,nan,nan,nan,nan,nan,nan,nan,nan,nan
1753091987.9994252,nan,nan,nan,nan,nan,nan,nan,nan,nan,nan,nan,nan
1753091988.0374835,nan,nan,nan,nan,nan,nan,nan,nan,nan,nan,nan,nan
1753091988.0734854,nan,nan,nan,nan,nan,nan,nan,nan,nan,nan,nan,nan
1753091988.1044836,nan,nan,nan,nan,nan,nan,nan,nan,nan,nan,nan,nan
1753091988.1381173,nan,nan,nan,nan,nan,nan,nan,nan,nan,nan,nan,nan
1753091988.173117,nan,nan,nan,nan,nan,nan,nan,nan,nan,nan,nan,nan
1753091988.209116,nan,nan,nan,nan,nan,nan,nan,nan,nan,nan,nan,nan
1753091988.2436705,nan,nan,nan,nan,nan,nan,nan,nan,nan,nan,nan,nan
1753091988.2776668,nan,nan,nan,nan,nan,nan,nan,nan,nan,nan,nan,nan
1753091988.3126886,nan,nan,nan,nan,nan,nan,nan,nan,nan,nan,nan,nan
1753091988.348202,nan,nan,nan,nan,nan,nan,nan,nan,nan,nan,nan,nan
1753091988.3862016,nan,nan,nan,nan,nan,nan,nan,nan,nan,nan,nan,nan
1753091988.42021,nan,nan,nan,nan,nan,nan,nan,nan,nan,nan,nan,nan
1753091988.4577184,nan,nan,nan,nan,nan,nan,nan,nan,nan,nan,nan,nan
1753091988.4907165,nan,nan,nan,nan,nan,nan,nan,nan,nan,nan,nan,nan
1753091988.5247247,nan,nan,nan,nan,nan,nan,nan,nan,nan,nan,nan,nan
1753091988.5592945,nan,nan,nan,nan,nan,nan,nan,nan,nan,nan,nan,nan
1753091988.5942912,nan,nan,nan,nan,nan,nan,nan,nan,nan,nan,nan,nan
1753091988.6278577,nan,nan,nan,nan,nan,nan,nan,nan,nan,nan,nan,nan
1753091988.662859,nan,nan,nan,nan,nan,nan,nan,nan,nan,nan,nan,nan
1753091988.6968575,nan,nan,nan,nan,nan,nan,nan,nan,nan,nan,nan,nan
1753091988.7300794,nan,nan,nan,nan,nan,nan,nan,nan,nan,nan,nan,nan
1753091988.767078,nan,nan,nan,nan,nan,nan,nan,nan,nan,nan,nan,nan
1753091988.806077,nan,nan,nan,nan,nan,nan,nan,nan,nan,nan,nan,nan
1753091988.843132,nan,nan,nan,nan,nan,nan,nan,nan,nan,nan,nan,nan
1753091988.8771403,nan,nan,nan,nan,nan,nan,nan,nan,nan,nan,nan,nan
1753091988.911134,nan,nan,nan,nan,nan,nan,nan,nan,nan,nan,nan,nan
1753091988.9448917,nan,nan,nan,nan,nan,nan,nan,nan,nan,nan,nan,nan
1753091988.9818923,nan,nan,nan,nan,nan,nan,nan,nan,nan,nan,nan,nan
1753091989.01492,nan,nan,nan,nan,nan,nan,nan,nan,nan,nan,nan,nan
1753091989.0514588,nan,nan,nan,nan,nan,nan,nan,nan,nan,nan,nan,nan
1753091989.0854578,nan,nan,nan,nan,nan,nan,nan,nan,nan,nan,nan,nan
1753091989.1204667,nan,nan,nan,nan,nan,nan,nan,nan,nan,nan,nan,nan
1753091989.1552627,nan,nan,nan,nan,nan,nan,nan,nan,nan,nan,nan,nan
1753091989.189259,nan,nan,nan,nan,nan,nan,nan,nan,nan,nan,nan,nan
1753091989.2232633,nan,nan,nan,nan,nan,nan,nan,nan,nan,nan,nan,nan
1753091989.2577791,nan,nan,nan,nan,nan,nan,nan,nan,nan,nan,nan,nan
1753091989.2907798,nan,nan,nan,nan,nan,nan,nan,nan,nan,nan,nan,nan
1753091989.323782,nan,nan,nan,nan,nan,nan,nan,nan,nan,nan,nan,nan
1753091989.3578439,nan,nan,nan,nan,nan,nan,nan,nan,nan,nan,nan,nan
1753091989.3928437,nan,nan,nan,nan,nan,nan,nan,nan,nan,nan,nan,nan
1753091989.4270604,nan,nan,nan,nan,nan,nan,nan,nan,nan,nan,nan,nan
1753091989.4641984,nan,nan,nan,nan,nan,nan,nan,nan,nan,nan,nan,nan
1753091989.4992025,nan,nan,nan,nan,nan,nan,nan,nan,nan,nan,nan,nan
1753091989.5327787,nan,nan,nan,nan,nan,nan,nan,nan,nan,nan,nan,nan
1753091989.5667796,nan,nan,nan,nan,nan,nan,nan,nan,nan,nan,nan,nan
1753091989.6027875,nan,nan,nan,nan,nan,nan,nan,nan,nan,nan,nan,nan
1753091989.6393342,nan,nan,nan,nan,nan,nan,nan,nan,nan,nan,nan,nan
1753091989.6773276,nan,nan,nan,nan,nan,nan,nan,nan,nan,nan,nan,nan
1753091989.7133248,nan,nan,nan,nan,nan,nan,nan,nan,nan,nan,nan,nan
1753091989.7476482,nan,nan,nan,nan,nan,nan,nan,nan,nan,nan,nan,nan
1753091989.782649,nan,nan,nan,nan,nan,nan,nan,nan,nan,nan,nan,nan
1753091989.814691,nan,nan,nan,nan,nan,nan,nan,nan,nan,nan,nan,nan
1753091989.8498657,nan,nan,nan,nan,nan,nan,nan,nan,nan,nan,nan,nan
1753091989.8828661,nan,nan,nan,nan,nan,nan,nan,nan,nan,nan,nan,nan
1753091989.918876,nan,nan,nan,nan,nan,nan,nan,nan,nan,nan,nan,nan
1753091989.954444,nan,nan,nan,nan,nan,nan,nan,nan,nan,nan,nan,nan
1753091989.9894428,nan,nan,nan,nan,nan,nan,nan,nan,nan,nan,nan,nan
1753091990.0234468,nan,nan,nan,nan,nan,nan,nan,nan,nan,nan,nan,nan
1753091990.0599637,nan,nan,nan,nan,nan,nan,nan,nan,nan,nan,nan,nan
1753091990.0959635,nan,nan,nan,nan,nan,nan,nan,nan,nan,nan,nan,nan
1753091990.1314898,nan,nan,nan,nan,nan,nan,nan,nan,nan,nan,nan,nan
1753091990.1654866,nan,nan,nan,nan,nan,nan,nan,nan,nan,nan,nan,nan
1753091990.1984873,nan,nan,nan,nan,nan,nan,nan,nan,nan,nan,nan,nan
1753091990.2310214,nan,nan,nan,nan,nan,nan,nan,nan,nan,nan,nan,nan
1753091990.265021,nan,nan,nan,nan,nan,nan,nan,nan,nan,nan,nan,nan
1753091990.300021,nan,nan,nan,nan,nan,nan,nan,nan,nan,nan,nan,nan
1753091990.3355377,nan,nan,nan,nan,nan,nan,nan,nan,nan,nan,nan,nan
1753091990.3675385,nan,nan,nan,nan,nan,nan,nan,nan,nan,nan,nan,nan
1753091990.4025471,nan,nan,nan,nan,nan,nan,nan,nan,nan,nan,nan,nan
1753091990.4357579,nan,nan,nan,nan,nan,nan,nan,nan,nan,nan,nan,nan
1753091990.4697578,nan,nan,nan,nan,nan,nan,nan,nan,nan,nan,nan,nan
1753091990.5047584,nan,nan,nan,nan,nan,nan,nan,nan,nan,nan,nan,nan
1753091990.5409055,nan,nan,nan,nan,nan,nan,nan,nan,nan,nan,nan,nan
1753091990.5759072,nan,nan,nan,nan,nan,nan,nan,nan,nan,nan,nan,nan
1753091990.6109102,nan,nan,nan,nan,nan,nan,nan,nan,nan,nan,nan,nan
1753091990.6460402,nan,nan,nan,nan,nan,nan,nan,nan,nan,nan,nan,nan
1753091990.6820424,nan,nan,nan,nan,nan,nan,nan,nan,nan,nan,nan,nan
1753091990.7140398,nan,nan,nan,nan,nan,nan,nan,nan,nan,nan,nan,nan
1753091990.7505994,nan,nan,nan,nan,nan,nan,nan,nan,nan,nan,nan,nan
1753091990.7845945,nan,nan,nan,nan,nan,nan,nan,nan,nan,nan,nan,nan
1753091990.8216372,nan,nan,nan,nan,nan,nan,nan,nan,nan,nan,nan,nan
1753091990.8571775,nan,nan,nan,nan,nan,nan,nan,nan,nan,nan,nan,nan
1753091990.8921788,nan,nan,nan,nan,nan,nan,nan,nan,nan,nan,nan,nan
1753091990.929183,nan,nan,nan,nan,nan,nan,nan,nan,nan,nan,nan,nan
1753091990.9627347,nan,nan,nan,nan,nan,nan,nan,nan,nan,nan,nan,nan
1753091990.99973,nan,nan,nan,nan,nan,nan,nan,nan,nan,nan,nan,nan
1753091991.035274,nan,nan,nan,nan,nan,nan,nan,nan,nan,nan,nan,nan
1753091991.0752776,nan,nan,nan,nan,nan,nan,nan,nan,nan,nan,nan,nan
1753091991.1102793,nan,nan,nan,nan,nan,nan,nan,nan,nan,nan,nan,nan
1753091991.1448488,nan,nan,nan,nan,nan,nan,nan,nan,nan,nan,nan,nan
1753091991.178847,nan,nan,nan,nan,nan,nan,nan,nan,nan,nan,nan,nan
1753091991.214847,nan,nan,nan,nan,nan,nan,nan,nan,nan,nan,nan,nan
1753091991.2493887,nan,nan,nan,nan,nan,nan,nan,nan,nan,nan,nan,nan
1753091991.2853947,nan,nan,nan,nan,nan,nan,nan,nan,nan,nan,nan,nan
1753091991.3184395,nan,nan,nan,nan,nan,nan,nan,nan,nan,nan,nan,nan
1753091991.352023,nan,nan,nan,nan,nan,nan,nan,nan,nan,nan,nan,nan
1753091991.3860273,nan,nan,nan,nan,nan,nan,nan,nan,nan,nan,nan,nan
1753091991.4211988,nan,nan,nan,nan,nan,nan,nan,nan,nan,nan,nan,nan
1753091991.456091,nan,nan,nan,nan,nan,nan,nan,nan,nan,nan,nan,nan
1753091991.492092,nan,nan,nan,nan,nan,nan,nan,nan,nan,nan,nan,nan
1753091991.530101,nan,nan,nan,nan,nan,nan,nan,nan,nan,nan,nan,nan
1753091991.5671928,nan,nan,nan,nan,nan,nan,nan,nan,nan,nan,nan,nan
1753091991.6032119,nan,nan,nan,nan,nan,nan,nan,nan,nan,nan,nan,nan
1753091991.640129,nan,nan,nan,nan,nan,nan,nan,nan,nan,nan,nan,nan
1753091991.6721263,nan,nan,nan,nan,nan,nan,nan,nan,nan,nan,nan,nan
1753091991.7051244,nan,nan,nan,nan,nan,nan,nan,nan,nan,nan,nan,nan
1753091991.7397177,nan,nan,nan,nan,nan,nan,nan,nan,nan,nan,nan,nan
1753091991.772715,nan,nan,nan,nan,nan,nan,nan,nan,nan,nan,nan,nan
1753091991.8047144,nan,nan,nan,nan,nan,nan,nan,nan,nan,nan,nan,nan
1753091991.8392353,nan,nan,nan,nan,nan,nan,nan,nan,nan,nan,nan,nan
1753091991.8742359,nan,nan,nan,nan,nan,nan,nan,nan,nan,nan,nan,nan
1753091991.908234,nan,nan,nan,nan,nan,nan,nan,nan,nan,nan,nan,nan
1753091991.9418452,nan,nan,nan,nan,nan,nan,nan,nan,nan,nan,nan,nan
1753091991.9768414,nan,nan,nan,nan,nan,nan,nan,nan,nan,nan,nan,nan
1753091992.010841,nan,nan,nan,nan,nan,nan,nan,nan,nan,nan,nan,nan
1753091992.046433,nan,nan,nan,nan,nan,nan,nan,nan,nan,nan,nan,nan
1753091992.0824304,nan,nan,nan,nan,nan,nan,nan,nan,nan,nan,nan,nan
1753091992.1174457,nan,nan,nan,nan,nan,nan,nan,nan,nan,nan,nan,nan
1753091992.151778,nan,nan,nan,nan,nan,nan,nan,nan,nan,nan,nan,nan
1753091992.1847777,nan,nan,nan,nan,nan,nan,nan,nan,nan,nan,nan,nan
1753091992.2197852,nan,nan,nan,nan,nan,nan,nan,nan,nan,nan,nan,nan
1753091992.254254,nan,nan,nan,nan,nan,nan,nan,nan,nan,nan,nan,nan
1753091992.2882519,nan,nan,nan,nan,nan,nan,nan,nan,nan,nan,nan,nan
1753091992.3232596,nan,nan,nan,nan,nan,nan,nan,nan,nan,nan,nan,nan
1753091992.3577724,nan,nan,nan,nan,nan,nan,nan,nan,nan,nan,nan,nan
1753091992.3917713,nan,nan,nan,nan,nan,nan,nan,nan,nan,nan,nan,nan
1753091992.4267776,nan,nan,nan,nan,nan,nan,nan,nan,nan,nan,nan,nan
1753091992.4642982,nan,nan,nan,nan,nan,nan,nan,nan,nan,nan,nan,nan
1753091992.4972928,nan,nan,nan,nan,nan,nan,nan,nan,nan,nan,nan,nan
1753091992.5282953,nan,nan,nan,nan,nan,nan,nan,nan,nan,nan,nan,nan
1753091992.5618138,nan,nan,nan,nan,nan,nan,nan,nan,nan,nan,nan,nan
1753091992.5968127,nan,nan,nan,nan,nan,nan,nan,nan,nan,nan,nan,nan
1753091992.63091,nan,nan,nan,nan,nan,nan,nan,nan,nan,nan,nan,nan
1753091992.6663816,nan,nan,nan,nan,nan,nan,nan,nan,nan,nan,nan,nan
1753091992.7013783,nan,nan,nan,nan,nan,nan,nan,nan,nan,nan,nan,nan
1753091992.7379267,nan,nan,nan,nan,nan,nan,nan,nan,nan,nan,nan,nan
1753091992.7739277,nan,nan,nan,nan,nan,nan,nan,nan,nan,nan,nan,nan
1753091992.8089273,nan,nan,nan,nan,nan,nan,nan,nan,nan,nan,nan,nan
1753091992.842187,nan,nan,nan,nan,nan,nan,nan,nan,nan,nan,nan,nan
1753091992.8771877,nan,nan,nan,nan,nan,nan,nan,nan,nan,nan,nan,nan
1753091992.913188,nan,nan,nan,nan,nan,nan,nan,nan,nan,nan,nan,nan
1753091992.9473808,nan,nan,nan,nan,nan,nan,nan,nan,nan,nan,nan,nan
1753091992.9813762,nan,nan,nan,nan,nan,nan,nan,nan,nan,nan,nan,nan
1753091993.016377,nan,nan,nan,nan,nan,nan,nan,nan,nan,nan,nan,nan
1753091993.0509892,nan,nan,nan,nan,nan,nan,nan,nan,nan,nan,nan,nan
1753091993.0869884,nan,nan,nan,nan,nan,nan,nan,nan,nan,nan,nan,nan
1753091993.1230028,nan,nan,nan,nan,nan,nan,nan,nan,nan,nan,nan,nan
1753091993.1585076,nan,nan,nan,nan,nan,nan,nan,nan,nan,nan,nan,nan
1753091993.1905086,nan,nan,nan,nan,nan,nan,nan,nan,nan,nan,nan,nan
1753091993.225518,nan,nan,nan,nan,nan,nan,nan,nan,nan,nan,nan,nan
1753091993.2580328,nan,nan,nan,nan,nan,nan,nan,nan,nan,nan,nan,nan
1753091993.2900283,nan,nan,nan,nan,nan,nan,nan,nan,nan,nan,nan,nan
1753091993.3290594,nan,nan,nan,nan,nan,nan,nan,nan,nan,nan,nan,nan
1753091993.3635688,nan,nan,nan,nan,nan,nan,nan,nan,nan,nan,nan,nan
1753091993.3965688,nan,nan,nan,nan,nan,nan,nan,nan,nan,nan,nan,nan
1753091993.4315753,nan,nan,nan,nan,nan,nan,nan,nan,nan,nan,nan,nan
1753091993.4661245,nan,nan,nan,nan,nan,nan,nan,nan,nan,nan,nan,nan
1753091993.498124,nan,nan,nan,nan,nan,nan,nan,nan,nan,nan,nan,nan
1753091993.533637,nan,nan,nan,nan,nan,nan,nan,nan,nan,nan,nan,nan
1753091993.5666394,nan,nan,nan,nan,nan,nan,nan,nan,nan,nan,nan,nan
1753091993.5986404,nan,nan,nan,nan,nan,nan,nan,nan,nan,nan,nan,nan
1753091993.6316683,nan,nan,nan,nan,nan,nan,nan,nan,nan,nan,nan,nan
1753091993.6667745,nan,nan,nan,nan,nan,nan,nan,nan,nan,nan,nan,nan
1753091993.702777,nan,nan,nan,nan,nan,nan,nan,nan,nan,nan,nan,nan
1753091993.7379441,nan,nan,nan,nan,nan,nan,nan,nan,nan,nan,nan,nan
1753091993.7709482,nan,nan,nan,nan,nan,nan,nan,nan,nan,nan,nan,nan
1753091993.8049498,nan,nan,nan,nan,nan,nan,nan,nan,nan,nan,nan,nan
1753091993.8404613,nan,nan,nan,nan,nan,nan,nan,nan,nan,nan,nan,nan
1753091993.87347,nan,nan,nan,nan,nan,nan,nan,nan,nan,nan,nan,nan
1753091993.9104633,nan,nan,nan,nan,nan,nan,nan,nan,nan,nan,nan,nan
1753091993.9459925,nan,nan,nan,nan,nan,nan,nan,nan,nan,nan,nan,nan
1753091993.980007,nan,nan,nan,nan,nan,nan,nan,nan,nan,nan,nan,nan
1753091994.012992,nan,nan,nan,nan,nan,nan,nan,nan,nan,nan,nan,nan
1753091994.047127,nan,nan,nan,nan,nan,nan,nan,nan,nan,nan,nan,nan
1753091994.0821261,nan,nan,nan,nan,nan,nan,nan,nan,nan,nan,nan,nan
1753091994.1181273,nan,nan,nan,nan,nan,nan,nan,nan,nan,nan,nan,nan
1753091994.1532705,nan,nan,nan,nan,nan,nan,nan,nan,nan,nan,nan,nan
1753091994.187274,nan,nan,nan,nan,nan,nan,nan,nan,nan,nan,nan,nan
1753091994.2212813,nan,nan,nan,nan,nan,nan,nan,nan,nan,nan,nan,nan
1753091994.2543862,nan,nan,nan,nan,nan,nan,nan,nan,nan,nan,nan,nan
1753091994.288386,nan,nan,nan,nan,nan,nan,nan,nan,nan,nan,nan,nan
1753091994.322442,nan,nan,nan,nan,nan,nan,nan,nan,nan,nan,nan,nan
1753091994.3579907,nan,nan,nan,nan,nan,nan,nan,nan,nan,nan,nan,nan
1753091994.3969905,nan,nan,nan,nan,nan,nan,nan,nan,nan,nan,nan,nan
1753091994.4320168,nan,nan,nan,nan,nan,nan,nan,nan,nan,nan,nan,nan
1753091994.4675374,nan,nan,nan,nan,nan,nan,nan,nan,nan,nan,nan,nan
1753091994.5005312,nan,nan,nan,nan,nan,nan,nan,nan,nan,nan,nan,nan
1753091994.535053,nan,nan,nan,nan,nan,nan,nan,nan,nan,nan,nan,nan
1753091994.5690527,nan,nan,nan,nan,nan,nan,nan,nan,nan,nan,nan,nan
1753091994.6020527,nan,nan,nan,nan,nan,nan,nan,nan,nan,nan,nan,nan
1753091994.6385977,nan,nan,nan,nan,nan,nan,nan,nan,nan,nan,nan,nan
1753091994.674595,nan,nan,nan,nan,nan,nan,nan,nan,nan,nan,nan,nan
1753091994.707595,nan,nan,nan,nan,nan,nan,nan,nan,nan,nan,nan,nan
1753091994.7418478,nan,nan,nan,nan,nan,nan,nan,nan,nan,nan,nan,nan
1753091994.7798493,nan,nan,nan,nan,nan,nan,nan,nan,nan,nan,nan,nan
1753091994.8178496,nan,nan,nan,nan,nan,nan,nan,nan,nan,nan,nan,nan
1753091994.850412,nan,nan,nan,nan,nan,nan,nan,nan,nan,nan,nan,nan
1753091994.8854148,nan,nan,nan,nan,nan,nan,nan,nan,nan,nan,nan,nan
1753091994.9204166,nan,nan,nan,nan,nan,nan,nan,nan,nan,nan,nan,nan
1753091994.955928,nan,nan,nan,nan,nan,nan,nan,nan,nan,nan,nan,nan
1753091994.9909334,nan,nan,nan,nan,nan,nan,nan,nan,nan,nan,nan,nan
1753091995.0259323,nan,nan,nan,nan,nan,nan,nan,nan,nan,nan,nan,nan
1753091995.060481,nan,nan,nan,nan,nan,nan,nan,nan,nan,nan,nan,nan
1753091995.0974805,nan,nan,nan,nan,nan,nan,nan,nan,nan,nan,nan,nan
1753091995.1325097,nan,nan,nan,nan,nan,nan,nan,nan,nan,nan,nan,nan
1753091995.171057,nan,nan,nan,nan,nan,nan,nan,nan,nan,nan,nan,nan
1753091995.207033,nan,nan,nan,nan,nan,nan,nan,nan,nan,nan,nan,nan
1753091995.2445562,nan,nan,nan,nan,nan,nan,nan,nan,nan,nan,nan,nan
1753091995.277555,nan,nan,nan,nan,nan,nan,nan,nan,nan,nan,nan,nan
1753091995.310555,nan,nan,nan,nan,nan,nan,nan,nan,nan,nan,nan,nan
1753091995.3461435,nan,nan,nan,nan,nan,nan,nan,nan,nan,nan,nan,nan
1753091995.3791509,nan,nan,nan,nan,nan,nan,nan,nan,nan,nan,nan,nan
1753091995.4131434,nan,nan,nan,nan,nan,nan,nan,nan,nan,nan,nan,nan
1753091995.448468,nan,nan,nan,nan,nan,nan,nan,nan,nan,nan,nan,nan
1753091995.4834688,nan,nan,nan,nan,nan,nan,nan,nan,nan,nan,nan,nan
1753091995.5184662,nan,nan,nan,nan,nan,nan,nan,nan,nan,nan,nan,nan
1753091995.5526395,nan,nan,nan,nan,nan,nan,nan,nan,nan,nan,nan,nan
1753091995.58765,nan,nan,nan,nan,nan,nan,nan,nan,nan,nan,nan,nan
1753091995.6217842,nan,nan,nan,nan,nan,nan,nan,nan,nan,nan,nan,nan
1753091995.65588,nan,nan,nan,nan,nan,nan,nan,nan,nan,nan,nan,nan
1753091995.6928816,nan,nan,nan,nan,nan,nan,nan,nan,nan,nan,nan,nan
1753091995.7260334,nan,nan,nan,nan,nan,nan,nan,nan,nan,nan,nan,nan
1753091995.7602413,nan,nan,nan,nan,nan,nan,nan,nan,nan,nan,nan,nan
1753091995.793241,nan,nan,nan,nan,nan,nan,nan,nan,nan,nan,nan,nan
1753091995.8312483,nan,nan,nan,nan,nan,nan,nan,nan,nan,nan,nan,nan
1753091995.867893,nan,nan,nan,nan,nan,nan,nan,nan,nan,nan,nan,nan
1753091995.900887,nan,nan,nan,nan,nan,nan,nan,nan,nan,nan,nan,nan
1753091995.9348934,nan,nan,nan,nan,nan,nan,nan,nan,nan,nan,nan,nan
1753091995.9702945,nan,nan,nan,nan,nan,nan,nan,nan,nan,nan,nan,nan
1753091996.0052912,nan,nan,nan,nan,nan,nan,nan,nan,nan,nan,nan,nan
1753091996.0378737,nan,nan,nan,nan,nan,nan,nan,nan,nan,nan,nan,nan
1753091996.0718684,nan,nan,nan,nan,nan,nan,nan,nan,nan,nan,nan,nan
1753091996.1078694,nan,nan,nan,nan,nan,nan,nan,nan,nan,nan,nan,nan
1753091996.1423843,nan,nan,nan,nan,nan,nan,nan,nan,nan,nan,nan,nan
1753091996.1793933,nan,nan,nan,nan,nan,nan,nan,nan,nan,nan,nan,nan
1753091996.2137797,nan,nan,nan,nan,nan,nan,nan,nan,nan,nan,nan,nan
1753091996.2487097,nan,nan,nan,nan,nan,nan,nan,nan,nan,nan,nan,nan
1753091996.282711,nan,nan,nan,nan,nan,nan,nan,nan,nan,nan,nan,nan
1753091996.3177114,nan,nan,nan,nan,nan,nan,nan,nan,nan,nan,nan,nan
1753091996.3528259,nan,nan,nan,nan,nan,nan,nan,nan,nan,nan,nan,nan
1753091996.3868258,nan,nan,nan,nan,nan,nan,nan,nan,nan,nan,nan,nan
1753091996.4209788,nan,nan,nan,nan,nan,nan,nan,nan,nan,nan,nan,nan
1753091996.4557533,nan,nan,nan,nan,nan,nan,nan,nan,nan,nan,nan,nan
1753091996.4897525,nan,nan,nan,nan,nan,nan,nan,nan,nan,nan,nan,nan
1753091996.5238953,nan,nan,nan,nan,nan,nan,nan,nan,nan,nan,nan,nan
1753091996.5576975,nan,nan,nan,nan,nan,nan,nan,nan,nan,nan,nan,nan
1753091996.5956979,nan,nan,nan,nan,nan,nan,nan,nan,nan,nan,nan,nan
1753091996.6337948,nan,nan,nan,nan,nan,nan,nan,nan,nan,nan,nan,nan
1753091996.673326,nan,nan,nan,nan,nan,nan,nan,nan,nan,nan,nan,nan
1753091996.7133946,nan,nan,nan,nan,nan,nan,nan,nan,nan,nan,nan,nan
1753091996.748241,nan,nan,nan,nan,nan,nan,nan,nan,nan,nan,nan,nan
1753091996.783238,nan,nan,nan,nan,nan,nan,nan,nan,nan,nan,nan,nan
1753091996.8182425,nan,nan,nan,nan,nan,nan,nan,nan,nan,nan,nan,nan
1753091996.8537815,nan,nan,nan,nan,nan,nan,nan,nan,nan,nan,nan,nan
1753091996.8917837,nan,nan,nan,nan,nan,nan,nan,nan,nan,nan,nan,nan
1753091996.9288042,nan,nan,nan,nan,nan,nan,nan,nan,nan,nan,nan,nan
1753091996.9645438,nan,nan,nan,nan,nan,nan,nan,nan,nan,nan,nan,nan
1753091996.9975433,nan,nan,nan,nan,nan,nan,nan,nan,nan,nan,nan,nan
1753091997.0317311,nan,nan,nan,nan,nan,nan,nan,nan,nan,nan,nan,nan
1753091997.0645454,nan,nan,nan,nan,nan,nan,nan,nan,nan,nan,nan,nan
1753091997.100547,nan,nan,nan,nan,nan,nan,nan,nan,nan,nan,nan,nan
1753091997.1363308,nan,nan,nan,nan,nan,nan,nan,nan,nan,nan,nan,nan
1753091997.1703472,nan,nan,nan,nan,nan,nan,nan,nan,nan,nan,nan,nan
1753091997.2023468,nan,nan,nan,nan,nan,nan,nan,nan,nan,nan,nan,nan
1753091997.2361825,nan,nan,nan,nan,nan,nan,nan,nan,nan,nan,nan,nan
1753091997.271202,nan,nan,nan,nan,nan,nan,nan,nan,nan,nan,nan,nan
1753091997.3051984,nan,nan,nan,nan,nan,nan,nan,nan,nan,nan,nan,nan
1753091997.3382244,nan,nan,nan,nan,nan,nan,nan,nan,nan,nan,nan,nan
1753091997.3712234,nan,nan,nan,nan,nan,nan,nan,nan,nan,nan,nan,nan
1753091997.4032204,nan,nan,nan,nan,nan,nan,nan,nan,nan,nan,nan,nan
1753091997.4420364,nan,nan,nan,nan,nan,nan,nan,nan,nan,nan,nan,nan
1753091997.479051,nan,nan,nan,nan,nan,nan,nan,nan,nan,nan,nan,nan
1753091997.5150392,nan,nan,nan,nan,nan,nan,nan,nan,nan,nan,nan,nan
1753091997.548019,nan,nan,nan,nan,nan,nan,nan,nan,nan,nan,nan,nan
1753091997.5840201,nan,nan,nan,nan,nan,nan,nan,nan,nan,nan,nan,nan
1753091997.618021,nan,nan,nan,nan,nan,nan,nan,nan,nan,nan,nan,nan
1753091997.652125,nan,nan,nan,nan,nan,nan,nan,nan,nan,nan,nan,nan
1753091997.6870732,nan,nan,nan,nan,nan,nan,nan,nan,nan,nan,nan,nan
1753091997.7231007,nan,nan,nan,nan,nan,nan,nan,nan,nan,nan,nan,nan
1753091997.7559435,nan,nan,nan,nan,nan,nan,nan,nan,nan,nan,nan,nan
1753091997.7899432,nan,nan,nan,nan,nan,nan,nan,nan,nan,nan,nan,nan
1753091997.823085,nan,nan,nan,nan,nan,nan,nan,nan,nan,nan,nan,nan
1753091997.8569589,nan,nan,nan,nan,nan,nan,nan,nan,nan,nan,nan,nan
1753091997.8919582,nan,nan,nan,nan,nan,nan,nan,nan,nan,nan,nan,nan
1753091997.9289637,nan,nan,nan,nan,nan,nan,nan,nan,nan,nan,nan,nan
1753091997.9636447,nan,nan,nan,nan,nan,nan,nan,nan,nan,nan,nan,nan
1753091997.9976485,nan,nan,nan,nan,nan,nan,nan,nan,nan,nan,nan,nan
1753091998.0328557,nan,nan,nan,nan,nan,nan,nan,nan,nan,nan,nan,nan
1753091998.0659256,nan,nan,nan,nan,nan,nan,nan,nan,nan,nan,nan,nan
1753091998.0997899,nan,nan,nan,nan,nan,nan,nan,nan,nan,nan,nan,nan
1753091998.135946,nan,nan,nan,nan,nan,nan,nan,nan,nan,nan,nan,nan
1753091998.1689136,nan,nan,nan,nan,nan,nan,nan,nan,nan,nan,nan,nan
1753091998.2038066,nan,nan,nan,nan,nan,nan,nan,nan,nan,nan,nan,nan
1753091998.239499,nan,nan,nan,nan,nan,nan,nan,nan,nan,nan,nan,nan
1753091998.2725224,nan,nan,nan,nan,nan,nan,nan,nan,nan,nan,nan,nan
1753091998.3115246,nan,nan,nan,nan,nan,nan,nan,nan,nan,nan,nan,nan
1753091998.3531046,nan,nan,nan,nan,nan,nan,nan,nan,nan,nan,nan,nan
1753091998.3911178,nan,nan,nan,nan,nan,nan,nan,nan,nan,nan,nan,nan
1753091998.4321182,nan,nan,nan,nan,nan,nan,nan,nan,nan,nan,nan,nan
1753091998.46865,nan,nan,nan,nan,nan,nan,nan,nan,nan,nan,nan,nan
1753091998.5027084,nan,nan,nan,nan,nan,nan,nan,nan,nan,nan,nan,nan
1753091998.5377097,nan,nan,nan,nan,nan,nan,nan,nan,nan,nan,nan,nan
1753091998.571339,nan,nan,nan,nan,nan,nan,nan,nan,nan,nan,nan,nan
1753091998.6073377,nan,nan,nan,nan,nan,nan,nan,nan,nan,nan,nan,nan
1753091998.6421874,nan,nan,nan,nan,nan,nan,nan,nan,nan,nan,nan,nan
1753091998.6772504,nan,nan,nan,nan,nan,nan,nan,nan,nan,nan,nan,nan
1753091998.7111888,nan,nan,nan,nan,nan,nan,nan,nan,nan,nan,nan,nan
1753091998.7463288,nan,nan,nan,nan,nan,nan,nan,nan,nan,nan,nan,nan
1753091998.7803285,nan,nan,nan,nan,nan,nan,nan,nan,nan,nan,nan,nan
1753091998.81433,nan,nan,nan,nan,nan,nan,nan,nan,nan,nan,nan,nan
1753091998.8491497,nan,nan,nan,nan,nan,nan,nan,nan,nan,nan,nan,nan
1753091998.88616,nan,nan,nan,nan,nan,nan,nan,nan,nan,nan,nan,nan
1753091998.921153,nan,nan,nan,nan,nan,nan,nan,nan,nan,nan,nan,nan
1753091998.9546304,nan,nan,nan,nan,nan,nan,nan,nan,nan,nan,nan,nan
1753091998.9906309,nan,nan,nan,nan,nan,nan,nan,nan,nan,nan,nan,nan
1753091999.0276368,nan,nan,nan,nan,nan,nan,nan,nan,nan,nan,nan,nan
1753091999.0631936,nan,nan,nan,nan,nan,nan,nan,nan,nan,nan,nan,nan
1753091999.0961905,nan,nan,nan,nan,nan,nan,nan,nan,nan,nan,nan,nan
1753091999.1334069,nan,nan,nan,nan,nan,nan,nan,nan,nan,nan,nan,nan
1753091999.169163,nan,nan,nan,nan,nan,nan,nan,nan,nan,nan,nan,nan
1753091999.2031589,nan,nan,nan,nan,nan,nan,nan,nan,nan,nan,nan,nan
1753091999.23822,nan,nan,nan,nan,nan,nan,nan,nan,nan,nan,nan,nan
1753091999.2729948,nan,nan,nan,nan,nan,nan,nan,nan,nan,nan,nan,nan
1753091999.304999,nan,nan,nan,nan,nan,nan,nan,nan,nan,nan,nan,nan
1753091999.3401732,nan,nan,nan,nan,nan,nan,nan,nan,nan,nan,nan,nan
1753091999.3758745,nan,nan,nan,nan,nan,nan,nan,nan,nan,nan,nan,nan
1753091999.4087982,nan,nan,nan,nan,nan,nan,nan,nan,nan,nan,nan,nan
1753091999.4437025,nan,nan,nan,nan,nan,nan,nan,nan,nan,nan,nan,nan
1753091999.4777052,nan,nan,nan,nan,nan,nan,nan,nan,nan,nan,nan,nan
1753091999.5107021,nan,nan,nan,nan,nan,nan,nan,nan,nan,nan,nan,nan
1753091999.5477643,nan,nan,nan,nan,nan,nan,nan,nan,nan,nan,nan,nan
1753091999.5827887,nan,nan,nan,nan,nan,nan,nan,nan,nan,nan,nan,nan
1753091999.6177685,nan,nan,nan,nan,nan,nan,nan,nan,nan,nan,nan,nan
1753091999.6537552,nan,nan,nan,nan,nan,nan,nan,nan,nan,nan,nan,nan
1753091999.6867566,nan,nan,nan,nan,nan,nan,nan,nan,nan,nan,nan,nan
1753091999.7197604,nan,nan,nan,nan,nan,nan,nan,nan,nan,nan,nan,nan
1753091999.75272,nan,nan,nan,nan,nan,nan,nan,nan,nan,nan,nan,nan
1753091999.7897284,nan,nan,nan,nan,nan,nan,nan,nan,nan,nan,nan,nan
1753091999.8247297,nan,nan,nan,nan,nan,nan,nan,nan,nan,nan,nan,nan
1753091999.861544,nan,nan,nan,nan,nan,nan,nan,nan,nan,nan,nan,nan
1753091999.8964424,nan,nan,nan,nan,nan,nan,nan,nan,nan,nan,nan,nan
1753091999.9325736,nan,nan,nan,nan,nan,nan,nan,nan,nan,nan,nan,nan
1753091999.9665122,nan,nan,nan,nan,nan,nan,nan,nan,nan,nan,nan,nan
1753091999.9985163,nan,nan,nan,nan,nan,nan,nan,nan,nan,nan,nan,nan
1753092000.042647,nan,nan,nan,nan,nan,nan,nan,nan,nan,nan,nan,nan
1753092000.0856416,nan,nan,nan,nan,nan,nan,nan,nan,nan,nan,nan,nan
1753092000.1216428,nan,nan,nan,nan,nan,nan,nan,nan,nan,nan,nan,nan
1753092000.159618,nan,nan,nan,nan,nan,nan,nan,nan,nan,nan,nan,nan
1753092000.1956165,nan,nan,nan,nan,nan,nan,nan,nan,nan,nan,nan,nan
1753092000.2296345,nan,nan,nan,nan,nan,nan,nan,nan,nan,nan,nan,nan
1753092000.2642965,nan,nan,nan,nan,nan,nan,nan,nan,nan,nan,nan,nan
1753092000.299297,nan,nan,nan,nan,nan,nan,nan,nan,nan,nan,nan,nan
1753092000.3335266,nan,nan,nan,nan,nan,nan,nan,nan,nan,nan,nan,nan
1753092000.366418,nan,nan,nan,nan,nan,nan,nan,nan,nan,nan,nan,nan
1753092000.4014173,nan,nan,nan,nan,nan,nan,nan,nan,nan,nan,nan,nan
1753092000.4366574,nan,nan,nan,nan,nan,nan,nan,nan,nan,nan,nan,nan
1753092000.4725025,nan,nan,nan,nan,nan,nan,nan,nan,nan,nan,nan,nan
1753092000.5084994,nan,nan,nan,nan,nan,nan,nan,nan,nan,nan,nan,nan
1753092000.5509737,nan,nan,nan,nan,nan,nan,nan,nan,nan,nan,nan,nan
1753092000.5969782,nan,nan,nan,nan,nan,nan,nan,nan,nan,nan,nan,nan
1753092000.637005,nan,nan,nan,nan,nan,nan,nan,nan,nan,nan,nan,nan
1753092000.6775231,nan,nan,nan,nan,nan,nan,nan,nan,nan,nan,nan,nan
1753092000.7155216,nan,nan,nan,nan,nan,nan,nan,nan,nan,nan,nan,nan
1753092000.7495086,nan,nan,nan,nan,nan,nan,nan,nan,nan,nan,nan,nan
1753092000.7835934,nan,nan,nan,nan,nan,nan,nan,nan,nan,nan,nan,nan
1753092000.8205066,nan,nan,nan,nan,nan,nan,nan,nan,nan,nan,nan,nan
1753092000.8552744,nan,nan,nan,nan,nan,nan,nan,nan,nan,nan,nan,nan
1753092000.8902752,nan,nan,nan,nan,nan,nan,nan,nan,nan,nan,nan,nan
1753092000.9272752,nan,nan,nan,nan,nan,nan,nan,nan,nan,nan,nan,nan
1753092000.9628105,nan,nan,nan,nan,nan,nan,nan,nan,nan,nan,nan,nan
1753092000.9968069,nan,nan,nan,nan,nan,nan,nan,nan,nan,nan,nan,nan
1753092001.032008,nan,nan,nan,nan,nan,nan,nan,nan,nan,nan,nan,nan
1753092001.06392,nan,nan,nan,nan,nan,nan,nan,nan,nan,nan,nan,nan
1753092001.0988915,nan,nan,nan,nan,nan,nan,nan,nan,nan,nan,nan,nan
1753092001.1351075,nan,nan,nan,nan,nan,nan,nan,nan,nan,nan,nan,nan
1753092001.1716237,nan,nan,nan,nan,nan,nan,nan,nan,nan,nan,nan,nan
1753092001.2076206,nan,nan,nan,nan,nan,nan,nan,nan,nan,nan,nan,nan
1753092001.2417707,nan,nan,nan,nan,nan,nan,nan,nan,nan,nan,nan,nan
1753092001.2764802,nan,nan,nan,nan,nan,nan,nan,nan,nan,nan,nan,nan
1753092001.3094811,nan,nan,nan,nan,nan,nan,nan,nan,nan,nan,nan,nan
1753092001.3459585,nan,nan,nan,nan,nan,nan,nan,nan,nan,nan,nan,nan
1753092001.37897,nan,nan,nan,nan,nan,nan,nan,nan,nan,nan,nan,nan
1753092001.4139593,nan,nan,nan,nan,nan,nan,nan,nan,nan,nan,nan,nan
1753092001.4509878,nan,nan,nan,nan,nan,nan,nan,nan,nan,nan,nan,nan
1753092001.4859886,nan,nan,nan,nan,nan,nan,nan,nan,nan,nan,nan,nan
1753092001.5202456,nan,nan,nan,nan,nan,nan,nan,nan,nan,nan,nan,nan
1753092001.5575926,nan,nan,nan,nan,nan,nan,nan,nan,nan,nan,nan,nan
1753092001.591599,nan,nan,nan,nan,nan,nan,nan,nan,nan,nan,nan,nan
1753092001.6266053,nan,nan,nan,nan,nan,nan,nan,nan,nan,nan,nan,nan
1753092001.662569,nan,nan,nan,nan,nan,nan,nan,nan,nan,nan,nan,nan
1753092001.6975744,nan,nan,nan,nan,nan,nan,nan,nan,nan,nan,nan,nan
1753092001.7305715,nan,nan,nan,nan,nan,nan,nan,nan,nan,nan,nan,nan
1753092001.7643256,nan,nan,nan,nan,nan,nan,nan,nan,nan,nan,nan,nan
1753092001.8053234,nan,nan,nan,nan,nan,nan,nan,nan,nan,nan,nan,nan
1753092001.8443959,nan,nan,nan,nan,nan,nan,nan,nan,nan,nan,nan,nan
1753092001.8809342,nan,nan,nan,nan,nan,nan,nan,nan,nan,nan,nan,nan
1753092001.9269373,nan,nan,nan,nan,nan,nan,nan,nan,nan,nan,nan,nan
1753092001.9635255,nan,nan,nan,nan,nan,nan,nan,nan,nan,nan,nan,nan
1753092001.9975147,nan,nan,nan,nan,nan,nan,nan,nan,nan,nan,nan,nan
1753092002.0305164,nan,nan,nan,nan,nan,nan,nan,nan,nan,nan,nan,nan
1753092002.0650985,nan,nan,nan,nan,nan,nan,nan,nan,nan,nan,nan,nan
1753092002.100093,nan,nan,nan,nan,nan,nan,nan,nan,nan,nan,nan,nan
1753092002.1441212,nan,nan,nan,nan,nan,nan,nan,nan,nan,nan,nan,nan
1753092002.1847003,nan,nan,nan,nan,nan,nan,nan,nan,nan,nan,nan,nan
1753092002.2246692,nan,nan,nan,nan,nan,nan,nan,nan,nan,nan,nan,nan
1753092002.2623985,nan,nan,nan,nan,nan,nan,nan,nan,nan,nan,nan,nan
1753092002.3014617,nan,nan,nan,nan,nan,nan,nan,nan,nan,nan,nan,nan
1753092002.3366265,nan,nan,nan,nan,nan,nan,nan,nan,nan,nan,nan,nan
1753092002.3712776,nan,nan,nan,nan,nan,nan,nan,nan,nan,nan,nan,nan
1753092002.4102833,nan,nan,nan,nan,nan,nan,nan,nan,nan,nan,nan,nan
1753092002.449103,nan,nan,nan,nan,nan,nan,nan,nan,nan,nan,nan,nan
1753092002.4850767,nan,nan,nan,nan,nan,nan,nan,nan,nan,nan,nan,nan
1753092002.5190418,nan,nan,nan,nan,nan,nan,nan,nan,nan,nan,nan,nan
1753092002.5549405,nan,nan,nan,nan,nan,nan,nan,nan,nan,nan,nan,nan
1753092002.5889454,nan,nan,nan,nan,nan,nan,nan,nan,nan,nan,nan,nan
1753092002.6229477,nan,nan,nan,nan,nan,nan,nan,nan,nan,nan,nan,nan
1753092002.6590304,nan,nan,nan,nan,nan,nan,nan,nan,nan,nan,nan,nan
1753092002.6950283,nan,nan,nan,nan,nan,nan,nan,nan,nan,nan,nan,nan
1753092002.7300327,nan,nan,nan,nan,nan,nan,nan,nan,nan,nan,nan,nan
1753092002.7638876,nan,nan,nan,nan,nan,nan,nan,nan,nan,nan,nan,nan
1753092002.7958896,nan,nan,nan,nan,nan,nan,nan,nan,nan,nan,nan,nan
1753092002.8298898,nan,nan,nan,nan,nan,nan,nan,nan,nan,nan,nan,nan
1753092002.863843,nan,nan,nan,nan,nan,nan,nan,nan,nan,nan,nan,nan
1753092002.8978534,nan,nan,nan,nan,nan,nan,nan,nan,nan,nan,nan,nan
1753092002.9350214,nan,nan,nan,nan,nan,nan,nan,nan,nan,nan,nan,nan
1753092002.970839,nan,nan,nan,nan,nan,nan,nan,nan,nan,nan,nan,nan
1753092003.0077417,nan,nan,nan,nan,nan,nan,nan,nan,nan,nan,nan,nan
1753092003.0457933,nan,nan,nan,nan,nan,nan,nan,nan,nan,nan,nan,nan
1753092003.0814974,nan,nan,nan,nan,nan,nan,nan,nan,nan,nan,nan,nan
1753092003.1215003,nan,nan,nan,nan,nan,nan,nan,nan,nan,nan,nan,nan
1753092003.1631167,nan,nan,nan,nan,nan,nan,nan,nan,nan,nan,nan,nan
1753092003.200117,nan,nan,nan,nan,nan,nan,nan,nan,nan,nan,nan,nan
1753092003.237317,nan,nan,nan,nan,nan,nan,nan,nan,nan,nan,nan,nan
1753092003.2731092,nan,nan,nan,nan,nan,nan,nan,nan,nan,nan,nan,nan
1753092003.309109,nan,nan,nan,nan,nan,nan,nan,nan,nan,nan,nan,nan
1753092003.3442614,nan,nan,nan,nan,nan,nan,nan,nan,nan,nan,nan,nan
1753092003.3781085,nan,nan,nan,nan,nan,nan,nan,nan,nan,nan,nan,nan
1753092003.4121113,nan,nan,nan,nan,nan,nan,nan,nan,nan,nan,nan,nan
1753092003.4482603,nan,nan,nan,nan,nan,nan,nan,nan,nan,nan,nan,nan
1753092003.4838636,nan,nan,nan,nan,nan,nan,nan,nan,nan,nan,nan,nan
1753092003.5178642,nan,nan,nan,nan,nan,nan,nan,nan,nan,nan,nan,nan
1753092003.5537567,nan,nan,nan,nan,nan,nan,nan,nan,nan,nan,nan,nan
1753092003.5877504,nan,nan,nan,nan,nan,nan,nan,nan,nan,nan,nan,nan
1753092003.623747,nan,nan,nan,nan,nan,nan,nan,nan,nan,nan,nan,nan
1753092003.6577363,nan,nan,nan,nan,nan,nan,nan,nan,nan,nan,nan,nan
1753092003.6907408,nan,nan,nan,nan,nan,nan,nan,nan,nan,nan,nan,nan
1753092003.7257361,nan,nan,nan,nan,nan,nan,nan,nan,nan,nan,nan,nan
1753092003.7606573,nan,nan,nan,nan,nan,nan,nan,nan,nan,nan,nan,nan
1753092003.7946596,nan,nan,nan,nan,nan,nan,nan,nan,nan,nan,nan,nan
1753092003.8296697,nan,nan,nan,nan,nan,nan,nan,nan,nan,nan,nan,nan
1753092003.8626254,nan,nan,nan,nan,nan,nan,nan,nan,nan,nan,nan,nan
1753092003.8986185,nan,nan,nan,nan,nan,nan,nan,nan,nan,nan,nan,nan
1753092003.9336302,nan,nan,nan,nan,nan,nan,nan,nan,nan,nan,nan,nan
1753092003.966688,nan,nan,nan,nan,nan,nan,nan,nan,nan,nan,nan,nan
1753092003.9996865,nan,nan,nan,nan,nan,nan,nan,nan,nan,nan,nan,nan
1753092004.0356894,nan,nan,nan,nan,nan,nan,nan,nan,nan,nan,nan,nan
1753092004.0735035,nan,nan,nan,nan,nan,nan,nan,nan,nan,nan,nan,nan
1753092004.108504,nan,nan,nan,nan,nan,nan,nan,nan,nan,nan,nan,nan
1753092004.142517,nan,nan,nan,nan,nan,nan,nan,nan,nan,nan,nan,nan
1753092004.1800854,nan,nan,nan,nan,nan,nan,nan,nan,nan,nan,nan,nan
1753092004.2190695,nan,nan,nan,nan,nan,nan,nan,nan,nan,nan,nan,nan
1753092004.2610738,nan,nan,nan,nan,nan,nan,nan,nan,nan,nan,nan,nan
1753092004.2960742,nan,nan,nan,nan,nan,nan,nan,nan,nan,nan,nan,nan
1753092004.333069,nan,nan,nan,nan,nan,nan,nan,nan,nan,nan,nan,nan
1753092004.3690424,nan,nan,nan,nan,nan,nan,nan,nan,nan,nan,nan,nan
1753092004.402055,nan,nan,nan,nan,nan,nan,nan,nan,nan,nan,nan,nan
1753092004.4382129,nan,nan,nan,nan,nan,nan,nan,nan,nan,nan,nan,nan
1753092004.4720967,nan,nan,nan,nan,nan,nan,nan,nan,nan,nan,nan,nan
1753092004.5090992,nan,nan,nan,nan,nan,nan,nan,nan,nan,nan,nan,nan
1753092004.543314,nan,nan,nan,nan,nan,nan,nan,nan,nan,nan,nan,nan
1753092004.5761054,nan,nan,nan,nan,nan,nan,nan,nan,nan,nan,nan,nan
1753092004.610107,nan,nan,nan,nan,nan,nan,nan,nan,nan,nan,nan,nan
1753092004.6431775,nan,nan,nan,nan,nan,nan,nan,nan,nan,nan,nan,nan
1753092004.680012,nan,nan,nan,nan,nan,nan,nan,nan,nan,nan,nan,nan
1753092004.7180004,nan,nan,nan,nan,nan,nan,nan,nan,nan,nan,nan,nan
1753092004.7528105,nan,nan,nan,nan,nan,nan,nan,nan,nan,nan,nan,nan
1753092004.7888293,nan,nan,nan,nan,nan,nan,nan,nan,nan,nan,nan,nan
1753092004.8228292,nan,nan,nan,nan,nan,nan,nan,nan,nan,nan,nan,nan
1753092004.8578696,nan,nan,nan,nan,nan,nan,nan,nan,nan,nan,nan,nan
1753092004.8928745,nan,nan,nan,nan,nan,nan,nan,nan,nan,nan,nan,nan
1753092004.9288688,nan,nan,nan,nan,nan,nan,nan,nan,nan,nan,nan,nan
1753092004.9727235,nan,nan,nan,nan,nan,nan,nan,nan,nan,nan,nan,nan
1753092005.0117207,nan,nan,nan,nan,nan,nan,nan,nan,nan,nan,nan,nan
1753092005.046808,nan,nan,nan,nan,nan,nan,nan,nan,nan,nan,nan,nan
1753092005.0826085,nan,nan,nan,nan,nan,nan,nan,nan,nan,nan,nan,nan
1753092005.1256123,nan,nan,nan,nan,nan,nan,nan,nan,nan,nan,nan,nan
1753092005.1690805,nan,nan,nan,nan,nan,nan,nan,nan,nan,nan,nan,nan
1753092005.2120788,nan,nan,nan,nan,nan,nan,nan,nan,nan,nan,nan,nan
1753092005.2589834,nan,nan,nan,nan,nan,nan,nan,nan,nan,nan,nan,nan
1753092005.3009832,nan,nan,nan,nan,nan,nan,nan,nan,nan,nan,nan,nan
1753092005.3490357,nan,nan,nan,nan,nan,nan,nan,nan,nan,nan,nan,nan
1753092005.3942564,nan,nan,nan,nan,nan,nan,nan,nan,nan,nan,nan,nan
1753092005.4352522,nan,nan,nan,nan,nan,nan,nan,nan,nan,nan,nan,nan
1753092005.4762855,nan,nan,nan,nan,nan,nan,nan,nan,nan,nan,nan,nan
1753092005.5242848,nan,nan,nan,nan,nan,nan,nan,nan,nan,nan,nan,nan
1753092005.5708387,nan,nan,nan,nan,nan,nan,nan,nan,nan,nan,nan,nan
1753092005.6158335,nan,nan,nan,nan,nan,nan,nan,nan,nan,nan,nan,nan
1753092005.664386,nan,nan,nan,nan,nan,nan,nan,nan,nan,nan,nan,nan
1753092005.7014215,nan,nan,nan,nan,nan,nan,nan,nan,nan,nan,nan,nan
1753092005.7363837,nan,nan,nan,nan,nan,nan,nan,nan,nan,nan,nan,nan
1753092005.7713773,nan,nan,nan,nan,nan,nan,nan,nan,nan,nan,nan,nan
1753092005.810383,nan,nan,nan,nan,nan,nan,nan,nan,nan,nan,nan,nan
1753092005.8524241,nan,nan,nan,nan,nan,nan,nan,nan,nan,nan,nan,nan
1753092005.8949718,nan,nan,nan,nan,nan,nan,nan,nan,nan,nan,nan,nan
1753092005.935979,nan,nan,nan,nan,nan,nan,nan,nan,nan,nan,nan,nan
1753092005.9749362,nan,nan,nan,nan,nan,nan,nan,nan,nan,nan,nan,nan
1753092006.010937,nan,nan,nan,nan,nan,nan,nan,nan,nan,nan,nan,nan
1753092006.046105,nan,nan,nan,nan,nan,nan,nan,nan,nan,nan,nan,nan
1753092006.078822,nan,nan,nan,nan,nan,nan,nan,nan,nan,nan,nan,nan
1753092006.1158218,nan,nan,nan,nan,nan,nan,nan,nan,nan,nan,nan,nan
1753092006.1528375,nan,nan,nan,nan,nan,nan,nan,nan,nan,nan,nan,nan
1753092006.1904461,nan,nan,nan,nan,nan,nan,nan,nan,nan,nan,nan,nan
1753092006.2254543,nan,nan,nan,nan,nan,nan,nan,nan,nan,nan,nan,nan
1753092006.25935,nan,nan,nan,nan,nan,nan,nan,nan,nan,nan,nan,nan
1753092006.297468,nan,nan,nan,nan,nan,nan,nan,nan,nan,nan,nan,nan
1753092006.3303459,nan,nan,nan,nan,nan,nan,nan,nan,nan,nan,nan,nan
1753092006.3644416,nan,nan,nan,nan,nan,nan,nan,nan,nan,nan,nan,nan
1753092006.3994427,nan,nan,nan,nan,nan,nan,nan,nan,nan,nan,nan,nan
1753092006.4354424,nan,nan,nan,nan,nan,nan,nan,nan,nan,nan,nan,nan
1753092006.4740884,nan,nan,nan,nan,nan,nan,nan,nan,nan,nan,nan,nan
1753092006.5160885,nan,nan,nan,nan,nan,nan,nan,nan,nan,nan,nan,nan
1753092006.5541162,nan,nan,nan,nan,nan,nan,nan,nan,nan,nan,nan,nan
1753092006.5946505,nan,nan,nan,nan,nan,nan,nan,nan,nan,nan,nan,nan
1753092006.6346533,nan,nan,nan,nan,nan,nan,nan,nan,nan,nan,nan,nan
1753092006.6752656,nan,nan,nan,nan,nan,nan,nan,nan,nan,nan,nan,nan
1753092006.7172601,nan,nan,nan,nan,nan,nan,nan,nan,nan,nan,nan,nan
1753092006.7601588,nan,nan,nan,nan,nan,nan,nan,nan,nan,nan,nan,nan
1753092006.8011565,nan,nan,nan,nan,nan,nan,nan,nan,nan,nan,nan,nan
1753092006.8391557,nan,nan,nan,nan,nan,nan,nan,nan,nan,nan,nan,nan
1753092006.8790975,nan,nan,nan,nan,nan,nan,nan,nan,nan,nan,nan,nan
1753092006.923083,nan,nan,nan,nan,nan,nan,nan,nan,nan,nan,nan,nan
1753092006.962076,nan,nan,nan,nan,nan,nan,nan,nan,nan,nan,nan,nan
1753092007.000074,nan,nan,nan,nan,nan,nan,nan,nan,nan,nan,nan,nan
1753092007.03408,nan,nan,nan,nan,nan,nan,nan,nan,nan,nan,nan,nan
1753092007.070071,nan,nan,nan,nan,nan,nan,nan,nan,nan,nan,nan,nan
1753092007.1030195,nan,nan,nan,nan,nan,nan,nan,nan,nan,nan,nan,nan
1753092007.137102,nan,nan,nan,nan,nan,nan,nan,nan,nan,nan,nan,nan
1753092007.17054,nan,nan,nan,nan,nan,nan,nan,nan,nan,nan,nan,nan
1753092007.204544,nan,nan,nan,nan,nan,nan,nan,nan,nan,nan,nan,nan
1753092007.2375407,nan,nan,nan,nan,nan,nan,nan,nan,nan,nan,nan,nan
1753092007.2715702,nan,nan,nan,nan,nan,nan,nan,nan,nan,nan,nan,nan
1753092007.3075752,nan,nan,nan,nan,nan,nan,nan,nan,nan,nan,nan,nan
1753092007.3497565,nan,nan,nan,nan,nan,nan,nan,nan,nan,nan,nan,nan
1753092007.387571,nan,nan,nan,nan,nan,nan,nan,nan,nan,nan,nan,nan
1753092007.4225786,nan,nan,nan,nan,nan,nan,nan,nan,nan,nan,nan,nan
1753092007.458091,nan,nan,nan,nan,nan,nan,nan,nan,nan,nan,nan,nan
1753092007.4920778,nan,nan,nan,nan,nan,nan,nan,nan,nan,nan,nan,nan
1753092007.527079,nan,nan,nan,nan,nan,nan,nan,nan,nan,nan,nan,nan
1753092007.563137,nan,nan,nan,nan,nan,nan,nan,nan,nan,nan,nan,nan
1753092007.5961332,nan,nan,nan,nan,nan,nan,nan,nan,nan,nan,nan,nan
1753092007.6291318,nan,nan,nan,nan,nan,nan,nan,nan,nan,nan,nan,nan
1753092007.66416,nan,nan,nan,nan,nan,nan,nan,nan,nan,nan,nan,nan
1753092007.6981604,nan,nan,nan,nan,nan,nan,nan,nan,nan,nan,nan,nan
1753092007.7321644,nan,nan,nan,nan,nan,nan,nan,nan,nan,nan,nan,nan
1753092007.7683036,nan,nan,nan,nan,nan,nan,nan,nan,nan,nan,nan,nan
1753092007.8022277,nan,nan,nan,nan,nan,nan,nan,nan,nan,nan,nan,nan
1753092007.8352332,nan,nan,nan,nan,nan,nan,nan,nan,nan,nan,nan,nan
1753092007.8673646,nan,nan,nan,nan,nan,nan,nan,nan,nan,nan,nan,nan
1753092007.8993518,nan,nan,nan,nan,nan,nan,nan,nan,nan,nan,nan,nan
1753092007.9332335,nan,nan,nan,nan,nan,nan,nan,nan,nan,nan,nan,nan
1753092007.9710197,nan,nan,nan,nan,nan,nan,nan,nan,nan,nan,nan,nan
1753092008.0069199,nan,nan,nan,nan,nan,nan,nan,nan,nan,nan,nan,nan
1753092008.0419254,nan,nan,nan,nan,nan,nan,nan,nan,nan,nan,nan,nan
1753092008.0768795,nan,nan,nan,nan,nan,nan,nan,nan,nan,nan,nan,nan
1753092008.1107955,nan,nan,nan,nan,nan,nan,nan,nan,nan,nan,nan,nan
1753092008.1449196,nan,nan,nan,nan,nan,nan,nan,nan,nan,nan,nan,nan
1753092008.1776094,nan,nan,nan,nan,nan,nan,nan,nan,nan,nan,nan,nan
1753092008.2106087,nan,nan,nan,nan,nan,nan,nan,nan,nan,nan,nan,nan
1753092008.2458146,nan,nan,nan,nan,nan,nan,nan,nan,nan,nan,nan,nan
1753092008.2785752,nan,nan,nan,nan,nan,nan,nan,nan,nan,nan,nan,nan
1753092008.3135731,nan,nan,nan,nan,nan,nan,nan,nan,nan,nan,nan,nan
1753092008.3478196,nan,nan,nan,nan,nan,nan,nan,nan,nan,nan,nan,nan
1753092008.3835602,nan,nan,nan,nan,nan,nan,nan,nan,nan,nan,nan,nan
1753092008.4185157,nan,nan,nan,nan,nan,nan,nan,nan,nan,nan,nan,nan
1753092008.4537768,nan,nan,nan,nan,nan,nan,nan,nan,nan,nan,nan,nan
1753092008.4875796,nan,nan,nan,nan,nan,nan,nan,nan,nan,nan,nan,nan
1753092008.526515,nan,nan,nan,nan,nan,nan,nan,nan,nan,nan,nan,nan
1753092008.5624356,nan,nan,nan,nan,nan,nan,nan,nan,nan,nan,nan,nan
1753092008.5954344,nan,nan,nan,nan,nan,nan,nan,nan,nan,nan,nan,nan
1753092008.6294336,nan,nan,nan,nan,nan,nan,nan,nan,nan,nan,nan,nan
1753092008.666454,nan,nan,nan,nan,nan,nan,nan,nan,nan,nan,nan,nan
1753092008.7025244,nan,nan,nan,nan,nan,nan,nan,nan,nan,nan,nan,nan
1753092008.7394695,nan,nan,nan,nan,nan,nan,nan,nan,nan,nan,nan,nan
1753092008.7764027,nan,nan,nan,nan,nan,nan,nan,nan,nan,nan,nan,nan
1753092008.8113906,nan,nan,nan,nan,nan,nan,nan,nan,nan,nan,nan,nan
1753092008.8474889,nan,nan,nan,nan,nan,nan,nan,nan,nan,nan,nan,nan
1753092008.8804295,nan,nan,nan,nan,nan,nan,nan,nan,nan,nan,nan,nan
1753092008.916491,nan,nan,nan,nan,nan,nan,nan,nan,nan,nan,nan,nan
1753092008.9524353,nan,nan,nan,nan,nan,nan,nan,nan,nan,nan,nan,nan
1753092008.9882793,nan,nan,nan,nan,nan,nan,nan,nan,nan,nan,nan,nan
1753092009.023279,nan,nan,nan,nan,nan,nan,nan,nan,nan,nan,nan,nan
1753092009.058291,nan,nan,nan,nan,nan,nan,nan,nan,nan,nan,nan,nan
1753092009.0930371,nan,nan,nan,nan,nan,nan,nan,nan,nan,nan,nan,nan
1753092009.1290371,nan,nan,nan,nan,nan,nan,nan,nan,nan,nan,nan,nan
1753092009.1621482,nan,nan,nan,nan,nan,nan,nan,nan,nan,nan,nan,nan
1753092009.1970832,nan,nan,nan,nan,nan,nan,nan,nan,nan,nan,nan,nan
1753092009.231083,nan,nan,nan,nan,nan,nan,nan,nan,nan,nan,nan,nan
1753092009.2642007,nan,nan,nan,nan,nan,nan,nan,nan,nan,nan,nan,nan
1753092009.3030865,nan,nan,nan,nan,nan,nan,nan,nan,nan,nan,nan,nan
1753092009.3491483,nan,nan,nan,nan,nan,nan,nan,nan,nan,nan,nan,nan
1753092009.3925161,nan,nan,nan,nan,nan,nan,nan,nan,nan,nan,nan,nan
1753092009.4354315,nan,nan,nan,nan,nan,nan,nan,nan,nan,nan,nan,nan
1753092009.4763572,nan,nan,nan,nan,nan,nan,nan,nan,nan,nan,nan,nan
1753092009.5193586,nan,nan,nan,nan,nan,nan,nan,nan,nan,nan,nan,nan
1753092009.576555,nan,nan,nan,nan,nan,nan,nan,nan,nan,nan,nan,nan
1753092009.6275556,nan,nan,nan,nan,nan,nan,nan,nan,nan,nan,nan,nan
1753092009.672125,nan,nan,nan,nan,nan,nan,nan,nan,nan,nan,nan,nan
1753092009.7171223,nan,nan,nan,nan,nan,nan,nan,nan,nan,nan,nan,nan
1753092009.7619812,nan,nan,nan,nan,nan,nan,nan,nan,nan,nan,nan,nan
1753092009.8059795,nan,nan,nan,nan,nan,nan,nan,nan,nan,nan,nan,nan
1753092009.8469994,nan,nan,nan,nan,nan,nan,nan,nan,nan,nan,nan,nan
1753092009.8895264,nan,nan,nan,nan,nan,nan,nan,nan,nan,nan,nan,nan
1753092009.9315274,nan,nan,nan,nan,nan,nan,nan,nan,nan,nan,nan,nan
1753092009.978069,nan,nan,nan,nan,nan,nan,nan,nan,nan,nan,nan,nan
1753092010.020074,nan,nan,nan,nan,nan,nan,nan,nan,nan,nan,nan,nan
1753092010.0630474,nan,nan,nan,nan,nan,nan,nan,nan,nan,nan,nan,nan
1753092010.1010468,nan,nan,nan,nan,nan,nan,nan,nan,nan,nan,nan,nan
1753092010.1380422,nan,nan,nan,nan,nan,nan,nan,nan,nan,nan,nan,nan
1753092010.1755624,nan,nan,nan,nan,nan,nan,nan,nan,nan,nan,nan,nan
1753092010.212627,nan,nan,nan,nan,nan,nan,nan,nan,nan,nan,nan,nan
1753092010.2486527,nan,nan,nan,nan,nan,nan,nan,nan,nan,nan,nan,nan
1753092010.2845244,nan,nan,nan,nan,nan,nan,nan,nan,nan,nan,nan,nan
1753092010.3204927,nan,nan,nan,nan,nan,nan,nan,nan,nan,nan,nan,nan
1753092010.3575838,nan,nan,nan,nan,nan,nan,nan,nan,nan,nan,nan,nan
1753092010.3951702,nan,nan,nan,nan,nan,nan,nan,nan,nan,nan,nan,nan
1753092010.4300997,nan,nan,nan,nan,nan,nan,nan,nan,nan,nan,nan,nan
1753092010.4640617,nan,nan,nan,nan,nan,nan,nan,nan,nan,nan,nan,nan
1753092010.5001733,nan,nan,nan,nan,nan,nan,nan,nan,nan,nan,nan,nan
1753092010.5340617,nan,nan,nan,nan,nan,nan,nan,nan,nan,nan,nan,nan
1753092010.5699205,nan,nan,nan,nan,nan,nan,nan,nan,nan,nan,nan,nan
1753092010.6040435,nan,nan,nan,nan,nan,nan,nan,nan,nan,nan,nan,nan
1753092010.6379244,nan,nan,nan,nan,nan,nan,nan,nan,nan,nan,nan,nan
1753092010.674763,nan,nan,nan,nan,nan,nan,nan,nan,nan,nan,nan,nan
1753092010.7088668,nan,nan,nan,nan,nan,nan,nan,nan,nan,nan,nan,nan
1753092010.745855,nan,nan,nan,nan,nan,nan,nan,nan,nan,nan,nan,nan
1753092010.7837825,nan,nan,nan,nan,nan,nan,nan,nan,nan,nan,nan,nan
1753092010.818784,nan,nan,nan,nan,nan,nan,nan,nan,nan,nan,nan,nan
1753092010.853935,nan,nan,nan,nan,nan,nan,nan,nan,nan,nan,nan,nan
1753092010.8877492,nan,nan,nan,nan,nan,nan,nan,nan,nan,nan,nan,nan
1753092010.9207575,nan,nan,nan,nan,nan,nan,nan,nan,nan,nan,nan,nan
1753092010.9579325,nan,nan,nan,nan,nan,nan,nan,nan,nan,nan,nan,nan
1753092010.9944875,nan,nan,nan,nan,nan,nan,nan,nan,nan,nan,nan,nan
1753092011.0275455,nan,nan,nan,nan,nan,nan,nan,nan,nan,nan,nan,nan
1753092011.0615704,nan,nan,nan,nan,nan,nan,nan,nan,nan,nan,nan,nan
1753092011.0961,nan,nan,nan,nan,nan,nan,nan,nan,nan,nan,nan,nan
1753092011.1301026,nan,nan,nan,nan,nan,nan,nan,nan,nan,nan,nan,nan
1753092011.1640737,nan,nan,nan,nan,nan,nan,nan,nan,nan,nan,nan,nan
1753092011.1990879,nan,nan,nan,nan,nan,nan,nan,nan,nan,nan,nan,nan
1753092011.2340949,nan,nan,nan,nan,nan,nan,nan,nan,nan,nan,nan,nan
1753092011.270217,nan,nan,nan,nan,nan,nan,nan,nan,nan,nan,nan,nan
1753092011.3022099,nan,nan,nan,nan,nan,nan,nan,nan,nan,nan,nan,nan
1753092011.3372154,nan,nan,nan,nan,nan,nan,nan,nan,nan,nan,nan,nan
1753092011.3713138,nan,nan,nan,nan,nan,nan,nan,nan,nan,nan,nan,nan
1753092011.4063098,nan,nan,nan,nan,nan,nan,nan,nan,nan,nan,nan,nan
1753092011.4412365,nan,nan,nan,nan,nan,nan,nan,nan,nan,nan,nan,nan
1753092011.4742165,nan,nan,nan,nan,nan,nan,nan,nan,nan,nan,nan,nan
1753092011.5072284,nan,nan,nan,nan,nan,nan,nan,nan,nan,nan,nan,nan
1753092011.5412185,nan,nan,nan,nan,nan,nan,nan,nan,nan,nan,nan,nan
1753092011.5752296,nan,nan,nan,nan,nan,nan,nan,nan,nan,nan,nan,nan
1753092011.6102223,nan,nan,nan,nan,nan,nan,nan,nan,nan,nan,nan,nan
1753092011.6440966,nan,nan,nan,nan,nan,nan,nan,nan,nan,nan,nan,nan
1753092011.6769054,nan,nan,nan,nan,nan,nan,nan,nan,nan,nan,nan,nan
1753092011.7128248,nan,nan,nan,nan,nan,nan,nan,nan,nan,nan,nan,nan
1753092011.7498257,nan,nan,nan,nan,nan,nan,nan,nan,nan,nan,nan,nan
1753092011.7844799,nan,nan,nan,nan,nan,nan,nan,nan,nan,nan,nan,nan
1753092011.8176672,nan,nan,nan,nan,nan,nan,nan,nan,nan,nan,nan,nan
1753092011.853712,nan,nan,nan,nan,nan,nan,nan,nan,nan,nan,nan,nan
1753092011.888667,nan,nan,nan,nan,nan,nan,nan,nan,nan,nan,nan,nan
1753092011.9226115,nan,nan,nan,nan,nan,nan,nan,nan,nan,nan,nan,nan
1753092011.9557848,nan,nan,nan,nan,nan,nan,nan,nan,nan,nan,nan,nan
1753092011.9906356,nan,nan,nan,nan,nan,nan,nan,nan,nan,nan,nan,nan
1753092012.024784,nan,nan,nan,nan,nan,nan,nan,nan,nan,nan,nan,nan
1753092012.058804,nan,nan,nan,nan,nan,nan,nan,nan,nan,nan,nan,nan
1753092012.0943213,nan,nan,nan,nan,nan,nan,nan,nan,nan,nan,nan,nan
1753092012.129318,nan,nan,nan,nan,nan,nan,nan,nan,nan,nan,nan,nan
1753092012.1672292,nan,nan,nan,nan,nan,nan,nan,nan,nan,nan,nan,nan
1753092012.2072296,nan,nan,nan,nan,nan,nan,nan,nan,nan,nan,nan,nan
1753092012.2452815,nan,nan,nan,nan,nan,nan,nan,nan,nan,nan,nan,nan
1753092012.2870326,nan,nan,nan,nan,nan,nan,nan,nan,nan,nan,nan,nan
1753092012.327013,nan,nan,nan,nan,nan,nan,nan,nan,nan,nan,nan,nan
1753092012.3678691,nan,nan,nan,nan,nan,nan,nan,nan,nan,nan,nan,nan
1753092012.40387,nan,nan,nan,nan,nan,nan,nan,nan,nan,nan,nan,nan
1753092012.4388707,nan,nan,nan,nan,nan,nan,nan,nan,nan,nan,nan,nan
1753092012.471963,nan,nan,nan,nan,nan,nan,nan,nan,nan,nan,nan,nan
1753092012.5048878,nan,nan,nan,nan,nan,nan,nan,nan,nan,nan,nan,nan
1753092012.5400076,nan,nan,nan,nan,nan,nan,nan,nan,nan,nan,nan,nan
1753092012.5728552,nan,nan,nan,nan,nan,nan,nan,nan,nan,nan,nan,nan
1753092012.607857,nan,nan,nan,nan,nan,nan,nan,nan,nan,nan,nan,nan
1753092012.6408525,nan,nan,nan,nan,nan,nan,nan,nan,nan,nan,nan,nan
1753092012.6753635,nan,nan,nan,nan,nan,nan,nan,nan,nan,nan,nan,nan
1753092012.708476,nan,nan,nan,nan,nan,nan,nan,nan,nan,nan,nan,nan
1753092012.7433674,nan,nan,nan,nan,nan,nan,nan,nan,nan,nan,nan,nan
1753092012.77927,nan,nan,nan,nan,nan,nan,nan,nan,nan,nan,nan,nan
1753092012.8142717,nan,nan,nan,nan,nan,nan,nan,nan,nan,nan,nan,nan
1753092012.8473308,nan,nan,nan,nan,nan,nan,nan,nan,nan,nan,nan,nan
1753092012.8810794,nan,nan,nan,nan,nan,nan,nan,nan,nan,nan,nan,nan
1753092012.9151409,nan,nan,nan,nan,nan,nan,nan,nan,nan,nan,nan,nan
1753092012.9501214,nan,nan,nan,nan,nan,nan,nan,nan,nan,nan,nan,nan
1753092012.984998,nan,nan,nan,nan,nan,nan,nan,nan,nan,nan,nan,nan
1753092013.0210032,nan,nan,nan,nan,nan,nan,nan,nan,nan,nan,nan,nan
1753092013.0581396,nan,nan,nan,nan,nan,nan,nan,nan,nan,nan,nan,nan
1753092013.0939155,nan,nan,nan,nan,nan,nan,nan,nan,nan,nan,nan,nan
1753092013.128057,nan,nan,nan,nan,nan,nan,nan,nan,nan,nan,nan,nan
1753092013.1630628,nan,nan,nan,nan,nan,nan,nan,nan,nan,nan,nan,nan
1753092013.2140558,nan,nan,nan,nan,nan,nan,nan,nan,nan,nan,nan,nan
1753092013.26516,nan,nan,nan,nan,nan,nan,nan,nan,nan,nan,nan,nan
1753092013.3139586,nan,nan,nan,nan,nan,nan,nan,nan,nan,nan,nan,nan
1753092013.366091,nan,nan,nan,nan,nan,nan,nan,nan,nan,nan,nan,nan
1753092013.3988156,nan,nan,nan,nan,nan,nan,nan,nan,nan,nan,nan,nan
1753092013.4329007,nan,nan,nan,nan,nan,nan,nan,nan,nan,nan,nan,nan
1753092013.4669116,nan,nan,nan,nan,nan,nan,nan,nan,nan,nan,nan,nan
1753092013.5008307,nan,nan,nan,nan,nan,nan,nan,nan,nan,nan,nan,nan
1753092013.5337403,nan,nan,nan,nan,nan,nan,nan,nan,nan,nan,nan,nan
1753092013.568021,nan,nan,nan,nan,nan,nan,nan,nan,nan,nan,nan,nan
1753092013.6003437,nan,nan,nan,nan,nan,nan,nan,nan,nan,nan,nan,nan
1753092013.63322,nan,nan,nan,nan,nan,nan,nan,nan,nan,nan,nan,nan
1753092013.670183,nan,nan,nan,nan,nan,nan,nan,nan,nan,nan,nan,nan
1753092013.7041779,nan,nan,nan,nan,nan,nan,nan,nan,nan,nan,nan,nan
1753092013.7391775,nan,nan,nan,nan,nan,nan,nan,nan,nan,nan,nan,nan
1753092013.7743275,nan,nan,nan,nan,nan,nan,nan,nan,nan,nan,nan,nan
1753092013.8083324,nan,nan,nan,nan,nan,nan,nan,nan,nan,nan,nan,nan
1753092013.849334,nan,nan,nan,nan,nan,nan,nan,nan,nan,nan,nan,nan
1753092013.8863626,nan,nan,nan,nan,nan,nan,nan,nan,nan,nan,nan,nan
1753092013.9194386,nan,nan,nan,nan,nan,nan,nan,nan,nan,nan,nan,nan
1753092013.9533687,nan,nan,nan,nan,nan,nan,nan,nan,nan,nan,nan,nan
1753092013.986356,nan,nan,nan,nan,nan,nan,nan,nan,nan,nan,nan,nan
1753092014.0202596,nan,nan,nan,nan,nan,nan,nan,nan,nan,nan,nan,nan
1753092014.0583603,nan,nan,nan,nan,nan,nan,nan,nan,nan,nan,nan,nan
1753092014.096053,nan,nan,nan,nan,nan,nan,nan,nan,nan,nan,nan,nan
1753092014.1380694,nan,nan,nan,nan,nan,nan,nan,nan,nan,nan,nan,nan
1753092014.1767447,nan,nan,nan,nan,nan,nan,nan,nan,nan,nan,nan,nan
1753092014.2147443,nan,nan,nan,nan,nan,nan,nan,nan,nan,nan,nan,nan
1753092014.2517421,nan,nan,nan,nan,nan,nan,nan,nan,nan,nan,nan,nan
1753092014.2847507,nan,nan,nan,nan,nan,nan,nan,nan,nan,nan,nan,nan
1753092014.319656,nan,nan,nan,nan,nan,nan,nan,nan,nan,nan,nan,nan
1753092014.3557708,nan,nan,nan,nan,nan,nan,nan,nan,nan,nan,nan,nan
1753092014.3895702,nan,nan,nan,nan,nan,nan,nan,nan,nan,nan,nan,nan
1753092014.42351,nan,nan,nan,nan,nan,nan,nan,nan,nan,nan,nan,nan
1753092014.4596827,nan,nan,nan,nan,nan,nan,nan,nan,nan,nan,nan,nan
1753092014.4944837,nan,nan,nan,nan,nan,nan,nan,nan,nan,nan,nan,nan
1753092014.5274813,nan,nan,nan,nan,nan,nan,nan,nan,nan,nan,nan,nan
1753092014.5597491,nan,nan,nan,nan,nan,nan,nan,nan,nan,nan,nan,nan
1753092014.594531,nan,nan,nan,nan,nan,nan,nan,nan,nan,nan,nan,nan
1753092014.6285384,nan,nan,nan,nan,nan,nan,nan,nan,nan,nan,nan,nan
1753092014.6637206,nan,nan,nan,nan,nan,nan,nan,nan,nan,nan,nan,nan
1753092014.699568,nan,nan,nan,nan,nan,nan,nan,nan,nan,nan,nan,nan
1753092014.7326355,nan,nan,nan,nan,nan,nan,nan,nan,nan,nan,nan,nan
1753092014.7666657,nan,nan,nan,nan,nan,nan,nan,nan,nan,nan,nan,nan
1753092014.8014731,nan,nan,nan,nan,nan,nan,nan,nan,nan,nan,nan,nan
1753092014.8344333,nan,nan,nan,nan,nan,nan,nan,nan,nan,nan,nan,nan
1753092014.8684564,nan,nan,nan,nan,nan,nan,nan,nan,nan,nan,nan,nan
1753092014.9061606,nan,nan,nan,nan,nan,nan,nan,nan,nan,nan,nan,nan
1753092014.9431643,nan,nan,nan,nan,nan,nan,nan,nan,nan,nan,nan,nan
1753092014.97716,nan,nan,nan,nan,nan,nan,nan,nan,nan,nan,nan,nan
1753092015.0112298,nan,nan,nan,nan,nan,nan,nan,nan,nan,nan,nan,nan
1753092015.043161,nan,nan,nan,nan,nan,nan,nan,nan,nan,nan,nan,nan
1753092015.0780454,nan,nan,nan,nan,nan,nan,nan,nan,nan,nan,nan,nan
1753092015.114039,nan,nan,nan,nan,nan,nan,nan,nan,nan,nan,nan,nan
1753092015.1480374,nan,nan,nan,nan,nan,nan,nan,nan,nan,nan,nan,nan
1753092015.1810443,nan,nan,nan,nan,nan,nan,nan,nan,nan,nan,nan,nan
1753092015.2170413,nan,nan,nan,nan,nan,nan,nan,nan,nan,nan,nan,nan
1753092015.2510517,nan,nan,nan,nan,nan,nan,nan,nan,nan,nan,nan,nan
1753092015.285673,nan,nan,nan,nan,nan,nan,nan,nan,nan,nan,nan,nan
1753092015.3206732,nan,nan,nan,nan,nan,nan,nan,nan,nan,nan,nan,nan
1753092015.3556802,nan,nan,nan,nan,nan,nan,nan,nan,nan,nan,nan,nan
1753092015.3923857,nan,nan,nan,nan,nan,nan,nan,nan,nan,nan,nan,nan
1753092015.426396,nan,nan,nan,nan,nan,nan,nan,nan,nan,nan,nan,nan
1753092015.4595647,nan,nan,nan,nan,nan,nan,nan,nan,nan,nan,nan,nan
1753092015.495412,nan,nan,nan,nan,nan,nan,nan,nan,nan,nan,nan,nan
1753092015.5313299,nan,nan,nan,nan,nan,nan,nan,nan,nan,nan,nan,nan
1753092015.564483,nan,nan,nan,nan,nan,nan,nan,nan,nan,nan,nan,nan
1753092015.5972886,nan,nan,nan,nan,nan,nan,nan,nan,nan,nan,nan,nan
1753092015.6322849,nan,nan,nan,nan,nan,nan,nan,nan,nan,nan,nan,nan
1753092015.667423,nan,nan,nan,nan,nan,nan,nan,nan,nan,nan,nan,nan
1753092015.7053254,nan,nan,nan,nan,nan,nan,nan,nan,nan,nan,nan,nan
1753092015.7433214,nan,nan,nan,nan,nan,nan,nan,nan,nan,nan,nan,nan
1753092015.781301,nan,nan,nan,nan,nan,nan,nan,nan,nan,nan,nan,nan
1753092015.821391,nan,nan,nan,nan,nan,nan,nan,nan,nan,nan,nan,nan
1753092015.86145,nan,nan,nan,nan,nan,nan,nan,nan,nan,nan,nan,nan
1753092015.894258,nan,nan,nan,nan,nan,nan,nan,nan,nan,nan,nan,nan
1753092015.931256,nan,nan,nan,nan,nan,nan,nan,nan,nan,nan,nan,nan
1753092015.968344,nan,nan,nan,nan,nan,nan,nan,nan,nan,nan,nan,nan
1753092016.0038838,nan,nan,nan,nan,nan,nan,nan,nan,nan,nan,nan,nan
1753092016.037958,nan,nan,nan,nan,nan,nan,nan,nan,nan,nan,nan,nan
1753092016.0725062,nan,nan,nan,nan,nan,nan,nan,nan,nan,nan,nan,nan
1753092016.1075222,nan,nan,nan,nan,nan,nan,nan,nan,nan,nan,nan,nan
1753092016.1405213,nan,nan,nan,nan,nan,nan,nan,nan,nan,nan,nan,nan
1753092016.1793323,nan,nan,nan,nan,nan,nan,nan,nan,nan,nan,nan,nan
1753092016.2153833,nan,nan,nan,nan,nan,nan,nan,nan,nan,nan,nan,nan
1753092016.2534094,nan,nan,nan,nan,nan,nan,nan,nan,nan,nan,nan,nan
1753092016.2874622,nan,nan,nan,nan,nan,nan,nan,nan,nan,nan,nan,nan
1753092016.3213675,nan,nan,nan,nan,nan,nan,nan,nan,nan,nan,nan,nan
1753092016.3553717,nan,nan,nan,nan,nan,nan,nan,nan,nan,nan,nan,nan
1753092016.3874168,nan,nan,nan,nan,nan,nan,nan,nan,nan,nan,nan,nan
1753092016.4224172,nan,nan,nan,nan,nan,nan,nan,nan,nan,nan,nan,nan
1753092016.4574199,nan,nan,nan,nan,nan,nan,nan,nan,nan,nan,nan,nan
1753092016.4923015,nan,nan,nan,nan,nan,nan,nan,nan,nan,nan,nan,nan
1753092016.5252256,nan,nan,nan,nan,nan,nan,nan,nan,nan,nan,nan,nan
1753092016.5584104,nan,nan,nan,nan,nan,nan,nan,nan,nan,nan,nan,nan
1753092016.592236,nan,nan,nan,nan,nan,nan,nan,nan,nan,nan,nan,nan
1753092016.6271634,nan,nan,nan,nan,nan,nan,nan,nan,nan,nan,nan,nan
1753092016.6613815,nan,nan,nan,nan,nan,nan,nan,nan,nan,nan,nan,nan
1753092016.6951783,nan,nan,nan,nan,nan,nan,nan,nan,nan,nan,nan,nan
1753092016.7282417,nan,nan,nan,nan,nan,nan,nan,nan,nan,nan,nan,nan
1753092016.7613804,nan,nan,nan,nan,nan,nan,nan,nan,nan,nan,nan,nan
1753092016.7961419,nan,nan,nan,nan,nan,nan,nan,nan,nan,nan,nan,nan
1753092016.8280845,nan,nan,nan,nan,nan,nan,nan,nan,nan,nan,nan,nan
1753092016.8623438,nan,nan,nan,nan,nan,nan,nan,nan,nan,nan,nan,nan
1753092016.895033,nan,nan,nan,nan,nan,nan,nan,nan,nan,nan,nan,nan
1753092016.928033,nan,nan,nan,nan,nan,nan,nan,nan,nan,nan,nan,nan
1753092016.959231,nan,nan,nan,nan,nan,nan,nan,nan,nan,nan,nan,nan
1753092016.995854,nan,nan,nan,nan,nan,nan,nan,nan,nan,nan,nan,nan
1753092017.0308468,nan,nan,nan,nan,nan,nan,nan,nan,nan,nan,nan,nan
1753092017.0659537,nan,nan,nan,nan,nan,nan,nan,nan,nan,nan,nan,nan
1753092017.0987353,nan,nan,nan,nan,nan,nan,nan,nan,nan,nan,nan,nan
1753092017.133733,nan,nan,nan,nan,nan,nan,nan,nan,nan,nan,nan,nan
1753092017.168847,nan,nan,nan,nan,nan,nan,nan,nan,nan,nan,nan,nan
1753092017.208642,nan,nan,nan,nan,nan,nan,nan,nan,nan,nan,nan,nan
1753092017.2466497,nan,nan,nan,nan,nan,nan,nan,nan,nan,nan,nan,nan
1753092017.2868392,nan,nan,nan,nan,nan,nan,nan,nan,nan,nan,nan,nan
1753092017.3278341,nan,nan,nan,nan,nan,nan,nan,nan,nan,nan,nan,nan
1753092017.367865,nan,nan,nan,nan,nan,nan,nan,nan,nan,nan,nan,nan
1753092017.4017892,nan,nan,nan,nan,nan,nan,nan,nan,nan,nan,nan,nan
1753092017.4387958,nan,nan,nan,nan,nan,nan,nan,nan,nan,nan,nan,nan
1753092017.4729555,nan,nan,nan,nan,nan,nan,nan,nan,nan,nan,nan,nan
1753092017.5078063,nan,nan,nan,nan,nan,nan,nan,nan,nan,nan,nan,nan
1753092017.542701,nan,nan,nan,nan,nan,nan,nan,nan,nan,nan,nan,nan
1753092017.577766,nan,nan,nan,nan,nan,nan,nan,nan,nan,nan,nan,nan
1753092017.6107662,nan,nan,nan,nan,nan,nan,nan,nan,nan,nan,nan,nan
1753092017.6457734,nan,nan,nan,nan,nan,nan,nan,nan,nan,nan,nan,nan
1753092017.6808538,nan,nan,nan,nan,nan,nan,nan,nan,nan,nan,nan,nan
1753092017.7149549,nan,nan,nan,nan,nan,nan,nan,nan,nan,nan,nan,nan
1753092017.749803,nan,nan,nan,nan,nan,nan,nan,nan,nan,nan,nan,nan
1753092017.783804,nan,nan,nan,nan,nan,nan,nan,nan,nan,nan,nan,nan
1753092017.8208342,nan,nan,nan,nan,nan,nan,nan,nan,nan,nan,nan,nan
1753092017.854753,nan,nan,nan,nan,nan,nan,nan,nan,nan,nan,nan,nan
1753092017.886696,nan,nan,nan,nan,nan,nan,nan,nan,nan,nan,nan,nan
1753092017.9206908,nan,nan,nan,nan,nan,nan,nan,nan,nan,nan,nan,nan
1753092017.9547813,nan,nan,nan,nan,nan,nan,nan,nan,nan,nan,nan,nan
1753092017.9886112,nan,nan,nan,nan,nan,nan,nan,nan,nan,nan,nan,nan
1753092018.0226166,nan,nan,nan,nan,nan,nan,nan,nan,nan,nan,nan,nan
1753092018.0586147,nan,nan,nan,nan,nan,nan,nan,nan,nan,nan,nan,nan
1753092018.09233,nan,nan,nan,nan,nan,nan,nan,nan,nan,nan,nan,nan
1753092018.1293304,nan,nan,nan,nan,nan,nan,nan,nan,nan,nan,nan,nan
1753092018.163584,nan,nan,nan,nan,nan,nan,nan,nan,nan,nan,nan,nan
1753092018.1972709,nan,nan,nan,nan,nan,nan,nan,nan,nan,nan,nan,nan
1753092018.2293344,nan,nan,nan,nan,nan,nan,nan,nan,nan,nan,nan,nan
1753092018.2655165,nan,nan,nan,nan,nan,nan,nan,nan,nan,nan,nan,nan
1753092018.3003201,nan,nan,nan,nan,nan,nan,nan,nan,nan,nan,nan,nan
1753092018.3353133,nan,nan,nan,nan,nan,nan,nan,nan,nan,nan,nan,nan
1753092018.3685272,nan,nan,nan,nan,nan,nan,nan,nan,nan,nan,nan,nan
1753092018.4013197,nan,nan,nan,nan,nan,nan,nan,nan,nan,nan,nan,nan
1753092018.4333138,nan,nan,nan,nan,nan,nan,nan,nan,nan,nan,nan,nan
1753092018.4664788,nan,nan,nan,nan,nan,nan,nan,nan,nan,nan,nan,nan
1753092018.5002542,nan,nan,nan,nan,nan,nan,nan,nan,nan,nan,nan,nan
1753092018.5332296,nan,nan,nan,nan,nan,nan,nan,nan,nan,nan,nan,nan
1753092018.5664449,nan,nan,nan,nan,nan,nan,nan,nan,nan,nan,nan,nan
1753092018.601233,nan,nan,nan,nan,nan,nan,nan,nan,nan,nan,nan,nan
1753092018.6322198,nan,nan,nan,nan,nan,nan,nan,nan,nan,nan,nan,nan
1753092018.6645315,nan,nan,nan,nan,nan,nan,nan,nan,nan,nan,nan,nan
1753092018.697184,nan,nan,nan,nan,nan,nan,nan,nan,nan,nan,nan,nan
1753092018.73029,nan,nan,nan,nan,nan,nan,nan,nan,nan,nan,nan,nan
1753092018.7662964,nan,nan,nan,nan,nan,nan,nan,nan,nan,nan,nan,nan
1753092018.8040292,nan,nan,nan,nan,nan,nan,nan,nan,nan,nan,nan,nan
1753092018.8410306,nan,nan,nan,nan,nan,nan,nan,nan,nan,nan,nan,nan
1753092018.8787897,nan,nan,nan,nan,nan,nan,nan,nan,nan,nan,nan,nan
1753092018.9178069,nan,nan,nan,nan,nan,nan,nan,nan,nan,nan,nan,nan
1753092018.9588747,nan,nan,nan,nan,nan,nan,nan,nan,nan,nan,nan,nan
1753092018.993911,nan,nan,nan,nan,nan,nan,nan,nan,nan,nan,nan,nan
1753092019.0269752,nan,nan,nan,nan,nan,nan,nan,nan,nan,nan,nan,nan
1753092019.0619094,nan,nan,nan,nan,nan,nan,nan,nan,nan,nan,nan,nan
1753092019.095547,nan,nan,nan,nan,nan,nan,nan,nan,nan,nan,nan,nan
1753092019.1315491,nan,nan,nan,nan,nan,nan,nan,nan,nan,nan,nan,nan
1753092019.167783,nan,nan,nan,nan,nan,nan,nan,nan,nan,nan,nan,nan
1753092019.2033138,nan,nan,nan,nan,nan,nan,nan,nan,nan,nan,nan,nan
1753092019.236326,nan,nan,nan,nan,nan,nan,nan,nan,nan,nan,nan,nan
1753092019.27045,nan,nan,nan,nan,nan,nan,nan,nan,nan,nan,nan,nan
1753092019.3043365,nan,nan,nan,nan,nan,nan,nan,nan,nan,nan,nan,nan
1753092019.3383474,nan,nan,nan,nan,nan,nan,nan,nan,nan,nan,nan,nan
1753092019.3705826,nan,nan,nan,nan,nan,nan,nan,nan,nan,nan,nan,nan
1753092019.4032555,nan,nan,nan,nan,nan,nan,nan,nan,nan,nan,nan,nan
1753092019.4373631,nan,nan,nan,nan,nan,nan,nan,nan,nan,nan,nan,nan
1753092019.471408,nan,nan,nan,nan,nan,nan,nan,nan,nan,nan,nan,nan
1753092019.5041592,nan,nan,nan,nan,nan,nan,nan,nan,nan,nan,nan,nan
1753092019.5412054,nan,nan,nan,nan,nan,nan,nan,nan,nan,nan,nan,nan
1753092019.5764067,nan,nan,nan,nan,nan,nan,nan,nan,nan,nan,nan,nan
1753092019.6139612,nan,nan,nan,nan,nan,nan,nan,nan,nan,nan,nan,nan
1753092019.6539576,nan,nan,nan,nan,nan,nan,nan,nan,nan,nan,nan,nan
1753092019.6928706,nan,nan,nan,nan,nan,nan,nan,nan,nan,nan,nan,nan
1753092019.7308798,nan,nan,nan,nan,nan,nan,nan,nan,nan,nan,nan,nan
1753092019.7660549,nan,nan,nan,nan,nan,nan,nan,nan,nan,nan,nan,nan
1753092019.800851,nan,nan,nan,nan,nan,nan,nan,nan,nan,nan,nan,nan
1753092019.8378437,nan,nan,nan,nan,nan,nan,nan,nan,nan,nan,nan,nan
1753092019.8699932,nan,nan,nan,nan,nan,nan,nan,nan,nan,nan,nan,nan
1753092019.9037457,nan,nan,nan,nan,nan,nan,nan,nan,nan,nan,nan,nan
1753092019.9417298,nan,nan,nan,nan,nan,nan,nan,nan,nan,nan,nan,nan
1753092019.9739194,nan,nan,nan,nan,nan,nan,nan,nan,nan,nan,nan,nan
1753092020.00868,nan,nan,nan,nan,nan,nan,nan,nan,nan,nan,nan,nan
1753092020.0436726,nan,nan,nan,nan,nan,nan,nan,nan,nan,nan,nan,nan
1753092020.0768664,nan,nan,nan,nan,nan,nan,nan,nan,nan,nan,nan,nan
1753092020.111735,nan,nan,nan,nan,nan,nan,nan,nan,nan,nan,nan,nan
1753092020.146645,nan,nan,nan,nan,nan,nan,nan,nan,nan,nan,nan,nan
1753092020.1826253,nan,nan,nan,nan,nan,nan,nan,nan,nan,nan,nan,nan
1753092020.218741,nan,nan,nan,nan,nan,nan,nan,nan,nan,nan,nan,nan
1753092020.2536232,nan,nan,nan,nan,nan,nan,nan,nan,nan,nan,nan,nan
1753092020.2897537,nan,nan,nan,nan,nan,nan,nan,nan,nan,nan,nan,nan
1753092020.3266938,nan,nan,nan,nan,nan,nan,nan,nan,nan,nan,nan,nan
1753092020.362756,nan,nan,nan,nan,nan,nan,nan,nan,nan,nan,nan,nan
1753092020.396635,nan,nan,nan,nan,nan,nan,nan,nan,nan,nan,nan,nan
1753092020.4315727,nan,nan,nan,nan,nan,nan,nan,nan,nan,nan,nan,nan
1753092020.4665647,nan,nan,nan,nan,nan,nan,nan,nan,nan,nan,nan,nan
1753092020.5003366,nan,nan,nan,nan,nan,nan,nan,nan,nan,nan,nan,nan
1753092020.534324,nan,nan,nan,nan,nan,nan,nan,nan,nan,nan,nan,nan
1753092020.5705097,nan,nan,nan,nan,nan,nan,nan,nan,nan,nan,nan,nan
1753092020.6042478,nan,nan,nan,nan,nan,nan,nan,nan,nan,nan,nan,nan
1753092020.6372194,nan,nan,nan,nan,nan,nan,nan,nan,nan,nan,nan,nan
1753092020.6704376,nan,nan,nan,nan,nan,nan,nan,nan,nan,nan,nan,nan
1753092020.7041185,nan,nan,nan,nan,nan,nan,nan,nan,nan,nan,nan,nan
1753092020.736187,nan,nan,nan,nan,nan,nan,nan,nan,nan,nan,nan,nan
1753092020.7723155,nan,nan,nan,nan,nan,nan,nan,nan,nan,nan,nan,nan
1753092020.806095,nan,nan,nan,nan,nan,nan,nan,nan,nan,nan,nan,nan
1753092020.839165,nan,nan,nan,nan,nan,nan,nan,nan,nan,nan,nan,nan
1753092020.8733263,nan,nan,nan,nan,nan,nan,nan,nan,nan,nan,nan,nan
1753092020.906112,nan,nan,nan,nan,nan,nan,nan,nan,nan,nan,nan,nan
1753092020.9383264,nan,nan,nan,nan,nan,nan,nan,nan,nan,nan,nan,nan
1753092020.9732788,nan,nan,nan,nan,nan,nan,nan,nan,nan,nan,nan,nan
1753092021.0071535,nan,nan,nan,nan,nan,nan,nan,nan,nan,nan,nan,nan
1753092021.0432143,nan,nan,nan,nan,nan,nan,nan,nan,nan,nan,nan,nan
1753092021.07541,nan,nan,nan,nan,nan,nan,nan,nan,nan,nan,nan,nan
1753092021.1111248,nan,nan,nan,nan,nan,nan,nan,nan,nan,nan,nan,nan
1753092021.1471198,nan,nan,nan,nan,nan,nan,nan,nan,nan,nan,nan,nan
1753092021.1838064,nan,nan,nan,nan,nan,nan,nan,nan,nan,nan,nan,nan
1753092021.2208216,nan,nan,nan,nan,nan,nan,nan,nan,nan,nan,nan,nan
1753092021.26283,nan,nan,nan,nan,nan,nan,nan,nan,nan,nan,nan,nan
1753092021.3027394,nan,nan,nan,nan,nan,nan,nan,nan,nan,nan,nan,nan
1753092021.3367412,nan,nan,nan,nan,nan,nan,nan,nan,nan,nan,nan,nan
1753092021.3720474,nan,nan,nan,nan,nan,nan,nan,nan,nan,nan,nan,nan
1753092021.4048681,nan,nan,nan,nan,nan,nan,nan,nan,nan,nan,nan,nan
1753092021.438855,nan,nan,nan,nan,nan,nan,nan,nan,nan,nan,nan,nan
1753092021.4750118,nan,nan,nan,nan,nan,nan,nan,nan,nan,nan,nan,nan
1753092021.5119486,nan,nan,nan,nan,nan,nan,nan,nan,nan,nan,nan,nan
1753092021.5480056,nan,nan,nan,nan,nan,nan,nan,nan,nan,nan,nan,nan
1753092021.58197,nan,nan,nan,nan,nan,nan,nan,nan,nan,nan,nan,nan
1753092021.615809,nan,nan,nan,nan,nan,nan,nan,nan,nan,nan,nan,nan
1753092021.6487663,nan,nan,nan,nan,nan,nan,nan,nan,nan,nan,nan,nan
1753092021.6829658,nan,nan,nan,nan,nan,nan,nan,nan,nan,nan,nan,nan
1753092021.7166986,nan,nan,nan,nan,nan,nan,nan,nan,nan,nan,nan,nan
1753092021.75058,nan,nan,nan,nan,nan,nan,nan,nan,nan,nan,nan,nan
1753092021.7827363,nan,nan,nan,nan,nan,nan,nan,nan,nan,nan,nan,nan
1753092021.8167012,nan,nan,nan,nan,nan,nan,nan,nan,nan,nan,nan,nan
1753092021.8516123,nan,nan,nan,nan,nan,nan,nan,nan,nan,nan,nan,nan
1753092021.8852959,nan,nan,nan,nan,nan,nan,nan,nan,nan,nan,nan,nan
1753092021.918316,nan,nan,nan,nan,nan,nan,nan,nan,nan,nan,nan,nan
1753092021.954347,nan,nan,nan,nan,nan,nan,nan,nan,nan,nan,nan,nan
1753092021.9893584,nan,nan,nan,nan,nan,nan,nan,nan,nan,nan,nan,nan
1753092022.0223563,nan,nan,nan,nan,nan,nan,nan,nan,nan,nan,nan,nan
1753092022.0563552,nan,nan,nan,nan,nan,nan,nan,nan,nan,nan,nan,nan
1753092022.0922563,nan,nan,nan,nan,nan,nan,nan,nan,nan,nan,nan,nan
1753092022.1272526,nan,nan,nan,nan,nan,nan,nan,nan,nan,nan,nan,nan
1753092022.1623306,nan,nan,nan,nan,nan,nan,nan,nan,nan,nan,nan,nan
1753092022.1962578,nan,nan,nan,nan,nan,nan,nan,nan,nan,nan,nan,nan
1753092022.2292798,nan,nan,nan,nan,nan,nan,nan,nan,nan,nan,nan,nan
1753092022.2642047,nan,nan,nan,nan,nan,nan,nan,nan,nan,nan,nan,nan
1753092022.3001165,nan,nan,nan,nan,nan,nan,nan,nan,nan,nan,nan,nan
1753092022.3352127,nan,nan,nan,nan,nan,nan,nan,nan,nan,nan,nan,nan
1753092022.3701181,nan,nan,nan,nan,nan,nan,nan,nan,nan,nan,nan,nan
1753092022.4041834,nan,nan,nan,nan,nan,nan,nan,nan,nan,nan,nan,nan
1753092022.4370844,nan,nan,nan,nan,nan,nan,nan,nan,nan,nan,nan,nan
1753092022.469099,nan,nan,nan,nan,nan,nan,nan,nan,nan,nan,nan,nan
1753092022.5040646,nan,nan,nan,nan,nan,nan,nan,nan,nan,nan,nan,nan
1753092022.5362196,nan,nan,nan,nan,nan,nan,nan,nan,nan,nan,nan,nan
1753092022.569061,nan,nan,nan,nan,nan,nan,nan,nan,nan,nan,nan,nan
1753092022.6029215,nan,nan,nan,nan,nan,nan,nan,nan,nan,nan,nan,nan
1753092022.6368814,nan,nan,nan,nan,nan,nan,nan,nan,nan,nan,nan,nan
1753092022.6689863,nan,nan,nan,nan,nan,nan,nan,nan,nan,nan,nan,nan
1753092022.7019038,nan,nan,nan,nan,nan,nan,nan,nan,nan,nan,nan,nan
1753092022.7349143,nan,nan,nan,nan,nan,nan,nan,nan,nan,nan,nan,nan
1753092022.7709846,nan,nan,nan,nan,nan,nan,nan,nan,nan,nan,nan,nan
1753092022.802895,nan,nan,nan,nan,nan,nan,nan,nan,nan,nan,nan,nan
1753092022.8378956,nan,nan,nan,nan,nan,nan,nan,nan,nan,nan,nan,nan
1753092022.870072,nan,nan,nan,nan,nan,nan,nan,nan,nan,nan,nan,nan
1753092022.9038386,nan,nan,nan,nan,nan,nan,nan,nan,nan,nan,nan,nan
1753092022.9377747,nan,nan,nan,nan,nan,nan,nan,nan,nan,nan,nan,nan
1753092022.970742,nan,nan,nan,nan,nan,nan,nan,nan,nan,nan,nan,nan
1753092023.0056353,nan,nan,nan,nan,nan,nan,nan,nan,nan,nan,nan,nan
1753092023.0396981,nan,nan,nan,nan,nan,nan,nan,nan,nan,nan,nan,nan
1753092023.0738182,nan,nan,nan,nan,nan,nan,nan,nan,nan,nan,nan,nan
1753092023.108674,nan,nan,nan,nan,nan,nan,nan,nan,nan,nan,nan,nan
1753092023.144673,nan,nan,nan,nan,nan,nan,nan,nan,nan,nan,nan,nan
1753092023.1788473,nan,nan,nan,nan,nan,nan,nan,nan,nan,nan,nan,nan
1753092023.2135823,nan,nan,nan,nan,nan,nan,nan,nan,nan,nan,nan,nan
1753092023.250629,nan,nan,nan,nan,nan,nan,nan,nan,nan,nan,nan,nan
1753092023.2885194,nan,nan,nan,nan,nan,nan,nan,nan,nan,nan,nan,nan
1753092023.3225102,nan,nan,nan,nan,nan,nan,nan,nan,nan,nan,nan,nan
1753092023.3594456,nan,nan,nan,nan,nan,nan,nan,nan,nan,nan,nan,nan
1753092023.395135,nan,nan,nan,nan,nan,nan,nan,nan,nan,nan,nan,nan
1753092023.4311342,nan,nan,nan,nan,nan,nan,nan,nan,nan,nan,nan,nan
1753092023.4681304,nan,nan,nan,nan,nan,nan,nan,nan,nan,nan,nan,nan
1753092023.5012248,nan,nan,nan,nan,nan,nan,nan,nan,nan,nan,nan,nan
1753092023.5342324,nan,nan,nan,nan,nan,nan,nan,nan,nan,nan,nan,nan
1753092023.5662806,nan,nan,nan,nan,nan,nan,nan,nan,nan,nan,nan,nan
1753092023.5992568,nan,nan,nan,nan,nan,nan,nan,nan,nan,nan,nan,nan
1753092023.6372533,nan,nan,nan,nan,nan,nan,nan,nan,nan,nan,nan,nan
1753092023.6703036,nan,nan,nan,nan,nan,nan,nan,nan,nan,nan,nan,nan
1753092023.7051828,nan,nan,nan,nan,nan,nan,nan,nan,nan,nan,nan,nan
1753092023.7381234,nan,nan,nan,nan,nan,nan,nan,nan,nan,nan,nan,nan
1753092023.771123,nan,nan,nan,nan,nan,nan,nan,nan,nan,nan,nan,nan
1753092023.8052583,nan,nan,nan,nan,nan,nan,nan,nan,nan,nan,nan,nan
1753092023.8402567,nan,nan,nan,nan,nan,nan,nan,nan,nan,nan,nan,nan
1753092023.873256,nan,nan,nan,nan,nan,nan,nan,nan,nan,nan,nan,nan
1753092023.9062355,nan,nan,nan,nan,nan,nan,nan,nan,nan,nan,nan,nan
1753092023.941243,nan,nan,nan,nan,nan,nan,nan,nan,nan,nan,nan,nan
1753092023.9755003,nan,nan,nan,nan,nan,nan,nan,nan,nan,nan,nan,nan
1753092024.0082374,nan,nan,nan,nan,nan,nan,nan,nan,nan,nan,nan,nan
1753092024.0403042,nan,nan,nan,nan,nan,nan,nan,nan,nan,nan,nan,nan
1753092024.074372,nan,nan,nan,nan,nan,nan,nan,nan,nan,nan,nan,nan
1753092024.1081603,nan,nan,nan,nan,nan,nan,nan,nan,nan,nan,nan,nan
1753092024.1441572,nan,nan,nan,nan,nan,nan,nan,nan,nan,nan,nan,nan
1753092024.1782994,nan,nan,nan,nan,nan,nan,nan,nan,nan,nan,nan,nan
1753092024.2121315,nan,nan,nan,nan,nan,nan,nan,nan,nan,nan,nan,nan
1753092024.246204,nan,nan,nan,nan,nan,nan,nan,nan,nan,nan,nan,nan
1753092024.2793553,nan,nan,nan,nan,nan,nan,nan,nan,nan,nan,nan,nan
1753092024.3142219,nan,nan,nan,nan,nan,nan,nan,nan,nan,nan,nan,nan
1753092024.3502746,nan,nan,nan,nan,nan,nan,nan,nan,nan,nan,nan,nan
1753092024.3834527,nan,nan,nan,nan,nan,nan,nan,nan,nan,nan,nan,nan
1753092024.4210036,nan,nan,nan,nan,nan,nan,nan,nan,nan,nan,nan,nan
1753092024.457094,nan,nan,nan,nan,nan,nan,nan,nan,nan,nan,nan,nan
1753092024.4931405,nan,nan,nan,nan,nan,nan,nan,nan,nan,nan,nan,nan
1753092024.5331352,nan,nan,nan,nan,nan,nan,nan,nan,nan,nan,nan,nan
1753092024.566034,nan,nan,nan,nan,nan,nan,nan,nan,nan,nan,nan,nan
1753092024.5981991,nan,nan,nan,nan,nan,nan,nan,nan,nan,nan,nan,nan
1753092024.6340542,nan,nan,nan,nan,nan,nan,nan,nan,nan,nan,nan,nan
1753092024.6680522,nan,nan,nan,nan,nan,nan,nan,nan,nan,nan,nan,nan
1753092024.7050955,nan,nan,nan,nan,nan,nan,nan,nan,nan,nan,nan,nan
1753092024.7391982,nan,nan,nan,nan,nan,nan,nan,nan,nan,nan,nan,nan
1753092024.7751095,nan,nan,nan,nan,nan,nan,nan,nan,nan,nan,nan,nan
1753092024.8089147,nan,nan,nan,nan,nan,nan,nan,nan,nan,nan,nan,nan
1753092024.8419085,nan,nan,nan,nan,nan,nan,nan,nan,nan,nan,nan,nan
1753092024.8759017,nan,nan,nan,nan,nan,nan,nan,nan,nan,nan,nan,nan
1753092024.9107642,nan,nan,nan,nan,nan,nan,nan,nan,nan,nan,nan,nan
1753092024.9458039,nan,nan,nan,nan,nan,nan,nan,nan,nan,nan,nan,nan
1753092024.9818652,nan,nan,nan,nan,nan,nan,nan,nan,nan,nan,nan,nan
1753092025.0136914,nan,nan,nan,nan,nan,nan,nan,nan,nan,nan,nan,nan
1753092025.0476294,nan,nan,nan,nan,nan,nan,nan,nan,nan,nan,nan,nan
1753092025.0808535,nan,nan,nan,nan,nan,nan,nan,nan,nan,nan,nan,nan
1753092025.117644,nan,nan,nan,nan,nan,nan,nan,nan,nan,nan,nan,nan
1753092025.152638,nan,nan,nan,nan,nan,nan,nan,nan,nan,nan,nan,nan
1753092025.1858752,nan,nan,nan,nan,nan,nan,nan,nan,nan,nan,nan,nan
1753092025.219826,nan,nan,nan,nan,nan,nan,nan,nan,nan,nan,nan,nan
1753092025.2546914,nan,nan,nan,nan,nan,nan,nan,nan,nan,nan,nan,nan
1753092025.2897093,nan,nan,nan,nan,nan,nan,nan,nan,nan,nan,nan,nan
1753092025.3243563,nan,nan,nan,nan,nan,nan,nan,nan,nan,nan,nan,nan
1753092025.3583384,nan,nan,nan,nan,nan,nan,nan,nan,nan,nan,nan,nan
1753092025.3933299,nan,nan,nan,nan,nan,nan,nan,nan,nan,nan,nan,nan
1753092025.4302669,nan,nan,nan,nan,nan,nan,nan,nan,nan,nan,nan,nan
1753092025.4642746,nan,nan,nan,nan,nan,nan,nan,nan,nan,nan,nan,nan
1753092025.4997916,nan,nan,nan,nan,nan,nan,nan,nan,nan,nan,nan,nan
1753092025.5338075,nan,nan,nan,nan,nan,nan,nan,nan,nan,nan,nan,nan
1753092025.5707953,nan,nan,nan,nan,nan,nan,nan,nan,nan,nan,nan,nan
1753092025.6029212,nan,nan,nan,nan,nan,nan,nan,nan,nan,nan,nan,nan
1753092025.6359227,nan,nan,nan,nan,nan,nan,nan,nan,nan,nan,nan,nan
1753092025.6708505,nan,nan,nan,nan,nan,nan,nan,nan,nan,nan,nan,nan
1753092025.703824,nan,nan,nan,nan,nan,nan,nan,nan,nan,nan,nan,nan
1753092025.7407663,nan,nan,nan,nan,nan,nan,nan,nan,nan,nan,nan,nan
1753092025.7737792,nan,nan,nan,nan,nan,nan,nan,nan,nan,nan,nan,nan
1753092025.80674,nan,nan,nan,nan,nan,nan,nan,nan,nan,nan,nan,nan
1753092025.840729,nan,nan,nan,nan,nan,nan,nan,nan,nan,nan,nan,nan
1753092025.8738682,nan,nan,nan,nan,nan,nan,nan,nan,nan,nan,nan,nan
1753092025.9067013,nan,nan,nan,nan,nan,nan,nan,nan,nan,nan,nan,nan
1753092025.9387028,nan,nan,nan,nan,nan,nan,nan,nan,nan,nan,nan,nan
1753092025.9727044,nan,nan,nan,nan,nan,nan,nan,nan,nan,nan,nan,nan
1753092026.0065956,nan,nan,nan,nan,nan,nan,nan,nan,nan,nan,nan,nan
1753092026.0395772,nan,nan,nan,nan,nan,nan,nan,nan,nan,nan,nan,nan
1753092026.073603,nan,nan,nan,nan,nan,nan,nan,nan,nan,nan,nan,nan
1753092026.1085572,nan,nan,nan,nan,nan,nan,nan,nan,nan,nan,nan,nan
1753092026.1416123,nan,nan,nan,nan,nan,nan,nan,nan,nan,nan,nan,nan
1753092026.177557,nan,nan,nan,nan,nan,nan,nan,nan,nan,nan,nan,nan
1753092026.214522,nan,nan,nan,nan,nan,nan,nan,nan,nan,nan,nan,nan
1753092026.2496004,nan,nan,nan,nan,nan,nan,nan,nan,nan,nan,nan,nan
1753092026.2856002,nan,nan,nan,nan,nan,nan,nan,nan,nan,nan,nan,nan
1753092026.320414,nan,nan,nan,nan,nan,nan,nan,nan,nan,nan,nan,nan
1753092026.353545,nan,nan,nan,nan,nan,nan,nan,nan,nan,nan,nan,nan
1753092026.3875258,nan,nan,nan,nan,nan,nan,nan,nan,nan,nan,nan,nan
1753092026.4223304,nan,nan,nan,nan,nan,nan,nan,nan,nan,nan,nan,nan
1753092026.4564068,nan,nan,nan,nan,nan,nan,nan,nan,nan,nan,nan,nan
1753092026.4915197,nan,nan,nan,nan,nan,nan,nan,nan,nan,nan,nan,nan
1753092026.5263467,nan,nan,nan,nan,nan,nan,nan,nan,nan,nan,nan,nan
1753092026.5653484,nan,nan,nan,nan,nan,nan,nan,nan,nan,nan,nan,nan
1753092026.6053476,nan,nan,nan,nan,nan,nan,nan,nan,nan,nan,nan,nan
1753092026.6443439,nan,nan,nan,nan,nan,nan,nan,nan,nan,nan,nan,nan
1753092026.6835387,nan,nan,nan,nan,nan,nan,nan,nan,nan,nan,nan,nan
1753092026.7242904,nan,nan,nan,nan,nan,nan,nan,nan,nan,nan,nan,nan
1753092026.763283,nan,nan,nan,nan,nan,nan,nan,nan,nan,nan,nan,nan
1753092026.799335,nan,nan,nan,nan,nan,nan,nan,nan,nan,nan,nan,nan
1753092026.8353353,nan,nan,nan,nan,nan,nan,nan,nan,nan,nan,nan,nan
1753092026.87039,nan,nan,nan,nan,nan,nan,nan,nan,nan,nan,nan,nan
1753092026.9023774,nan,nan,nan,nan,nan,nan,nan,nan,nan,nan,nan,nan
1753092026.9373486,nan,nan,nan,nan,nan,nan,nan,nan,nan,nan,nan,nan
1753092026.9732497,nan,nan,nan,nan,nan,nan,nan,nan,nan,nan,nan,nan
1753092027.0051248,nan,nan,nan,nan,nan,nan,nan,nan,nan,nan,nan,nan
1753092027.0371847,nan,nan,nan,nan,nan,nan,nan,nan,nan,nan,nan,nan
1753092027.0721266,nan,nan,nan,nan,nan,nan,nan,nan,nan,nan,nan,nan
1753092027.1071854,nan,nan,nan,nan,nan,nan,nan,nan,nan,nan,nan,nan
1753092027.1431067,nan,nan,nan,nan,nan,nan,nan,nan,nan,nan,nan,nan
1753092027.1772294,nan,nan,nan,nan,nan,nan,nan,nan,nan,nan,nan,nan
1753092027.21205,nan,nan,nan,nan,nan,nan,nan,nan,nan,nan,nan,nan
1753092027.249102,nan,nan,nan,nan,nan,nan,nan,nan,nan,nan,nan,nan
1753092027.2820535,nan,nan,nan,nan,nan,nan,nan,nan,nan,nan,nan,nan
1753092027.3168747,nan,nan,nan,nan,nan,nan,nan,nan,nan,nan,nan,nan
1753092027.350959,nan,nan,nan,nan,nan,nan,nan,nan,nan,nan,nan,nan
1753092027.3850155,nan,nan,nan,nan,nan,nan,nan,nan,nan,nan,nan,nan
1753092027.4188175,nan,nan,nan,nan,nan,nan,nan,nan,nan,nan,nan,nan
1753092027.454841,nan,nan,nan,nan,nan,nan,nan,nan,nan,nan,nan,nan
1753092027.4920626,nan,nan,nan,nan,nan,nan,nan,nan,nan,nan,nan,nan
1753092027.5256484,nan,nan,nan,nan,nan,nan,nan,nan,nan,nan,nan,nan
1753092027.5596483,nan,nan,nan,nan,nan,nan,nan,nan,nan,nan,nan,nan
1753092027.5956597,nan,nan,nan,nan,nan,nan,nan,nan,nan,nan,nan,nan
1753092027.6312938,nan,nan,nan,nan,nan,nan,nan,nan,nan,nan,nan,nan
1753092027.6672332,nan,nan,nan,nan,nan,nan,nan,nan,nan,nan,nan,nan
1753092027.7001884,nan,nan,nan,nan,nan,nan,nan,nan,nan,nan,nan,nan
1753092027.734186,nan,nan,nan,nan,nan,nan,nan,nan,nan,nan,nan,nan
1753092027.767265,nan,nan,nan,nan,nan,nan,nan,nan,nan,nan,nan,nan
1753092027.801374,nan,nan,nan,nan,nan,nan,nan,nan,nan,nan,nan,nan
1753092027.836273,nan,nan,nan,nan,nan,nan,nan,nan,nan,nan,nan,nan
1753092027.8752332,nan,nan,nan,nan,nan,nan,nan,nan,nan,nan,nan,nan
1753092027.907203,nan,nan,nan,nan,nan,nan,nan,nan,nan,nan,nan,nan
1753092027.9421206,nan,nan,nan,nan,nan,nan,nan,nan,nan,nan,nan,nan
1753092027.9751205,nan,nan,nan,nan,nan,nan,nan,nan,nan,nan,nan,nan
1753092028.0070112,nan,nan,nan,nan,nan,nan,nan,nan,nan,nan,nan,nan
1753092028.0400858,nan,nan,nan,nan,nan,nan,nan,nan,nan,nan,nan,nan
1753092028.0740209,nan,nan,nan,nan,nan,nan,nan,nan,nan,nan,nan,nan
1753092028.1081252,nan,nan,nan,nan,nan,nan,nan,nan,nan,nan,nan,nan
1753092028.1421323,nan,nan,nan,nan,nan,nan,nan,nan,nan,nan,nan,nan
1753092028.1761189,nan,nan,nan,nan,nan,nan,nan,nan,nan,nan,nan,nan
1753092028.210281,nan,nan,nan,nan,nan,nan,nan,nan,nan,nan,nan,nan
1753092028.2473276,nan,nan,nan,nan,nan,nan,nan,nan,nan,nan,nan,nan
1753092028.283218,nan,nan,nan,nan,nan,nan,nan,nan,nan,nan,nan,nan
1753092028.3211339,nan,nan,nan,nan,nan,nan,nan,nan,nan,nan,nan,nan
1753092028.3631325,nan,nan,nan,nan,nan,nan,nan,nan,nan,nan,nan,nan
1753092028.403675,nan,nan,nan,nan,nan,nan,nan,nan,nan,nan,nan,nan
1753092028.4407651,nan,nan,nan,nan,nan,nan,nan,nan,nan,nan,nan,nan
1753092028.4796731,nan,nan,nan,nan,nan,nan,nan,nan,nan,nan,nan,nan
1753092028.514133,nan,nan,nan,nan,nan,nan,nan,nan,nan,nan,nan,nan
1753092028.5481377,nan,nan,nan,nan,nan,nan,nan,nan,nan,nan,nan,nan
1753092028.5831325,nan,nan,nan,nan,nan,nan,nan,nan,nan,nan,nan,nan
1753092028.6189709,nan,nan,nan,nan,nan,nan,nan,nan,nan,nan,nan,nan
1753092028.6549678,nan,nan,nan,nan,nan,nan,nan,nan,nan,nan,nan,nan
1753092028.6901753,nan,nan,nan,nan,nan,nan,nan,nan,nan,nan,nan,nan
1753092028.7239003,nan,nan,nan,nan,nan,nan,nan,nan,nan,nan,nan,nan
1753092028.7579489,nan,nan,nan,nan,nan,nan,nan,nan,nan,nan,nan,nan
1753092028.7922165,nan,nan,nan,nan,nan,nan,nan,nan,nan,nan,nan,nan
1753092028.826896,nan,nan,nan,nan,nan,nan,nan,nan,nan,nan,nan,nan
1753092028.8599026,nan,nan,nan,nan,nan,nan,nan,nan,nan,nan,nan,nan
1753092028.89304,nan,nan,nan,nan,nan,nan,nan,nan,nan,nan,nan,nan
1753092028.924989,nan,nan,nan,nan,nan,nan,nan,nan,nan,nan,nan,nan
1753092028.9598815,nan,nan,nan,nan,nan,nan,nan,nan,nan,nan,nan,nan
1753092028.992975,nan,nan,nan,nan,nan,nan,nan,nan,nan,nan,nan,nan
1753092029.0307536,nan,nan,nan,nan,nan,nan,nan,nan,nan,nan,nan,nan
1753092029.0617542,nan,nan,nan,nan,nan,nan,nan,nan,nan,nan,nan,nan
1753092029.0958881,nan,nan,nan,nan,nan,nan,nan,nan,nan,nan,nan,nan
1753092029.1317997,nan,nan,nan,nan,nan,nan,nan,nan,nan,nan,nan,nan
1753092029.1637583,nan,nan,nan,nan,nan,nan,nan,nan,nan,nan,nan,nan
1753092029.19897,nan,nan,nan,nan,nan,nan,nan,nan,nan,nan,nan,nan
1753092029.2366874,nan,nan,nan,nan,nan,nan,nan,nan,nan,nan,nan,nan
1753092029.2706585,nan,nan,nan,nan,nan,nan,nan,nan,nan,nan,nan,nan
1753092029.3045218,nan,nan,nan,nan,nan,nan,nan,nan,nan,nan,nan,nan
1753092029.3385189,nan,nan,nan,nan,nan,nan,nan,nan,nan,nan,nan,nan
1753092029.3685749,nan,nan,nan,nan,nan,nan,nan,nan,nan,nan,nan,nan
1753092029.402535,nan,nan,nan,nan,nan,nan,nan,nan,nan,nan,nan,nan
1753092029.4416146,nan,nan,nan,nan,nan,nan,nan,nan,nan,nan,nan,nan
1753092029.4785867,nan,nan,nan,nan,nan,nan,nan,nan,nan,nan,nan,nan
1753092029.511537,nan,nan,nan,nan,nan,nan,nan,nan,nan,nan,nan,nan
1753092029.54549,nan,nan,nan,nan,nan,nan,nan,nan,nan,nan,nan,nan
1753092029.5765617,nan,nan,nan,nan,nan,nan,nan,nan,nan,nan,nan,nan
1753092029.6093519,nan,nan,nan,nan,nan,nan,nan,nan,nan,nan,nan,nan
1753092029.6433518,nan,nan,nan,nan,nan,nan,nan,nan,nan,nan,nan,nan
1753092029.6763618,nan,nan,nan,nan,nan,nan,nan,nan,nan,nan,nan,nan
1753092029.7118769,nan,nan,nan,nan,nan,nan,nan,nan,nan,nan,nan,nan
1753092029.747888,nan,nan,nan,nan,nan,nan,nan,nan,nan,nan,nan,nan
1753092029.7809443,nan,nan,nan,nan,nan,nan,nan,nan,nan,nan,nan,nan
1753092029.8158977,nan,nan,nan,nan,nan,nan,nan,nan,nan,nan,nan,nan
1753092029.8519888,nan,nan,nan,nan,nan,nan,nan,nan,nan,nan,nan,nan
1753092029.885893,nan,nan,nan,nan,nan,nan,nan,nan,nan,nan,nan,nan
1753092029.9189641,nan,nan,nan,nan,nan,nan,nan,nan,nan,nan,nan,nan
1753092029.9539886,nan,nan,nan,nan,nan,nan,nan,nan,nan,nan,nan,nan
1753092029.9881148,nan,nan,nan,nan,nan,nan,nan,nan,nan,nan,nan,nan
1753092030.0238357,nan,nan,nan,nan,nan,nan,nan,nan,nan,nan,nan,nan
1753092030.0608351,nan,nan,nan,nan,nan,nan,nan,nan,nan,nan,nan,nan
1753092030.095037,nan,nan,nan,nan,nan,nan,nan,nan,nan,nan,nan,nan
1753092030.1318052,nan,nan,nan,nan,nan,nan,nan,nan,nan,nan,nan,nan
1753092030.1647887,nan,nan,nan,nan,nan,nan,nan,nan,nan,nan,nan,nan
1753092030.198881,nan,nan,nan,nan,nan,nan,nan,nan,nan,nan,nan,nan
1753092030.23263,nan,nan,nan,nan,nan,nan,nan,nan,nan,nan,nan,nan
1753092030.2656946,nan,nan,nan,nan,nan,nan,nan,nan,nan,nan,nan,nan
1753092030.298854,nan,nan,nan,nan,nan,nan,nan,nan,nan,nan,nan,nan
1753092030.3334415,nan,nan,nan,nan,nan,nan,nan,nan,nan,nan,nan,nan
1753092030.3674338,nan,nan,nan,nan,nan,nan,nan,nan,nan,nan,nan,nan
1753092030.4024625,nan,nan,nan,nan,nan,nan,nan,nan,nan,nan,nan,nan
1753092030.4382145,nan,nan,nan,nan,nan,nan,nan,nan,nan,nan,nan,nan
1753092030.4731562,nan,nan,nan,nan,nan,nan,nan,nan,nan,nan,nan,nan
1753092030.5061579,nan,nan,nan,nan,nan,nan,nan,nan,nan,nan,nan,nan
1753092030.5422087,nan,nan,nan,nan,nan,nan,nan,nan,nan,nan,nan,nan
1753092030.5751884,nan,nan,nan,nan,nan,nan,nan,nan,nan,nan,nan,nan
1753092030.6091971,nan,nan,nan,nan,nan,nan,nan,nan,nan,nan,nan,nan
1753092030.6433342,nan,nan,nan,nan,nan,nan,nan,nan,nan,nan,nan,nan
1753092030.6772702,nan,nan,nan,nan,nan,nan,nan,nan,nan,nan,nan,nan
1753092030.7112253,nan,nan,nan,nan,nan,nan,nan,nan,nan,nan,nan,nan
1753092030.748205,nan,nan,nan,nan,nan,nan,nan,nan,nan,nan,nan,nan
1753092030.7862077,nan,nan,nan,nan,nan,nan,nan,nan,nan,nan,nan,nan
1753092030.819062,nan,nan,nan,nan,nan,nan,nan,nan,nan,nan,nan,nan
1753092030.8530679,nan,nan,nan,nan,nan,nan,nan,nan,nan,nan,nan,nan
1753092030.8871715,nan,nan,nan,nan,nan,nan,nan,nan,nan,nan,nan,nan
1753092030.921209,nan,nan,nan,nan,nan,nan,nan,nan,nan,nan,nan,nan
1753092030.9591284,nan,nan,nan,nan,nan,nan,nan,nan,nan,nan,nan,nan
1753092030.9922612,nan,nan,nan,nan,nan,nan,nan,nan,nan,nan,nan,nan
1753092031.0267844,nan,nan,nan,nan,nan,nan,nan,nan,nan,nan,nan,nan
1753092031.062793,nan,nan,nan,nan,nan,nan,nan,nan,nan,nan,nan,nan
1753092031.0969737,nan,nan,nan,nan,nan,nan,nan,nan,nan,nan,nan,nan
1753092031.131916,nan,nan,nan,nan,nan,nan,nan,nan,nan,nan,nan,nan
1753092031.165926,nan,nan,nan,nan,nan,nan,nan,nan,nan,nan,nan,nan
1753092031.1980767,nan,nan,nan,nan,nan,nan,nan,nan,nan,nan,nan,nan
1753092031.2308834,nan,nan,nan,nan,nan,nan,nan,nan,nan,nan,nan,nan
1753092031.2638214,nan,nan,nan,nan,nan,nan,nan,nan,nan,nan,nan,nan
1753092031.3019588,nan,nan,nan,nan,nan,nan,nan,nan,nan,nan,nan,nan
1753092031.3357906,nan,nan,nan,nan,nan,nan,nan,nan,nan,nan,nan,nan
1753092031.3697069,nan,nan,nan,nan,nan,nan,nan,nan,nan,nan,nan,nan
1753092031.403012,nan,nan,nan,nan,nan,nan,nan,nan,nan,nan,nan,nan
1753092031.4366565,nan,nan,nan,nan,nan,nan,nan,nan,nan,nan,nan,nan
1753092031.4686832,nan,nan,nan,nan,nan,nan,nan,nan,nan,nan,nan,nan
1753092031.506646,nan,nan,nan,nan,nan,nan,nan,nan,nan,nan,nan,nan
1753092031.5427117,nan,nan,nan,nan,nan,nan,nan,nan,nan,nan,nan,nan
1753092031.577635,nan,nan,nan,nan,nan,nan,nan,nan,nan,nan,nan,nan
1753092031.6106534,nan,nan,nan,nan,nan,nan,nan,nan,nan,nan,nan,nan
1753092031.6456509,nan,nan,nan,nan,nan,nan,nan,nan,nan,nan,nan,nan
1753092031.6786542,nan,nan,nan,nan,nan,nan,nan,nan,nan,nan,nan,nan
1753092031.7125883,nan,nan,nan,nan,nan,nan,nan,nan,nan,nan,nan,nan
1753092031.7485769,nan,nan,nan,nan,nan,nan,nan,nan,nan,nan,nan,nan
1753092031.781661,nan,nan,nan,nan,nan,nan,nan,nan,nan,nan,nan,nan
1753092031.8243363,nan,nan,nan,nan,nan,nan,nan,nan,nan,nan,nan,nan
1753092031.864331,nan,nan,nan,nan,nan,nan,nan,nan,nan,nan,nan,nan
1753092031.9023461,nan,nan,nan,nan,nan,nan,nan,nan,nan,nan,nan,nan
1753092031.9388962,nan,nan,nan,nan,nan,nan,nan,nan,nan,nan,nan,nan
1753092031.9758966,nan,nan,nan,nan,nan,nan,nan,nan,nan,nan,nan,nan
1753092032.0109606,nan,nan,nan,nan,nan,nan,nan,nan,nan,nan,nan,nan
1753092032.048033,nan,nan,nan,nan,nan,nan,nan,nan,nan,nan,nan,nan
1753092032.0839567,nan,nan,nan,nan,nan,nan,nan,nan,nan,nan,nan,nan
1753092032.1159837,nan,nan,nan,nan,nan,nan,nan,nan,nan,nan,nan,nan
1753092032.1509116,nan,nan,nan,nan,nan,nan,nan,nan,nan,nan,nan,nan
1753092032.1829824,nan,nan,nan,nan,nan,nan,nan,nan,nan,nan,nan,nan
1753092032.2158563,nan,nan,nan,nan,nan,nan,nan,nan,nan,nan,nan,nan
1753092032.2489245,nan,nan,nan,nan,nan,nan,nan,nan,nan,nan,nan,nan
1753092032.2848556,nan,nan,nan,nan,nan,nan,nan,nan,nan,nan,nan,nan
1753092032.3217614,nan,nan,nan,nan,nan,nan,nan,nan,nan,nan,nan,nan
1753092032.3548503,nan,nan,nan,nan,nan,nan,nan,nan,nan,nan,nan,nan
1753092032.3887672,nan,nan,nan,nan,nan,nan,nan,nan,nan,nan,nan,nan
1753092032.4257882,nan,nan,nan,nan,nan,nan,nan,nan,nan,nan,nan,nan
1753092032.460722,nan,nan,nan,nan,nan,nan,nan,nan,nan,nan,nan,nan
1753092032.4969866,nan,nan,nan,nan,nan,nan,nan,nan,nan,nan,nan,nan
1753092032.5317864,nan,nan,nan,nan,nan,nan,nan,nan,nan,nan,nan,nan
1753092032.5647845,nan,nan,nan,nan,nan,nan,nan,nan,nan,nan,nan,nan
1753092032.5991204,nan,nan,nan,nan,nan,nan,nan,nan,nan,nan,nan,nan
1753092032.6349828,nan,nan,nan,nan,nan,nan,nan,nan,nan,nan,nan,nan
1753092032.668935,nan,nan,nan,nan,nan,nan,nan,nan,nan,nan,nan,nan
1753092032.7011576,nan,nan,nan,nan,nan,nan,nan,nan,nan,nan,nan,nan
1753092032.7340229,nan,nan,nan,nan,nan,nan,nan,nan,nan,nan,nan,nan
1753092032.7690477,nan,nan,nan,nan,nan,nan,nan,nan,nan,nan,nan,nan
1753092032.802207,nan,nan,nan,nan,nan,nan,nan,nan,nan,nan,nan,nan
1753092032.835836,nan,nan,nan,nan,nan,nan,nan,nan,nan,nan,nan,nan
1753092032.86884,nan,nan,nan,nan,nan,nan,nan,nan,nan,nan,nan,nan
1753092032.904988,nan,nan,nan,nan,nan,nan,nan,nan,nan,nan,nan,nan
1753092032.939526,nan,nan,nan,nan,nan,nan,nan,nan,nan,nan,nan,nan
1753092032.9735298,nan,nan,nan,nan,nan,nan,nan,nan,nan,nan,nan,nan
1753092033.009628,nan,nan,nan,nan,nan,nan,nan,nan,nan,nan,nan,nan
1753092033.0415618,nan,nan,nan,nan,nan,nan,nan,nan,nan,nan,nan,nan
1753092033.0755665,nan,nan,nan,nan,nan,nan,nan,nan,nan,nan,nan,nan
1753092033.1126592,nan,nan,nan,nan,nan,nan,nan,nan,nan,nan,nan,nan
1753092033.148736,nan,nan,nan,nan,nan,nan,nan,nan,nan,nan,nan,nan
1753092033.1827312,nan,nan,nan,nan,nan,nan,nan,nan,nan,nan,nan,nan
1753092033.2167976,nan,nan,nan,nan,nan,nan,nan,nan,nan,nan,nan,nan
1753092033.2497694,nan,nan,nan,nan,nan,nan,nan,nan,nan,nan,nan,nan
1753092033.284728,nan,nan,nan,nan,nan,nan,nan,nan,nan,nan,nan,nan
1753092033.3214154,nan,nan,nan,nan,nan,nan,nan,nan,nan,nan,nan,nan
1753092033.3553514,nan,nan,nan,nan,nan,nan,nan,nan,nan,nan,nan,nan
1753092033.3883462,nan,nan,nan,nan,nan,nan,nan,nan,nan,nan,nan,nan
1753092033.4223297,nan,nan,nan,nan,nan,nan,nan,nan,nan,nan,nan,nan
1753092033.4732733,nan,nan,nan,nan,nan,nan,nan,nan,nan,nan,nan,nan
1753092033.5074325,nan,nan,nan,nan,nan,nan,nan,nan,nan,nan,nan,nan
1753092033.5430384,nan,nan,nan,nan,nan,nan,nan,nan,nan,nan,nan,nan
1753092033.578038,nan,nan,nan,nan,nan,nan,nan,nan,nan,nan,nan,nan
1753092033.6111572,nan,nan,nan,nan,nan,nan,nan,nan,nan,nan,nan,nan
1753092033.6470637,nan,nan,nan,nan,nan,nan,nan,nan,nan,nan,nan,nan
1753092033.6830633,nan,nan,nan,nan,nan,nan,nan,nan,nan,nan,nan,nan
1753092033.718098,nan,nan,nan,nan,nan,nan,nan,nan,nan,nan,nan,nan
1753092033.7530942,nan,nan,nan,nan,nan,nan,nan,nan,nan,nan,nan,nan
1753092033.788095,nan,nan,nan,nan,nan,nan,nan,nan,nan,nan,nan,nan
1753092033.8250844,nan,nan,nan,nan,nan,nan,nan,nan,nan,nan,nan,nan
1753092033.8620982,nan,nan,nan,nan,nan,nan,nan,nan,nan,nan,nan,nan
1753092033.8972526,nan,nan,nan,nan,nan,nan,nan,nan,nan,nan,nan,nan
1753092033.9349413,nan,nan,nan,nan,nan,nan,nan,nan,nan,nan,nan,nan
1753092033.970921,nan,nan,nan,nan,nan,nan,nan,nan,nan,nan,nan,nan
1753092034.0052247,nan,nan,nan,nan,nan,nan,nan,nan,nan,nan,nan,nan
1753092034.0399776,nan,nan,nan,nan,nan,nan,nan,nan,nan,nan,nan,nan
1753092034.0889301,nan,nan,nan,nan,nan,nan,nan,nan,nan,nan,nan,nan
1753092034.1248143,nan,nan,nan,nan,nan,nan,nan,nan,nan,nan,nan,nan
1753092034.1738968,nan,nan,nan,nan,nan,nan,nan,nan,nan,nan,nan,nan
1753092034.2278788,nan,nan,nan,nan,nan,nan,nan,nan,nan,nan,nan,nan
1753092034.278048,nan,nan,nan,nan,nan,nan,nan,nan,nan,nan,nan,nan
1753092034.3269916,nan,nan,nan,nan,nan,nan,nan,nan,nan,nan,nan,nan
1753092034.3769903,nan,nan,nan,nan,nan,nan,nan,nan,nan,nan,nan,nan
1753092034.4280517,nan,nan,nan,nan,nan,nan,nan,nan,nan,nan,nan,nan
1753092034.4791086,nan,nan,nan,nan,nan,nan,nan,nan,nan,nan,nan,nan
1753092034.5289745,nan,nan,nan,nan,nan,nan,nan,nan,nan,nan,nan,nan
1753092034.5810533,nan,nan,nan,nan,nan,nan,nan,nan,nan,nan,nan,nan
1753092034.6299622,nan,nan,nan,nan,nan,nan,nan,nan,nan,nan,nan,nan
1753092034.6779237,nan,nan,nan,nan,nan,nan,nan,nan,nan,nan,nan,nan
1753092034.7267315,nan,nan,nan,nan,nan,nan,nan,nan,nan,nan,nan,nan
1753092034.7756495,nan,nan,nan,nan,nan,nan,nan,nan,nan,nan,nan,nan
1753092034.8286374,nan,nan,nan,nan,nan,nan,nan,nan,nan,nan,nan,nan
1753092034.8615603,nan,nan,nan,nan,nan,nan,nan,nan,nan,nan,nan,nan
1753092034.8966637,nan,nan,nan,nan,nan,nan,nan,nan,nan,nan,nan,nan
1753092034.9303904,nan,nan,nan,nan,nan,nan,nan,nan,nan,nan,nan,nan
1753092034.9624655,nan,nan,nan,nan,nan,nan,nan,nan,nan,nan,nan,nan
1753092035.0123444,nan,nan,nan,nan,nan,nan,nan,nan,nan,nan,nan,nan
1753092035.048363,nan,nan,nan,nan,nan,nan,nan,nan,nan,nan,nan,nan
1753092035.0834217,nan,nan,nan,nan,nan,nan,nan,nan,nan,nan,nan,nan
1753092035.1193633,nan,nan,nan,nan,nan,nan,nan,nan,nan,nan,nan,nan
1753092035.154361,nan,nan,nan,nan,nan,nan,nan,nan,nan,nan,nan,nan
1753092035.18744,nan,nan,nan,nan,nan,nan,nan,nan,nan,nan,nan,nan
1753092035.2221868,nan,nan,nan,nan,nan,nan,nan,nan,nan,nan,nan,nan
1753092035.2581842,nan,nan,nan,nan,nan,nan,nan,nan,nan,nan,nan,nan
1753092035.2923863,nan,nan,nan,nan,nan,nan,nan,nan,nan,nan,nan,nan
1753092035.3292084,nan,nan,nan,nan,nan,nan,nan,nan,nan,nan,nan,nan
1753092035.3651178,nan,nan,nan,nan,nan,nan,nan,nan,nan,nan,nan,nan
1753092035.3973808,nan,nan,nan,nan,nan,nan,nan,nan,nan,nan,nan,nan
1753092035.4310732,nan,nan,nan,nan,nan,nan,nan,nan,nan,nan,nan,nan
1753092035.4641035,nan,nan,nan,nan,nan,nan,nan,nan,nan,nan,nan,nan
1753092035.49728,nan,nan,nan,nan,nan,nan,nan,nan,nan,nan,nan,nan
1753092035.537138,nan,nan,nan,nan,nan,nan,nan,nan,nan,nan,nan,nan
1753092035.578136,nan,nan,nan,nan,nan,nan,nan,nan,nan,nan,nan,nan
1753092035.616135,nan,nan,nan,nan,nan,nan,nan,nan,nan,nan,nan,nan
1753092035.6540513,nan,nan,nan,nan,nan,nan,nan,nan,nan,nan,nan,nan
1753092035.6962743,nan,nan,nan,nan,nan,nan,nan,nan,nan,nan,nan,nan
1753092035.729117,nan,nan,nan,nan,nan,nan,nan,nan,nan,nan,nan,nan
1753092035.7621276,nan,nan,nan,nan,nan,nan,nan,nan,nan,nan,nan,nan
1753092035.796293,nan,nan,nan,nan,nan,nan,nan,nan,nan,nan,nan,nan
1753092035.830876,nan,nan,nan,nan,nan,nan,nan,nan,nan,nan,nan,nan
1753092035.8638792,nan,nan,nan,nan,nan,nan,nan,nan,nan,nan,nan,nan
1753092035.900054,nan,nan,nan,nan,nan,nan,nan,nan,nan,nan,nan,nan
1753092035.9348838,nan,nan,nan,nan,nan,nan,nan,nan,nan,nan,nan,nan
1753092035.967882,nan,nan,nan,nan,nan,nan,nan,nan,nan,nan,nan,nan
1753092036.0031521,nan,nan,nan,nan,nan,nan,nan,nan,nan,nan,nan,nan
1753092036.036981,nan,nan,nan,nan,nan,nan,nan,nan,nan,nan,nan,nan
1753092036.071973,nan,nan,nan,nan,nan,nan,nan,nan,nan,nan,nan,nan
1753092036.1070716,nan,nan,nan,nan,nan,nan,nan,nan,nan,nan,nan,nan
1753092036.1419506,nan,nan,nan,nan,nan,nan,nan,nan,nan,nan,nan,nan
1753092036.1749606,nan,nan,nan,nan,nan,nan,nan,nan,nan,nan,nan,nan
1753092036.2089705,nan,nan,nan,nan,nan,nan,nan,nan,nan,nan,nan,nan
1753092036.2432635,nan,nan,nan,nan,nan,nan,nan,nan,nan,nan,nan,nan
1753092036.2772574,nan,nan,nan,nan,nan,nan,nan,nan,nan,nan,nan,nan
1753092036.311163,nan,nan,nan,nan,nan,nan,nan,nan,nan,nan,nan,nan
1753092036.3502336,nan,nan,nan,nan,nan,nan,nan,nan,nan,nan,nan,nan
1753092036.3841856,nan,nan,nan,nan,nan,nan,nan,nan,nan,nan,nan,nan
1753092036.4192104,nan,nan,nan,nan,nan,nan,nan,nan,nan,nan,nan,nan
1753092036.4552093,nan,nan,nan,nan,nan,nan,nan,nan,nan,nan,nan,nan
1753092036.4912004,nan,nan,nan,nan,nan,nan,nan,nan,nan,nan,nan,nan
1753092036.5263574,nan,nan,nan,nan,nan,nan,nan,nan,nan,nan,nan,nan
1753092036.5623596,nan,nan,nan,nan,nan,nan,nan,nan,nan,nan,nan,nan
1753092036.5984762,nan,nan,nan,nan,nan,nan,nan,nan,nan,nan,nan,nan
1753092036.6322803,nan,nan,nan,nan,nan,nan,nan,nan,nan,nan,nan,nan
1753092036.6674123,nan,nan,nan,nan,nan,nan,nan,nan,nan,nan,nan,nan
1753092036.7023883,nan,nan,nan,nan,nan,nan,nan,nan,nan,nan,nan,nan
1753092036.737244,nan,nan,nan,nan,nan,nan,nan,nan,nan,nan,nan,nan
1753092036.7712421,nan,nan,nan,nan,nan,nan,nan,nan,nan,nan,nan,nan
1753092036.8064034,nan,nan,nan,nan,nan,nan,nan,nan,nan,nan,nan,nan
1753092036.8407075,nan,nan,nan,nan,nan,nan,nan,nan,nan,nan,nan,nan
1753092036.8737109,nan,nan,nan,nan,nan,nan,nan,nan,nan,nan,nan,nan
1753092036.907878,nan,nan,nan,nan,nan,nan,nan,nan,nan,nan,nan,nan
1753092036.9416857,nan,nan,nan,nan,nan,nan,nan,nan,nan,nan,nan,nan
1753092036.9737635,nan,nan,nan,nan,nan,nan,nan,nan,nan,nan,nan,nan
1753092037.009948,nan,nan,nan,nan,nan,nan,nan,nan,nan,nan,nan,nan
1753092037.0436347,nan,nan,nan,nan,nan,nan,nan,nan,nan,nan,nan,nan
1753092037.0766342,nan,nan,nan,nan,nan,nan,nan,nan,nan,nan,nan,nan
1753092037.1078713,nan,nan,nan,nan,nan,nan,nan,nan,nan,nan,nan,nan
1753092037.1435683,nan,nan,nan,nan,nan,nan,nan,nan,nan,nan,nan,nan
1753092037.1795647,nan,nan,nan,nan,nan,nan,nan,nan,nan,nan,nan,nan
1753092037.2117424,nan,nan,nan,nan,nan,nan,nan,nan,nan,nan,nan,nan
1753092037.2464552,nan,nan,nan,nan,nan,nan,nan,nan,nan,nan,nan,nan
1753092037.280454,nan,nan,nan,nan,nan,nan,nan,nan,nan,nan,nan,nan
1753092037.3125143,nan,nan,nan,nan,nan,nan,nan,nan,nan,nan,nan,nan
1753092037.3472495,nan,nan,nan,nan,nan,nan,nan,nan,nan,nan,nan,nan
1753092037.3813136,nan,nan,nan,nan,nan,nan,nan,nan,nan,nan,nan,nan
1753092037.4162943,nan,nan,nan,nan,nan,nan,nan,nan,nan,nan,nan,nan
1753092037.4492896,nan,nan,nan,nan,nan,nan,nan,nan,nan,nan,nan,nan
1753092037.4823167,nan,nan,nan,nan,nan,nan,nan,nan,nan,nan,nan,nan
1753092037.5161023,nan,nan,nan,nan,nan,nan,nan,nan,nan,nan,nan,nan
1753092037.5501006,nan,nan,nan,nan,nan,nan,nan,nan,nan,nan,nan,nan
1753092037.583101,nan,nan,nan,nan,nan,nan,nan,nan,nan,nan,nan,nan
1753092037.6161563,nan,nan,nan,nan,nan,nan,nan,nan,nan,nan,nan,nan
1753092037.6481555,nan,nan,nan,nan,nan,nan,nan,nan,nan,nan,nan,nan
1753092037.6821003,nan,nan,nan,nan,nan,nan,nan,nan,nan,nan,nan,nan
1753092037.7180195,nan,nan,nan,nan,nan,nan,nan,nan,nan,nan,nan,nan
1753092037.7690144,nan,nan,nan,nan,nan,nan,nan,nan,nan,nan,nan,nan
1753092037.8179893,nan,nan,nan,nan,nan,nan,nan,nan,nan,nan,nan,nan
1753092037.852924,nan,nan,nan,nan,nan,nan,nan,nan,nan,nan,nan,nan
1753092037.9030707,nan,nan,nan,nan,nan,nan,nan,nan,nan,nan,nan,nan
1753092037.9537842,nan,nan,nan,nan,nan,nan,nan,nan,nan,nan,nan,nan
1753092038.0049844,nan,nan,nan,nan,nan,nan,nan,nan,nan,nan,nan,nan
1753092038.0397413,nan,nan,nan,nan,nan,nan,nan,nan,nan,nan,nan,nan
1753092038.0908198,nan,nan,nan,nan,nan,nan,nan,nan,nan,nan,nan,nan
1753092038.1427782,nan,nan,nan,nan,nan,nan,nan,nan,nan,nan,nan,nan
1753092038.1776974,nan,nan,nan,nan,nan,nan,nan,nan,nan,nan,nan,nan
1753092038.2323344,nan,nan,nan,nan,nan,nan,nan,nan,nan,nan,nan,nan
1753092038.2673292,nan,nan,nan,nan,nan,nan,nan,nan,nan,nan,nan,nan
1753092038.3003328,nan,nan,nan,nan,nan,nan,nan,nan,nan,nan,nan,nan
1753092038.335217,nan,nan,nan,nan,nan,nan,nan,nan,nan,nan,nan,nan
1753092038.3722136,nan,nan,nan,nan,nan,nan,nan,nan,nan,nan,nan,nan
1753092038.4084046,nan,nan,nan,nan,nan,nan,nan,nan,nan,nan,nan,nan
1753092038.4423141,nan,nan,nan,nan,nan,nan,nan,nan,nan,nan,nan,nan
1753092038.4762194,nan,nan,nan,nan,nan,nan,nan,nan,nan,nan,nan,nan
1753092038.5103128,nan,nan,nan,nan,nan,nan,nan,nan,nan,nan,nan,nan
1753092038.544086,nan,nan,nan,nan,nan,nan,nan,nan,nan,nan,nan,nan
1753092038.5790868,nan,nan,nan,nan,nan,nan,nan,nan,nan,nan,nan,nan
1753092038.6167502,nan,nan,nan,nan,nan,nan,nan,nan,nan,nan,nan,nan
1753092038.6497731,nan,nan,nan,nan,nan,nan,nan,nan,nan,nan,nan,nan
1753092038.6867735,nan,nan,nan,nan,nan,nan,nan,nan,nan,nan,nan,nan
1753092038.7255511,nan,nan,nan,nan,nan,nan,nan,nan,nan,nan,nan,nan
1753092038.7605407,nan,nan,nan,nan,nan,nan,nan,nan,nan,nan,nan,nan
1753092038.7948658,nan,nan,nan,nan,nan,nan,nan,nan,nan,nan,nan,nan
1753092038.831644,nan,nan,nan,nan,nan,nan,nan,nan,nan,nan,nan,nan
1753092038.8716533,nan,nan,nan,nan,nan,nan,nan,nan,nan,nan,nan,nan
1753092038.9087884,nan,nan,nan,nan,nan,nan,nan,nan,nan,nan,nan,nan
1753092038.9493213,nan,nan,nan,nan,nan,nan,nan,nan,nan,nan,nan,nan
1753092038.9943075,nan,nan,nan,nan,nan,nan,nan,nan,nan,nan,nan,nan
1753092039.0278752,nan,nan,nan,nan,nan,nan,nan,nan,nan,nan,nan,nan
1753092039.0648754,nan,nan,nan,nan,nan,nan,nan,nan,nan,nan,nan,nan
1753092039.0998776,nan,nan,nan,nan,nan,nan,nan,nan,nan,nan,nan,nan
1753092039.135619,nan,nan,nan,nan,nan,nan,nan,nan,nan,nan,nan,nan
1753092039.1716197,nan,nan,nan,nan,nan,nan,nan,nan,nan,nan,nan,nan
1753092039.2048225,nan,nan,nan,nan,nan,nan,nan,nan,nan,nan,nan,nan
1753092039.2411685,nan,nan,nan,nan,nan,nan,nan,nan,nan,nan,nan,nan
1753092039.2761424,nan,nan,nan,nan,nan,nan,nan,nan,nan,nan,nan,nan
1753092039.3113134,nan,nan,nan,nan,nan,nan,nan,nan,nan,nan,nan,nan
1753092039.3439605,nan,nan,nan,nan,nan,nan,nan,nan,nan,nan,nan,nan
1753092039.3819585,nan,nan,nan,nan,nan,nan,nan,nan,nan,nan,nan,nan
1753092039.41601,nan,nan,nan,nan,nan,nan,nan,nan,nan,nan,nan,nan
1753092039.4505553,nan,nan,nan,nan,nan,nan,nan,nan,nan,nan,nan,nan
1753092039.4855607,nan,nan,nan,nan,nan,nan,nan,nan,nan,nan,nan,nan
1753092039.5191183,nan,nan,nan,nan,nan,nan,nan,nan,nan,nan,nan,nan
1753092039.5551195,nan,nan,nan,nan,nan,nan,nan,nan,nan,nan,nan,nan
1753092039.5941203,nan,nan,nan,nan,nan,nan,nan,nan,nan,nan,nan,nan
1753092039.6323357,nan,nan,nan,nan,nan,nan,nan,nan,nan,nan,nan,nan
1753092039.6713357,nan,nan,nan,nan,nan,nan,nan,nan,nan,nan,nan,nan
1753092039.7119021,nan,nan,nan,nan,nan,nan,nan,nan,nan,nan,nan,nan
1753092039.7464058,nan,nan,nan,nan,nan,nan,nan,nan,nan,nan,nan,nan
1753092039.782406,nan,nan,nan,nan,nan,nan,nan,nan,nan,nan,nan,nan
1753092039.8265128,nan,nan,nan,nan,nan,nan,nan,nan,nan,nan,nan,nan
1753092039.8895147,nan,nan,nan,nan,nan,nan,nan,nan,nan,nan,nan,nan
1753092039.936014,nan,nan,nan,nan,nan,nan,nan,nan,nan,nan,nan,nan
1753092039.9780097,nan,nan,nan,nan,nan,nan,nan,nan,nan,nan,nan,nan
1753092040.0205352,nan,nan,nan,nan,nan,nan,nan,nan,nan,nan,nan,nan
1753092040.059536,nan,nan,nan,nan,nan,nan,nan,nan,nan,nan,nan,nan
1753092040.098539,nan,nan,nan,nan,nan,nan,nan,nan,nan,nan,nan,nan
1753092040.1364236,nan,nan,nan,nan,nan,nan,nan,nan,nan,nan,nan,nan
1753092040.1944191,nan,nan,nan,nan,nan,nan,nan,nan,nan,nan,nan,nan
1753092040.2569785,nan,nan,nan,nan,nan,nan,nan,nan,nan,nan,nan,nan
1753092040.3169992,nan,nan,nan,nan,nan,nan,nan,nan,nan,nan,nan,nan
1753092040.3592834,nan,nan,nan,nan,nan,nan,nan,nan,nan,nan,nan,nan
1753092040.4012828,nan,nan,nan,nan,nan,nan,nan,nan,nan,nan,nan,nan
1753092040.440834,nan,nan,nan,nan,nan,nan,nan,nan,nan,nan,nan,nan
1753092040.4818337,nan,nan,nan,nan,nan,nan,nan,nan,nan,nan,nan,nan
1753092040.5193634,nan,nan,nan,nan,nan,nan,nan,nan,nan,nan,nan,nan
1753092040.560374,nan,nan,nan,nan,nan,nan,nan,nan,nan,nan,nan,nan
1753092040.6003742,nan,nan,nan,nan,nan,nan,nan,nan,nan,nan,nan,nan
1753092040.6378117,nan,nan,nan,nan,nan,nan,nan,nan,nan,nan,nan,nan
1753092040.6748137,nan,nan,nan,nan,nan,nan,nan,nan,nan,nan,nan,nan
1753092040.7128215,nan,nan,nan,nan,nan,nan,nan,nan,nan,nan,nan,nan
1753092040.7483587,nan,nan,nan,nan,nan,nan,nan,nan,nan,nan,nan,nan
1753092040.787357,nan,nan,nan,nan,nan,nan,nan,nan,nan,nan,nan,nan
1753092040.8279169,nan,nan,nan,nan,nan,nan,nan,nan,nan,nan,nan,nan
1753092040.868916,nan,nan,nan,nan,nan,nan,nan,nan,nan,nan,nan,nan
1753092040.9119258,nan,nan,nan,nan,nan,nan,nan,nan,nan,nan,nan,nan
1753092040.9494736,nan,nan,nan,nan,nan,nan,nan,nan,nan,nan,nan,nan
1753092040.9884732,nan,nan,nan,nan,nan,nan,nan,nan,nan,nan,nan,nan
1753092041.0270247,nan,nan,nan,nan,nan,nan,nan,nan,nan,nan,nan,nan
1753092041.0610273,nan,nan,nan,nan,nan,nan,nan,nan,nan,nan,nan,nan
1753092041.0980234,nan,nan,nan,nan,nan,nan,nan,nan,nan,nan,nan,nan
1753092041.1324975,nan,nan,nan,nan,nan,nan,nan,nan,nan,nan,nan,nan
1753092041.1654983,nan,nan,nan,nan,nan,nan,nan,nan,nan,nan,nan,nan
1753092041.200498,nan,nan,nan,nan,nan,nan,nan,nan,nan,nan,nan,nan
1753092041.2370896,nan,nan,nan,nan,nan,nan,nan,nan,nan,nan,nan,nan
1753092041.2710943,nan,nan,nan,nan,nan,nan,nan,nan,nan,nan,nan,nan
1753092041.309242,nan,nan,nan,nan,nan,nan,nan,nan,nan,nan,nan,nan
1753092041.3449628,nan,nan,nan,nan,nan,nan,nan,nan,nan,nan,nan,nan
1753092041.3828888,nan,nan,nan,nan,nan,nan,nan,nan,nan,nan,nan,nan
1753092041.4232864,nan,nan,nan,nan,nan,nan,nan,nan,nan,nan,nan,nan
1753092041.4602852,nan,nan,nan,nan,nan,nan,nan,nan,nan,nan,nan,nan
1753092041.4942818,nan,nan,nan,nan,nan,nan,nan,nan,nan,nan,nan,nan
1753092041.5281162,nan,nan,nan,nan,nan,nan,nan,nan,nan,nan,nan,nan
1753092041.5631194,nan,nan,nan,nan,nan,nan,nan,nan,nan,nan,nan,nan
1753092041.5971215,nan,nan,nan,nan,nan,nan,nan,nan,nan,nan,nan,nan
1753092041.634462,nan,nan,nan,nan,nan,nan,nan,nan,nan,nan,nan,nan
1753092041.6694622,nan,nan,nan,nan,nan,nan,nan,nan,nan,nan,nan,nan
1753092041.7054825,nan,nan,nan,nan,nan,nan,nan,nan,nan,nan,nan,nan
1753092041.7413137,nan,nan,nan,nan,nan,nan,nan,nan,nan,nan,nan,nan
1753092041.7813327,nan,nan,nan,nan,nan,nan,nan,nan,nan,nan,nan,nan
1753092041.8174307,nan,nan,nan,nan,nan,nan,nan,nan,nan,nan,nan,nan
1753092041.8513188,nan,nan,nan,nan,nan,nan,nan,nan,nan,nan,nan,nan
1753092041.8863163,nan,nan,nan,nan,nan,nan,nan,nan,nan,nan,nan,nan
1753092041.923874,nan,nan,nan,nan,nan,nan,nan,nan,nan,nan,nan,nan
1753092041.9598787,nan,nan,nan,nan,nan,nan,nan,nan,nan,nan,nan,nan
1753092041.994875,nan,nan,nan,nan,nan,nan,nan,nan,nan,nan,nan,nan
1753092042.0304515,nan,nan,nan,nan,nan,nan,nan,nan,nan,nan,nan,nan
1753092042.0644503,nan,nan,nan,nan,nan,nan,nan,nan,nan,nan,nan,nan
1753092042.0984504,nan,nan,nan,nan,nan,nan,nan,nan,nan,nan,nan,nan
1753092042.1320302,nan,nan,nan,nan,nan,nan,nan,nan,nan,nan,nan,nan
1753092042.1710324,nan,nan,nan,nan,nan,nan,nan,nan,nan,nan,nan,nan
1753092042.2110412,nan,nan,nan,nan,nan,nan,nan,nan,nan,nan,nan,nan
1753092042.251558,nan,nan,nan,nan,nan,nan,nan,nan,nan,nan,nan,nan
1753092042.2885563,nan,nan,nan,nan,nan,nan,nan,nan,nan,nan,nan,nan
1753092042.3311288,nan,nan,nan,nan,nan,nan,nan,nan,nan,nan,nan,nan
1753092042.3851266,nan,nan,nan,nan,nan,nan,nan,nan,nan,nan,nan,nan
1753092042.4416983,nan,nan,nan,nan,nan,nan,nan,nan,nan,nan,nan,nan
1753092042.496705,nan,nan,nan,nan,nan,nan,nan,nan,nan,nan,nan,nan
1753092042.549649,nan,nan,nan,nan,nan,nan,nan,nan,nan,nan,nan,nan
1753092042.5996466,nan,nan,nan,nan,nan,nan,nan,nan,nan,nan,nan,nan
1753092042.649692,nan,nan,nan,nan,nan,nan,nan,nan,nan,nan,nan,nan
1753092042.7006853,nan,nan,nan,nan,nan,nan,nan,nan,nan,nan,nan,nan
1753092042.7486515,nan,nan,nan,nan,nan,nan,nan,nan,nan,nan,nan,nan
1753092042.796654,nan,nan,nan,nan,nan,nan,nan,nan,nan,nan,nan,nan
1753092042.8454714,nan,nan,nan,nan,nan,nan,nan,nan,nan,nan,nan,nan
1753092042.8984733,nan,nan,nan,nan,nan,nan,nan,nan,nan,nan,nan,nan
1753092042.9520645,nan,nan,nan,nan,nan,nan,nan,nan,nan,nan,nan,nan
1753094852.5428495,nan,nan,nan,nan,nan,nan,nan,nan,nan,nan,nan,nan
1753094852.651383,nan,nan,nan,nan,nan,nan,nan,nan,nan,nan,nan,nan
1753094852.69038,nan,nan,nan,nan,nan,nan,nan,nan,nan,nan,nan,nan
1753094852.7379165,nan,nan,nan,nan,nan,nan,nan,nan,nan,nan,nan,nan
1753094852.7819166,nan,nan,nan,nan,nan,nan,nan,nan,nan,nan,nan,nan
1753094852.8229568,nan,nan,nan,nan,nan,nan,nan,nan,nan,nan,nan,nan
1753094852.8644607,nan,nan,nan,nan,nan,nan,nan,nan,nan,nan,nan,nan
1753094852.9004624,nan,nan,nan,nan,nan,nan,nan,nan,nan,nan,nan,nan
1753094852.9370146,nan,nan,nan,nan,nan,nan,nan,nan,nan,nan,nan,nan
1753094852.9740148,nan,nan,nan,nan,nan,nan,nan,nan,nan,nan,nan,nan
1753094853.0110188,nan,nan,nan,nan,nan,nan,nan,nan,nan,nan,nan,nan
1753094853.0475714,nan,nan,nan,nan,nan,nan,nan,nan,nan,nan,nan,nan
1753094853.0825706,nan,nan,nan,nan,nan,nan,nan,nan,nan,nan,nan,nan
1753094853.1195753,nan,nan,nan,nan,nan,nan,nan,nan,nan,nan,nan,nan
1753094853.1578007,nan,nan,nan,nan,nan,nan,nan,nan,nan,nan,nan,nan
1753094853.1967936,nan,nan,nan,nan,nan,nan,nan,nan,nan,nan,nan,nan
1753094853.2335699,nan,nan,nan,nan,nan,nan,nan,nan,nan,nan,nan,nan
1753094853.2715816,nan,nan,nan,nan,nan,nan,nan,nan,nan,nan,nan,nan
1753094853.3095796,nan,nan,nan,nan,nan,nan,nan,nan,nan,nan,nan,nan
1753094853.3468575,nan,nan,nan,nan,nan,nan,nan,nan,nan,nan,nan,nan
1753094853.3858378,nan,nan,nan,nan,nan,nan,nan,nan,nan,nan,nan,nan
1753094853.4218762,nan,nan,nan,nan,nan,nan,nan,nan,nan,nan,nan,nan
1753094853.4624503,nan,nan,nan,nan,nan,nan,nan,nan,nan,nan,nan,nan
1753094853.499448,nan,nan,nan,nan,nan,nan,nan,nan,nan,nan,nan,nan
1753094853.5339615,nan,nan,nan,nan,nan,nan,nan,nan,nan,nan,nan,nan
1753094853.5689793,nan,nan,nan,nan,nan,nan,nan,nan,nan,nan,nan,nan
1753094853.6079705,nan,nan,nan,nan,nan,nan,nan,nan,nan,nan,nan,nan
1753094853.6455789,nan,nan,nan,nan,nan,nan,nan,nan,nan,nan,nan,nan
1753094853.6855733,nan,nan,nan,nan,nan,nan,nan,nan,nan,nan,nan,nan
1753094853.7196026,nan,nan,nan,nan,nan,nan,nan,nan,nan,nan,nan,nan
1753094853.7621796,nan,nan,nan,nan,nan,nan,nan,nan,nan,nan,nan,nan
1753094853.8021789,nan,nan,nan,nan,nan,nan,nan,nan,nan,nan,nan,nan
1753094853.8395429,nan,nan,nan,nan,nan,nan,nan,nan,nan,nan,nan,nan
1753094853.8765435,nan,nan,nan,nan,nan,nan,nan,nan,nan,nan,nan,nan
1753094853.914546,nan,nan,nan,nan,nan,nan,nan,nan,nan,nan,nan,nan
1753094853.9500763,nan,nan,nan,nan,nan,nan,nan,nan,nan,nan,nan,nan
1753094853.9850726,nan,nan,nan,nan,nan,nan,nan,nan,nan,nan,nan,nan
1753094854.0180728,nan,nan,nan,nan,nan,nan,nan,nan,nan,nan,nan,nan
1753094854.0526347,nan,nan,nan,nan,nan,nan,nan,nan,nan,nan,nan,nan
1753094854.0876338,nan,nan,nan,nan,nan,nan,nan,nan,nan,nan,nan,nan
1753094854.121713,nan,nan,nan,nan,nan,nan,nan,nan,nan,nan,nan,nan
1753094854.155885,nan,nan,nan,nan,nan,nan,nan,nan,nan,nan,nan,nan
1753094854.188882,nan,nan,nan,nan,nan,nan,nan,nan,nan,nan,nan,nan
1753094854.220904,nan,nan,nan,nan,nan,nan,nan,nan,nan,nan,nan,nan
1753094854.2594209,nan,nan,nan,nan,nan,nan,nan,nan,nan,nan,nan,nan
1753094854.2974207,nan,nan,nan,nan,nan,nan,nan,nan,nan,nan,nan,nan
1753094854.3369763,nan,nan,nan,nan,nan,nan,nan,nan,nan,nan,nan,nan
1753094854.3689764,nan,nan,nan,nan,nan,nan,nan,nan,nan,nan,nan,nan
1753094854.4069805,nan,nan,nan,nan,nan,nan,nan,nan,nan,nan,nan,nan
1753094854.4524422,nan,nan,nan,nan,nan,nan,nan,nan,nan,nan,nan,nan
1753094854.5184398,nan,nan,nan,nan,nan,nan,nan,nan,nan,nan,nan,nan
1753094854.5869653,nan,nan,nan,nan,nan,nan,nan,nan,nan,nan,nan,nan
1753094854.646185,nan,nan,nan,nan,nan,nan,nan,nan,nan,nan,nan,nan
1753094854.7151885,nan,nan,nan,nan,nan,nan,nan,nan,nan,nan,nan,nan
1753094854.7736635,nan,nan,nan,nan,nan,nan,nan,nan,nan,nan,nan,nan
1753094854.847351,nan,nan,nan,nan,nan,nan,nan,nan,nan,nan,nan,nan
1753094854.9123478,nan,nan,nan,nan,nan,nan,nan,nan,nan,nan,nan,nan
1753094854.9800584,nan,nan,nan,nan,nan,nan,nan,nan,nan,nan,nan,nan
1753094855.0419624,nan,nan,nan,nan,nan,nan,nan,nan,nan,nan,nan,nan
1753094855.1009626,nan,nan,nan,nan,nan,nan,nan,nan,nan,nan,nan,nan
1753094855.172508,nan,nan,nan,nan,nan,nan,nan,nan,nan,nan,nan,nan
1753094855.2360306,nan,nan,nan,nan,nan,nan,nan,nan,nan,nan,nan,nan
1753094855.3070498,nan,nan,nan,nan,nan,nan,nan,nan,nan,nan,nan,nan
1753094855.3766134,nan,nan,nan,nan,nan,nan,nan,nan,nan,nan,nan,nan
1753094855.442145,nan,nan,nan,nan,nan,nan,nan,nan,nan,nan,nan,nan
1753094855.5131476,nan,nan,nan,nan,nan,nan,nan,nan,nan,nan,nan,nan
1753094855.571663,nan,nan,nan,nan,nan,nan,nan,nan,nan,nan,nan,nan
1753094855.6385376,nan,nan,nan,nan,nan,nan,nan,nan,nan,nan,nan,nan
1753094855.7125294,nan,nan,nan,nan,nan,nan,nan,nan,nan,nan,nan,nan
1753094855.7781713,nan,nan,nan,nan,nan,nan,nan,nan,nan,nan,nan,nan
1753094855.8437316,nan,nan,nan,nan,nan,nan,nan,nan,nan,nan,nan,nan
1753094855.918731,nan,nan,nan,nan,nan,nan,nan,nan,nan,nan,nan,nan
1753094855.9662642,nan,nan,nan,nan,nan,nan,nan,nan,nan,nan,nan,nan
1753094856.0508335,nan,nan,nan,nan,nan,nan,nan,nan,nan,nan,nan,nan
1753094856.105842,nan,nan,nan,nan,nan,nan,nan,nan,nan,nan,nan,nan
1753094856.1856835,nan,nan,nan,nan,nan,nan,nan,nan,nan,nan,nan,nan
1753094856.2347064,nan,nan,nan,nan,nan,nan,nan,nan,nan,nan,nan,nan
1753094856.2721531,nan,nan,nan,nan,nan,nan,nan,nan,nan,nan,nan,nan
1753094856.3111455,nan,nan,nan,nan,nan,nan,nan,nan,nan,nan,nan,nan
1753094856.3487086,nan,nan,nan,nan,nan,nan,nan,nan,nan,nan,nan,nan
1753094856.38571,nan,nan,nan,nan,nan,nan,nan,nan,nan,nan,nan,nan
1753094856.4267175,nan,nan,nan,nan,nan,nan,nan,nan,nan,nan,nan,nan
1753094856.4672582,nan,nan,nan,nan,nan,nan,nan,nan,nan,nan,nan,nan
1753094856.5132635,nan,nan,nan,nan,nan,nan,nan,nan,nan,nan,nan,nan
1753094856.5558093,nan,nan,nan,nan,nan,nan,nan,nan,nan,nan,nan,nan
1753094856.5958078,nan,nan,nan,nan,nan,nan,nan,nan,nan,nan,nan,nan
1753094856.6338143,nan,nan,nan,nan,nan,nan,nan,nan,nan,nan,nan,nan
1753094856.6825356,nan,nan,nan,nan,nan,nan,nan,nan,nan,nan,nan,nan
1753094856.724562,nan,nan,nan,nan,nan,nan,nan,nan,nan,nan,nan,nan
1753094856.7660944,nan,nan,nan,nan,nan,nan,nan,nan,nan,nan,nan,nan
1753094856.8040962,nan,nan,nan,nan,nan,nan,nan,nan,nan,nan,nan,nan
1753094856.840144,nan,nan,nan,nan,nan,nan,nan,nan,nan,nan,nan,nan
1753094856.874143,nan,nan,nan,nan,nan,nan,nan,nan,nan,nan,nan,nan
1753094856.9131422,nan,nan,nan,nan,nan,nan,nan,nan,nan,nan,nan,nan
1753094856.9482794,nan,nan,nan,nan,nan,nan,nan,nan,nan,nan,nan,nan
1753094856.985279,nan,nan,nan,nan,nan,nan,nan,nan,nan,nan,nan,nan
1753094857.0202773,nan,nan,nan,nan,nan,nan,nan,nan,nan,nan,nan,nan
1753094857.0528848,nan,nan,nan,nan,nan,nan,nan,nan,nan,nan,nan,nan
1753094857.0838795,nan,nan,nan,nan,nan,nan,nan,nan,nan,nan,nan,nan
1753094857.1168785,nan,nan,nan,nan,nan,nan,nan,nan,nan,nan,nan,nan
1753094857.149679,nan,nan,nan,nan,nan,nan,nan,nan,nan,nan,nan,nan
1753094857.2066755,nan,nan,nan,nan,nan,nan,nan,nan,nan,nan,nan,nan
1753094857.2432613,nan,nan,nan,nan,nan,nan,nan,nan,nan,nan,nan,nan
1753094857.277262,nan,nan,nan,nan,nan,nan,nan,nan,nan,nan,nan,nan
1753094857.3113992,nan,nan,nan,nan,nan,nan,nan,nan,nan,nan,nan,nan
1753094857.3499038,nan,nan,nan,nan,nan,nan,nan,nan,nan,nan,nan,nan
1753094857.3859682,nan,nan,nan,nan,nan,nan,nan,nan,nan,nan,nan,nan
1753094857.4259129,nan,nan,nan,nan,nan,nan,nan,nan,nan,nan,nan,nan
1753094857.461264,nan,nan,nan,nan,nan,nan,nan,nan,nan,nan,nan,nan
1753094857.4942644,nan,nan,nan,nan,nan,nan,nan,nan,nan,nan,nan,nan
1753094857.5322962,nan,nan,nan,nan,nan,nan,nan,nan,nan,nan,nan,nan
1753094857.5688524,nan,nan,nan,nan,nan,nan,nan,nan,nan,nan,nan,nan
1753094857.6088512,nan,nan,nan,nan,nan,nan,nan,nan,nan,nan,nan,nan
1753094857.649756,nan,nan,nan,nan,nan,nan,nan,nan,nan,nan,nan,nan
1753094857.6887572,nan,nan,nan,nan,nan,nan,nan,nan,nan,nan,nan,nan
1753094857.7227573,nan,nan,nan,nan,nan,nan,nan,nan,nan,nan,nan,nan
1753094857.7553327,nan,nan,nan,nan,nan,nan,nan,nan,nan,nan,nan,nan
1753094857.7873318,nan,nan,nan,nan,nan,nan,nan,nan,nan,nan,nan,nan
1753094857.8243346,nan,nan,nan,nan,nan,nan,nan,nan,nan,nan,nan,nan
1753094857.8585894,nan,nan,nan,nan,nan,nan,nan,nan,nan,nan,nan,nan
1753094857.8915877,nan,nan,nan,nan,nan,nan,nan,nan,nan,nan,nan,nan
1753094857.9255953,nan,nan,nan,nan,nan,nan,nan,nan,nan,nan,nan,nan
1753094857.9593048,nan,nan,nan,nan,nan,nan,nan,nan,nan,nan,nan,nan
1753094857.9963052,nan,nan,nan,nan,nan,nan,nan,nan,nan,nan,nan,nan
1753094858.0293155,nan,nan,nan,nan,nan,nan,nan,nan,nan,nan,nan,nan
1753094858.0638442,nan,nan,nan,nan,nan,nan,nan,nan,nan,nan,nan,nan
1753094858.0958447,nan,nan,nan,nan,nan,nan,nan,nan,nan,nan,nan,nan
1753094858.1318564,nan,nan,nan,nan,nan,nan,nan,nan,nan,nan,nan,nan
1753094858.1674132,nan,nan,nan,nan,nan,nan,nan,nan,nan,nan,nan,nan
1753094858.2014143,nan,nan,nan,nan,nan,nan,nan,nan,nan,nan,nan,nan
1753094858.2375064,nan,nan,nan,nan,nan,nan,nan,nan,nan,nan,nan,nan
1753094858.2702086,nan,nan,nan,nan,nan,nan,nan,nan,nan,nan,nan,nan
1753094858.3052096,nan,nan,nan,nan,nan,nan,nan,nan,nan,nan,nan,nan
1753094858.3404648,nan,nan,nan,nan,nan,nan,nan,nan,nan,nan,nan,nan
1753094858.3721035,nan,nan,nan,nan,nan,nan,nan,nan,nan,nan,nan,nan
1753094858.4071023,nan,nan,nan,nan,nan,nan,nan,nan,nan,nan,nan,nan
1753094858.4436624,nan,nan,nan,nan,nan,nan,nan,nan,nan,nan,nan,nan
1753094858.477665,nan,nan,nan,nan,nan,nan,nan,nan,nan,nan,nan,nan
1753094858.511662,nan,nan,nan,nan,nan,nan,nan,nan,nan,nan,nan,nan
1753094858.547794,nan,nan,nan,nan,nan,nan,nan,nan,nan,nan,nan,nan
1753094858.5828,nan,nan,nan,nan,nan,nan,nan,nan,nan,nan,nan,nan
1753094858.618797,nan,nan,nan,nan,nan,nan,nan,nan,nan,nan,nan,nan
1753094858.6513395,nan,nan,nan,nan,nan,nan,nan,nan,nan,nan,nan,nan
1753094858.6873398,nan,nan,nan,nan,nan,nan,nan,nan,nan,nan,nan,nan
1753094858.7243402,nan,nan,nan,nan,nan,nan,nan,nan,nan,nan,nan,nan
1753094858.7589192,nan,nan,nan,nan,nan,nan,nan,nan,nan,nan,nan,nan
1753094858.7919245,nan,nan,nan,nan,nan,nan,nan,nan,nan,nan,nan,nan
1753094858.8289454,nan,nan,nan,nan,nan,nan,nan,nan,nan,nan,nan,nan
1753094858.8634627,nan,nan,nan,nan,nan,nan,nan,nan,nan,nan,nan,nan
1753094858.8984597,nan,nan,nan,nan,nan,nan,nan,nan,nan,nan,nan,nan
1753094858.933468,nan,nan,nan,nan,nan,nan,nan,nan,nan,nan,nan,nan
1753094858.9689796,nan,nan,nan,nan,nan,nan,nan,nan,nan,nan,nan,nan
1753094859.0029767,nan,nan,nan,nan,nan,nan,nan,nan,nan,nan,nan,nan
1753094859.0389857,nan,nan,nan,nan,nan,nan,nan,nan,nan,nan,nan,nan
1753094859.0750203,nan,nan,nan,nan,nan,nan,nan,nan,nan,nan,nan,nan
1753094859.1090193,nan,nan,nan,nan,nan,nan,nan,nan,nan,nan,nan,nan
1753094859.1426082,nan,nan,nan,nan,nan,nan,nan,nan,nan,nan,nan,nan
1753094859.17862,nan,nan,nan,nan,nan,nan,nan,nan,nan,nan,nan,nan
1753094859.213613,nan,nan,nan,nan,nan,nan,nan,nan,nan,nan,nan,nan
1753094859.2475657,nan,nan,nan,nan,nan,nan,nan,nan,nan,nan,nan,nan
1753094859.2804701,nan,nan,nan,nan,nan,nan,nan,nan,nan,nan,nan,nan
1753094859.3164704,nan,nan,nan,nan,nan,nan,nan,nan,nan,nan,nan,nan
1753094859.3491936,nan,nan,nan,nan,nan,nan,nan,nan,nan,nan,nan,nan
1753094859.3831933,nan,nan,nan,nan,nan,nan,nan,nan,nan,nan,nan,nan
1753094859.4181917,nan,nan,nan,nan,nan,nan,nan,nan,nan,nan,nan,nan
1753094859.4537597,nan,nan,nan,nan,nan,nan,nan,nan,nan,nan,nan,nan
1753094859.4897702,nan,nan,nan,nan,nan,nan,nan,nan,nan,nan,nan,nan
1753094859.5267596,nan,nan,nan,nan,nan,nan,nan,nan,nan,nan,nan,nan
1753094859.5606093,nan,nan,nan,nan,nan,nan,nan,nan,nan,nan,nan,nan
1753094859.6126099,nan,nan,nan,nan,nan,nan,nan,nan,nan,nan,nan,nan
1753094859.6611955,nan,nan,nan,nan,nan,nan,nan,nan,nan,nan,nan,nan
1753094859.7111974,nan,nan,nan,nan,nan,nan,nan,nan,nan,nan,nan,nan
1753094859.765266,nan,nan,nan,nan,nan,nan,nan,nan,nan,nan,nan,nan
1753094859.7992623,nan,nan,nan,nan,nan,nan,nan,nan,nan,nan,nan,nan
1753094859.8343031,nan,nan,nan,nan,nan,nan,nan,nan,nan,nan,nan,nan
1753094859.8690898,nan,nan,nan,nan,nan,nan,nan,nan,nan,nan,nan,nan
1753094859.906553,nan,nan,nan,nan,nan,nan,nan,nan,nan,nan,nan,nan
1753094859.942539,nan,nan,nan,nan,nan,nan,nan,nan,nan,nan,nan,nan
1753094859.9946501,nan,nan,nan,nan,nan,nan,nan,nan,nan,nan,nan,nan
1753094860.0490983,nan,nan,nan,nan,nan,nan,nan,nan,nan,nan,nan,nan
1753094860.0831292,nan,nan,nan,nan,nan,nan,nan,nan,nan,nan,nan,nan
1753094860.117103,nan,nan,nan,nan,nan,nan,nan,nan,nan,nan,nan,nan
1753094860.1541576,nan,nan,nan,nan,nan,nan,nan,nan,nan,nan,nan,nan
1753094860.1891582,nan,nan,nan,nan,nan,nan,nan,nan,nan,nan,nan,nan
1753094860.2241485,nan,nan,nan,nan,nan,nan,nan,nan,nan,nan,nan,nan
1753094860.2564435,nan,nan,nan,nan,nan,nan,nan,nan,nan,nan,nan,nan
1753094860.2924447,nan,nan,nan,nan,nan,nan,nan,nan,nan,nan,nan,nan
1753094860.328449,nan,nan,nan,nan,nan,nan,nan,nan,nan,nan,nan,nan
1753094860.3645084,nan,nan,nan,nan,nan,nan,nan,nan,nan,nan,nan,nan
1753094860.4005046,nan,nan,nan,nan,nan,nan,nan,nan,nan,nan,nan,nan
1753094860.4346032,nan,nan,nan,nan,nan,nan,nan,nan,nan,nan,nan,nan
1753094860.4691634,nan,nan,nan,nan,nan,nan,nan,nan,nan,nan,nan,nan
1753094860.5051637,nan,nan,nan,nan,nan,nan,nan,nan,nan,nan,nan,nan
1753094860.5411813,nan,nan,nan,nan,nan,nan,nan,nan,nan,nan,nan,nan
1753094860.593773,nan,nan,nan,nan,nan,nan,nan,nan,nan,nan,nan,nan
1753094860.6427794,nan,nan,nan,nan,nan,nan,nan,nan,nan,nan,nan,nan
1753094860.6931036,nan,nan,nan,nan,nan,nan,nan,nan,nan,nan,nan,nan
1753094860.743613,nan,nan,nan,nan,nan,nan,nan,nan,nan,nan,nan,nan
1753094860.777625,nan,nan,nan,nan,nan,nan,nan,nan,nan,nan,nan,nan
1753094860.8156223,nan,nan,nan,nan,nan,nan,nan,nan,nan,nan,nan,nan
1753094860.8522663,nan,nan,nan,nan,nan,nan,nan,nan,nan,nan,nan,nan
1753094860.888271,nan,nan,nan,nan,nan,nan,nan,nan,nan,nan,nan,nan
1753094860.9222655,nan,nan,nan,nan,nan,nan,nan,nan,nan,nan,nan,nan
1753094860.9718018,nan,nan,nan,nan,nan,nan,nan,nan,nan,nan,nan,nan
1753094861.023805,nan,nan,nan,nan,nan,nan,nan,nan,nan,nan,nan,nan
1753094861.0739057,nan,nan,nan,nan,nan,nan,nan,nan,nan,nan,nan,nan
1753094861.1279035,nan,nan,nan,nan,nan,nan,nan,nan,nan,nan,nan,nan
1753094861.1842837,nan,nan,nan,nan,nan,nan,nan,nan,nan,nan,nan,nan
1753094861.2352972,nan,nan,nan,nan,nan,nan,nan,nan,nan,nan,nan,nan
1753094861.2848468,nan,nan,nan,nan,nan,nan,nan,nan,nan,nan,nan,nan
1753094861.318846,nan,nan,nan,nan,nan,nan,nan,nan,nan,nan,nan,nan
1753094861.3523633,nan,nan,nan,nan,nan,nan,nan,nan,nan,nan,nan,nan
1753094861.388364,nan,nan,nan,nan,nan,nan,nan,nan,nan,nan,nan,nan
1753094861.420363,nan,nan,nan,nan,nan,nan,nan,nan,nan,nan,nan,nan
1753094861.456579,nan,nan,nan,nan,nan,nan,nan,nan,nan,nan,nan,nan
1753094861.49158,nan,nan,nan,nan,nan,nan,nan,nan,nan,nan,nan,nan
1753094861.5245855,nan,nan,nan,nan,nan,nan,nan,nan,nan,nan,nan,nan
1753094861.5590672,nan,nan,nan,nan,nan,nan,nan,nan,nan,nan,nan,nan
1753094861.594062,nan,nan,nan,nan,nan,nan,nan,nan,nan,nan,nan,nan
1753094861.627063,nan,nan,nan,nan,nan,nan,nan,nan,nan,nan,nan,nan
1753094861.6616018,nan,nan,nan,nan,nan,nan,nan,nan,nan,nan,nan,nan
1753094861.693602,nan,nan,nan,nan,nan,nan,nan,nan,nan,nan,nan,nan
1753094861.7266026,nan,nan,nan,nan,nan,nan,nan,nan,nan,nan,nan,nan
1753094861.760177,nan,nan,nan,nan,nan,nan,nan,nan,nan,nan,nan,nan
1753094861.7951777,nan,nan,nan,nan,nan,nan,nan,nan,nan,nan,nan,nan
1753094861.8301914,nan,nan,nan,nan,nan,nan,nan,nan,nan,nan,nan,nan
1753094861.8697412,nan,nan,nan,nan,nan,nan,nan,nan,nan,nan,nan,nan
1753094861.9067528,nan,nan,nan,nan,nan,nan,nan,nan,nan,nan,nan,nan
1753094861.9462676,nan,nan,nan,nan,nan,nan,nan,nan,nan,nan,nan,nan
1753094861.9872682,nan,nan,nan,nan,nan,nan,nan,nan,nan,nan,nan,nan
1753094862.020269,nan,nan,nan,nan,nan,nan,nan,nan,nan,nan,nan,nan
1753094862.0567894,nan,nan,nan,nan,nan,nan,nan,nan,nan,nan,nan,nan
1753094862.0907905,nan,nan,nan,nan,nan,nan,nan,nan,nan,nan,nan,nan
1753094862.1297896,nan,nan,nan,nan,nan,nan,nan,nan,nan,nan,nan,nan
1753094862.1733677,nan,nan,nan,nan,nan,nan,nan,nan,nan,nan,nan,nan
1753094862.2113674,nan,nan,nan,nan,nan,nan,nan,nan,nan,nan,nan,nan
1753094862.2518923,nan,nan,nan,nan,nan,nan,nan,nan,nan,nan,nan,nan
1753094862.3088899,nan,nan,nan,nan,nan,nan,nan,nan,nan,nan,nan,nan
1753094862.3469226,nan,nan,nan,nan,nan,nan,nan,nan,nan,nan,nan,nan
1753094862.3829663,nan,nan,nan,nan,nan,nan,nan,nan,nan,nan,nan,nan
1753094862.433926,nan,nan,nan,nan,nan,nan,nan,nan,nan,nan,nan,nan
1753094862.5094461,nan,nan,nan,nan,nan,nan,nan,nan,nan,nan,nan,nan
1753094862.5449593,nan,nan,nan,nan,nan,nan,nan,nan,nan,nan,nan,nan
1753094862.5949776,nan,nan,nan,nan,nan,nan,nan,nan,nan,nan,nan,nan
1753094862.6464908,nan,nan,nan,nan,nan,nan,nan,nan,nan,nan,nan,nan
1753094862.6924884,nan,nan,nan,nan,nan,nan,nan,nan,nan,nan,nan,nan
1753094862.7425022,nan,nan,nan,nan,nan,nan,nan,nan,nan,nan,nan,nan
1753094862.792012,nan,nan,nan,nan,nan,nan,nan,nan,nan,nan,nan,nan
1753094862.843012,nan,nan,nan,nan,nan,nan,nan,nan,nan,nan,nan,nan
1753094862.8771822,nan,nan,nan,nan,nan,nan,nan,nan,nan,nan,nan,nan
1753094862.910182,nan,nan,nan,nan,nan,nan,nan,nan,nan,nan,nan,nan
1753094862.946245,nan,nan,nan,nan,nan,nan,nan,nan,nan,nan,nan,nan
1753094862.9872496,nan,nan,nan,nan,nan,nan,nan,nan,nan,nan,nan,nan
1753094863.025263,nan,nan,nan,nan,nan,nan,nan,nan,nan,nan,nan,nan
1753094863.0614293,nan,nan,nan,nan,nan,nan,nan,nan,nan,nan,nan,nan
1753094863.095437,nan,nan,nan,nan,nan,nan,nan,nan,nan,nan,nan,nan
1753094863.1480117,nan,nan,nan,nan,nan,nan,nan,nan,nan,nan,nan,nan
1753094863.181011,nan,nan,nan,nan,nan,nan,nan,nan,nan,nan,nan,nan
1753094863.232014,nan,nan,nan,nan,nan,nan,nan,nan,nan,nan,nan,nan
1753094863.2655246,nan,nan,nan,nan,nan,nan,nan,nan,nan,nan,nan,nan
1753094863.299523,nan,nan,nan,nan,nan,nan,nan,nan,nan,nan,nan,nan
1753094863.3355258,nan,nan,nan,nan,nan,nan,nan,nan,nan,nan,nan,nan
1753094863.3701942,nan,nan,nan,nan,nan,nan,nan,nan,nan,nan,nan,nan
1753094863.406187,nan,nan,nan,nan,nan,nan,nan,nan,nan,nan,nan,nan
1753094863.4411972,nan,nan,nan,nan,nan,nan,nan,nan,nan,nan,nan,nan
1753094863.4767134,nan,nan,nan,nan,nan,nan,nan,nan,nan,nan,nan,nan
1753094863.5117133,nan,nan,nan,nan,nan,nan,nan,nan,nan,nan,nan,nan
1753094863.5457122,nan,nan,nan,nan,nan,nan,nan,nan,nan,nan,nan,nan
1753094863.5780315,nan,nan,nan,nan,nan,nan,nan,nan,nan,nan,nan,nan
1753094863.6310377,nan,nan,nan,nan,nan,nan,nan,nan,nan,nan,nan,nan
1753094863.666591,nan,nan,nan,nan,nan,nan,nan,nan,nan,nan,nan,nan
1753094863.7015913,nan,nan,nan,nan,nan,nan,nan,nan,nan,nan,nan,nan
1753094863.7375948,nan,nan,nan,nan,nan,nan,nan,nan,nan,nan,nan,nan
1753094863.7714012,nan,nan,nan,nan,nan,nan,nan,nan,nan,nan,nan,nan
1753094863.8064106,nan,nan,nan,nan,nan,nan,nan,nan,nan,nan,nan,nan
1753094863.842424,nan,nan,nan,nan,nan,nan,nan,nan,nan,nan,nan,nan
1753094863.8760035,nan,nan,nan,nan,nan,nan,nan,nan,nan,nan,nan,nan
1753094863.9100158,nan,nan,nan,nan,nan,nan,nan,nan,nan,nan,nan,nan
1753094863.9450214,nan,nan,nan,nan,nan,nan,nan,nan,nan,nan,nan,nan
1753094863.978334,nan,nan,nan,nan,nan,nan,nan,nan,nan,nan,nan,nan
1753094864.0143332,nan,nan,nan,nan,nan,nan,nan,nan,nan,nan,nan,nan
1753094864.054871,nan,nan,nan,nan,nan,nan,nan,nan,nan,nan,nan,nan
1753094864.0878623,nan,nan,nan,nan,nan,nan,nan,nan,nan,nan,nan,nan
1753094864.1218514,nan,nan,nan,nan,nan,nan,-inf,-inf,-inf,nan,nan,nan
1753094864.193416,nan,nan,nan,nan,nan,nan,-inf,-inf,-inf,nan,nan,nan
1753094864.2617202,nan,nan,nan,nan,nan,nan,-inf,-inf,-inf,nan,nan,nan
1753094864.3177192,nan,nan,nan,nan,nan,nan,nan,nan,nan,nan,nan,nan
1753094864.3908782,nan,nan,nan,nan,nan,nan,-inf,-inf,-inf,nan,nan,nan
1753094864.4586434,nan,nan,nan,nan,nan,nan,nan,nan,nan,nan,nan,nan
1753094864.531621,nan,nan,nan,nan,nan,nan,nan,nan,nan,nan,nan,nan
1753094864.60816,nan,nan,nan,nan,nan,nan,96.91027069091797,58.75708770751953,240.24168395996094,-67.95089125731687,-81.09970317486541,nan
1753094864.6952376,nan,nan,nan,nan,nan,nan,96.76506042480469,58.850181579589844,238.74114990234375,-68.99334954896975,-80.5351541407399,nan
1753094864.7773232,nan,nan,nan,nan,nan,nan,100.23628234863281,58.53645324707031,239.33956909179688,-69.05743890476523,-78.6035050318332,-100.12179786857018
1753094864.8443305,nan,nan,nan,nan,nan,nan,101.05059814453125,60.0430793762207,237.9984893798828,-69.04841427267365,-76.75305328709544,-101.11739305493192
1753094864.9133847,nan,nan,nan,nan,nan,nan,100.96086883544922,61.00176239013672,239.96548461914062,-69.20784729233017,-76.49947850949583,-100.79634642715679
1753094864.977466,nan,nan,nan,nan,nan,nan,100.13900756835938,61.813262939453125,241.3282470703125,-69.57409691582724,-76.02521379050961,nan
1753094865.0454826,nan,nan,nan,nan,nan,nan,99.89862823486328,62.2430305480957,243.00611877441406,-70.40706604993932,-75.58223630709675,-14.276505447386937
1753094865.1205785,nan,nan,nan,nan,nan,nan,99.6341781616211,62.19430923461914,244.65664672851562,-70.63753998978555,-76.32746204345389,-13.480136945078728
1753094865.1888027,nan,nan,nan,nan,nan,nan,nan,nan,nan,nan,nan,nan
1753094865.2530541,nan,nan,nan,nan,nan,nan,102.5962142944336,67.60738372802734,250.74351501464844,-71.67639385968737,-75.98797147035323,-13.41439621564553
1753094865.318055,nan,nan,nan,nan,nan,nan,103.79320526123047,70.35157012939453,253.66893005371094,-71.9279918603864,-75.42270545583115,nan
1753094865.3876326,nan,nan,nan,nan,nan,nan,102.82240295410156,72.31185150146484,253.68597412109375,-72.45748160903773,-75.24485020481693,-14.605142835665438
1753094865.457344,nan,nan,nan,nan,nan,nan,101.37309265136719,73.30216979980469,253.72940063476562,-73.10902454541416,-74.55738924616405,-16.191423525997678
1753094865.525347,nan,nan,nan,nan,nan,nan,102.55268096923828,72.8145751953125,255.4496612548828,nan,nan,nan
1753094865.5935538,nan,nan,nan,nan,nan,nan,102.7933349609375,72.3458480834961,257.2841491699219,-72.39046497153386,-77.12228442317583,-13.200881516322093
1753094865.6626706,nan,nan,nan,nan,nan,nan,104.02214050292969,73.21068572998047,260.3597717285156,nan,nan,nan
1753094865.733676,nan,nan,nan,nan,nan,nan,106.428466796875,74.18856048583984,263.83740234375,-72.43613165905626,-72.39134658516588,nan
1753094865.801805,nan,nan,nan,nan,nan,nan,110.16244506835938,77.99766540527344,271.7955017089844,-71.6816374874381,-72.21637804322306,-16.84380214426605
1753094865.8710122,nan,nan,nan,nan,nan,nan,108.58679962158203,78.57366180419922,266.6402587890625,-70.50004751339058,-69.34510639370419,-15.941067867108789
1753094865.9360378,nan,nan,nan,nan,nan,nan,111.54277038574219,81.52454376220703,271.330810546875,-71.27233284886486,-70.2379270482882,-15.687613655057618
1753094865.988582,nan,nan,nan,nan,nan,nan,112.57435607910156,82.0370864868164,271.2966003417969,-70.37402661850511,-69.60505279841817,-14.703370491363769
1753094866.0602765,nan,nan,nan,nan,nan,nan,112.5279312133789,82.14437103271484,269.93109130859375,-69.69247883307614,-68.7242313931305,-14.112447879159665
1753094866.130277,nan,nan,nan,nan,nan,nan,113.75817108154297,81.7606201171875,270.38232421875,-70.78682223294444,-70.23799428754488,-14.47904776275682
1753094866.2014475,nan,nan,nan,nan,nan,nan,111.43501281738281,78.40837860107422,266.0793762207031,-76.2752003991856,-48.254645499533694,-47.55480272171842
1753094866.2509892,nan,nan,nan,nan,nan,nan,105.69862365722656,66.98026275634766,259.5481872558594,nan,nan,nan
1753094866.311005,nan,nan,nan,nan,nan,nan,104.73941802978516,67.8310317993164,260.8966369628906,nan,nan,nan
1753094866.3705525,nan,nan,nan,nan,nan,nan,104.25093841552734,67.48566436767578,263.4741516113281,nan,nan,nan
1753094866.4305515,nan,nan,nan,nan,nan,nan,106.36860656738281,66.01620483398438,263.6889953613281,-74.24464164082305,-60.780838312244214,-25.27989928778236
1753094866.5023685,nan,nan,nan,nan,nan,nan,109.57562255859375,63.05816650390625,264.0698547363281,-71.99889841370182,-71.7925177115605,-18.27712589284204
1753094866.5699131,nan,nan,nan,nan,nan,nan,111.32433319091797,67.57301330566406,265.8150939941406,-71.2876461060897,-71.48650589030645,-16.989920748785746
1753094866.6379218,nan,nan,nan,nan,nan,nan,107.19461059570312,69.08940887451172,265.7366943359375,nan,nan,nan
1753094866.6849868,nan,nan,nan,nan,nan,nan,108.82720184326172,62.487247467041016,265.9719543457031,nan,nan,nan
1753094866.7369936,nan,nan,nan,nan,nan,nan,105.11287689208984,63.74657440185547,266.9527282714844,nan,nan,nan
1753094866.7875078,nan,nan,nan,nan,nan,nan,110.77836608886719,66.11531066894531,268.21405029296875,-72.93110361250231,-68.00869115878871,-19.575568688906145
1753094866.8561752,nan,nan,nan,nan,nan,nan,109.22640991210938,65.28868865966797,266.9476013183594,nan,nan,nan
1753094866.9221742,nan,nan,nan,nan,nan,nan,106.2129898071289,70.11148834228516,277.9076232910156,-64.82602783759091,-58.607039718254256,-5.008127439336988
1753094866.9907124,nan,nan,nan,nan,nan,nan,nan,nan,nan,nan,nan,nan
1753094867.046717,nan,nan,nan,nan,nan,nan,nan,nan,nan,nan,nan,nan
1753094867.086236,nan,nan,nan,nan,nan,nan,nan,nan,nan,nan,nan,nan
1753094867.1212347,nan,nan,nan,nan,nan,nan,nan,nan,nan,nan,nan,nan
1753094867.155341,nan,nan,nan,nan,nan,nan,nan,nan,nan,nan,nan,nan
1753094867.2083464,nan,nan,nan,nan,nan,nan,nan,nan,nan,nan,nan,nan
1753094867.2605112,nan,nan,nan,nan,nan,nan,nan,nan,nan,nan,nan,nan
1753094867.296511,nan,nan,nan,nan,nan,nan,nan,nan,nan,nan,nan,nan
1753094867.3345125,nan,nan,nan,nan,nan,nan,nan,nan,nan,nan,nan,nan
1753094867.3691103,nan,nan,nan,nan,nan,nan,nan,nan,nan,nan,nan,nan
1753094867.4171057,nan,nan,nan,nan,nan,nan,nan,nan,nan,nan,nan,nan
1753094867.4526775,nan,nan,nan,nan,nan,nan,nan,nan,nan,nan,nan,nan
1753094867.4866576,nan,nan,nan,nan,nan,nan,nan,nan,nan,nan,nan,nan
1753094867.521657,nan,nan,nan,nan,nan,nan,nan,nan,nan,nan,nan,nan
1753094867.5571988,nan,nan,nan,nan,nan,nan,nan,nan,nan,nan,nan,nan
1753094867.6081994,nan,nan,nan,nan,nan,nan,nan,nan,nan,nan,nan,nan
1753094867.6412244,nan,nan,nan,nan,nan,nan,89.38016510009766,38.25619888305664,310.60821533203125,-70.44745647081906,-88.84014561589703,2.1271692539789715
1753094867.6957903,nan,nan,nan,nan,nan,nan,88.78923034667969,51.2447395324707,302.4775390625,-69.87192624420669,-94.41230064642563,6.209861204315476
1753094867.7613692,nan,nan,nan,nan,nan,nan,95.3899154663086,61.1553955078125,294.07379150390625,-72.16463193473098,-92.39905462231067,-87.79446297272335
1753094867.826368,nan,nan,nan,nan,nan,nan,102.17403411865234,71.45953369140625,287.6454772949219,-74.16985656258451,-89.4680876108217,-2.8809252006219697
1753094867.8924608,nan,nan,nan,nan,nan,nan,103.1013412475586,79.33616638183594,284.09088134765625,nan,nan,nan
1753094867.9595404,nan,nan,nan,nan,nan,nan,109.34611511230469,85.41241455078125,286.1054992675781,-76.31433962378998,-78.86069918611572,-12.234023114704062
1753094868.0265424,nan,nan,nan,nan,nan,nan,110.15637969970703,87.49896240234375,283.9305114746094,-76.5755358536424,-73.87075438222324,-16.6439009662838
1753094868.0936792,nan,nan,nan,nan,nan,nan,nan,nan,nan,nan,nan,nan
1753094868.1672316,nan,nan,nan,nan,nan,nan,nan,nan,nan,nan,nan,nan
1753094868.2332344,nan,nan,nan,nan,nan,nan,nan,nan,nan,nan,nan,nan
1753094868.3077457,nan,nan,nan,nan,nan,nan,108.42355346679688,77.66596221923828,288.0489501953125,nan,nan,nan
1753094868.373957,nan,nan,nan,nan,nan,nan,2072.214599609375,1347.4910888671875,5341.17919921875,60.09186031259839,-145.2147144128877,28.82526730181793
1753094868.4400733,nan,nan,nan,nan,nan,nan,2674.64794921875,1513.3779296875,6893.96435546875,62.84685784752042,-149.3198690940895,21.254288367855366
1753094868.508314,nan,nan,nan,nan,nan,nan,1914.9176025390625,1013.5595092773438,5061.44970703125,-68.34956809206875,-116.50445340292005,24.915006377793866
1753094868.562948,nan,nan,nan,nan,nan,nan,nan,nan,nan,nan,nan,nan
1753094868.616949,nan,nan,nan,nan,nan,nan,nan,nan,nan,nan,nan,nan
1753094868.6654851,nan,nan,nan,nan,nan,nan,nan,nan,nan,nan,nan,nan
1753094868.7004848,nan,nan,nan,nan,nan,nan,nan,nan,nan,nan,nan,nan
1753094868.7344844,nan,nan,nan,nan,nan,nan,nan,nan,nan,nan,nan,nan
1753094868.7826042,nan,nan,nan,nan,nan,nan,nan,nan,nan,nan,nan,nan
1753094868.8176053,nan,nan,nan,nan,nan,nan,nan,nan,nan,nan,nan,nan
1753094868.8516107,nan,nan,nan,nan,nan,nan,nan,nan,nan,nan,nan,nan
1753094868.8847084,nan,nan,nan,nan,nan,nan,nan,nan,nan,nan,nan,nan
1753094868.92072,nan,nan,nan,nan,nan,nan,nan,nan,nan,nan,nan,nan
1753094868.9572623,nan,nan,nan,nan,nan,nan,nan,nan,nan,nan,nan,nan
1753094868.9922607,nan,nan,nan,nan,nan,nan,nan,nan,nan,nan,nan,nan
1753094869.0302627,nan,nan,nan,nan,nan,nan,nan,nan,nan,nan,nan,nan
1753094869.0658894,nan,nan,nan,nan,nan,nan,nan,nan,nan,nan,nan,nan
1753094869.1028898,nan,nan,nan,nan,nan,nan,nan,nan,nan,nan,nan,nan
1753094869.1582344,nan,nan,nan,nan,nan,nan,nan,nan,nan,nan,nan,nan
1753094869.207232,nan,nan,nan,nan,nan,nan,nan,nan,nan,nan,nan,nan
1753094869.2574713,nan,nan,nan,nan,nan,nan,nan,nan,nan,nan,nan,nan
1753094869.3094707,nan,nan,nan,nan,nan,nan,nan,nan,nan,nan,nan,nan
1753094869.366034,nan,nan,nan,nan,nan,nan,nan,nan,nan,nan,nan,nan
1753094869.418014,nan,nan,nan,nan,nan,nan,nan,nan,nan,nan,nan,nan
1753094869.4705622,nan,nan,nan,nan,nan,nan,nan,nan,nan,nan,nan,nan
1753094869.5205584,nan,nan,nan,nan,nan,nan,nan,nan,nan,nan,nan,nan
1753094869.5718582,nan,nan,nan,nan,nan,nan,nan,nan,nan,nan,nan,nan
1753094869.6238582,nan,nan,nan,nan,nan,nan,nan,nan,nan,nan,nan,nan
1753094869.6735606,nan,nan,nan,nan,nan,nan,nan,nan,nan,nan,nan,nan
1753094869.724562,nan,nan,nan,nan,nan,nan,nan,nan,nan,nan,nan,nan
1753094869.780836,nan,nan,nan,nan,nan,nan,nan,nan,nan,nan,nan,nan
1753094869.8408458,nan,nan,nan,nan,nan,nan,nan,nan,nan,nan,nan,nan
1753094869.9030209,nan,nan,nan,nan,nan,nan,nan,nan,nan,nan,nan,nan
1753094869.9582791,nan,nan,nan,nan,nan,nan,nan,nan,nan,nan,nan,nan
1753094870.0102818,nan,nan,nan,nan,nan,nan,nan,nan,nan,nan,nan,nan
1753094870.0442877,nan,nan,nan,nan,nan,nan,nan,nan,nan,nan,nan,nan
1753094870.0988925,nan,nan,nan,nan,nan,nan,nan,nan,nan,nan,nan,nan
1753094870.1368861,nan,nan,nan,nan,nan,nan,nan,nan,nan,nan,nan,nan
1753094870.1740813,nan,nan,nan,nan,nan,nan,nan,nan,nan,nan,nan,nan
1753094870.2290852,nan,nan,nan,nan,nan,nan,nan,nan,nan,nan,nan,nan
1753094870.2676241,nan,nan,nan,nan,nan,nan,nan,nan,nan,nan,nan,nan
1753094870.301623,nan,nan,nan,nan,nan,nan,nan,nan,nan,nan,nan,nan
1753094870.3346221,nan,nan,nan,nan,nan,nan,nan,nan,nan,nan,nan,nan
1753094870.3691638,nan,nan,nan,nan,nan,nan,nan,nan,nan,nan,nan,nan
1753094870.4061642,nan,nan,nan,nan,nan,nan,nan,nan,nan,nan,nan,nan
1753094870.4421673,nan,nan,nan,nan,nan,nan,nan,nan,nan,nan,nan,nan
1753094870.4966903,nan,nan,nan,nan,nan,nan,nan,nan,nan,nan,nan,nan
1753094870.5326905,nan,nan,nan,nan,nan,nan,nan,nan,nan,nan,nan,nan
1753094870.5692267,nan,nan,nan,nan,nan,nan,nan,nan,nan,nan,nan,nan
1753094870.6032286,nan,nan,nan,nan,nan,nan,nan,nan,nan,nan,nan,nan
1753094870.6392362,nan,nan,nan,nan,nan,nan,nan,nan,nan,nan,nan,nan
1753094870.6725864,nan,nan,nan,nan,nan,nan,nan,nan,nan,nan,nan,nan
1753094870.7075853,nan,nan,nan,nan,nan,nan,nan,nan,nan,nan,nan,nan
1753094870.7435887,nan,nan,nan,nan,nan,nan,nan,nan,nan,nan,nan,nan
1753094870.776834,nan,nan,nan,nan,nan,nan,nan,nan,nan,nan,nan,nan
1753094870.81183,nan,nan,nan,nan,nan,nan,nan,nan,nan,nan,nan,nan
1753094870.8488412,nan,nan,nan,nan,nan,nan,nan,nan,nan,nan,nan,nan
1753094870.8824527,nan,nan,nan,nan,nan,nan,nan,nan,nan,nan,nan,nan
1753094870.917461,nan,nan,nan,nan,nan,nan,nan,nan,nan,nan,nan,nan
1753094870.9534597,nan,nan,nan,nan,nan,nan,nan,nan,nan,nan,nan,nan
1753094870.9870055,nan,nan,nan,nan,nan,nan,nan,nan,nan,nan,nan,nan
1753094871.021023,nan,nan,nan,nan,nan,nan,nan,nan,nan,nan,nan,nan
1753094871.0605297,nan,nan,nan,nan,nan,nan,nan,nan,nan,nan,nan,nan
1753094871.0975244,nan,nan,nan,nan,nan,nan,nan,nan,nan,nan,nan,nan
1753094871.1365294,nan,nan,nan,nan,nan,nan,nan,nan,nan,nan,nan,nan
1753094871.173577,nan,nan,nan,nan,nan,nan,nan,nan,nan,nan,nan,nan
1753094871.2095766,nan,nan,nan,nan,nan,nan,nan,nan,nan,nan,nan,nan
1753094871.2435822,nan,nan,nan,nan,nan,nan,nan,nan,nan,nan,nan,nan
1753094871.2791603,nan,nan,nan,nan,nan,nan,nan,nan,nan,nan,nan,nan
1753094871.3141632,nan,nan,nan,nan,nan,nan,nan,nan,nan,nan,nan,nan
1753094871.347199,nan,nan,nan,nan,nan,nan,nan,nan,nan,nan,nan,nan
1753094871.3807073,nan,nan,nan,nan,nan,nan,nan,nan,nan,nan,nan,nan
1753094871.4157069,nan,nan,nan,nan,nan,nan,nan,nan,nan,nan,nan,nan
1753094871.453734,nan,nan,nan,nan,nan,nan,nan,nan,nan,nan,nan,nan
1753094871.4972768,nan,nan,nan,nan,nan,nan,nan,nan,nan,nan,nan,nan
1753094871.5352807,nan,nan,nan,nan,nan,nan,nan,nan,nan,nan,nan,nan
1753094871.574339,nan,nan,nan,nan,nan,nan,nan,nan,nan,nan,nan,nan
1753094871.6113377,nan,nan,nan,nan,nan,nan,nan,nan,nan,nan,nan,nan
1753094871.647342,nan,nan,nan,nan,nan,nan,nan,nan,nan,nan,nan,nan
1753094871.6848593,nan,nan,nan,nan,nan,nan,nan,nan,nan,nan,nan,nan
1753094871.7228615,nan,nan,nan,nan,nan,nan,nan,nan,nan,nan,nan,nan
1753094871.759396,nan,nan,nan,nan,nan,nan,nan,nan,nan,nan,nan,nan
1753094871.7923954,nan,nan,nan,nan,nan,nan,nan,nan,nan,nan,nan,nan
1753094871.826395,nan,nan,nan,nan,nan,nan,nan,nan,nan,nan,nan,nan
1753094871.8597548,nan,nan,nan,nan,nan,nan,nan,nan,nan,nan,nan,nan
1753094871.8967547,nan,nan,nan,nan,nan,nan,nan,nan,nan,nan,nan,nan
1753094871.9317544,nan,nan,nan,nan,nan,nan,nan,nan,nan,nan,nan,nan
1753094871.9832754,nan,nan,nan,nan,nan,nan,nan,nan,nan,nan,nan,nan
1753094872.0473018,nan,nan,nan,nan,nan,nan,nan,nan,nan,nan,nan,nan
1753094872.10065,nan,nan,nan,nan,nan,nan,nan,nan,nan,nan,nan,nan
1753094872.153662,nan,nan,nan,nan,nan,nan,nan,nan,nan,nan,nan,nan
1753094872.2232006,nan,nan,nan,nan,nan,nan,nan,nan,nan,nan,nan,nan
1753094872.2730317,nan,nan,nan,nan,nan,nan,nan,nan,nan,nan,nan,nan
1753094872.340126,nan,nan,nan,nan,nan,nan,nan,nan,nan,nan,nan,nan
1753094872.4065902,nan,nan,nan,nan,nan,nan,nan,nan,nan,nan,nan,nan
1753094872.4741776,nan,nan,nan,nan,nan,nan,nan,nan,nan,nan,nan,nan
1753094872.5261755,nan,nan,nan,nan,nan,nan,nan,nan,nan,nan,nan,nan
1753094872.5627346,nan,nan,nan,nan,nan,nan,nan,nan,nan,nan,nan,nan
1753094872.600729,nan,nan,nan,nan,nan,nan,nan,nan,nan,nan,nan,nan
1753094872.6357272,nan,nan,nan,nan,nan,nan,nan,nan,nan,nan,nan,nan
1753094872.670795,nan,nan,nan,nan,nan,nan,nan,nan,nan,nan,nan,nan
1753094872.7037947,nan,nan,nan,nan,nan,nan,nan,nan,nan,nan,nan,nan
1753094872.752931,nan,nan,nan,nan,nan,nan,nan,nan,nan,nan,nan,nan
1753094872.787361,nan,nan,nan,nan,nan,nan,nan,nan,nan,nan,nan,nan
1753094872.8393407,nan,nan,nan,nan,nan,nan,nan,nan,nan,nan,nan,nan
1753094872.8918586,nan,nan,nan,nan,nan,nan,nan,nan,nan,nan,nan,nan
1753094872.9268641,nan,nan,nan,nan,nan,nan,nan,nan,nan,nan,nan,nan
1753094872.963376,nan,nan,nan,nan,nan,nan,nan,nan,nan,nan,nan,nan
1753094872.9983783,nan,nan,nan,nan,nan,nan,nan,nan,nan,nan,nan,nan
1753094873.0463812,nan,nan,nan,nan,nan,nan,nan,nan,nan,nan,nan,nan
1753094873.094948,nan,nan,nan,nan,nan,nan,nan,nan,nan,nan,nan,nan
1753094873.1481194,nan,nan,nan,nan,nan,nan,nan,nan,nan,nan,nan,nan
1753094873.1986306,nan,nan,nan,nan,nan,nan,nan,nan,nan,nan,nan,nan
1753094873.2326345,nan,nan,nan,nan,nan,nan,nan,nan,nan,nan,nan,nan
1753094873.2661445,nan,nan,nan,nan,nan,nan,nan,nan,nan,nan,nan,nan
1753094873.3161469,nan,nan,nan,nan,nan,nan,nan,nan,nan,nan,nan,nan
1753094873.3491473,nan,nan,nan,nan,nan,nan,nan,nan,nan,nan,nan,nan
1753094873.3866816,nan,nan,nan,nan,nan,nan,nan,nan,nan,nan,nan,nan
1753094873.4386795,nan,nan,nan,nan,nan,nan,nan,nan,nan,nan,nan,nan
1753094873.4879522,nan,nan,nan,nan,nan,nan,nan,nan,nan,nan,nan,nan
1753094873.5630813,nan,nan,nan,nan,nan,nan,nan,nan,nan,nan,nan,nan
1753094873.6480865,nan,nan,nan,nan,nan,nan,nan,nan,nan,nan,nan,nan
1753094873.7063997,nan,nan,nan,nan,nan,nan,nan,nan,nan,nan,nan,nan
1753094873.7739823,nan,nan,nan,nan,nan,nan,nan,nan,nan,nan,nan,nan
1753094873.8239815,nan,nan,nan,nan,nan,nan,nan,nan,nan,nan,nan,nan
1753094873.9205637,nan,nan,nan,nan,nan,nan,nan,nan,nan,nan,nan,nan
1753094873.9712162,nan,nan,nan,nan,nan,nan,nan,nan,nan,nan,nan,nan
1753094874.0262096,nan,nan,nan,nan,nan,nan,nan,nan,nan,nan,nan,nan
1753094874.0757556,nan,nan,nan,nan,nan,nan,nan,nan,nan,nan,nan,nan
1753094874.1257606,nan,nan,nan,nan,nan,nan,nan,nan,nan,nan,nan,nan
1753094874.1793246,nan,nan,nan,nan,nan,nan,nan,nan,nan,nan,nan,nan
1753094874.2323272,nan,nan,nan,nan,nan,nan,nan,nan,nan,nan,nan,nan
1753094874.2822149,nan,nan,nan,nan,nan,nan,nan,nan,nan,nan,nan,nan
1753094874.3172107,nan,nan,nan,nan,nan,nan,nan,nan,nan,nan,nan,nan
1753094874.3677554,nan,nan,nan,nan,nan,nan,nan,nan,nan,nan,nan,nan
1753094874.402741,nan,nan,nan,nan,nan,nan,nan,nan,nan,nan,nan,nan
1753094874.437748,nan,nan,nan,nan,nan,nan,nan,nan,nan,nan,nan,nan
1753094874.5002978,nan,nan,nan,nan,nan,nan,nan,nan,nan,nan,nan,nan
1753094874.5342972,nan,nan,nan,nan,nan,nan,nan,nan,nan,nan,nan,nan
1753094874.5688255,nan,nan,nan,nan,nan,nan,nan,nan,nan,nan,nan,nan
1753094874.6038277,nan,nan,nan,nan,nan,nan,nan,nan,nan,nan,nan,nan
1753094874.6408308,nan,nan,nan,nan,nan,nan,nan,nan,nan,nan,nan,nan
1753094874.6763964,nan,nan,nan,nan,nan,nan,nan,nan,nan,nan,nan,nan
1753094874.7113955,nan,nan,nan,nan,nan,nan,nan,nan,nan,nan,nan,nan
1753094874.744399,nan,nan,nan,nan,nan,nan,nan,nan,nan,nan,nan,nan
1753094874.7795875,nan,nan,nan,nan,nan,nan,nan,nan,nan,nan,nan,nan
1753094874.814593,nan,nan,nan,nan,nan,nan,nan,nan,nan,nan,nan,nan
1753094874.8485947,nan,nan,nan,nan,nan,nan,nan,nan,nan,nan,nan,nan
1753094874.8821027,nan,nan,nan,nan,nan,nan,nan,nan,nan,nan,nan,nan
1753094874.9191062,nan,nan,nan,nan,nan,nan,nan,nan,nan,nan,nan,nan
1753094874.9521127,nan,nan,nan,nan,nan,nan,nan,nan,nan,nan,nan,nan
1753094874.9887717,nan,nan,nan,nan,nan,nan,nan,nan,nan,nan,nan,nan
1753094875.0236945,nan,nan,nan,nan,nan,nan,nan,nan,nan,nan,nan,nan
1753094875.0586996,nan,nan,nan,nan,nan,nan,nan,nan,nan,nan,nan,nan
1753094875.094247,nan,nan,nan,nan,nan,nan,nan,nan,nan,nan,nan,nan
1753094875.1302462,nan,nan,nan,nan,nan,nan,nan,nan,nan,nan,nan,nan
1753094875.1667566,nan,nan,nan,nan,nan,nan,nan,nan,nan,nan,nan,nan
1753094875.2187617,nan,nan,nan,nan,nan,nan,nan,nan,nan,nan,nan,nan
1753094875.2722752,nan,nan,nan,nan,nan,nan,nan,nan,nan,nan,nan,nan
1753094875.3092747,nan,nan,nan,nan,nan,nan,nan,nan,nan,nan,nan,nan
1753094875.3422766,nan,nan,nan,nan,nan,nan,nan,nan,nan,nan,nan,nan
1753094875.3768356,nan,nan,nan,nan,nan,nan,nan,nan,nan,nan,nan,nan
1753094875.4118361,nan,nan,nan,nan,nan,nan,nan,nan,nan,nan,nan,nan
1753094875.4468353,nan,nan,nan,nan,nan,nan,nan,nan,nan,nan,nan,nan
1753094875.5004091,nan,nan,nan,nan,nan,nan,nan,nan,nan,nan,nan,nan
1753094875.5354097,nan,nan,nan,nan,nan,nan,nan,nan,nan,nan,nan,nan
1753094875.5689566,nan,nan,nan,nan,nan,nan,nan,nan,nan,nan,nan,nan
1753094875.6029606,nan,nan,nan,nan,nan,nan,nan,nan,nan,nan,nan,nan
1753094875.6379614,nan,nan,nan,nan,nan,nan,nan,nan,nan,nan,nan,nan
1753094875.6711097,nan,nan,nan,nan,nan,nan,nan,nan,nan,nan,nan,nan
1753094875.706109,nan,nan,nan,nan,nan,nan,nan,nan,nan,nan,nan,nan
1753094875.7421186,nan,nan,nan,nan,nan,nan,nan,nan,nan,nan,nan,nan
1753094875.7777984,nan,nan,nan,nan,nan,nan,nan,nan,nan,nan,nan,nan
1753094875.8107998,nan,nan,nan,nan,nan,nan,nan,nan,nan,nan,nan,nan
1753094875.8478181,nan,nan,nan,nan,nan,nan,nan,nan,nan,nan,nan,nan
1753094875.8820362,nan,nan,nan,nan,nan,nan,nan,nan,nan,nan,nan,nan
1753094875.9210372,nan,nan,nan,nan,nan,nan,nan,nan,nan,nan,nan,nan
1753094875.956043,nan,nan,nan,nan,nan,nan,nan,nan,nan,nan,nan,nan
1753094875.9903715,nan,nan,nan,nan,nan,nan,nan,nan,nan,nan,nan,nan
1753094876.023371,nan,nan,nan,nan,nan,nan,nan,nan,nan,nan,nan,nan
1753094876.058391,nan,nan,nan,nan,nan,nan,nan,nan,nan,nan,nan,nan
1753094876.0919373,nan,nan,nan,nan,nan,nan,nan,nan,nan,nan,nan,nan
1753094876.1269355,nan,nan,nan,nan,nan,nan,nan,nan,nan,nan,nan,nan
1753094876.1630595,nan,nan,nan,nan,nan,nan,nan,nan,nan,nan,nan,nan
1753094876.1970577,nan,nan,nan,nan,nan,nan,nan,nan,nan,nan,nan,nan
1753094876.230059,nan,nan,nan,nan,nan,nan,nan,nan,nan,nan,nan,nan
1753094876.2646167,nan,nan,nan,nan,nan,nan,nan,nan,nan,nan,nan,nan
1753094876.3026154,nan,nan,nan,nan,nan,nan,nan,nan,nan,nan,nan,nan
1753094876.338624,nan,nan,nan,nan,nan,nan,nan,nan,nan,nan,nan,nan
1753094876.3732526,nan,nan,nan,nan,nan,nan,nan,nan,nan,nan,nan,nan
1753094876.4052513,nan,nan,nan,nan,nan,nan,nan,nan,nan,nan,nan,nan
1753094876.4402537,nan,nan,nan,nan,nan,nan,nan,nan,nan,nan,nan,nan
1753094876.4739227,nan,nan,nan,nan,nan,nan,nan,nan,nan,nan,nan,nan
1753094876.5069196,nan,nan,nan,nan,nan,nan,nan,nan,nan,nan,nan,nan
1753094876.5419195,nan,nan,nan,nan,nan,nan,nan,nan,nan,nan,nan,nan
1753094876.5754592,nan,nan,nan,nan,nan,nan,nan,nan,nan,nan,nan,nan
1753094876.6124625,nan,nan,nan,nan,nan,nan,nan,nan,nan,nan,nan,nan
1753094876.6464567,nan,nan,nan,nan,nan,nan,nan,nan,nan,nan,nan,nan
1753094876.6820326,nan,nan,nan,nan,nan,nan,nan,nan,nan,nan,nan,nan
1753094876.7150304,nan,nan,nan,nan,nan,nan,nan,nan,nan,nan,nan,nan
1753094876.7490373,nan,nan,nan,nan,nan,nan,nan,nan,nan,nan,nan,nan
1753094876.7848275,nan,nan,nan,nan,nan,nan,nan,nan,nan,nan,nan,nan
1753094876.8188334,nan,nan,nan,nan,nan,nan,nan,nan,nan,nan,nan,nan
1753094876.85183,nan,nan,nan,nan,nan,nan,nan,nan,nan,nan,nan,nan
1753094876.886271,nan,nan,nan,nan,nan,nan,nan,nan,nan,nan,nan,nan
1753094876.9182708,nan,nan,nan,nan,nan,nan,nan,nan,nan,nan,nan,nan
1753094876.9532816,nan,nan,nan,nan,nan,nan,nan,nan,nan,nan,nan,nan
1753094876.9853923,nan,nan,nan,nan,nan,nan,nan,nan,nan,nan,nan,nan
1753094877.0193973,nan,nan,nan,nan,nan,nan,nan,nan,nan,nan,nan,nan
1753094877.0523987,nan,nan,nan,nan,nan,nan,nan,nan,nan,nan,nan,nan
1753094877.0865777,nan,nan,nan,nan,nan,nan,nan,nan,nan,nan,nan,nan
1753094877.1185772,nan,nan,nan,nan,nan,nan,nan,nan,nan,nan,nan,nan
1753094877.153582,nan,nan,nan,nan,nan,nan,nan,nan,nan,nan,nan,nan
1753094877.1911001,nan,nan,nan,nan,nan,nan,nan,nan,nan,nan,nan,nan
1753094877.228101,nan,nan,nan,nan,nan,nan,nan,nan,nan,nan,nan,nan
1753094877.2591019,nan,nan,nan,nan,nan,nan,nan,nan,nan,nan,nan,nan
1753094877.2936165,nan,nan,nan,nan,nan,nan,nan,nan,nan,nan,nan,nan
1753094877.3256154,nan,nan,nan,nan,nan,nan,nan,nan,nan,nan,nan,nan
1753094877.361631,nan,nan,nan,nan,nan,nan,nan,nan,nan,nan,nan,nan
1753094877.3939743,nan,nan,nan,nan,nan,nan,nan,nan,nan,nan,nan,nan
1753094877.428971,nan,nan,nan,nan,nan,nan,nan,nan,nan,nan,nan,nan
1753094877.4634979,nan,nan,nan,nan,nan,nan,nan,nan,nan,nan,nan,nan
1753094877.4944906,nan,nan,nan,nan,nan,nan,nan,nan,nan,nan,nan,nan
1753094877.531488,nan,nan,nan,nan,nan,nan,nan,nan,nan,nan,nan,nan
1753094877.57093,nan,nan,nan,nan,nan,nan,nan,nan,nan,nan,nan,nan
1753094877.6089313,nan,nan,nan,nan,nan,nan,nan,nan,nan,nan,nan,nan
1753094877.6479456,nan,nan,nan,nan,nan,nan,nan,nan,nan,nan,nan,nan
1753094877.684454,nan,nan,nan,nan,nan,nan,nan,nan,nan,nan,nan,nan
1753094877.7254612,nan,nan,nan,nan,nan,nan,nan,nan,nan,nan,nan,nan
1753094877.7584822,nan,nan,nan,nan,nan,nan,nan,nan,nan,nan,nan,nan
1753094877.7909899,nan,nan,nan,nan,nan,nan,nan,nan,nan,nan,nan,nan
1753094877.824991,nan,nan,nan,nan,nan,nan,nan,nan,nan,nan,nan,nan
1753094877.8609977,nan,nan,nan,nan,nan,nan,nan,nan,nan,nan,nan,nan
1753094877.894518,nan,nan,nan,nan,nan,nan,nan,nan,nan,nan,nan,nan
1753094877.9275286,nan,nan,nan,nan,nan,nan,nan,nan,nan,nan,nan,nan
1753094877.9615445,nan,nan,nan,nan,nan,nan,nan,nan,nan,nan,nan,nan
1753094877.996059,nan,nan,nan,nan,nan,nan,nan,nan,nan,nan,nan,nan
1753094878.0310633,nan,nan,nan,nan,nan,nan,nan,nan,nan,nan,nan,nan
1753094878.0636072,nan,nan,nan,nan,nan,nan,nan,nan,nan,nan,nan,nan
1753094878.1006165,nan,nan,nan,nan,nan,nan,nan,nan,nan,nan,nan,nan
1753094878.1356122,nan,nan,nan,nan,nan,nan,nan,nan,nan,nan,nan,nan
1753094878.1725485,nan,nan,nan,nan,nan,nan,nan,nan,nan,nan,nan,nan
1753094878.2105312,nan,nan,nan,nan,nan,nan,nan,nan,nan,nan,nan,nan
1753094878.2455316,-63.75127029418945,97.38985443115234,235.1487579345703,3.2506975821929616,-71.81445912556971,nan,nan,nan,nan,nan,nan,nan
1753094878.2990649,-58.05904769897461,96.21746826171875,232.3180389404297,-72.357033704219,-99.82488235720588,171.96602860858835,nan,nan,nan,nan,nan,nan
1753094878.3510728,-56.65742492675781,90.22138214111328,228.47137451171875,-70.96241564343327,-100.14594420563424,nan,nan,nan,nan,nan,nan,nan
1753094878.4083445,-55.14034652709961,89.19182586669922,225.86419677734375,nan,nan,nan,nan,nan,nan,nan,nan,nan
1753094878.461238,-52.468475341796875,86.78178405761719,221.92723083496094,3.2158310278236804,-73.15421054223218,117.09604020958264,nan,nan,nan,nan,nan,nan
1753094878.511435,-50.854034423828125,86.3482666015625,218.66334533691406,3.0068305698882596,-72.34924772139746,nan,nan,nan,nan,nan,nan,nan
1753094878.5605268,-48.396087646484375,84.57707214355469,215.22842407226562,-68.68481704843877,-83.9792350964017,162.76544963029045,nan,nan,nan,nan,nan,nan
1753094878.6165495,-42.24895095825195,85.5270767211914,209.429443359375,nan,nan,nan,nan,nan,nan,nan,nan,nan
1753094878.673746,-41.4868049621582,86.83216094970703,209.6571044921875,nan,nan,nan,nan,nan,nan,nan,nan,nan
1753094878.7257411,-38.70536804199219,87.53477478027344,205.61317443847656,nan,nan,nan,nan,nan,nan,nan,nan,nan
1753094878.7799253,nan,nan,nan,nan,nan,nan,nan,nan,nan,nan,nan,nan
1753094878.8329191,-37.535545349121094,87.18244934082031,205.716796875,nan,nan,nan,nan,nan,nan,nan,nan,nan
1753094878.8822026,-38.21928024291992,84.16696166992188,205.13095092773438,nan,nan,nan,nan,nan,nan,nan,nan,nan
1753094878.9362001,-38.649078369140625,82.65945434570312,205.31414794921875,nan,nan,nan,nan,nan,nan,nan,nan,nan
1753094878.9877164,-35.112937927246094,75.59097290039062,205.4596710205078,nan,nan,nan,nan,nan,nan,nan,nan,nan
1753094879.0407171,nan,nan,nan,nan,nan,nan,nan,nan,nan,nan,nan,nan
1753094879.0913677,nan,nan,nan,nan,nan,nan,nan,nan,nan,nan,nan,nan
1753094879.1463602,nan,nan,nan,nan,nan,nan,nan,nan,nan,nan,nan,nan
1753094879.2149243,nan,nan,nan,nan,nan,nan,nan,nan,nan,nan,nan,nan
1753094879.296042,nan,nan,nan,nan,nan,nan,nan,nan,nan,nan,nan,nan
1753094879.3610513,nan,nan,nan,nan,nan,nan,nan,nan,nan,nan,nan,nan
1753094879.4271839,nan,nan,nan,nan,nan,nan,nan,nan,nan,nan,nan,nan
1753094879.5112782,nan,nan,nan,nan,nan,nan,nan,nan,nan,nan,nan,nan
1753094879.5778043,nan,nan,nan,nan,nan,nan,-64.76941680908203,71.99191284179688,306.4278259277344,-61.17666405427615,-58.40770747420929,nan
1753094879.6598253,nan,nan,nan,nan,nan,nan,-161.9900665283203,176.4411163330078,732.970458984375,-57.089149924287504,-61.06770680315437,134.62720486966097
1753094879.7245312,-143.41001892089844,162.794189453125,660.4171752929688,-63.38162307066051,-65.42720917559959,135.4378049363468,nan,nan,nan,nan,nan,nan
1753094879.809587,nan,nan,nan,nan,nan,nan,-134.93499755859375,149.20130920410156,605.2741088867188,-60.38386498170967,-69.39399511161714,130.42956449298575
1753094879.8901706,nan,nan,nan,nan,nan,nan,-143.38099670410156,172.4099884033203,621.6642456054688,-64.54886329735487,-70.00894094611785,nan
1753094879.9601736,-141.48536682128906,175.3221893310547,669.3753662109375,-66.69087127018464,-57.53417933536653,nan,nan,nan,nan,nan,nan,nan
1753094880.0356889,-138.70367431640625,175.0071258544922,644.4634399414062,-68.59548793932669,-55.489830478679686,nan,nan,nan,nan,nan,nan,nan
1753094880.1038098,-136.735107421875,174.4225616455078,646.901611328125,-67.87931070779918,-55.66820768451603,nan,nan,nan,nan,nan,nan,nan
1753094880.1833854,-134.6541748046875,164.9544219970703,648.888916015625,-68.55306608442945,-55.35665907811808,nan,nan,nan,nan,nan,nan,nan
1753094880.268901,nan,nan,nan,nan,nan,nan,nan,nan,nan,nan,nan,nan
1753094880.3439002,nan,nan,nan,nan,nan,nan,nan,nan,nan,nan,nan,nan
1753094880.4134188,nan,nan,nan,nan,nan,nan,nan,nan,nan,nan,nan,nan
1753094880.4659336,nan,nan,nan,nan,nan,nan,nan,nan,nan,nan,nan,nan
1753094880.5169432,nan,nan,nan,nan,nan,nan,nan,nan,nan,nan,nan,nan
1753094880.5664732,nan,nan,nan,nan,nan,nan,nan,nan,nan,nan,nan,nan
1753094880.6194835,-115.29288482666016,130.9090118408203,612.46630859375,-73.81878346470468,-52.27492717553517,nan,nan,nan,nan,nan,nan,nan
1753094880.668777,nan,nan,nan,nan,nan,nan,nan,nan,nan,nan,nan,nan
1753094880.7197816,nan,nan,nan,nan,nan,nan,nan,nan,nan,nan,nan,nan
1753094880.7688746,-134.44969177246094,152.295166015625,699.9019165039062,-72.36063999793676,-52.813450545867084,nan,nan,nan,nan,nan,nan,nan
1753094880.8198748,-118.08834838867188,134.24855041503906,633.8051147460938,nan,nan,nan,nan,nan,nan,nan,nan,nan
1753094880.8736992,-120.59616088867188,129.4325714111328,634.1466674804688,nan,nan,nan,nan,nan,nan,nan,nan,nan
1753094880.9286942,-123.51952362060547,149.8274688720703,643.0029907226562,nan,nan,nan,nan,nan,nan,nan,nan,nan
1753094880.9802952,nan,nan,nan,nan,nan,nan,nan,nan,nan,nan,nan,nan
1753094881.0352929,nan,nan,nan,nan,nan,nan,nan,nan,nan,nan,nan,nan
1753094881.0695348,nan,nan,nan,nan,nan,nan,nan,nan,nan,nan,nan,nan
1753094881.106534,nan,nan,nan,nan,nan,nan,nan,nan,nan,nan,nan,nan
1753094881.141537,nan,nan,nan,nan,nan,nan,nan,nan,nan,nan,nan,nan
1753094881.1772008,nan,nan,nan,nan,nan,nan,nan,nan,nan,nan,nan,nan
1753094881.2142003,nan,nan,nan,nan,nan,nan,nan,nan,nan,nan,nan,nan
1753094881.2491996,nan,nan,nan,nan,nan,nan,nan,nan,nan,nan,nan,nan
1753094881.2827175,nan,nan,nan,nan,nan,nan,nan,nan,nan,nan,nan,nan
1753094881.3167217,nan,nan,nan,nan,nan,nan,nan,nan,nan,nan,nan,nan
1753094881.353739,nan,nan,nan,nan,nan,nan,nan,nan,nan,nan,nan,nan
1753094881.3904307,nan,nan,nan,nan,nan,nan,nan,nan,nan,nan,nan,nan
1753094881.423364,nan,nan,nan,nan,nan,nan,nan,nan,nan,nan,nan,nan
1753094881.4583583,nan,nan,nan,nan,nan,nan,nan,nan,nan,nan,nan,nan
1753094881.4951699,nan,nan,nan,nan,nan,nan,nan,nan,nan,nan,nan,nan
1753094881.544171,nan,nan,nan,nan,nan,nan,nan,nan,nan,nan,nan,nan
1753094881.5949812,nan,nan,nan,nan,nan,nan,nan,nan,nan,nan,nan,nan
1753094881.661988,nan,nan,nan,nan,nan,nan,nan,nan,nan,nan,nan,nan
1753094881.7285295,nan,nan,nan,nan,nan,nan,nan,nan,nan,nan,nan,nan
1753094881.7941227,nan,nan,nan,nan,nan,nan,nan,nan,nan,nan,nan,nan
1753094881.859278,nan,nan,nan,nan,nan,nan,nan,nan,nan,nan,nan,nan
1753094881.9249737,nan,nan,nan,nan,nan,nan,nan,nan,nan,nan,nan,nan
1753094881.9922307,nan,nan,nan,nan,nan,nan,nan,nan,nan,nan,nan,nan
1753094882.069772,nan,nan,nan,nan,nan,nan,nan,nan,nan,nan,nan,nan
1753094882.1617904,nan,nan,nan,nan,nan,nan,nan,nan,nan,nan,nan,nan
1753094882.240324,nan,nan,nan,nan,nan,nan,nan,nan,nan,nan,nan,nan
1753094882.2929244,-47.56045913696289,38.42167663574219,252.65374755859375,-61.412890825279945,-80.5282522535795,-137.19211730026387,nan,nan,nan,nan,nan,nan
1753094882.3439243,nan,nan,nan,nan,nan,nan,nan,nan,nan,nan,nan,nan
1753094882.3995187,-45.88739013671875,42.040653228759766,256.91680908203125,-61.411734095363265,-81.8507412738574,160.64435543358664,nan,nan,nan,nan,nan,nan
1753094882.4505148,-45.780147552490234,43.91822052001953,256.3163757324219,-61.89083492700063,-82.87531164643154,158.57183982512277,nan,nan,nan,nan,nan,nan
1753094882.502009,nan,nan,nan,nan,nan,nan,nan,nan,nan,nan,nan,nan
1753094882.5530114,nan,nan,nan,nan,nan,nan,nan,nan,nan,nan,nan,nan
1753094882.6045911,-46.32889938354492,49.41018295288086,256.6199035644531,-63.24597521239501,-84.05989584359236,161.17856183904073,nan,nan,nan,nan,nan,nan
1753094882.6585956,nan,nan,nan,nan,nan,nan,nan,nan,nan,nan,nan,nan
1753094882.7101052,nan,nan,nan,nan,nan,nan,nan,nan,nan,nan,nan,nan
1753094882.7621126,-46.684635162353516,53.27794647216797,258.5903625488281,-64.16635929163282,-82.08331400860168,157.9214060906787,nan,nan,nan,nan,nan,nan
1753094882.8128963,nan,nan,nan,nan,nan,nan,nan,nan,nan,nan,nan,nan
1753094882.862904,nan,nan,nan,nan,nan,nan,nan,nan,nan,nan,nan,nan
1753094882.9155009,nan,nan,nan,nan,nan,nan,nan,nan,nan,nan,nan,nan
1753094882.9674718,-48.20616149902344,54.43330764770508,264.1980285644531,-64.43927933608711,-83.07054080483996,155.2472617965645,nan,nan,nan,nan,nan,nan
1753094883.018037,nan,nan,nan,nan,nan,nan,nan,nan,nan,nan,nan,nan
1753094883.0680616,nan,nan,nan,nan,nan,nan,nan,nan,nan,nan,nan,nan
1753094883.1216083,-49.334686279296875,56.30226516723633,273.26922607421875,-66.0176841179179,-82.57936667717973,154.3478166062471,nan,nan,nan,nan,nan,nan
1753094883.2017343,-142.64349365234375,158.05667114257812,781.77001953125,-61.78863865401253,-80.26554678138399,151.1149450100106,nan,nan,nan,nan,nan,nan
1753094883.259735,-56.22671127319336,59.85024642944336,301.7806396484375,-68.51812372970939,-85.33225873217687,-106.86342167476879,nan,nan,nan,nan,nan,nan
1753094883.3112822,nan,nan,nan,nan,nan,nan,nan,nan,nan,nan,nan,nan
1753094883.36729,-58.99029541015625,59.75700759887695,323.3013916015625,-70.19907925354352,-88.47911539186498,nan,nan,nan,nan,nan,nan,nan
1753094883.424966,-59.863739013671875,60.014305114746094,338.8241882324219,-70.82084862892907,-90.9683912789764,163.41904187331278,nan,nan,nan,nan,nan,nan
1753094883.4743273,-61.1180305480957,59.251468658447266,349.7381286621094,-71.5705685406793,-92.0781537235478,165.29045755308096,nan,nan,nan,nan,nan,nan
1753094883.5263278,-61.2327766418457,57.90200424194336,362.383544921875,-71.59914279597612,-91.92847867148888,164.14867866426206,nan,nan,nan,nan,nan,nan
1753094883.5780017,-62.5819206237793,56.90707015991211,379.01324462890625,-71.69313654941291,-91.07683182785026,nan,nan,nan,nan,nan,nan,nan
1753094883.6439986,-66.71735382080078,59.55443572998047,423.8458557128906,-72.57525324234828,-91.61144121919499,165.90488937219075,nan,nan,nan,nan,nan,nan
1753094883.6979327,-64.19596862792969,57.85686111450195,423.3778076171875,-73.44285593402215,-91.3499901288968,167.54858240396575,nan,nan,nan,nan,nan,nan
1753094883.7479284,-66.738525390625,59.976463317871094,451.6261901855469,-73.59065700429099,-90.05474839874879,164.58164618357839,nan,nan,nan,nan,nan,nan
1753094883.808455,nan,nan,nan,nan,nan,nan,nan,nan,nan,nan,nan,nan
1753094883.868463,-65.48519134521484,60.357505798339844,461.1879577636719,-74.83409619218318,-92.7772254268842,nan,nan,nan,nan,nan,nan,nan
1753094883.928981,-67.59251403808594,64.13455963134766,476.029052734375,-76.19049851804712,-95.24793158008667,170.26588783960028,nan,nan,nan,nan,nan,nan
1753094883.9834316,-67.08937072753906,67.3022232055664,478.9864501953125,-75.94393290825113,-93.95772639574243,nan,nan,nan,nan,nan,nan,nan
1753094884.0384302,-66.54368591308594,67.68608856201172,481.7184143066406,-76.8753637488849,-94.08798562543342,167.0970538501328,nan,nan,nan,nan,nan,nan
1753094884.0884666,-69.63848114013672,69.85350799560547,483.87091064453125,nan,nan,nan,nan,nan,nan,nan,nan,nan
1753094884.1394956,nan,nan,nan,nan,nan,nan,nan,nan,nan,nan,nan,nan
1753094884.1899574,nan,nan,nan,nan,nan,nan,nan,nan,nan,nan,nan,nan
1753094884.244959,-74.22312927246094,60.11109161376953,495.8093566894531,nan,nan,nan,nan,nan,nan,nan,nan,nan
1753094884.300551,-71.07588958740234,56.26594924926758,487.3328857421875,nan,nan,nan,nan,nan,nan,nan,nan,nan
1753094884.352544,-77.43594360351562,56.73194885253906,517.2708740234375,nan,nan,nan,nan,nan,nan,nan,nan,nan
1753094884.4060624,nan,nan,nan,nan,nan,nan,nan,nan,nan,nan,nan,nan
1753094884.4560618,nan,nan,nan,nan,nan,nan,nan,nan,nan,nan,nan,nan
1753094884.509629,nan,nan,nan,nan,nan,nan,nan,nan,nan,nan,nan,nan
1753094884.5606282,nan,nan,nan,nan,nan,nan,nan,nan,nan,nan,nan,nan
1753094884.6128285,nan,nan,nan,nan,nan,nan,nan,nan,nan,nan,nan,nan
1753094884.663991,nan,nan,nan,nan,nan,nan,nan,nan,nan,nan,nan,nan
1753094884.715725,nan,nan,nan,nan,nan,nan,nan,nan,nan,nan,nan,nan
1753094884.765733,nan,nan,nan,nan,nan,nan,nan,nan,nan,nan,nan,nan
1753094884.819312,nan,nan,nan,nan,nan,nan,nan,nan,nan,nan,nan,nan
1753094884.8723428,nan,nan,nan,nan,nan,nan,nan,nan,nan,nan,nan,nan
1753094884.923858,nan,nan,nan,nan,nan,nan,nan,nan,nan,nan,nan,nan
1753094884.9738858,nan,nan,nan,nan,nan,nan,nan,nan,nan,nan,nan,nan
1753094885.027297,nan,nan,nan,nan,nan,nan,nan,nan,nan,nan,nan,nan
1753094885.079812,-74.99771118164062,46.48789596557617,514.2229614257812,-78.57510537487404,-87.4041706427098,nan,nan,nan,nan,nan,nan,nan
1753094885.1308117,-73.2729263305664,49.3098030090332,523.1340942382812,nan,nan,nan,nan,nan,nan,nan,nan,nan
1753094885.1830668,-73.53575134277344,52.80717468261719,517.8850708007812,-63.648372149093866,-70.27293631477461,nan,nan,nan,nan,nan,nan,nan
1753094885.238065,-74.37255859375,56.67644500732422,516.7648315429688,nan,nan,nan,nan,nan,nan,nan,nan,nan
1753094885.2935877,-76.99402618408203,61.160160064697266,521.0261840820312,nan,nan,nan,nan,nan,nan,nan,nan,nan
1753094885.3545856,-82.16065979003906,63.28093719482422,521.9549560546875,nan,nan,nan,nan,nan,nan,nan,nan,nan
1753094885.414126,-83.85010528564453,64.8152084350586,526.2450561523438,nan,nan,nan,nan,nan,nan,nan,nan,nan
1753094885.4671302,-83.8620834350586,63.8101692199707,526.3201904296875,nan,nan,nan,nan,nan,nan,nan,nan,nan
1753094885.5166454,-82.8075942993164,63.77921676635742,526.0648193359375,-63.15096617730673,-58.09903420509818,120.77858790893865,nan,nan,nan,nan,nan,nan
1753094885.568656,-84.82609558105469,63.51773452758789,532.370361328125,-64.47440302257486,-56.892360253236035,nan,nan,nan,nan,nan,nan,nan
1753094885.6211593,-87.73628997802734,60.05636978149414,557.3760986328125,-66.69240983374904,-53.541450751398564,118.95053437502837,nan,nan,nan,nan,nan,nan
1753094885.6701698,-83.08387756347656,54.17414474487305,521.4361572265625,-71.42558786547092,-47.179036280942604,nan,nan,nan,nan,nan,nan,nan
1753094885.7236834,-92.73612213134766,54.53187561035156,524.87939453125,-71.07097362341568,-25.279868822085703,nan,nan,nan,nan,nan,nan,nan
1753094885.7882016,nan,nan,nan,nan,nan,nan,nan,nan,nan,nan,nan,nan
1753094885.8562021,nan,nan,nan,nan,nan,nan,nan,nan,nan,nan,nan,nan
1753094885.9214978,-1419.1328125,653.6284790039062,7387.5498046875,40.05858909491174,-23.978261793827492,-88.91859221277188,nan,nan,nan,nan,nan,nan
1753094885.9895644,-100.7964859008789,49.45873260498047,524.714111328125,nan,nan,nan,nan,nan,nan,nan,nan,nan
1753094886.0405684,-1962.4443359375,1031.33349609375,10114.3876953125,nan,nan,nan,nan,nan,nan,nan,nan,nan
1753094886.096825,-95.49229431152344,55.3819465637207,523.353759765625,nan,nan,nan,nan,nan,nan,nan,nan,nan
1753094886.1508193,-88.4727783203125,54.782508850097656,517.6891479492188,nan,nan,nan,nan,nan,nan,nan,nan,nan
1753094886.2019298,-82.1376953125,51.57033157348633,515.4979248046875,-77.75974214786754,-83.22498464748114,6.658347398814096,nan,nan,nan,nan,nan,nan
1753094886.2549322,-78.58509063720703,55.142486572265625,511.77093505859375,-77.02544940417106,-92.86716321238589,5.316773907776482,nan,nan,nan,nan,nan,nan
1753094886.3084502,-77.87649536132812,56.329566955566406,513.60205078125,-76.55115820368769,-96.3624626234792,9.773328945526151,nan,nan,nan,nan,nan,nan
1753094886.3604596,-77.08086395263672,56.47180938720703,514.8989868164062,-76.02474412725338,-103.75003554642166,3.5349985073473875,nan,nan,nan,nan,nan,nan
1753094886.4149845,-76.24958038330078,57.58567810058594,515.9884643554688,-75.22557376795943,-109.60648360896376,nan,nan,nan,nan,nan,nan,nan
1753094886.463987,-76.52137756347656,56.79301834106445,517.8276977539062,-74.93223175401332,-113.34493771181985,1.406963853832584,nan,nan,nan,nan,nan,nan
1753094886.515185,-77.89352416992188,56.06444549560547,520.3275146484375,-74.22591409584592,-116.44508346418051,12.776285362800968,nan,nan,nan,nan,nan,nan
1753094886.5661924,-77.1479263305664,52.227561950683594,522.067626953125,-74.12403112504504,-115.32250619737748,12.891330957089178,nan,nan,nan,nan,nan,nan
1753094886.6194348,-80.10717010498047,59.454341888427734,542.0931396484375,-74.12829468789558,-113.84861838267712,9.199094774546394,nan,nan,nan,nan,nan,nan
1753094886.6684434,-79.43795776367188,58.95766067504883,537.5645141601562,nan,nan,nan,nan,nan,nan,nan,nan,nan
1753094886.73098,-70.21354675292969,58.18144607543945,530.4871215820312,-75.92784669578987,-110.67706103917479,-13.27843427695056,nan,nan,nan,nan,nan,nan
1753094886.7865148,-62.1435546875,52.300819396972656,522.7999267578125,-76.42184052196637,-110.54339463077454,nan,nan,nan,nan,nan,nan,nan
1753094886.8465471,-56.10685729980469,52.30859375,522.8776245117188,-76.38042762150408,-103.73716596046107,nan,nan,nan,nan,nan,nan,nan
1753094886.8990712,-52.6241340637207,54.852333068847656,518.3489990234375,-77.21370261465505,-100.13270011894944,nan,nan,nan,nan,nan,nan,nan
1753094886.9520624,nan,nan,nan,nan,nan,nan,nan,nan,nan,nan,nan,nan
1753094887.0025902,-60.169925689697266,67.71257019042969,541.2996215820312,nan,nan,nan,nan,nan,nan,nan,nan,nan
1753094887.055589,-62.50429153442383,69.8314437866211,525.834716796875,-78.64975426187559,-80.67745303319163,169.21199545140567,nan,nan,nan,nan,nan,nan
1753094887.109699,-62.20886993408203,70.50995635986328,523.3494262695312,nan,nan,nan,nan,nan,nan,nan,nan,nan
1753094887.1646914,-65.93473052978516,72.18942260742188,520.9129028320312,-60.42014437357507,-64.06750069695927,117.22196118108532,nan,nan,nan,nan,nan,nan
1753094887.2139337,-71.24662780761719,76.7528076171875,546.2457885742188,-62.24101252996593,-59.492649056657505,nan,nan,nan,nan,nan,nan,nan
1753094887.2669408,-66.54528045654297,66.77539825439453,517.8521118164062,-69.24226352298024,-55.8606727264902,nan,nan,nan,nan,nan,nan,nan
1753094887.3204613,nan,nan,nan,nan,nan,nan,-74.45612335205078,62.23099136352539,538.99755859375,-81.7105648802875,-24.529748244651675,nan
1753094887.371471,-76.06785583496094,57.96836853027344,528.5443115234375,-79.14163822017096,10.76185572675541,nan,nan,nan,nan,nan,nan,nan
1753094887.4249911,-72.13624572753906,62.022552490234375,537.1921997070312,-75.05529216272078,15.531995821304841,nan,nan,nan,nan,nan,nan,nan
1753094887.492188,-105.2734375,75.64875793457031,553.5731811523438,-64.38791450894601,4.218784531996733,nan,nan,nan,nan,nan,nan,nan
1753094887.563201,nan,nan,nan,nan,nan,nan,nan,nan,nan,nan,nan,nan
1753094887.6442885,nan,nan,nan,nan,nan,nan,nan,nan,nan,nan,nan,nan
1753094887.6984413,-90.42532348632812,47.30075454711914,523.2142944335938,-80.12179584154781,-50.02495525184874,53.95779607796242,nan,nan,nan,nan,nan,nan
1753094887.7524326,-87.07186126708984,48.12745666503906,521.2474365234375,-78.90846627348131,-64.81508551704472,53.71870198753935,nan,nan,nan,nan,nan,nan
1753094887.8009527,-81.96112060546875,49.07917022705078,520.6873168945312,nan,nan,nan,nan,nan,nan,nan,nan,nan
1753094887.8499532,-76.28666687011719,50.31089401245117,523.0607299804688,nan,nan,nan,nan,nan,nan,nan,nan,nan
1753094887.9024694,-73.90062713623047,50.06024169921875,520.4547729492188,-77.56233762975191,-93.34384435962308,2.6406562670939544,nan,nan,nan,nan,nan,nan
1753094887.9564795,-73.78599548339844,51.68549728393555,526.7971801757812,nan,nan,nan,nan,nan,nan,nan,nan,nan
1753094888.008004,-86.38997650146484,54.999454498291016,529.3799438476562,-78.16254027720635,-84.99134051763774,16.316410072187544,nan,nan,nan,nan,nan,nan
1753094888.057,nan,nan,nan,nan,nan,nan,nan,nan,nan,nan,nan,nan
1753094888.1055195,nan,nan,nan,nan,nan,nan,nan,nan,nan,nan,nan,nan
1753094888.1575189,-97.77323150634766,71.64279174804688,547.4180908203125,-80.94116221094362,28.334680049657326,nan,nan,nan,nan,nan,nan,nan
1753094888.2200758,-99.08628845214844,80.08872985839844,554.7697143554688,nan,nan,nan,nan,nan,nan,nan,nan,nan
1753094888.2875996,-96.10084533691406,90.98999786376953,556.0537109375,nan,nan,nan,nan,nan,nan,nan,nan,nan
1753094888.3556006,-70.9883041381836,78.572265625,544.2652587890625,-73.52563030967605,16.366024103011895,75.52360583275423,nan,nan,nan,nan,nan,nan
1753094888.421124,-74.70994567871094,94.83396911621094,572.7989501953125,-64.86047128979479,-47.7850801377237,nan,nan,nan,nan,nan,nan,nan
1753094888.4761264,-76.5625991821289,94.39620208740234,570.15478515625,-60.79071477814206,-52.801711819041266,109.31945107563328,nan,nan,nan,nan,nan,nan
1753094888.5296516,-74.59464263916016,88.96451568603516,563.5878295898438,-58.392626011971046,-58.281979040159555,nan,nan,nan,nan,nan,nan,nan
1753094888.5781696,-68.9194564819336,84.66142272949219,536.3278198242188,-60.270051160884314,-57.73922900635254,nan,nan,nan,nan,nan,nan,nan
1753094888.6281695,-112.88719940185547,137.92103576660156,852.9010620117188,-13.415102400444086,-54.93514152176684,nan,nan,nan,nan,nan,nan,nan
1753094888.6793518,-70.7280502319336,88.2176513671875,526.7054443359375,-63.270422309383974,-53.155318693501364,nan,nan,nan,nan,nan,nan,nan
1753094888.7283497,-71.32525634765625,91.00973510742188,531.1527709960938,nan,nan,nan,nan,nan,nan,nan,nan,nan
1753094888.7778604,-70.58356475830078,95.7795181274414,518.1928100585938,-62.40188537428882,-56.01764058134851,nan,nan,nan,nan,nan,nan,nan
1753094888.8298693,-69.08983612060547,97.08108520507812,514.505859375,-62.94156243923599,-59.44504042928306,nan,nan,nan,nan,nan,nan,nan
1753094888.87839,-67.79146575927734,99.60478973388672,512.1874389648438,-58.19891702462796,-71.40051909634155,nan,nan,nan,nan,nan,nan,nan
1753094888.9273882,-67.66819763183594,98.43842315673828,511.2561340332031,-61.88579456712889,-76.35440661596098,nan,nan,nan,nan,nan,nan,nan
1753094888.9789286,-69.27367401123047,90.0816650390625,508.576171875,nan,nan,nan,nan,nan,nan,nan,nan,nan
1753094889.032924,-69.03485870361328,86.84095764160156,506.8228759765625,nan,nan,nan,nan,nan,nan,nan,nan,nan
1753094889.0824375,-70.10308837890625,81.08653259277344,507.48541259765625,nan,nan,nan,nan,nan,nan,nan,nan,nan
1753094889.132439,-70.99358367919922,78.05634307861328,506.8606872558594,nan,nan,nan,nan,nan,nan,nan,nan,nan
1753094889.1819582,-70.24901580810547,72.43505859375,508.5417785644531,nan,nan,nan,nan,nan,nan,nan,nan,nan
1753094889.2309537,-67.304443359375,71.45026397705078,508.5078430175781,nan,nan,nan,nan,nan,nan,nan,nan,nan
1753094889.2854724,nan,nan,nan,nan,nan,nan,nan,nan,nan,nan,nan,nan
1753094889.3354726,-64.60623931884766,69.75127410888672,510.41729736328125,-80.23413646401734,-82.03602760963909,170.7110154867242,nan,nan,nan,nan,nan,nan
1753094889.3846753,-62.52360916137695,70.60466003417969,509.47735595703125,nan,nan,nan,nan,nan,nan,nan,nan,nan
1753094889.4356763,-63.25809097290039,71.30767059326172,507.4930114746094,-79.2468729306413,-79.75754974081968,165.8675695675705,nan,nan,nan,nan,nan,nan
1753094889.4922075,-57.25154113769531,71.13556671142578,506.2681884765625,nan,nan,nan,nan,nan,nan,nan,nan,nan
1753094889.548211,-56.41954040527344,70.3390121459961,507.56048583984375,nan,nan,nan,nan,nan,nan,nan,nan,nan
1753094889.597726,-56.23143768310547,70.10450744628906,505.8682861328125,nan,nan,nan,nan,nan,nan,nan,nan,nan
1753094889.6457274,-57.43812561035156,72.34622955322266,507.91815185546875,-65.18711433156427,-68.75937538807912,nan,nan,nan,nan,nan,nan,nan
1753094889.6958075,-55.59235382080078,75.43452453613281,508.9424133300781,nan,nan,nan,nan,nan,nan,nan,nan,nan
1753094889.7448087,-59.059627532958984,81.18132019042969,540.6849365234375,nan,nan,nan,nan,nan,nan,nan,nan,nan
1753094889.7928686,-60.43165588378906,78.58745574951172,516.7763671875,nan,nan,nan,nan,nan,nan,nan,nan,nan
1753094889.8438663,-58.75762939453125,77.01215362548828,519.5863647460938,-61.38360099908755,-74.88223031501715,nan,nan,nan,nan,nan,nan,nan
1753094889.898975,-65.09590148925781,76.94833374023438,547.6373291015625,nan,nan,nan,nan,nan,nan,nan,nan,nan
1753094889.9489605,nan,nan,nan,nan,nan,nan,nan,nan,nan,nan,nan,nan
1753094889.998484,nan,nan,nan,nan,nan,nan,nan,nan,nan,nan,nan,nan
1753094890.0324764,nan,nan,nan,nan,nan,nan,nan,nan,nan,nan,nan,nan
1753094890.066484,nan,nan,nan,nan,nan,nan,nan,nan,nan,nan,nan,nan
1753094890.1009986,nan,nan,nan,nan,nan,nan,nan,nan,nan,nan,nan,nan
1753094890.1330037,nan,nan,nan,nan,nan,nan,nan,nan,nan,nan,nan,nan
1753094890.1680002,nan,nan,nan,nan,nan,nan,nan,nan,nan,nan,nan,nan
1753094890.203066,nan,nan,nan,nan,nan,nan,nan,nan,nan,nan,nan,nan
1753094890.2390578,nan,nan,nan,nan,nan,nan,nan,nan,nan,nan,nan,nan
1753094890.2740653,nan,nan,nan,nan,nan,nan,nan,nan,nan,nan,nan,nan
1753094890.3095803,nan,nan,nan,nan,nan,nan,nan,nan,nan,nan,nan,nan
1753094890.3445752,nan,nan,nan,nan,nan,nan,nan,nan,nan,nan,nan,nan
1753094890.376616,nan,nan,nan,nan,nan,nan,nan,nan,nan,nan,nan,nan
1753094890.4121392,nan,nan,nan,nan,nan,nan,nan,nan,nan,nan,nan,nan
1753094890.4451387,nan,nan,nan,nan,nan,nan,nan,nan,nan,nan,nan,nan
1753094890.4803078,nan,nan,nan,nan,nan,nan,nan,nan,nan,nan,nan,nan
1753094890.513311,nan,nan,nan,nan,nan,nan,nan,nan,nan,nan,nan,nan
1753094890.5493102,nan,nan,nan,nan,nan,nan,nan,nan,nan,nan,nan,nan
1753094890.5838318,nan,nan,nan,nan,nan,nan,nan,nan,nan,nan,nan,nan
1753094890.6198287,nan,nan,nan,nan,nan,nan,nan,nan,nan,nan,nan,nan
1753094890.6548297,nan,nan,nan,nan,nan,nan,nan,nan,nan,nan,nan,nan
1753094890.6863604,nan,nan,nan,nan,nan,nan,nan,nan,nan,nan,nan,nan
1753094890.7183588,nan,nan,nan,nan,nan,nan,nan,nan,nan,nan,nan,nan
1753094890.7533593,nan,nan,nan,nan,nan,nan,nan,nan,nan,nan,nan,nan
1753094890.7889032,nan,nan,nan,nan,nan,nan,nan,nan,nan,nan,nan,nan
1753094890.824881,nan,nan,nan,nan,nan,nan,nan,nan,nan,nan,nan,nan
1753094890.8578808,nan,nan,nan,nan,nan,nan,nan,nan,nan,nan,nan,nan
1753094890.8923974,nan,nan,nan,nan,nan,nan,nan,nan,nan,nan,nan,nan
1753094890.9284,nan,nan,nan,nan,nan,nan,nan,nan,nan,nan,nan,nan
1753094890.9654067,nan,nan,nan,nan,nan,nan,nan,nan,nan,nan,nan,nan
1753094891.0005574,nan,nan,nan,nan,nan,nan,nan,nan,nan,nan,nan,nan
1753094891.036558,nan,nan,nan,nan,nan,nan,nan,nan,nan,nan,nan,nan
1753094891.0725663,nan,nan,nan,nan,nan,nan,nan,nan,nan,nan,nan,nan
1753094891.1088061,nan,nan,nan,nan,nan,nan,nan,nan,nan,nan,nan,nan
1753094891.1458051,nan,nan,nan,nan,nan,nan,nan,nan,nan,nan,nan,nan
1753094891.1778135,nan,nan,nan,nan,nan,nan,nan,nan,nan,nan,nan,nan
1753094891.2120395,nan,nan,nan,nan,nan,nan,nan,nan,nan,nan,nan,nan
1753094891.2470438,nan,nan,nan,nan,nan,nan,nan,nan,nan,nan,nan,nan
1753094891.281331,nan,nan,nan,nan,nan,nan,nan,nan,nan,nan,nan,nan
1753094891.316389,nan,nan,nan,nan,nan,nan,nan,nan,nan,nan,nan,nan
1753094891.3503902,nan,nan,nan,nan,nan,nan,nan,nan,nan,nan,nan,nan
1753094891.3829014,nan,nan,nan,nan,nan,nan,nan,nan,nan,nan,nan,nan
1753094891.4169018,nan,nan,nan,nan,nan,nan,nan,nan,nan,nan,nan,nan
1753094891.4519057,nan,nan,nan,nan,nan,nan,nan,nan,nan,nan,nan,nan
1753094891.4883938,nan,nan,nan,nan,nan,nan,nan,nan,nan,nan,nan,nan
1753094891.5213947,nan,nan,nan,nan,nan,nan,nan,nan,nan,nan,nan,nan
1753094891.5564015,nan,nan,nan,nan,nan,nan,nan,nan,nan,nan,nan,nan
1753094891.590917,nan,nan,nan,nan,nan,nan,nan,nan,nan,nan,nan,nan
1753094891.6259117,nan,nan,nan,nan,nan,nan,nan,nan,nan,nan,nan,nan
1753094891.6629117,nan,nan,nan,nan,nan,nan,nan,nan,nan,nan,nan,nan
1753094891.6980832,nan,nan,nan,nan,nan,nan,nan,nan,nan,nan,nan,nan
1753094891.7330837,nan,nan,nan,nan,nan,nan,nan,nan,nan,nan,nan,nan
1753094891.7681115,nan,nan,nan,nan,nan,nan,nan,nan,nan,nan,nan,nan
1753094891.8026252,nan,nan,nan,nan,nan,nan,nan,nan,nan,nan,nan,nan
1753094891.8356223,nan,nan,nan,nan,nan,nan,nan,nan,nan,nan,nan,nan
1753094891.8706522,nan,nan,nan,nan,nan,nan,nan,nan,nan,nan,nan,nan
1753094891.906205,nan,nan,nan,nan,nan,nan,nan,nan,nan,nan,nan,nan
1753094891.9432096,nan,nan,nan,nan,nan,nan,nan,nan,nan,nan,nan,nan
1753094891.9793665,nan,nan,nan,nan,nan,nan,nan,nan,nan,nan,nan,nan
1753094892.013887,nan,nan,nan,nan,nan,nan,nan,nan,nan,nan,nan,nan
1753094892.0468836,nan,nan,nan,nan,nan,nan,nan,nan,nan,nan,nan,nan
1753094892.084571,nan,nan,nan,nan,nan,nan,nan,nan,nan,nan,nan,nan
1753094892.116578,nan,nan,nan,nan,nan,nan,nan,nan,nan,nan,nan,nan
1753094892.15157,nan,nan,nan,nan,nan,nan,nan,nan,nan,nan,nan,nan
1753094892.1840966,nan,nan,nan,nan,nan,nan,nan,nan,nan,nan,nan,nan
1753094892.2180967,nan,nan,nan,nan,nan,nan,nan,nan,nan,nan,nan,nan
1753094892.2551012,nan,nan,nan,nan,nan,nan,nan,nan,nan,nan,nan,nan
1753094892.2906606,nan,nan,nan,nan,nan,nan,nan,nan,nan,nan,nan,nan
1753094892.3276587,nan,nan,nan,nan,nan,nan,nan,nan,nan,nan,nan,nan
1753094892.3606622,nan,nan,nan,nan,nan,nan,nan,nan,nan,nan,nan,nan
1753094892.3951795,nan,nan,nan,nan,nan,nan,nan,nan,nan,nan,nan,nan
1753094892.4311786,nan,nan,nan,nan,nan,nan,nan,nan,nan,nan,nan,nan
1753094892.467211,nan,nan,nan,nan,nan,nan,nan,nan,nan,nan,nan,nan
1753094892.5027509,nan,nan,nan,nan,nan,nan,nan,nan,nan,nan,nan,nan
1753094892.5357544,nan,nan,nan,nan,nan,nan,nan,nan,nan,nan,nan,nan
1753094892.5737545,nan,nan,nan,nan,nan,nan,nan,nan,nan,nan,nan,nan
1753094892.605956,nan,nan,nan,nan,nan,nan,nan,nan,nan,nan,nan,nan
1753094892.6409628,nan,nan,nan,nan,nan,nan,nan,nan,nan,nan,nan,nan
1753094892.6789892,nan,nan,nan,nan,nan,nan,nan,nan,nan,nan,nan,nan
1753094892.7155054,nan,nan,nan,nan,nan,nan,nan,nan,nan,nan,nan,nan
1753094892.750526,nan,nan,nan,nan,nan,nan,nan,nan,nan,nan,nan,nan
1753094892.785394,nan,nan,nan,nan,nan,nan,nan,nan,nan,nan,nan,nan
1753094892.8183925,nan,nan,nan,nan,nan,nan,nan,nan,nan,nan,nan,nan
1753094892.8523927,nan,nan,nan,nan,nan,nan,nan,nan,nan,nan,nan,nan
1753094892.8859346,nan,nan,nan,nan,nan,nan,nan,nan,nan,nan,nan,nan
1753094892.9189367,nan,nan,nan,nan,nan,nan,nan,nan,nan,nan,nan,nan
1753094892.9549403,nan,nan,nan,nan,nan,nan,nan,nan,nan,nan,nan,nan
1753094892.990048,nan,nan,nan,nan,nan,nan,nan,nan,nan,nan,nan,nan
1753094893.0250463,nan,nan,nan,nan,nan,nan,nan,nan,nan,nan,nan,nan
1753094893.057046,nan,nan,nan,nan,nan,nan,nan,nan,nan,nan,nan,nan
1753094893.0901608,nan,nan,nan,nan,nan,nan,nan,nan,nan,nan,nan,nan
1753094893.1281688,nan,nan,nan,nan,nan,nan,nan,nan,nan,nan,nan,nan
1753094893.1621635,nan,nan,nan,nan,nan,nan,nan,nan,nan,nan,nan,nan
1753094893.1987317,nan,nan,nan,nan,nan,nan,nan,nan,nan,nan,nan,nan
1753094893.231734,nan,nan,nan,nan,nan,nan,nan,nan,nan,nan,nan,nan
1753094893.2667687,nan,nan,nan,nan,nan,nan,nan,nan,nan,nan,nan,nan
1753094893.3023467,nan,nan,nan,nan,nan,nan,nan,nan,nan,nan,nan,nan
1753094893.3383482,nan,nan,nan,nan,nan,nan,nan,nan,nan,nan,nan,nan
1753094893.3925486,nan,nan,nan,nan,nan,nan,nan,nan,nan,nan,nan,nan
1753094893.4435477,nan,nan,nan,nan,nan,nan,nan,nan,nan,nan,nan,nan
1753094893.4966009,nan,nan,nan,nan,nan,nan,nan,nan,nan,nan,nan,nan
1753094893.548604,nan,nan,nan,nan,nan,nan,nan,nan,nan,nan,nan,nan
1753094893.60112,nan,nan,nan,nan,nan,nan,nan,nan,nan,nan,nan,nan
1753094893.6531193,nan,nan,nan,nan,nan,nan,nan,nan,nan,nan,nan,nan
1753094893.6896424,nan,nan,nan,nan,nan,nan,nan,nan,nan,nan,nan,nan
1753094893.725644,nan,nan,nan,nan,nan,nan,nan,nan,nan,nan,nan,nan
1753094893.7646415,nan,nan,nan,nan,nan,nan,nan,nan,nan,nan,nan,nan
1753094893.8000743,nan,nan,nan,nan,nan,nan,nan,nan,nan,nan,nan,nan
1753094893.8360775,nan,nan,nan,nan,nan,nan,nan,nan,nan,nan,nan,nan
1753094893.871099,nan,nan,nan,nan,nan,nan,nan,nan,nan,nan,nan,nan
1753094893.9046166,nan,nan,nan,nan,nan,nan,nan,nan,nan,nan,nan,nan
1753094893.9386094,nan,nan,nan,nan,nan,nan,nan,nan,nan,nan,nan,nan
1753094893.977725,nan,nan,nan,nan,nan,nan,nan,nan,nan,nan,nan,nan
1753094894.0284524,nan,nan,nan,nan,nan,nan,nan,nan,nan,nan,nan,nan
1753094894.0939572,nan,nan,nan,nan,nan,nan,nan,nan,nan,nan,nan,nan
1753094894.1639569,nan,nan,nan,nan,nan,nan,nan,nan,nan,nan,nan,nan
1753094894.1983418,nan,nan,nan,nan,nan,nan,nan,nan,nan,nan,nan,nan
1753094894.2333472,nan,nan,nan,nan,nan,nan,nan,nan,nan,nan,nan,nan
1753094894.2849162,nan,nan,nan,nan,nan,nan,nan,nan,nan,nan,nan,nan
1753094894.3219252,nan,nan,nan,nan,nan,nan,nan,nan,nan,nan,nan,nan
1753094894.37393,nan,nan,nan,nan,nan,nan,nan,nan,nan,nan,nan,nan
1753094894.426422,nan,nan,nan,nan,nan,nan,nan,nan,nan,nan,nan,nan
1753094894.4766688,nan,nan,nan,nan,nan,nan,nan,nan,nan,nan,nan,nan
1753094894.5262437,nan,nan,nan,nan,nan,nan,nan,nan,nan,nan,nan,nan
1753094894.5752456,nan,nan,nan,nan,nan,nan,nan,nan,nan,nan,nan,nan
1753094894.6355546,nan,nan,nan,nan,nan,nan,nan,nan,nan,nan,nan,nan
1753094894.6795633,nan,nan,nan,nan,nan,nan,nan,nan,nan,nan,nan,nan
1753094894.7165892,nan,nan,nan,nan,nan,nan,nan,nan,nan,nan,nan,nan
1753094894.7555912,nan,nan,nan,nan,nan,nan,nan,nan,nan,nan,nan,nan
1753094894.794124,nan,nan,nan,nan,nan,nan,nan,nan,nan,nan,nan,nan
1753094894.8331192,nan,nan,nan,nan,nan,nan,nan,nan,nan,nan,nan,nan
1753094894.8671231,nan,nan,nan,nan,nan,nan,nan,nan,nan,nan,nan,nan
1753094894.9026883,nan,nan,nan,nan,nan,nan,nan,nan,nan,nan,nan,nan
1753094894.93769,nan,nan,nan,nan,nan,nan,nan,nan,nan,nan,nan,nan
1753094894.987205,nan,nan,nan,nan,nan,nan,nan,nan,nan,nan,nan,nan
1753094895.019204,nan,nan,nan,nan,nan,nan,nan,nan,nan,nan,nan,nan
1753094895.05221,nan,nan,nan,nan,nan,nan,nan,nan,nan,nan,nan,nan
1753094895.0847774,nan,nan,nan,nan,nan,nan,nan,nan,nan,nan,nan,nan
1753094895.1207774,nan,nan,nan,nan,nan,nan,nan,nan,nan,nan,nan,nan
1753094895.1547835,nan,nan,nan,nan,nan,nan,nan,nan,nan,nan,nan,nan
1753094895.1883724,nan,nan,nan,nan,nan,nan,nan,nan,nan,nan,nan,nan
1753094895.223374,nan,nan,nan,nan,nan,nan,nan,nan,nan,nan,nan,nan
1753094895.2593708,nan,nan,nan,nan,nan,nan,nan,nan,nan,nan,nan,nan
1753094895.291946,nan,nan,nan,nan,nan,nan,nan,nan,nan,nan,nan,nan
1753094895.3269422,nan,nan,nan,nan,nan,nan,nan,nan,nan,nan,nan,nan
1753094895.360944,nan,nan,nan,nan,nan,nan,nan,nan,nan,nan,nan,nan
1753094895.3941982,nan,nan,nan,nan,nan,nan,nan,nan,nan,nan,nan,nan
1753094895.429198,nan,nan,nan,nan,nan,nan,nan,nan,nan,nan,nan,nan
1753094895.4802146,nan,nan,nan,nan,nan,nan,nan,nan,nan,nan,nan,nan
1753094895.5167565,nan,nan,nan,nan,nan,nan,nan,nan,nan,nan,nan,nan
1753094895.5647476,nan,nan,nan,nan,nan,nan,nan,nan,nan,nan,nan,nan
1753094895.6153133,nan,nan,nan,nan,nan,nan,nan,nan,nan,nan,nan,nan
1753094895.6693194,nan,nan,nan,nan,nan,nan,nan,nan,nan,nan,nan,nan
1753094895.7046025,nan,nan,nan,nan,nan,nan,nan,nan,nan,nan,nan,nan
1753094895.7395914,nan,nan,nan,nan,nan,nan,nan,nan,nan,nan,nan,nan
1753094895.7735991,nan,nan,nan,nan,nan,nan,nan,nan,nan,nan,nan,nan
1753094895.8061097,nan,nan,nan,nan,nan,nan,nan,nan,nan,nan,nan,nan
1753094895.8441086,nan,nan,nan,nan,nan,nan,nan,nan,nan,nan,nan,nan
1753094895.8791478,nan,nan,nan,nan,nan,nan,nan,nan,nan,nan,nan,nan
1753094895.9166543,nan,nan,nan,nan,nan,nan,nan,nan,nan,nan,nan,nan
1753094895.9506571,nan,nan,nan,nan,nan,nan,nan,nan,nan,nan,nan,nan
1753094895.9871516,nan,nan,nan,nan,nan,nan,nan,nan,nan,nan,nan,nan
1753094896.0221522,nan,nan,nan,nan,nan,nan,nan,nan,nan,nan,nan,nan
1753094896.0591543,nan,nan,nan,nan,nan,nan,nan,nan,nan,nan,nan,nan
1753094896.0908015,nan,nan,nan,nan,nan,nan,nan,nan,nan,nan,nan,nan
1753094896.1268003,nan,nan,nan,nan,nan,nan,nan,nan,nan,nan,nan,nan
1753094896.179972,nan,nan,nan,nan,nan,nan,nan,nan,nan,nan,nan,nan
1753094896.2137733,nan,nan,nan,nan,nan,nan,nan,nan,nan,nan,nan,nan
1753094896.2647638,nan,nan,nan,nan,nan,nan,nan,nan,nan,nan,nan,nan
1753094896.3230908,nan,nan,nan,nan,nan,nan,nan,nan,nan,nan,nan,nan
1753094896.3650954,nan,nan,nan,nan,nan,nan,nan,nan,nan,nan,nan,nan
1753094896.4034934,nan,nan,nan,nan,nan,nan,nan,nan,nan,nan,nan,nan
1753094896.442492,nan,nan,nan,nan,nan,nan,nan,nan,nan,nan,nan,nan
1753094896.479504,nan,nan,nan,nan,nan,nan,nan,nan,nan,nan,nan,nan
1753094896.5140293,nan,nan,nan,nan,nan,nan,nan,nan,nan,nan,nan,nan
1753094896.5480325,nan,nan,nan,nan,nan,nan,nan,nan,nan,nan,nan,nan
1753094896.5840557,nan,nan,nan,nan,nan,nan,nan,nan,nan,nan,nan,nan
1753094896.616577,nan,nan,nan,nan,nan,nan,nan,nan,nan,nan,nan,nan
1753094896.6525776,nan,nan,nan,nan,nan,nan,nan,nan,nan,nan,nan,nan
1753094896.6841037,nan,nan,nan,nan,nan,nan,nan,nan,nan,nan,nan,nan
1753094896.719112,nan,nan,nan,nan,nan,nan,nan,nan,nan,nan,nan,nan
1753094896.753112,nan,nan,nan,nan,nan,nan,nan,nan,nan,nan,nan,nan
1753094896.786245,nan,nan,nan,nan,nan,nan,nan,nan,nan,nan,nan,nan
1753094896.8212461,nan,nan,nan,nan,nan,nan,nan,nan,nan,nan,nan,nan
1753094896.8542447,nan,nan,nan,nan,nan,nan,nan,nan,nan,nan,nan,nan
1753094896.8905387,nan,nan,nan,nan,nan,nan,nan,nan,nan,nan,nan,nan
1753094896.9265394,nan,nan,nan,nan,nan,nan,nan,nan,nan,nan,nan,nan
1753094896.9645464,nan,nan,nan,nan,nan,nan,nan,nan,nan,nan,nan,nan
1753094896.9980688,nan,nan,nan,nan,nan,nan,nan,nan,nan,nan,nan,nan
1753094897.0370672,nan,nan,nan,nan,nan,nan,nan,nan,nan,nan,nan,nan
1753094897.0701394,nan,nan,nan,nan,nan,nan,nan,nan,nan,nan,nan,nan
1753094897.1058648,nan,nan,nan,nan,nan,nan,116.92743682861328,103.96333312988281,201.3619384765625,nan,nan,nan
1753094897.1608586,nan,nan,nan,nan,nan,nan,-inf,-inf,-inf,nan,nan,nan
1753094897.2103798,nan,nan,nan,nan,nan,nan,-inf,-inf,-inf,nan,nan,nan
1753094897.2643795,nan,nan,nan,nan,nan,nan,-inf,-inf,-inf,nan,nan,nan
1753094897.3159778,nan,nan,nan,nan,nan,nan,-inf,-inf,-inf,nan,nan,nan
1753094897.3689775,nan,nan,nan,nan,nan,nan,-inf,-inf,-inf,nan,nan,nan
1753094897.4185202,nan,nan,nan,nan,nan,nan,nan,nan,nan,nan,nan,nan
1753094897.4715445,nan,nan,nan,nan,nan,nan,nan,nan,nan,nan,nan,nan
1753094897.5241127,2209.82470703125,1323.43896484375,2652.412841796875,-43.02092382021035,-54.33066890340181,-143.39548023916325,nan,nan,nan,nan,nan,nan
1753094897.574103,nan,nan,nan,nan,nan,nan,nan,nan,nan,nan,nan,nan
1753094897.6242707,nan,nan,nan,nan,nan,nan,nan,nan,nan,nan,nan,nan
1753094897.6802957,nan,nan,nan,nan,nan,nan,-inf,-inf,-inf,nan,nan,nan
1753094897.7323906,nan,nan,nan,nan,nan,nan,-inf,-inf,-inf,nan,nan,nan
1753094897.7833993,nan,nan,nan,nan,nan,nan,-inf,-inf,-inf,nan,nan,nan
1753094897.8346279,nan,nan,nan,nan,nan,nan,-inf,-inf,-inf,nan,nan,nan
1753094897.88363,nan,nan,nan,nan,nan,nan,-inf,-inf,-inf,nan,nan,nan
1753094897.9358153,nan,nan,nan,nan,nan,nan,-inf,-inf,-inf,nan,nan,nan
1753094897.986726,nan,nan,nan,nan,nan,nan,-inf,-inf,-inf,nan,nan,nan
1753094898.0557249,nan,nan,nan,nan,nan,nan,-inf,-inf,-inf,nan,nan,nan
1753094898.1076512,nan,nan,nan,nan,nan,nan,-inf,-inf,-inf,nan,nan,nan
1753094898.1646144,nan,nan,nan,nan,nan,nan,-inf,-inf,-inf,nan,nan,nan
1753094898.2185965,nan,nan,nan,nan,nan,nan,nan,nan,nan,nan,nan,nan
1753094898.2676015,nan,nan,nan,nan,nan,nan,-inf,-inf,-inf,nan,nan,nan
1753094898.3175547,nan,nan,nan,nan,nan,nan,-inf,-inf,-inf,nan,nan,nan
1753094898.37055,nan,nan,nan,nan,nan,nan,-inf,-inf,-inf,nan,nan,nan
1753094898.4241323,nan,nan,nan,nan,nan,nan,-inf,-inf,-inf,nan,nan,nan
1753094898.4761531,nan,nan,nan,nan,nan,nan,nan,nan,nan,nan,nan,nan
1753094898.5327182,nan,nan,nan,nan,nan,nan,nan,nan,nan,nan,nan,nan
1753094898.5848315,nan,nan,nan,nan,nan,nan,nan,nan,nan,nan,nan,nan
1753094898.6355371,nan,nan,nan,nan,nan,nan,-inf,-inf,-inf,nan,nan,nan
1753094898.685574,nan,nan,nan,nan,nan,nan,nan,nan,nan,nan,nan,nan
1753094898.737728,nan,nan,nan,nan,nan,nan,nan,nan,nan,nan,nan,nan
1753094898.7892435,nan,nan,nan,nan,nan,nan,nan,nan,nan,nan,nan,nan
1753094898.8402412,nan,nan,nan,nan,nan,nan,nan,nan,nan,nan,nan,nan
1753094898.8911293,nan,nan,nan,nan,nan,nan,nan,nan,nan,nan,nan,nan
1753094898.9391203,nan,nan,nan,nan,nan,nan,nan,nan,nan,nan,nan,nan
1753094899.010315,nan,nan,nan,nan,nan,nan,nan,nan,nan,nan,nan,nan
1753094899.0803382,nan,nan,nan,nan,nan,nan,145.0577392578125,95.15248107910156,271.4242858886719,nan,nan,nan
1753094899.132567,nan,nan,nan,nan,nan,nan,nan,nan,nan,nan,nan,nan
1753094899.1990838,nan,nan,nan,nan,nan,nan,154.43870544433594,97.39799499511719,310.2323913574219,-69.39136143716502,-49.011012329853145,nan
1753094899.2670865,nan,nan,nan,nan,nan,nan,nan,nan,nan,nan,nan,nan
1753094899.319634,nan,nan,nan,nan,nan,nan,141.2850799560547,92.14691925048828,321.10089111328125,nan,nan,nan
1753094899.372635,nan,nan,nan,nan,nan,nan,142.57359313964844,92.54910278320312,326.8927917480469,nan,nan,nan
1753094899.4242017,nan,nan,nan,nan,nan,nan,139.92129516601562,92.87384796142578,332.5672912597656,-73.37173917329477,-46.10345148597355,-32.678519295112
1753094899.4742265,nan,nan,nan,nan,nan,nan,142.59999084472656,94.86775207519531,342.06768798828125,nan,nan,nan
1753094899.5257814,nan,nan,nan,nan,nan,nan,141.98703002929688,96.02306365966797,348.6561584472656,-74.78690726107375,-42.09939623648619,nan
1753094899.5767965,nan,nan,nan,nan,nan,nan,143.34205627441406,97.86566925048828,355.34661865234375,-74.98892589301215,-40.570262565056076,nan
1753094899.628312,nan,nan,nan,nan,nan,nan,148.28085327148438,102.98931121826172,376.58544921875,-74.27469194084266,-36.83177966728521,-43.362197214940394
1753094899.675314,nan,nan,nan,nan,nan,nan,148.43106079101562,103.37910461425781,380.693359375,-74.13795825837245,-33.982734300048584,nan
1753094899.7290967,nan,nan,nan,nan,nan,nan,nan,nan,nan,nan,nan,nan
1753094899.7831297,nan,nan,nan,nan,nan,nan,162.68385314941406,101.3498306274414,411.152099609375,-75.99963047946032,-24.683288924148673,nan
1753094899.8416874,nan,nan,nan,nan,nan,nan,166.6361846923828,95.23230743408203,419.0996398925781,nan,nan,nan
1753094899.8958135,nan,nan,nan,nan,nan,nan,nan,nan,nan,nan,nan,nan
1753094899.9538133,nan,nan,nan,nan,nan,nan,nan,nan,nan,nan,nan,nan
1753094899.9900942,nan,nan,nan,nan,nan,nan,nan,nan,nan,nan,nan,nan
1753094900.0240924,nan,nan,nan,nan,nan,nan,nan,nan,nan,nan,nan,nan
1753094900.0600932,nan,nan,nan,nan,nan,nan,nan,nan,nan,nan,nan,nan
1753094900.0930336,nan,nan,nan,nan,nan,nan,nan,nan,nan,nan,nan,nan
1753094900.1310267,nan,nan,nan,nan,nan,nan,nan,nan,nan,nan,nan,nan
1753094900.1670253,nan,nan,nan,nan,nan,nan,nan,nan,nan,nan,nan,nan
1753094900.2001326,nan,nan,nan,nan,nan,nan,nan,nan,nan,nan,nan,nan
1753094900.2341352,nan,nan,nan,nan,nan,nan,nan,nan,nan,nan,nan,nan
1753094900.2651277,nan,nan,nan,nan,nan,nan,nan,nan,nan,nan,nan,nan
1753094900.3016558,nan,nan,nan,nan,nan,nan,nan,nan,nan,nan,nan,nan
1753094900.3356595,nan,nan,nan,nan,nan,nan,nan,nan,nan,nan,nan,nan
1753094900.3696542,nan,nan,nan,nan,nan,nan,nan,nan,nan,nan,nan,nan
1753094900.4051707,nan,nan,nan,nan,nan,nan,nan,nan,nan,nan,nan,nan
1753094900.4401746,nan,nan,nan,nan,nan,nan,nan,nan,nan,nan,nan,nan
1753094900.476193,nan,nan,nan,nan,nan,nan,nan,nan,nan,nan,nan,nan
1753094900.5100477,nan,nan,nan,nan,nan,nan,nan,nan,nan,nan,nan,nan
1753094900.5440478,nan,nan,nan,nan,nan,nan,nan,nan,nan,nan,nan,nan
1753094900.5810623,nan,nan,nan,nan,nan,nan,nan,nan,nan,nan,nan,nan
1753094900.615827,nan,nan,nan,nan,nan,nan,nan,nan,nan,nan,nan,nan
1753094900.6498408,nan,nan,nan,nan,nan,nan,nan,nan,nan,nan,nan,nan
1753094900.6828444,nan,nan,nan,nan,nan,nan,nan,nan,nan,nan,nan,nan
1753094900.7175794,nan,nan,nan,nan,nan,nan,nan,nan,nan,nan,nan,nan
1753094900.751584,nan,nan,nan,nan,nan,nan,nan,nan,nan,nan,nan,nan
1753094900.785589,nan,nan,nan,nan,nan,nan,nan,nan,nan,nan,nan,nan
1753094900.8351526,nan,nan,nan,nan,nan,nan,nan,nan,nan,nan,nan,nan
1753094900.8711529,nan,nan,nan,nan,nan,nan,nan,nan,nan,nan,nan,nan
1753094900.9069693,nan,nan,nan,nan,nan,nan,nan,nan,nan,nan,nan,nan
1753094900.942969,nan,nan,nan,nan,nan,nan,nan,nan,nan,nan,nan,nan
1753094900.9769778,nan,nan,nan,nan,nan,nan,nan,nan,nan,nan,nan,nan
1753094901.025759,nan,nan,nan,nan,nan,nan,nan,nan,nan,nan,nan,nan
1753094901.0657895,nan,nan,nan,nan,nan,nan,nan,nan,nan,nan,nan,nan
1753094901.1063929,nan,nan,nan,nan,nan,nan,nan,nan,nan,nan,nan,nan
1753094901.1434002,nan,nan,nan,nan,nan,nan,nan,nan,nan,nan,nan,nan
1753094901.1804335,nan,nan,nan,nan,nan,nan,nan,nan,nan,nan,nan,nan
1753094901.2182474,nan,nan,nan,nan,nan,nan,nan,nan,nan,nan,nan,nan
1753094901.252244,nan,nan,nan,nan,nan,nan,nan,nan,nan,nan,nan,nan
1753094901.287275,nan,nan,nan,nan,nan,nan,nan,nan,nan,nan,nan,nan
1753094901.321795,nan,nan,nan,nan,nan,nan,nan,nan,nan,nan,nan,nan
1753094901.3557887,nan,nan,nan,nan,nan,nan,nan,nan,nan,nan,nan,nan
1753094901.3889263,nan,nan,nan,nan,nan,nan,nan,nan,nan,nan,nan,nan
1753094901.4264455,nan,nan,nan,nan,nan,nan,nan,nan,nan,nan,nan,nan
1753094901.4594443,nan,nan,nan,nan,nan,nan,nan,nan,nan,nan,nan,nan
1753094901.494018,nan,nan,nan,nan,nan,nan,nan,nan,nan,nan,nan,nan
1753094901.528018,nan,nan,nan,nan,nan,nan,nan,nan,nan,nan,nan,nan
1753094901.5650194,nan,nan,nan,nan,nan,nan,nan,nan,nan,nan,nan,nan
1753094901.5975406,nan,nan,nan,nan,nan,nan,nan,nan,nan,nan,nan,nan
1753094901.6345398,nan,nan,nan,nan,nan,nan,nan,nan,nan,nan,nan,nan
1753094901.6705408,nan,nan,nan,nan,nan,nan,nan,nan,nan,nan,nan,nan
1753094901.7063036,nan,nan,nan,nan,nan,nan,nan,nan,nan,nan,nan,nan
1753094901.7423067,nan,nan,nan,nan,nan,nan,nan,nan,nan,nan,nan,nan
1753094901.7785442,nan,nan,nan,nan,nan,nan,nan,nan,nan,nan,nan,nan
1753094901.8123133,nan,nan,nan,nan,nan,nan,nan,nan,nan,nan,nan,nan
1753094901.847302,nan,nan,nan,nan,nan,nan,nan,nan,nan,nan,nan,nan
1753094901.8823068,nan,nan,nan,nan,nan,nan,nan,nan,nan,nan,nan,nan
1753094901.9137971,nan,nan,nan,nan,nan,nan,nan,nan,nan,nan,nan,nan
1753094901.9477954,nan,nan,nan,nan,nan,nan,nan,nan,nan,nan,nan,nan
1753094901.981807,nan,nan,nan,nan,nan,nan,nan,nan,nan,nan,nan,nan
1753094902.0163274,nan,nan,nan,nan,nan,nan,nan,nan,nan,nan,nan,nan
1753094902.050337,nan,nan,nan,nan,nan,nan,nan,nan,nan,nan,nan,nan
1753094902.082333,nan,nan,nan,nan,nan,nan,nan,nan,nan,nan,nan,nan
1753094902.1348553,nan,nan,nan,nan,nan,nan,nan,nan,nan,nan,nan,nan
1753094902.1858478,nan,nan,nan,nan,nan,nan,nan,nan,nan,nan,nan,nan
1753094902.2363725,nan,nan,nan,nan,nan,nan,nan,nan,nan,nan,nan,nan
1753094902.2713687,nan,nan,nan,nan,nan,nan,nan,nan,nan,nan,nan,nan
1753094902.306946,nan,nan,nan,nan,nan,nan,nan,nan,nan,nan,nan,nan
1753094902.3589356,nan,nan,nan,nan,nan,nan,nan,nan,nan,nan,nan,nan
1753094902.3951726,nan,nan,nan,nan,nan,nan,nan,nan,nan,nan,nan,nan
1753094902.4461713,nan,nan,nan,nan,nan,nan,nan,nan,nan,nan,nan,nan
1753094902.4831822,nan,nan,nan,nan,nan,nan,nan,nan,nan,nan,nan,nan
1753094902.5176926,nan,nan,nan,nan,nan,nan,nan,nan,nan,nan,nan,nan
1753094902.5546913,nan,nan,nan,nan,nan,nan,nan,nan,nan,nan,nan,nan
1753094902.5898328,nan,nan,nan,nan,nan,nan,nan,nan,nan,nan,nan,nan
1753094902.6263518,nan,nan,nan,nan,nan,nan,nan,nan,nan,nan,nan,nan
1753094902.6633549,nan,nan,nan,nan,nan,nan,nan,nan,nan,nan,nan,nan
1753094902.6978931,nan,nan,nan,nan,nan,nan,nan,nan,nan,nan,nan,nan
1753094902.7308903,nan,nan,nan,nan,nan,nan,nan,nan,nan,nan,nan,nan
1753094902.7658904,nan,nan,nan,nan,nan,nan,nan,nan,nan,nan,nan,nan
1753094902.8005557,nan,nan,nan,nan,nan,nan,nan,nan,nan,nan,nan,nan
1753094902.834555,nan,nan,nan,nan,nan,nan,nan,nan,nan,nan,nan,nan
1753094902.8705542,nan,nan,nan,nan,nan,nan,nan,nan,nan,nan,nan,nan
1753094902.9039495,nan,nan,nan,nan,nan,nan,nan,nan,nan,nan,nan,nan
1753094902.9369483,nan,nan,nan,nan,nan,nan,nan,nan,nan,nan,nan,nan
1753094902.9730024,nan,nan,nan,nan,nan,nan,nan,nan,nan,nan,nan,nan
1753094903.0056524,nan,nan,nan,nan,nan,nan,nan,nan,nan,nan,nan,nan
1753094903.0406475,nan,nan,nan,nan,nan,nan,nan,nan,nan,nan,nan,nan
1753094903.0766482,nan,nan,nan,nan,nan,nan,nan,nan,nan,nan,nan,nan
1753094903.1129546,nan,nan,nan,nan,nan,nan,nan,nan,nan,nan,nan,nan
1753094903.1509564,nan,nan,nan,nan,nan,nan,nan,nan,nan,nan,nan,nan
1753094903.1849663,nan,nan,nan,nan,nan,nan,nan,nan,nan,nan,nan,nan
1753094903.2195017,nan,nan,nan,nan,nan,nan,nan,nan,nan,nan,nan,nan
1753094903.2544765,nan,nan,nan,nan,nan,nan,nan,nan,nan,nan,nan,nan
1753094903.2885487,nan,nan,nan,nan,nan,nan,nan,nan,nan,nan,nan,nan
1753094903.3440492,nan,nan,nan,nan,nan,nan,nan,nan,nan,nan,nan,nan
1753094903.378048,nan,nan,nan,nan,nan,nan,nan,nan,nan,nan,nan,nan
1753094903.4145727,nan,nan,nan,nan,nan,nan,nan,nan,nan,nan,nan,nan
1753094903.4515772,nan,nan,nan,nan,nan,nan,nan,nan,nan,nan,nan,nan
1753094903.4865866,nan,nan,nan,nan,nan,nan,nan,nan,nan,nan,nan,nan
1753094903.5183623,nan,nan,nan,nan,nan,nan,nan,nan,nan,nan,nan,nan
1753094903.5623589,nan,nan,nan,nan,nan,nan,nan,nan,nan,nan,nan,nan
1753094903.6009047,nan,nan,nan,nan,nan,nan,nan,nan,nan,nan,nan,nan
1753094903.639905,nan,nan,nan,nan,nan,nan,nan,nan,nan,nan,nan,nan
1753094903.678908,nan,nan,nan,nan,nan,nan,nan,nan,nan,nan,nan,nan
1753094903.716436,nan,nan,nan,nan,nan,nan,nan,nan,nan,nan,nan,nan
1753094903.7565434,nan,nan,nan,nan,nan,nan,nan,nan,nan,nan,nan,nan
1753094903.7975,nan,nan,nan,nan,nan,nan,nan,nan,nan,nan,nan,nan
1753094903.857496,nan,nan,nan,nan,nan,nan,nan,nan,nan,nan,nan,nan
1753094903.9001424,nan,nan,nan,nan,nan,nan,nan,nan,nan,nan,nan,nan
1753094903.943139,nan,nan,nan,nan,nan,nan,nan,nan,nan,nan,nan,nan
1753094903.9842331,nan,nan,nan,nan,nan,nan,nan,nan,nan,nan,nan,nan
1753094904.0228074,nan,nan,nan,nan,nan,nan,nan,nan,nan,nan,nan,nan
1753094904.0598705,nan,nan,nan,nan,nan,nan,nan,nan,nan,nan,nan,nan
1753094904.0946758,nan,nan,nan,nan,nan,nan,nan,nan,nan,nan,nan,nan
1753094904.1586926,nan,nan,nan,nan,nan,nan,nan,nan,nan,nan,nan,nan
1753094904.1976326,nan,nan,nan,nan,nan,nan,nan,nan,nan,nan,nan,nan
1753094904.2536368,nan,nan,nan,nan,nan,nan,nan,nan,nan,nan,nan,nan
1753094904.2927332,nan,nan,nan,nan,nan,nan,nan,nan,nan,nan,nan,nan
1753094904.3332887,nan,nan,nan,nan,nan,nan,nan,nan,nan,nan,nan,nan
1753094904.389481,nan,nan,nan,nan,nan,nan,nan,nan,nan,nan,nan,nan
1753094904.4420524,nan,nan,nan,nan,nan,nan,nan,nan,nan,nan,nan,nan
1753094904.4892147,nan,nan,nan,nan,nan,nan,nan,nan,nan,nan,nan,nan
1753094904.5400276,nan,nan,nan,nan,nan,nan,nan,nan,nan,nan,nan,nan
1753094904.5750268,nan,nan,nan,nan,nan,nan,nan,nan,nan,nan,nan,nan
1753094904.6091003,nan,nan,nan,nan,nan,nan,nan,nan,nan,nan,nan,nan
1753094904.6590362,nan,nan,nan,nan,nan,nan,nan,nan,nan,nan,nan,nan
1753094904.707845,nan,nan,nan,nan,nan,nan,nan,nan,nan,nan,nan,nan
1753094904.776841,nan,nan,nan,nan,nan,nan,nan,nan,nan,nan,nan,nan
1753094904.8258314,nan,nan,nan,nan,nan,nan,nan,nan,nan,nan,nan,nan
1753094904.8899925,nan,nan,nan,nan,nan,nan,nan,nan,nan,nan,nan,nan
1753094904.954849,nan,nan,nan,nan,nan,nan,nan,nan,nan,nan,nan,nan
1753094905.017796,nan,nan,nan,nan,nan,nan,nan,nan,nan,nan,nan,nan
1753094905.083939,nan,nan,nan,nan,nan,nan,nan,nan,nan,nan,nan,nan
1753094905.1177087,nan,nan,nan,nan,nan,nan,nan,nan,nan,nan,nan,nan
1753094905.1537094,nan,nan,nan,nan,nan,nan,nan,nan,nan,nan,nan,nan
1753094905.1878517,nan,nan,nan,nan,nan,nan,nan,nan,nan,nan,nan,nan
1753094905.2386756,nan,nan,nan,nan,nan,nan,nan,nan,nan,nan,nan,nan
1753094905.2736769,nan,nan,nan,nan,nan,nan,nan,nan,nan,nan,nan,nan
1753094905.3216562,nan,nan,nan,nan,nan,nan,nan,nan,nan,nan,nan,nan
